TICK: 000000 | PC: 00005 | STEP: 0 | IR: jmp 5 | A: 0 | AR: 0 | NZ: 01 | IE: 1 | PENDING: 0 | IN_INTR: 0 | DS: [] | RS: [] | MEM: - | LATCH: PC | OUT: '' | jmp 5
TICK: 000001 | PC: 00011 | STEP: 0 | IR: call 11 | A: 0 | AR: 0 | NZ: 01 | IE: 1 | PENDING: 0 | IN_INTR: 0 | DS: [] | RS: [10] | MEM: - | LATCH: RS.push(ret),PC | OUT: '' | call 11
TICK: 000002 | PC: 00016 | STEP: 0 | IR: literal 1 | A: 0 | AR: 0 | NZ: 01 | IE: 1 | PENDING: 0 | IN_INTR: 0 | DS: [1] | RS: [10] | MEM: - | LATCH: DS.push,PC | OUT: '' | literal 1
TICK: 000003 | PC: 00016 | STEP: 1 | IR: store 1 | A: 0 | AR: 1 | NZ: 01 | IE: 1 | PENDING: 0 | IN_INTR: 0 | DS: [1] | RS: [10] | MEM: - | LATCH: AR | OUT: '' | store.addr 1
TICK: 000004 | PC: 00021 | STEP: 0 | IR: store 1 | A: 0 | AR: 1 | NZ: 01 | IE: 1 | PENDING: 0 | IN_INTR: 0 | DS: [] | RS: [10] | MEM: write mem[1] <- 1 | LATCH: MEM,PC | OUT: '' | store.write
TICK: 000005 | PC: 00026 | STEP: 0 | IR: literal 0 | A: 0 | AR: 1 | NZ: 01 | IE: 1 | PENDING: 0 | IN_INTR: 0 | DS: [0] | RS: [10] | MEM: - | LATCH: DS.push,PC | OUT: '' | literal 0
TICK: 000006 | PC: 00026 | STEP: 1 | IR: store 2 | A: 0 | AR: 2 | NZ: 01 | IE: 1 | PENDING: 0 | IN_INTR: 0 | DS: [0] | RS: [10] | MEM: - | LATCH: AR | OUT: '' | store.addr 2
TICK: 000007 | PC: 00031 | STEP: 0 | IR: store 2 | A: 0 | AR: 2 | NZ: 01 | IE: 1 | PENDING: 0 | IN_INTR: 0 | DS: [] | RS: [10] | MEM: write mem[2] <- 0 | LATCH: MEM,PC | OUT: '' | store.write
TICK: 000008 | PC: 00036 | STEP: 0 | IR: literal 0 | A: 0 | AR: 2 | NZ: 01 | IE: 1 | PENDING: 0 | IN_INTR: 0 | DS: [0] | RS: [10] | MEM: - | LATCH: DS.push,PC | OUT: '' | literal 0
TICK: 000009 | PC: 00036 | STEP: 1 | IR: store 3 | A: 0 | AR: 3 | NZ: 01 | IE: 1 | PENDING: 0 | IN_INTR: 0 | DS: [0] | RS: [10] | MEM: - | LATCH: AR | OUT: '' | store.addr 3
TICK: 000010 | PC: 00041 | STEP: 0 | IR: store 3 | A: 0 | AR: 3 | NZ: 01 | IE: 1 | PENDING: 0 | IN_INTR: 0 | DS: [] | RS: [10] | MEM: write mem[3] <- 0 | LATCH: MEM,PC | OUT: '' | store.write
TICK: 000011 | PC: 00046 | STEP: 0 | IR: literal 0 | A: 0 | AR: 3 | NZ: 01 | IE: 1 | PENDING: 0 | IN_INTR: 0 | DS: [0] | RS: [10] | MEM: - | LATCH: DS.push,PC | OUT: '' | literal 0
TICK: 000012 | PC: 00046 | STEP: 1 | IR: store 4 | A: 0 | AR: 4 | NZ: 01 | IE: 1 | PENDING: 0 | IN_INTR: 0 | DS: [0] | RS: [10] | MEM: - | LATCH: AR | OUT: '' | store.addr 4
TICK: 000013 | PC: 00051 | STEP: 0 | IR: store 4 | A: 0 | AR: 4 | NZ: 01 | IE: 1 | PENDING: 0 | IN_INTR: 0 | DS: [] | RS: [10] | MEM: write mem[4] <- 0 | LATCH: MEM,PC | OUT: '' | store.write
TICK: 000014 | PC: 00056 | STEP: 0 | IR: literal 100 | A: 0 | AR: 4 | NZ: 01 | IE: 1 | PENDING: 0 | IN_INTR: 0 | DS: [100] | RS: [10] | MEM: - | LATCH: DS.push,PC | OUT: '' | literal 100
TICK: 000015 | PC: 00056 | STEP: 1 | IR: load 1 | A: 0 | AR: 1 | NZ: 01 | IE: 1 | PENDING: 0 | IN_INTR: 0 | DS: [100] | RS: [10] | MEM: - | LATCH: AR | OUT: '' | load.addr 1
TICK: 000016 | PC: 00061 | STEP: 0 | IR: load 1 | A: 0 | AR: 1 | NZ: 01 | IE: 1 | PENDING: 0 | IN_INTR: 0 | DS: [100, 1] | RS: [10] | MEM: read mem[1] | LATCH: DS.push,PC | OUT: '' | load.read
TICK: 000017 | PC: 00061 | STEP: 1 | IR: sub | A: 0 | AR: 1 | NZ: 01 | IE: 1 | PENDING: 0 | IN_INTR: 0 | DS: [] | RS: [10] | MEM: - | LATCH: ALU.left,ALU.right | OUT: '' | sub.load_operands
TICK: 000018 | PC: 00062 | STEP: 0 | IR: sub | A: 0 | AR: 1 | NZ: 00 | IE: 1 | PENDING: 0 | IN_INTR: 0 | DS: [99] | RS: [10] | MEM: - | LATCH: DS.push(ALU),PC | OUT: '' | sub.write_result
TICK: 000019 | PC: 00062 | STEP: 1 | IR: mif 72 | A: 0 | AR: 1 | NZ: 00 | IE: 1 | PENDING: 0 | IN_INTR: 0 | DS: [] | RS: [10] | MEM: - | LATCH: ALU.left | OUT: '' | mif.test
TICK: 000020 | PC: 00072 | STEP: 0 | IR: mif 72 | A: 0 | AR: 1 | NZ: 00 | IE: 1 | PENDING: 0 | IN_INTR: 0 | DS: [] | RS: [10] | MEM: - | LATCH: PC | OUT: '' | mif.branch
TICK: 000021 | PC: 00072 | STEP: 1 | IR: load 2 | A: 0 | AR: 2 | NZ: 00 | IE: 1 | PENDING: 0 | IN_INTR: 0 | DS: [] | RS: [10] | MEM: - | LATCH: AR | OUT: '' | load.addr 2
TICK: 000022 | PC: 00077 | STEP: 0 | IR: load 2 | A: 0 | AR: 2 | NZ: 00 | IE: 1 | PENDING: 0 | IN_INTR: 0 | DS: [0] | RS: [10] | MEM: read mem[2] | LATCH: DS.push,PC | OUT: '' | load.read
TICK: 000023 | PC: 00077 | STEP: 1 | IR: load 1 | A: 0 | AR: 1 | NZ: 00 | IE: 1 | PENDING: 0 | IN_INTR: 0 | DS: [0] | RS: [10] | MEM: - | LATCH: AR | OUT: '' | load.addr 1
TICK: 000024 | PC: 00082 | STEP: 0 | IR: load 1 | A: 0 | AR: 1 | NZ: 00 | IE: 1 | PENDING: 0 | IN_INTR: 0 | DS: [0, 1] | RS: [10] | MEM: read mem[1] | LATCH: DS.push,PC | OUT: '' | load.read
TICK: 000025 | PC: 00082 | STEP: 1 | IR: add | A: 0 | AR: 1 | NZ: 00 | IE: 1 | PENDING: 0 | IN_INTR: 0 | DS: [] | RS: [10] | MEM: - | LATCH: ALU.left,ALU.right | OUT: '' | add.load_operands
TICK: 000026 | PC: 00083 | STEP: 0 | IR: add | A: 0 | AR: 1 | NZ: 00 | IE: 1 | PENDING: 0 | IN_INTR: 0 | DS: [1] | RS: [10] | MEM: - | LATCH: DS.push(ALU),PC | OUT: '' | add.write_result
TICK: 000027 | PC: 00084 | STEP: 0 | IR: dup | A: 0 | AR: 1 | NZ: 00 | IE: 1 | PENDING: 0 | IN_INTR: 0 | DS: [1, 1] | RS: [10] | MEM: - | LATCH: DS.dup,PC | OUT: '' | dup
TICK: 000028 | PC: 00084 | STEP: 1 | IR: store 2 | A: 0 | AR: 2 | NZ: 00 | IE: 1 | PENDING: 0 | IN_INTR: 0 | DS: [1, 1] | RS: [10] | MEM: - | LATCH: AR | OUT: '' | store.addr 2
TICK: 000029 | PC: 00089 | STEP: 0 | IR: store 2 | A: 0 | AR: 2 | NZ: 00 | IE: 1 | PENDING: 0 | IN_INTR: 0 | DS: [1] | RS: [10] | MEM: write mem[2] <- 1 | LATCH: MEM,PC | OUT: '' | store.write
TICK: 000030 | PC: 00090 | STEP: 0 | IR: drop | A: 0 | AR: 2 | NZ: 00 | IE: 1 | PENDING: 0 | IN_INTR: 0 | DS: [] | RS: [10] | MEM: - | LATCH: PC | OUT: '' | drop
TICK: 000031 | PC: 00090 | STEP: 1 | IR: load 3 | A: 0 | AR: 3 | NZ: 00 | IE: 1 | PENDING: 0 | IN_INTR: 0 | DS: [] | RS: [10] | MEM: - | LATCH: AR | OUT: '' | load.addr 3
TICK: 000032 | PC: 00095 | STEP: 0 | IR: load 3 | A: 0 | AR: 3 | NZ: 00 | IE: 1 | PENDING: 0 | IN_INTR: 0 | DS: [0] | RS: [10] | MEM: read mem[3] | LATCH: DS.push,PC | OUT: '' | load.read
TICK: 000033 | PC: 00095 | STEP: 1 | IR: load 1 | A: 0 | AR: 1 | NZ: 00 | IE: 1 | PENDING: 0 | IN_INTR: 0 | DS: [0] | RS: [10] | MEM: - | LATCH: AR | OUT: '' | load.addr 1
TICK: 000034 | PC: 00100 | STEP: 0 | IR: load 1 | A: 0 | AR: 1 | NZ: 00 | IE: 1 | PENDING: 0 | IN_INTR: 0 | DS: [0, 1] | RS: [10] | MEM: read mem[1] | LATCH: DS.push,PC | OUT: '' | load.read
TICK: 000035 | PC: 00100 | STEP: 1 | IR: load 1 | A: 0 | AR: 1 | NZ: 00 | IE: 1 | PENDING: 0 | IN_INTR: 0 | DS: [0, 1] | RS: [10] | MEM: - | LATCH: AR | OUT: '' | load.addr 1
TICK: 000036 | PC: 00105 | STEP: 0 | IR: load 1 | A: 0 | AR: 1 | NZ: 00 | IE: 1 | PENDING: 0 | IN_INTR: 0 | DS: [0, 1, 1] | RS: [10] | MEM: read mem[1] | LATCH: DS.push,PC | OUT: '' | load.read
TICK: 000037 | PC: 00105 | STEP: 1 | IR: mul | A: 0 | AR: 1 | NZ: 00 | IE: 1 | PENDING: 0 | IN_INTR: 0 | DS: [0] | RS: [10] | MEM: - | LATCH: ALU.left,ALU.right | OUT: '' | mul.load_operands
TICK: 000038 | PC: 00106 | STEP: 0 | IR: mul | A: 0 | AR: 1 | NZ: 00 | IE: 1 | PENDING: 0 | IN_INTR: 0 | DS: [0, 1] | RS: [10] | MEM: - | LATCH: DS.push(ALU),PC | OUT: '' | mul.write_result
TICK: 000039 | PC: 00106 | STEP: 1 | IR: add | A: 0 | AR: 1 | NZ: 00 | IE: 1 | PENDING: 0 | IN_INTR: 0 | DS: [] | RS: [10] | MEM: - | LATCH: ALU.left,ALU.right | OUT: '' | add.load_operands
TICK: 000040 | PC: 00107 | STEP: 0 | IR: add | A: 0 | AR: 1 | NZ: 00 | IE: 1 | PENDING: 0 | IN_INTR: 0 | DS: [1] | RS: [10] | MEM: - | LATCH: DS.push(ALU),PC | OUT: '' | add.write_result
TICK: 000041 | PC: 00108 | STEP: 0 | IR: dup | A: 0 | AR: 1 | NZ: 00 | IE: 1 | PENDING: 0 | IN_INTR: 0 | DS: [1, 1] | RS: [10] | MEM: - | LATCH: DS.dup,PC | OUT: '' | dup
TICK: 000042 | PC: 00108 | STEP: 1 | IR: store 3 | A: 0 | AR: 3 | NZ: 00 | IE: 1 | PENDING: 0 | IN_INTR: 0 | DS: [1, 1] | RS: [10] | MEM: - | LATCH: AR | OUT: '' | store.addr 3
TICK: 000043 | PC: 00113 | STEP: 0 | IR: store 3 | A: 0 | AR: 3 | NZ: 00 | IE: 1 | PENDING: 0 | IN_INTR: 0 | DS: [1] | RS: [10] | MEM: write mem[3] <- 1 | LATCH: MEM,PC | OUT: '' | store.write
TICK: 000044 | PC: 00114 | STEP: 0 | IR: drop | A: 0 | AR: 3 | NZ: 00 | IE: 1 | PENDING: 0 | IN_INTR: 0 | DS: [] | RS: [10] | MEM: - | LATCH: PC | OUT: '' | drop
TICK: 000045 | PC: 00114 | STEP: 1 | IR: load 1 | A: 0 | AR: 1 | NZ: 00 | IE: 1 | PENDING: 0 | IN_INTR: 0 | DS: [] | RS: [10] | MEM: - | LATCH: AR | OUT: '' | load.addr 1
TICK: 000046 | PC: 00119 | STEP: 0 | IR: load 1 | A: 0 | AR: 1 | NZ: 00 | IE: 1 | PENDING: 0 | IN_INTR: 0 | DS: [1] | RS: [10] | MEM: read mem[1] | LATCH: DS.push,PC | OUT: '' | load.read
TICK: 000047 | PC: 00124 | STEP: 0 | IR: literal 1 | A: 0 | AR: 1 | NZ: 00 | IE: 1 | PENDING: 0 | IN_INTR: 0 | DS: [1, 1] | RS: [10] | MEM: - | LATCH: DS.push,PC | OUT: '' | literal 1
TICK: 000048 | PC: 00124 | STEP: 1 | IR: add | A: 0 | AR: 1 | NZ: 00 | IE: 1 | PENDING: 0 | IN_INTR: 0 | DS: [] | RS: [10] | MEM: - | LATCH: ALU.left,ALU.right | OUT: '' | add.load_operands
TICK: 000049 | PC: 00125 | STEP: 0 | IR: add | A: 0 | AR: 1 | NZ: 00 | IE: 1 | PENDING: 0 | IN_INTR: 0 | DS: [2] | RS: [10] | MEM: - | LATCH: DS.push(ALU),PC | OUT: '' | add.write_result
TICK: 000050 | PC: 00126 | STEP: 0 | IR: dup | A: 0 | AR: 1 | NZ: 00 | IE: 1 | PENDING: 0 | IN_INTR: 0 | DS: [2, 2] | RS: [10] | MEM: - | LATCH: DS.dup,PC | OUT: '' | dup
TICK: 000051 | PC: 00126 | STEP: 1 | IR: store 1 | A: 0 | AR: 1 | NZ: 00 | IE: 1 | PENDING: 0 | IN_INTR: 0 | DS: [2, 2] | RS: [10] | MEM: - | LATCH: AR | OUT: '' | store.addr 1
TICK: 000052 | PC: 00131 | STEP: 0 | IR: store 1 | A: 0 | AR: 1 | NZ: 00 | IE: 1 | PENDING: 0 | IN_INTR: 0 | DS: [2] | RS: [10] | MEM: write mem[1] <- 2 | LATCH: MEM,PC | OUT: '' | store.write
TICK: 000053 | PC: 00132 | STEP: 0 | IR: drop | A: 0 | AR: 1 | NZ: 00 | IE: 1 | PENDING: 0 | IN_INTR: 0 | DS: [] | RS: [10] | MEM: - | LATCH: PC | OUT: '' | drop
TICK: 000054 | PC: 00051 | STEP: 0 | IR: jmp 51 | A: 0 | AR: 1 | NZ: 00 | IE: 1 | PENDING: 0 | IN_INTR: 0 | DS: [] | RS: [10] | MEM: - | LATCH: PC | OUT: '' | jmp 51
TICK: 000055 | PC: 00056 | STEP: 0 | IR: literal 100 | A: 0 | AR: 1 | NZ: 00 | IE: 1 | PENDING: 0 | IN_INTR: 0 | DS: [100] | RS: [10] | MEM: - | LATCH: DS.push,PC | OUT: '' | literal 100
TICK: 000056 | PC: 00056 | STEP: 1 | IR: load 1 | A: 0 | AR: 1 | NZ: 00 | IE: 1 | PENDING: 0 | IN_INTR: 0 | DS: [100] | RS: [10] | MEM: - | LATCH: AR | OUT: '' | load.addr 1
TICK: 000057 | PC: 00061 | STEP: 0 | IR: load 1 | A: 0 | AR: 1 | NZ: 00 | IE: 1 | PENDING: 0 | IN_INTR: 0 | DS: [100, 2] | RS: [10] | MEM: read mem[1] | LATCH: DS.push,PC | OUT: '' | load.read
TICK: 000058 | PC: 00061 | STEP: 1 | IR: sub | A: 0 | AR: 1 | NZ: 00 | IE: 1 | PENDING: 0 | IN_INTR: 0 | DS: [] | RS: [10] | MEM: - | LATCH: ALU.left,ALU.right | OUT: '' | sub.load_operands
TICK: 000059 | PC: 00062 | STEP: 0 | IR: sub | A: 0 | AR: 1 | NZ: 00 | IE: 1 | PENDING: 0 | IN_INTR: 0 | DS: [98] | RS: [10] | MEM: - | LATCH: DS.push(ALU),PC | OUT: '' | sub.write_result
TICK: 000060 | PC: 00062 | STEP: 1 | IR: mif 72 | A: 0 | AR: 1 | NZ: 00 | IE: 1 | PENDING: 0 | IN_INTR: 0 | DS: [] | RS: [10] | MEM: - | LATCH: ALU.left | OUT: '' | mif.test
TICK: 000061 | PC: 00072 | STEP: 0 | IR: mif 72 | A: 0 | AR: 1 | NZ: 00 | IE: 1 | PENDING: 0 | IN_INTR: 0 | DS: [] | RS: [10] | MEM: - | LATCH: PC | OUT: '' | mif.branch
TICK: 000062 | PC: 00072 | STEP: 1 | IR: load 2 | A: 0 | AR: 2 | NZ: 00 | IE: 1 | PENDING: 0 | IN_INTR: 0 | DS: [] | RS: [10] | MEM: - | LATCH: AR | OUT: '' | load.addr 2
TICK: 000063 | PC: 00077 | STEP: 0 | IR: load 2 | A: 0 | AR: 2 | NZ: 00 | IE: 1 | PENDING: 0 | IN_INTR: 0 | DS: [1] | RS: [10] | MEM: read mem[2] | LATCH: DS.push,PC | OUT: '' | load.read
TICK: 000064 | PC: 00077 | STEP: 1 | IR: load 1 | A: 0 | AR: 1 | NZ: 00 | IE: 1 | PENDING: 0 | IN_INTR: 0 | DS: [1] | RS: [10] | MEM: - | LATCH: AR | OUT: '' | load.addr 1
TICK: 000065 | PC: 00082 | STEP: 0 | IR: load 1 | A: 0 | AR: 1 | NZ: 00 | IE: 1 | PENDING: 0 | IN_INTR: 0 | DS: [1, 2] | RS: [10] | MEM: read mem[1] | LATCH: DS.push,PC | OUT: '' | load.read
TICK: 000066 | PC: 00082 | STEP: 1 | IR: add | A: 0 | AR: 1 | NZ: 00 | IE: 1 | PENDING: 0 | IN_INTR: 0 | DS: [] | RS: [10] | MEM: - | LATCH: ALU.left,ALU.right | OUT: '' | add.load_operands
TICK: 000067 | PC: 00083 | STEP: 0 | IR: add | A: 0 | AR: 1 | NZ: 00 | IE: 1 | PENDING: 0 | IN_INTR: 0 | DS: [3] | RS: [10] | MEM: - | LATCH: DS.push(ALU),PC | OUT: '' | add.write_result
TICK: 000068 | PC: 00084 | STEP: 0 | IR: dup | A: 0 | AR: 1 | NZ: 00 | IE: 1 | PENDING: 0 | IN_INTR: 0 | DS: [3, 3] | RS: [10] | MEM: - | LATCH: DS.dup,PC | OUT: '' | dup
TICK: 000069 | PC: 00084 | STEP: 1 | IR: store 2 | A: 0 | AR: 2 | NZ: 00 | IE: 1 | PENDING: 0 | IN_INTR: 0 | DS: [3, 3] | RS: [10] | MEM: - | LATCH: AR | OUT: '' | store.addr 2
TICK: 000070 | PC: 00089 | STEP: 0 | IR: store 2 | A: 0 | AR: 2 | NZ: 00 | IE: 1 | PENDING: 0 | IN_INTR: 0 | DS: [3] | RS: [10] | MEM: write mem[2] <- 3 | LATCH: MEM,PC | OUT: '' | store.write
TICK: 000071 | PC: 00090 | STEP: 0 | IR: drop | A: 0 | AR: 2 | NZ: 00 | IE: 1 | PENDING: 0 | IN_INTR: 0 | DS: [] | RS: [10] | MEM: - | LATCH: PC | OUT: '' | drop
TICK: 000072 | PC: 00090 | STEP: 1 | IR: load 3 | A: 0 | AR: 3 | NZ: 00 | IE: 1 | PENDING: 0 | IN_INTR: 0 | DS: [] | RS: [10] | MEM: - | LATCH: AR | OUT: '' | load.addr 3
TICK: 000073 | PC: 00095 | STEP: 0 | IR: load 3 | A: 0 | AR: 3 | NZ: 00 | IE: 1 | PENDING: 0 | IN_INTR: 0 | DS: [1] | RS: [10] | MEM: read mem[3] | LATCH: DS.push,PC | OUT: '' | load.read
TICK: 000074 | PC: 00095 | STEP: 1 | IR: load 1 | A: 0 | AR: 1 | NZ: 00 | IE: 1 | PENDING: 0 | IN_INTR: 0 | DS: [1] | RS: [10] | MEM: - | LATCH: AR | OUT: '' | load.addr 1
TICK: 000075 | PC: 00100 | STEP: 0 | IR: load 1 | A: 0 | AR: 1 | NZ: 00 | IE: 1 | PENDING: 0 | IN_INTR: 0 | DS: [1, 2] | RS: [10] | MEM: read mem[1] | LATCH: DS.push,PC | OUT: '' | load.read
TICK: 000076 | PC: 00100 | STEP: 1 | IR: load 1 | A: 0 | AR: 1 | NZ: 00 | IE: 1 | PENDING: 0 | IN_INTR: 0 | DS: [1, 2] | RS: [10] | MEM: - | LATCH: AR | OUT: '' | load.addr 1
TICK: 000077 | PC: 00105 | STEP: 0 | IR: load 1 | A: 0 | AR: 1 | NZ: 00 | IE: 1 | PENDING: 0 | IN_INTR: 0 | DS: [1, 2, 2] | RS: [10] | MEM: read mem[1] | LATCH: DS.push,PC | OUT: '' | load.read
TICK: 000078 | PC: 00105 | STEP: 1 | IR: mul | A: 0 | AR: 1 | NZ: 00 | IE: 1 | PENDING: 0 | IN_INTR: 0 | DS: [1] | RS: [10] | MEM: - | LATCH: ALU.left,ALU.right | OUT: '' | mul.load_operands
TICK: 000079 | PC: 00106 | STEP: 0 | IR: mul | A: 0 | AR: 1 | NZ: 00 | IE: 1 | PENDING: 0 | IN_INTR: 0 | DS: [1, 4] | RS: [10] | MEM: - | LATCH: DS.push(ALU),PC | OUT: '' | mul.write_result
TICK: 000080 | PC: 00106 | STEP: 1 | IR: add | A: 0 | AR: 1 | NZ: 00 | IE: 1 | PENDING: 0 | IN_INTR: 0 | DS: [] | RS: [10] | MEM: - | LATCH: ALU.left,ALU.right | OUT: '' | add.load_operands
TICK: 000081 | PC: 00107 | STEP: 0 | IR: add | A: 0 | AR: 1 | NZ: 00 | IE: 1 | PENDING: 0 | IN_INTR: 0 | DS: [5] | RS: [10] | MEM: - | LATCH: DS.push(ALU),PC | OUT: '' | add.write_result
TICK: 000082 | PC: 00108 | STEP: 0 | IR: dup | A: 0 | AR: 1 | NZ: 00 | IE: 1 | PENDING: 0 | IN_INTR: 0 | DS: [5, 5] | RS: [10] | MEM: - | LATCH: DS.dup,PC | OUT: '' | dup
TICK: 000083 | PC: 00108 | STEP: 1 | IR: store 3 | A: 0 | AR: 3 | NZ: 00 | IE: 1 | PENDING: 0 | IN_INTR: 0 | DS: [5, 5] | RS: [10] | MEM: - | LATCH: AR | OUT: '' | store.addr 3
TICK: 000084 | PC: 00113 | STEP: 0 | IR: store 3 | A: 0 | AR: 3 | NZ: 00 | IE: 1 | PENDING: 0 | IN_INTR: 0 | DS: [5] | RS: [10] | MEM: write mem[3] <- 5 | LATCH: MEM,PC | OUT: '' | store.write
TICK: 000085 | PC: 00114 | STEP: 0 | IR: drop | A: 0 | AR: 3 | NZ: 00 | IE: 1 | PENDING: 0 | IN_INTR: 0 | DS: [] | RS: [10] | MEM: - | LATCH: PC | OUT: '' | drop
TICK: 000086 | PC: 00114 | STEP: 1 | IR: load 1 | A: 0 | AR: 1 | NZ: 00 | IE: 1 | PENDING: 0 | IN_INTR: 0 | DS: [] | RS: [10] | MEM: - | LATCH: AR | OUT: '' | load.addr 1
TICK: 000087 | PC: 00119 | STEP: 0 | IR: load 1 | A: 0 | AR: 1 | NZ: 00 | IE: 1 | PENDING: 0 | IN_INTR: 0 | DS: [2] | RS: [10] | MEM: read mem[1] | LATCH: DS.push,PC | OUT: '' | load.read
TICK: 000088 | PC: 00124 | STEP: 0 | IR: literal 1 | A: 0 | AR: 1 | NZ: 00 | IE: 1 | PENDING: 0 | IN_INTR: 0 | DS: [2, 1] | RS: [10] | MEM: - | LATCH: DS.push,PC | OUT: '' | literal 1
TICK: 000089 | PC: 00124 | STEP: 1 | IR: add | A: 0 | AR: 1 | NZ: 00 | IE: 1 | PENDING: 0 | IN_INTR: 0 | DS: [] | RS: [10] | MEM: - | LATCH: ALU.left,ALU.right | OUT: '' | add.load_operands
TICK: 000090 | PC: 00125 | STEP: 0 | IR: add | A: 0 | AR: 1 | NZ: 00 | IE: 1 | PENDING: 0 | IN_INTR: 0 | DS: [3] | RS: [10] | MEM: - | LATCH: DS.push(ALU),PC | OUT: '' | add.write_result
TICK: 000091 | PC: 00126 | STEP: 0 | IR: dup | A: 0 | AR: 1 | NZ: 00 | IE: 1 | PENDING: 0 | IN_INTR: 0 | DS: [3, 3] | RS: [10] | MEM: - | LATCH: DS.dup,PC | OUT: '' | dup
TICK: 000092 | PC: 00126 | STEP: 1 | IR: store 1 | A: 0 | AR: 1 | NZ: 00 | IE: 1 | PENDING: 0 | IN_INTR: 0 | DS: [3, 3] | RS: [10] | MEM: - | LATCH: AR | OUT: '' | store.addr 1
TICK: 000093 | PC: 00131 | STEP: 0 | IR: store 1 | A: 0 | AR: 1 | NZ: 00 | IE: 1 | PENDING: 0 | IN_INTR: 0 | DS: [3] | RS: [10] | MEM: write mem[1] <- 3 | LATCH: MEM,PC | OUT: '' | store.write
TICK: 000094 | PC: 00132 | STEP: 0 | IR: drop | A: 0 | AR: 1 | NZ: 00 | IE: 1 | PENDING: 0 | IN_INTR: 0 | DS: [] | RS: [10] | MEM: - | LATCH: PC | OUT: '' | drop
TICK: 000095 | PC: 00051 | STEP: 0 | IR: jmp 51 | A: 0 | AR: 1 | NZ: 00 | IE: 1 | PENDING: 0 | IN_INTR: 0 | DS: [] | RS: [10] | MEM: - | LATCH: PC | OUT: '' | jmp 51
TICK: 000096 | PC: 00056 | STEP: 0 | IR: literal 100 | A: 0 | AR: 1 | NZ: 00 | IE: 1 | PENDING: 0 | IN_INTR: 0 | DS: [100] | RS: [10] | MEM: - | LATCH: DS.push,PC | OUT: '' | literal 100
TICK: 000097 | PC: 00056 | STEP: 1 | IR: load 1 | A: 0 | AR: 1 | NZ: 00 | IE: 1 | PENDING: 0 | IN_INTR: 0 | DS: [100] | RS: [10] | MEM: - | LATCH: AR | OUT: '' | load.addr 1
TICK: 000098 | PC: 00061 | STEP: 0 | IR: load 1 | A: 0 | AR: 1 | NZ: 00 | IE: 1 | PENDING: 0 | IN_INTR: 0 | DS: [100, 3] | RS: [10] | MEM: read mem[1] | LATCH: DS.push,PC | OUT: '' | load.read
TICK: 000099 | PC: 00061 | STEP: 1 | IR: sub | A: 0 | AR: 1 | NZ: 00 | IE: 1 | PENDING: 0 | IN_INTR: 0 | DS: [] | RS: [10] | MEM: - | LATCH: ALU.left,ALU.right | OUT: '' | sub.load_operands
TICK: 000100 | PC: 00062 | STEP: 0 | IR: sub | A: 0 | AR: 1 | NZ: 00 | IE: 1 | PENDING: 0 | IN_INTR: 0 | DS: [97] | RS: [10] | MEM: - | LATCH: DS.push(ALU),PC | OUT: '' | sub.write_result
TICK: 000101 | PC: 00062 | STEP: 1 | IR: mif 72 | A: 0 | AR: 1 | NZ: 00 | IE: 1 | PENDING: 0 | IN_INTR: 0 | DS: [] | RS: [10] | MEM: - | LATCH: ALU.left | OUT: '' | mif.test
TICK: 000102 | PC: 00072 | STEP: 0 | IR: mif 72 | A: 0 | AR: 1 | NZ: 00 | IE: 1 | PENDING: 0 | IN_INTR: 0 | DS: [] | RS: [10] | MEM: - | LATCH: PC | OUT: '' | mif.branch
TICK: 000103 | PC: 00072 | STEP: 1 | IR: load 2 | A: 0 | AR: 2 | NZ: 00 | IE: 1 | PENDING: 0 | IN_INTR: 0 | DS: [] | RS: [10] | MEM: - | LATCH: AR | OUT: '' | load.addr 2
TICK: 000104 | PC: 00077 | STEP: 0 | IR: load 2 | A: 0 | AR: 2 | NZ: 00 | IE: 1 | PENDING: 0 | IN_INTR: 0 | DS: [3] | RS: [10] | MEM: read mem[2] | LATCH: DS.push,PC | OUT: '' | load.read
TICK: 000105 | PC: 00077 | STEP: 1 | IR: load 1 | A: 0 | AR: 1 | NZ: 00 | IE: 1 | PENDING: 0 | IN_INTR: 0 | DS: [3] | RS: [10] | MEM: - | LATCH: AR | OUT: '' | load.addr 1
TICK: 000106 | PC: 00082 | STEP: 0 | IR: load 1 | A: 0 | AR: 1 | NZ: 00 | IE: 1 | PENDING: 0 | IN_INTR: 0 | DS: [3, 3] | RS: [10] | MEM: read mem[1] | LATCH: DS.push,PC | OUT: '' | load.read
TICK: 000107 | PC: 00082 | STEP: 1 | IR: add | A: 0 | AR: 1 | NZ: 00 | IE: 1 | PENDING: 0 | IN_INTR: 0 | DS: [] | RS: [10] | MEM: - | LATCH: ALU.left,ALU.right | OUT: '' | add.load_operands
TICK: 000108 | PC: 00083 | STEP: 0 | IR: add | A: 0 | AR: 1 | NZ: 00 | IE: 1 | PENDING: 0 | IN_INTR: 0 | DS: [6] | RS: [10] | MEM: - | LATCH: DS.push(ALU),PC | OUT: '' | add.write_result
TICK: 000109 | PC: 00084 | STEP: 0 | IR: dup | A: 0 | AR: 1 | NZ: 00 | IE: 1 | PENDING: 0 | IN_INTR: 0 | DS: [6, 6] | RS: [10] | MEM: - | LATCH: DS.dup,PC | OUT: '' | dup
TICK: 000110 | PC: 00084 | STEP: 1 | IR: store 2 | A: 0 | AR: 2 | NZ: 00 | IE: 1 | PENDING: 0 | IN_INTR: 0 | DS: [6, 6] | RS: [10] | MEM: - | LATCH: AR | OUT: '' | store.addr 2
TICK: 000111 | PC: 00089 | STEP: 0 | IR: store 2 | A: 0 | AR: 2 | NZ: 00 | IE: 1 | PENDING: 0 | IN_INTR: 0 | DS: [6] | RS: [10] | MEM: write mem[2] <- 6 | LATCH: MEM,PC | OUT: '' | store.write
TICK: 000112 | PC: 00090 | STEP: 0 | IR: drop | A: 0 | AR: 2 | NZ: 00 | IE: 1 | PENDING: 0 | IN_INTR: 0 | DS: [] | RS: [10] | MEM: - | LATCH: PC | OUT: '' | drop
TICK: 000113 | PC: 00090 | STEP: 1 | IR: load 3 | A: 0 | AR: 3 | NZ: 00 | IE: 1 | PENDING: 0 | IN_INTR: 0 | DS: [] | RS: [10] | MEM: - | LATCH: AR | OUT: '' | load.addr 3
TICK: 000114 | PC: 00095 | STEP: 0 | IR: load 3 | A: 0 | AR: 3 | NZ: 00 | IE: 1 | PENDING: 0 | IN_INTR: 0 | DS: [5] | RS: [10] | MEM: read mem[3] | LATCH: DS.push,PC | OUT: '' | load.read
TICK: 000115 | PC: 00095 | STEP: 1 | IR: load 1 | A: 0 | AR: 1 | NZ: 00 | IE: 1 | PENDING: 0 | IN_INTR: 0 | DS: [5] | RS: [10] | MEM: - | LATCH: AR | OUT: '' | load.addr 1
TICK: 000116 | PC: 00100 | STEP: 0 | IR: load 1 | A: 0 | AR: 1 | NZ: 00 | IE: 1 | PENDING: 0 | IN_INTR: 0 | DS: [5, 3] | RS: [10] | MEM: read mem[1] | LATCH: DS.push,PC | OUT: '' | load.read
TICK: 000117 | PC: 00100 | STEP: 1 | IR: load 1 | A: 0 | AR: 1 | NZ: 00 | IE: 1 | PENDING: 0 | IN_INTR: 0 | DS: [5, 3] | RS: [10] | MEM: - | LATCH: AR | OUT: '' | load.addr 1
TICK: 000118 | PC: 00105 | STEP: 0 | IR: load 1 | A: 0 | AR: 1 | NZ: 00 | IE: 1 | PENDING: 0 | IN_INTR: 0 | DS: [5, 3, 3] | RS: [10] | MEM: read mem[1] | LATCH: DS.push,PC | OUT: '' | load.read
TICK: 000119 | PC: 00105 | STEP: 1 | IR: mul | A: 0 | AR: 1 | NZ: 00 | IE: 1 | PENDING: 0 | IN_INTR: 0 | DS: [5] | RS: [10] | MEM: - | LATCH: ALU.left,ALU.right | OUT: '' | mul.load_operands
TICK: 000120 | PC: 00106 | STEP: 0 | IR: mul | A: 0 | AR: 1 | NZ: 00 | IE: 1 | PENDING: 0 | IN_INTR: 0 | DS: [5, 9] | RS: [10] | MEM: - | LATCH: DS.push(ALU),PC | OUT: '' | mul.write_result
TICK: 000121 | PC: 00106 | STEP: 1 | IR: add | A: 0 | AR: 1 | NZ: 00 | IE: 1 | PENDING: 0 | IN_INTR: 0 | DS: [] | RS: [10] | MEM: - | LATCH: ALU.left,ALU.right | OUT: '' | add.load_operands
TICK: 000122 | PC: 00107 | STEP: 0 | IR: add | A: 0 | AR: 1 | NZ: 00 | IE: 1 | PENDING: 0 | IN_INTR: 0 | DS: [14] | RS: [10] | MEM: - | LATCH: DS.push(ALU),PC | OUT: '' | add.write_result
TICK: 000123 | PC: 00108 | STEP: 0 | IR: dup | A: 0 | AR: 1 | NZ: 00 | IE: 1 | PENDING: 0 | IN_INTR: 0 | DS: [14, 14] | RS: [10] | MEM: - | LATCH: DS.dup,PC | OUT: '' | dup
TICK: 000124 | PC: 00108 | STEP: 1 | IR: store 3 | A: 0 | AR: 3 | NZ: 00 | IE: 1 | PENDING: 0 | IN_INTR: 0 | DS: [14, 14] | RS: [10] | MEM: - | LATCH: AR | OUT: '' | store.addr 3
TICK: 000125 | PC: 00113 | STEP: 0 | IR: store 3 | A: 0 | AR: 3 | NZ: 00 | IE: 1 | PENDING: 0 | IN_INTR: 0 | DS: [14] | RS: [10] | MEM: write mem[3] <- 14 | LATCH: MEM,PC | OUT: '' | store.write
TICK: 000126 | PC: 00114 | STEP: 0 | IR: drop | A: 0 | AR: 3 | NZ: 00 | IE: 1 | PENDING: 0 | IN_INTR: 0 | DS: [] | RS: [10] | MEM: - | LATCH: PC | OUT: '' | drop
TICK: 000127 | PC: 00114 | STEP: 1 | IR: load 1 | A: 0 | AR: 1 | NZ: 00 | IE: 1 | PENDING: 0 | IN_INTR: 0 | DS: [] | RS: [10] | MEM: - | LATCH: AR | OUT: '' | load.addr 1
TICK: 000128 | PC: 00119 | STEP: 0 | IR: load 1 | A: 0 | AR: 1 | NZ: 00 | IE: 1 | PENDING: 0 | IN_INTR: 0 | DS: [3] | RS: [10] | MEM: read mem[1] | LATCH: DS.push,PC | OUT: '' | load.read
TICK: 000129 | PC: 00124 | STEP: 0 | IR: literal 1 | A: 0 | AR: 1 | NZ: 00 | IE: 1 | PENDING: 0 | IN_INTR: 0 | DS: [3, 1] | RS: [10] | MEM: - | LATCH: DS.push,PC | OUT: '' | literal 1
TICK: 000130 | PC: 00124 | STEP: 1 | IR: add | A: 0 | AR: 1 | NZ: 00 | IE: 1 | PENDING: 0 | IN_INTR: 0 | DS: [] | RS: [10] | MEM: - | LATCH: ALU.left,ALU.right | OUT: '' | add.load_operands
TICK: 000131 | PC: 00125 | STEP: 0 | IR: add | A: 0 | AR: 1 | NZ: 00 | IE: 1 | PENDING: 0 | IN_INTR: 0 | DS: [4] | RS: [10] | MEM: - | LATCH: DS.push(ALU),PC | OUT: '' | add.write_result
TICK: 000132 | PC: 00126 | STEP: 0 | IR: dup | A: 0 | AR: 1 | NZ: 00 | IE: 1 | PENDING: 0 | IN_INTR: 0 | DS: [4, 4] | RS: [10] | MEM: - | LATCH: DS.dup,PC | OUT: '' | dup
TICK: 000133 | PC: 00126 | STEP: 1 | IR: store 1 | A: 0 | AR: 1 | NZ: 00 | IE: 1 | PENDING: 0 | IN_INTR: 0 | DS: [4, 4] | RS: [10] | MEM: - | LATCH: AR | OUT: '' | store.addr 1
TICK: 000134 | PC: 00131 | STEP: 0 | IR: store 1 | A: 0 | AR: 1 | NZ: 00 | IE: 1 | PENDING: 0 | IN_INTR: 0 | DS: [4] | RS: [10] | MEM: write mem[1] <- 4 | LATCH: MEM,PC | OUT: '' | store.write
TICK: 000135 | PC: 00132 | STEP: 0 | IR: drop | A: 0 | AR: 1 | NZ: 00 | IE: 1 | PENDING: 0 | IN_INTR: 0 | DS: [] | RS: [10] | MEM: - | LATCH: PC | OUT: '' | drop
TICK: 000136 | PC: 00051 | STEP: 0 | IR: jmp 51 | A: 0 | AR: 1 | NZ: 00 | IE: 1 | PENDING: 0 | IN_INTR: 0 | DS: [] | RS: [10] | MEM: - | LATCH: PC | OUT: '' | jmp 51
TICK: 000137 | PC: 00056 | STEP: 0 | IR: literal 100 | A: 0 | AR: 1 | NZ: 00 | IE: 1 | PENDING: 0 | IN_INTR: 0 | DS: [100] | RS: [10] | MEM: - | LATCH: DS.push,PC | OUT: '' | literal 100
TICK: 000138 | PC: 00056 | STEP: 1 | IR: load 1 | A: 0 | AR: 1 | NZ: 00 | IE: 1 | PENDING: 0 | IN_INTR: 0 | DS: [100] | RS: [10] | MEM: - | LATCH: AR | OUT: '' | load.addr 1
TICK: 000139 | PC: 00061 | STEP: 0 | IR: load 1 | A: 0 | AR: 1 | NZ: 00 | IE: 1 | PENDING: 0 | IN_INTR: 0 | DS: [100, 4] | RS: [10] | MEM: read mem[1] | LATCH: DS.push,PC | OUT: '' | load.read
TICK: 000140 | PC: 00061 | STEP: 1 | IR: sub | A: 0 | AR: 1 | NZ: 00 | IE: 1 | PENDING: 0 | IN_INTR: 0 | DS: [] | RS: [10] | MEM: - | LATCH: ALU.left,ALU.right | OUT: '' | sub.load_operands
TICK: 000141 | PC: 00062 | STEP: 0 | IR: sub | A: 0 | AR: 1 | NZ: 00 | IE: 1 | PENDING: 0 | IN_INTR: 0 | DS: [96] | RS: [10] | MEM: - | LATCH: DS.push(ALU),PC | OUT: '' | sub.write_result
TICK: 000142 | PC: 00062 | STEP: 1 | IR: mif 72 | A: 0 | AR: 1 | NZ: 00 | IE: 1 | PENDING: 0 | IN_INTR: 0 | DS: [] | RS: [10] | MEM: - | LATCH: ALU.left | OUT: '' | mif.test
TICK: 000143 | PC: 00072 | STEP: 0 | IR: mif 72 | A: 0 | AR: 1 | NZ: 00 | IE: 1 | PENDING: 0 | IN_INTR: 0 | DS: [] | RS: [10] | MEM: - | LATCH: PC | OUT: '' | mif.branch
TICK: 000144 | PC: 00072 | STEP: 1 | IR: load 2 | A: 0 | AR: 2 | NZ: 00 | IE: 1 | PENDING: 0 | IN_INTR: 0 | DS: [] | RS: [10] | MEM: - | LATCH: AR | OUT: '' | load.addr 2
TICK: 000145 | PC: 00077 | STEP: 0 | IR: load 2 | A: 0 | AR: 2 | NZ: 00 | IE: 1 | PENDING: 0 | IN_INTR: 0 | DS: [6] | RS: [10] | MEM: read mem[2] | LATCH: DS.push,PC | OUT: '' | load.read
TICK: 000146 | PC: 00077 | STEP: 1 | IR: load 1 | A: 0 | AR: 1 | NZ: 00 | IE: 1 | PENDING: 0 | IN_INTR: 0 | DS: [6] | RS: [10] | MEM: - | LATCH: AR | OUT: '' | load.addr 1
TICK: 000147 | PC: 00082 | STEP: 0 | IR: load 1 | A: 0 | AR: 1 | NZ: 00 | IE: 1 | PENDING: 0 | IN_INTR: 0 | DS: [6, 4] | RS: [10] | MEM: read mem[1] | LATCH: DS.push,PC | OUT: '' | load.read
TICK: 000148 | PC: 00082 | STEP: 1 | IR: add | A: 0 | AR: 1 | NZ: 00 | IE: 1 | PENDING: 0 | IN_INTR: 0 | DS: [] | RS: [10] | MEM: - | LATCH: ALU.left,ALU.right | OUT: '' | add.load_operands
TICK: 000149 | PC: 00083 | STEP: 0 | IR: add | A: 0 | AR: 1 | NZ: 00 | IE: 1 | PENDING: 0 | IN_INTR: 0 | DS: [10] | RS: [10] | MEM: - | LATCH: DS.push(ALU),PC | OUT: '' | add.write_result
TICK: 000150 | PC: 00084 | STEP: 0 | IR: dup | A: 0 | AR: 1 | NZ: 00 | IE: 1 | PENDING: 0 | IN_INTR: 0 | DS: [10, 10] | RS: [10] | MEM: - | LATCH: DS.dup,PC | OUT: '' | dup
TICK: 000151 | PC: 00084 | STEP: 1 | IR: store 2 | A: 0 | AR: 2 | NZ: 00 | IE: 1 | PENDING: 0 | IN_INTR: 0 | DS: [10, 10] | RS: [10] | MEM: - | LATCH: AR | OUT: '' | store.addr 2
TICK: 000152 | PC: 00089 | STEP: 0 | IR: store 2 | A: 0 | AR: 2 | NZ: 00 | IE: 1 | PENDING: 0 | IN_INTR: 0 | DS: [10] | RS: [10] | MEM: write mem[2] <- 10 | LATCH: MEM,PC | OUT: '' | store.write
TICK: 000153 | PC: 00090 | STEP: 0 | IR: drop | A: 0 | AR: 2 | NZ: 00 | IE: 1 | PENDING: 0 | IN_INTR: 0 | DS: [] | RS: [10] | MEM: - | LATCH: PC | OUT: '' | drop
TICK: 000154 | PC: 00090 | STEP: 1 | IR: load 3 | A: 0 | AR: 3 | NZ: 00 | IE: 1 | PENDING: 0 | IN_INTR: 0 | DS: [] | RS: [10] | MEM: - | LATCH: AR | OUT: '' | load.addr 3
TICK: 000155 | PC: 00095 | STEP: 0 | IR: load 3 | A: 0 | AR: 3 | NZ: 00 | IE: 1 | PENDING: 0 | IN_INTR: 0 | DS: [14] | RS: [10] | MEM: read mem[3] | LATCH: DS.push,PC | OUT: '' | load.read
TICK: 000156 | PC: 00095 | STEP: 1 | IR: load 1 | A: 0 | AR: 1 | NZ: 00 | IE: 1 | PENDING: 0 | IN_INTR: 0 | DS: [14] | RS: [10] | MEM: - | LATCH: AR | OUT: '' | load.addr 1
TICK: 000157 | PC: 00100 | STEP: 0 | IR: load 1 | A: 0 | AR: 1 | NZ: 00 | IE: 1 | PENDING: 0 | IN_INTR: 0 | DS: [14, 4] | RS: [10] | MEM: read mem[1] | LATCH: DS.push,PC | OUT: '' | load.read
TICK: 000158 | PC: 00100 | STEP: 1 | IR: load 1 | A: 0 | AR: 1 | NZ: 00 | IE: 1 | PENDING: 0 | IN_INTR: 0 | DS: [14, 4] | RS: [10] | MEM: - | LATCH: AR | OUT: '' | load.addr 1
TICK: 000159 | PC: 00105 | STEP: 0 | IR: load 1 | A: 0 | AR: 1 | NZ: 00 | IE: 1 | PENDING: 0 | IN_INTR: 0 | DS: [14, 4, 4] | RS: [10] | MEM: read mem[1] | LATCH: DS.push,PC | OUT: '' | load.read
TICK: 000160 | PC: 00105 | STEP: 1 | IR: mul | A: 0 | AR: 1 | NZ: 00 | IE: 1 | PENDING: 0 | IN_INTR: 0 | DS: [14] | RS: [10] | MEM: - | LATCH: ALU.left,ALU.right | OUT: '' | mul.load_operands
TICK: 000161 | PC: 00106 | STEP: 0 | IR: mul | A: 0 | AR: 1 | NZ: 00 | IE: 1 | PENDING: 0 | IN_INTR: 0 | DS: [14, 16] | RS: [10] | MEM: - | LATCH: DS.push(ALU),PC | OUT: '' | mul.write_result
TICK: 000162 | PC: 00106 | STEP: 1 | IR: add | A: 0 | AR: 1 | NZ: 00 | IE: 1 | PENDING: 0 | IN_INTR: 0 | DS: [] | RS: [10] | MEM: - | LATCH: ALU.left,ALU.right | OUT: '' | add.load_operands
TICK: 000163 | PC: 00107 | STEP: 0 | IR: add | A: 0 | AR: 1 | NZ: 00 | IE: 1 | PENDING: 0 | IN_INTR: 0 | DS: [30] | RS: [10] | MEM: - | LATCH: DS.push(ALU),PC | OUT: '' | add.write_result
TICK: 000164 | PC: 00108 | STEP: 0 | IR: dup | A: 0 | AR: 1 | NZ: 00 | IE: 1 | PENDING: 0 | IN_INTR: 0 | DS: [30, 30] | RS: [10] | MEM: - | LATCH: DS.dup,PC | OUT: '' | dup
TICK: 000165 | PC: 00108 | STEP: 1 | IR: store 3 | A: 0 | AR: 3 | NZ: 00 | IE: 1 | PENDING: 0 | IN_INTR: 0 | DS: [30, 30] | RS: [10] | MEM: - | LATCH: AR | OUT: '' | store.addr 3
TICK: 000166 | PC: 00113 | STEP: 0 | IR: store 3 | A: 0 | AR: 3 | NZ: 00 | IE: 1 | PENDING: 0 | IN_INTR: 0 | DS: [30] | RS: [10] | MEM: write mem[3] <- 30 | LATCH: MEM,PC | OUT: '' | store.write
TICK: 000167 | PC: 00114 | STEP: 0 | IR: drop | A: 0 | AR: 3 | NZ: 00 | IE: 1 | PENDING: 0 | IN_INTR: 0 | DS: [] | RS: [10] | MEM: - | LATCH: PC | OUT: '' | drop
TICK: 000168 | PC: 00114 | STEP: 1 | IR: load 1 | A: 0 | AR: 1 | NZ: 00 | IE: 1 | PENDING: 0 | IN_INTR: 0 | DS: [] | RS: [10] | MEM: - | LATCH: AR | OUT: '' | load.addr 1
TICK: 000169 | PC: 00119 | STEP: 0 | IR: load 1 | A: 0 | AR: 1 | NZ: 00 | IE: 1 | PENDING: 0 | IN_INTR: 0 | DS: [4] | RS: [10] | MEM: read mem[1] | LATCH: DS.push,PC | OUT: '' | load.read
TICK: 000170 | PC: 00124 | STEP: 0 | IR: literal 1 | A: 0 | AR: 1 | NZ: 00 | IE: 1 | PENDING: 0 | IN_INTR: 0 | DS: [4, 1] | RS: [10] | MEM: - | LATCH: DS.push,PC | OUT: '' | literal 1
TICK: 000171 | PC: 00124 | STEP: 1 | IR: add | A: 0 | AR: 1 | NZ: 00 | IE: 1 | PENDING: 0 | IN_INTR: 0 | DS: [] | RS: [10] | MEM: - | LATCH: ALU.left,ALU.right | OUT: '' | add.load_operands
TICK: 000172 | PC: 00125 | STEP: 0 | IR: add | A: 0 | AR: 1 | NZ: 00 | IE: 1 | PENDING: 0 | IN_INTR: 0 | DS: [5] | RS: [10] | MEM: - | LATCH: DS.push(ALU),PC | OUT: '' | add.write_result
TICK: 000173 | PC: 00126 | STEP: 0 | IR: dup | A: 0 | AR: 1 | NZ: 00 | IE: 1 | PENDING: 0 | IN_INTR: 0 | DS: [5, 5] | RS: [10] | MEM: - | LATCH: DS.dup,PC | OUT: '' | dup
TICK: 000174 | PC: 00126 | STEP: 1 | IR: store 1 | A: 0 | AR: 1 | NZ: 00 | IE: 1 | PENDING: 0 | IN_INTR: 0 | DS: [5, 5] | RS: [10] | MEM: - | LATCH: AR | OUT: '' | store.addr 1
TICK: 000175 | PC: 00131 | STEP: 0 | IR: store 1 | A: 0 | AR: 1 | NZ: 00 | IE: 1 | PENDING: 0 | IN_INTR: 0 | DS: [5] | RS: [10] | MEM: write mem[1] <- 5 | LATCH: MEM,PC | OUT: '' | store.write
TICK: 000176 | PC: 00132 | STEP: 0 | IR: drop | A: 0 | AR: 1 | NZ: 00 | IE: 1 | PENDING: 0 | IN_INTR: 0 | DS: [] | RS: [10] | MEM: - | LATCH: PC | OUT: '' | drop
TICK: 000177 | PC: 00051 | STEP: 0 | IR: jmp 51 | A: 0 | AR: 1 | NZ: 00 | IE: 1 | PENDING: 0 | IN_INTR: 0 | DS: [] | RS: [10] | MEM: - | LATCH: PC | OUT: '' | jmp 51
TICK: 000178 | PC: 00056 | STEP: 0 | IR: literal 100 | A: 0 | AR: 1 | NZ: 00 | IE: 1 | PENDING: 0 | IN_INTR: 0 | DS: [100] | RS: [10] | MEM: - | LATCH: DS.push,PC | OUT: '' | literal 100
TICK: 000179 | PC: 00056 | STEP: 1 | IR: load 1 | A: 0 | AR: 1 | NZ: 00 | IE: 1 | PENDING: 0 | IN_INTR: 0 | DS: [100] | RS: [10] | MEM: - | LATCH: AR | OUT: '' | load.addr 1
TICK: 000180 | PC: 00061 | STEP: 0 | IR: load 1 | A: 0 | AR: 1 | NZ: 00 | IE: 1 | PENDING: 0 | IN_INTR: 0 | DS: [100, 5] | RS: [10] | MEM: read mem[1] | LATCH: DS.push,PC | OUT: '' | load.read
TICK: 000181 | PC: 00061 | STEP: 1 | IR: sub | A: 0 | AR: 1 | NZ: 00 | IE: 1 | PENDING: 0 | IN_INTR: 0 | DS: [] | RS: [10] | MEM: - | LATCH: ALU.left,ALU.right | OUT: '' | sub.load_operands
TICK: 000182 | PC: 00062 | STEP: 0 | IR: sub | A: 0 | AR: 1 | NZ: 00 | IE: 1 | PENDING: 0 | IN_INTR: 0 | DS: [95] | RS: [10] | MEM: - | LATCH: DS.push(ALU),PC | OUT: '' | sub.write_result
TICK: 000183 | PC: 00062 | STEP: 1 | IR: mif 72 | A: 0 | AR: 1 | NZ: 00 | IE: 1 | PENDING: 0 | IN_INTR: 0 | DS: [] | RS: [10] | MEM: - | LATCH: ALU.left | OUT: '' | mif.test
TICK: 000184 | PC: 00072 | STEP: 0 | IR: mif 72 | A: 0 | AR: 1 | NZ: 00 | IE: 1 | PENDING: 0 | IN_INTR: 0 | DS: [] | RS: [10] | MEM: - | LATCH: PC | OUT: '' | mif.branch
TICK: 000185 | PC: 00072 | STEP: 1 | IR: load 2 | A: 0 | AR: 2 | NZ: 00 | IE: 1 | PENDING: 0 | IN_INTR: 0 | DS: [] | RS: [10] | MEM: - | LATCH: AR | OUT: '' | load.addr 2
TICK: 000186 | PC: 00077 | STEP: 0 | IR: load 2 | A: 0 | AR: 2 | NZ: 00 | IE: 1 | PENDING: 0 | IN_INTR: 0 | DS: [10] | RS: [10] | MEM: read mem[2] | LATCH: DS.push,PC | OUT: '' | load.read
TICK: 000187 | PC: 00077 | STEP: 1 | IR: load 1 | A: 0 | AR: 1 | NZ: 00 | IE: 1 | PENDING: 0 | IN_INTR: 0 | DS: [10] | RS: [10] | MEM: - | LATCH: AR | OUT: '' | load.addr 1
TICK: 000188 | PC: 00082 | STEP: 0 | IR: load 1 | A: 0 | AR: 1 | NZ: 00 | IE: 1 | PENDING: 0 | IN_INTR: 0 | DS: [10, 5] | RS: [10] | MEM: read mem[1] | LATCH: DS.push,PC | OUT: '' | load.read
TICK: 000189 | PC: 00082 | STEP: 1 | IR: add | A: 0 | AR: 1 | NZ: 00 | IE: 1 | PENDING: 0 | IN_INTR: 0 | DS: [] | RS: [10] | MEM: - | LATCH: ALU.left,ALU.right | OUT: '' | add.load_operands
TICK: 000190 | PC: 00083 | STEP: 0 | IR: add | A: 0 | AR: 1 | NZ: 00 | IE: 1 | PENDING: 0 | IN_INTR: 0 | DS: [15] | RS: [10] | MEM: - | LATCH: DS.push(ALU),PC | OUT: '' | add.write_result
TICK: 000191 | PC: 00084 | STEP: 0 | IR: dup | A: 0 | AR: 1 | NZ: 00 | IE: 1 | PENDING: 0 | IN_INTR: 0 | DS: [15, 15] | RS: [10] | MEM: - | LATCH: DS.dup,PC | OUT: '' | dup
TICK: 000192 | PC: 00084 | STEP: 1 | IR: store 2 | A: 0 | AR: 2 | NZ: 00 | IE: 1 | PENDING: 0 | IN_INTR: 0 | DS: [15, 15] | RS: [10] | MEM: - | LATCH: AR | OUT: '' | store.addr 2
TICK: 000193 | PC: 00089 | STEP: 0 | IR: store 2 | A: 0 | AR: 2 | NZ: 00 | IE: 1 | PENDING: 0 | IN_INTR: 0 | DS: [15] | RS: [10] | MEM: write mem[2] <- 15 | LATCH: MEM,PC | OUT: '' | store.write
TICK: 000194 | PC: 00090 | STEP: 0 | IR: drop | A: 0 | AR: 2 | NZ: 00 | IE: 1 | PENDING: 0 | IN_INTR: 0 | DS: [] | RS: [10] | MEM: - | LATCH: PC | OUT: '' | drop
TICK: 000195 | PC: 00090 | STEP: 1 | IR: load 3 | A: 0 | AR: 3 | NZ: 00 | IE: 1 | PENDING: 0 | IN_INTR: 0 | DS: [] | RS: [10] | MEM: - | LATCH: AR | OUT: '' | load.addr 3
TICK: 000196 | PC: 00095 | STEP: 0 | IR: load 3 | A: 0 | AR: 3 | NZ: 00 | IE: 1 | PENDING: 0 | IN_INTR: 0 | DS: [30] | RS: [10] | MEM: read mem[3] | LATCH: DS.push,PC | OUT: '' | load.read
TICK: 000197 | PC: 00095 | STEP: 1 | IR: load 1 | A: 0 | AR: 1 | NZ: 00 | IE: 1 | PENDING: 0 | IN_INTR: 0 | DS: [30] | RS: [10] | MEM: - | LATCH: AR | OUT: '' | load.addr 1
TICK: 000198 | PC: 00100 | STEP: 0 | IR: load 1 | A: 0 | AR: 1 | NZ: 00 | IE: 1 | PENDING: 0 | IN_INTR: 0 | DS: [30, 5] | RS: [10] | MEM: read mem[1] | LATCH: DS.push,PC | OUT: '' | load.read
TICK: 000199 | PC: 00100 | STEP: 1 | IR: load 1 | A: 0 | AR: 1 | NZ: 00 | IE: 1 | PENDING: 0 | IN_INTR: 0 | DS: [30, 5] | RS: [10] | MEM: - | LATCH: AR | OUT: '' | load.addr 1
TICK: 000200 | PC: 00105 | STEP: 0 | IR: load 1 | A: 0 | AR: 1 | NZ: 00 | IE: 1 | PENDING: 0 | IN_INTR: 0 | DS: [30, 5, 5] | RS: [10] | MEM: read mem[1] | LATCH: DS.push,PC | OUT: '' | load.read
TICK: 000201 | PC: 00105 | STEP: 1 | IR: mul | A: 0 | AR: 1 | NZ: 00 | IE: 1 | PENDING: 0 | IN_INTR: 0 | DS: [30] | RS: [10] | MEM: - | LATCH: ALU.left,ALU.right | OUT: '' | mul.load_operands
TICK: 000202 | PC: 00106 | STEP: 0 | IR: mul | A: 0 | AR: 1 | NZ: 00 | IE: 1 | PENDING: 0 | IN_INTR: 0 | DS: [30, 25] | RS: [10] | MEM: - | LATCH: DS.push(ALU),PC | OUT: '' | mul.write_result
TICK: 000203 | PC: 00106 | STEP: 1 | IR: add | A: 0 | AR: 1 | NZ: 00 | IE: 1 | PENDING: 0 | IN_INTR: 0 | DS: [] | RS: [10] | MEM: - | LATCH: ALU.left,ALU.right | OUT: '' | add.load_operands
TICK: 000204 | PC: 00107 | STEP: 0 | IR: add | A: 0 | AR: 1 | NZ: 00 | IE: 1 | PENDING: 0 | IN_INTR: 0 | DS: [55] | RS: [10] | MEM: - | LATCH: DS.push(ALU),PC | OUT: '' | add.write_result
TICK: 000205 | PC: 00108 | STEP: 0 | IR: dup | A: 0 | AR: 1 | NZ: 00 | IE: 1 | PENDING: 0 | IN_INTR: 0 | DS: [55, 55] | RS: [10] | MEM: - | LATCH: DS.dup,PC | OUT: '' | dup
TICK: 000206 | PC: 00108 | STEP: 1 | IR: store 3 | A: 0 | AR: 3 | NZ: 00 | IE: 1 | PENDING: 0 | IN_INTR: 0 | DS: [55, 55] | RS: [10] | MEM: - | LATCH: AR | OUT: '' | store.addr 3
TICK: 000207 | PC: 00113 | STEP: 0 | IR: store 3 | A: 0 | AR: 3 | NZ: 00 | IE: 1 | PENDING: 0 | IN_INTR: 0 | DS: [55] | RS: [10] | MEM: write mem[3] <- 55 | LATCH: MEM,PC | OUT: '' | store.write
TICK: 000208 | PC: 00114 | STEP: 0 | IR: drop | A: 0 | AR: 3 | NZ: 00 | IE: 1 | PENDING: 0 | IN_INTR: 0 | DS: [] | RS: [10] | MEM: - | LATCH: PC | OUT: '' | drop
TICK: 000209 | PC: 00114 | STEP: 1 | IR: load 1 | A: 0 | AR: 1 | NZ: 00 | IE: 1 | PENDING: 0 | IN_INTR: 0 | DS: [] | RS: [10] | MEM: - | LATCH: AR | OUT: '' | load.addr 1
TICK: 000210 | PC: 00119 | STEP: 0 | IR: load 1 | A: 0 | AR: 1 | NZ: 00 | IE: 1 | PENDING: 0 | IN_INTR: 0 | DS: [5] | RS: [10] | MEM: read mem[1] | LATCH: DS.push,PC | OUT: '' | load.read
TICK: 000211 | PC: 00124 | STEP: 0 | IR: literal 1 | A: 0 | AR: 1 | NZ: 00 | IE: 1 | PENDING: 0 | IN_INTR: 0 | DS: [5, 1] | RS: [10] | MEM: - | LATCH: DS.push,PC | OUT: '' | literal 1
TICK: 000212 | PC: 00124 | STEP: 1 | IR: add | A: 0 | AR: 1 | NZ: 00 | IE: 1 | PENDING: 0 | IN_INTR: 0 | DS: [] | RS: [10] | MEM: - | LATCH: ALU.left,ALU.right | OUT: '' | add.load_operands
TICK: 000213 | PC: 00125 | STEP: 0 | IR: add | A: 0 | AR: 1 | NZ: 00 | IE: 1 | PENDING: 0 | IN_INTR: 0 | DS: [6] | RS: [10] | MEM: - | LATCH: DS.push(ALU),PC | OUT: '' | add.write_result
TICK: 000214 | PC: 00126 | STEP: 0 | IR: dup | A: 0 | AR: 1 | NZ: 00 | IE: 1 | PENDING: 0 | IN_INTR: 0 | DS: [6, 6] | RS: [10] | MEM: - | LATCH: DS.dup,PC | OUT: '' | dup
TICK: 000215 | PC: 00126 | STEP: 1 | IR: store 1 | A: 0 | AR: 1 | NZ: 00 | IE: 1 | PENDING: 0 | IN_INTR: 0 | DS: [6, 6] | RS: [10] | MEM: - | LATCH: AR | OUT: '' | store.addr 1
TICK: 000216 | PC: 00131 | STEP: 0 | IR: store 1 | A: 0 | AR: 1 | NZ: 00 | IE: 1 | PENDING: 0 | IN_INTR: 0 | DS: [6] | RS: [10] | MEM: write mem[1] <- 6 | LATCH: MEM,PC | OUT: '' | store.write
TICK: 000217 | PC: 00132 | STEP: 0 | IR: drop | A: 0 | AR: 1 | NZ: 00 | IE: 1 | PENDING: 0 | IN_INTR: 0 | DS: [] | RS: [10] | MEM: - | LATCH: PC | OUT: '' | drop
TICK: 000218 | PC: 00051 | STEP: 0 | IR: jmp 51 | A: 0 | AR: 1 | NZ: 00 | IE: 1 | PENDING: 0 | IN_INTR: 0 | DS: [] | RS: [10] | MEM: - | LATCH: PC | OUT: '' | jmp 51
TICK: 000219 | PC: 00056 | STEP: 0 | IR: literal 100 | A: 0 | AR: 1 | NZ: 00 | IE: 1 | PENDING: 0 | IN_INTR: 0 | DS: [100] | RS: [10] | MEM: - | LATCH: DS.push,PC | OUT: '' | literal 100
TICK: 000220 | PC: 00056 | STEP: 1 | IR: load 1 | A: 0 | AR: 1 | NZ: 00 | IE: 1 | PENDING: 0 | IN_INTR: 0 | DS: [100] | RS: [10] | MEM: - | LATCH: AR | OUT: '' | load.addr 1
TICK: 000221 | PC: 00061 | STEP: 0 | IR: load 1 | A: 0 | AR: 1 | NZ: 00 | IE: 1 | PENDING: 0 | IN_INTR: 0 | DS: [100, 6] | RS: [10] | MEM: read mem[1] | LATCH: DS.push,PC | OUT: '' | load.read
TICK: 000222 | PC: 00061 | STEP: 1 | IR: sub | A: 0 | AR: 1 | NZ: 00 | IE: 1 | PENDING: 0 | IN_INTR: 0 | DS: [] | RS: [10] | MEM: - | LATCH: ALU.left,ALU.right | OUT: '' | sub.load_operands
TICK: 000223 | PC: 00062 | STEP: 0 | IR: sub | A: 0 | AR: 1 | NZ: 00 | IE: 1 | PENDING: 0 | IN_INTR: 0 | DS: [94] | RS: [10] | MEM: - | LATCH: DS.push(ALU),PC | OUT: '' | sub.write_result
TICK: 000224 | PC: 00062 | STEP: 1 | IR: mif 72 | A: 0 | AR: 1 | NZ: 00 | IE: 1 | PENDING: 0 | IN_INTR: 0 | DS: [] | RS: [10] | MEM: - | LATCH: ALU.left | OUT: '' | mif.test
TICK: 000225 | PC: 00072 | STEP: 0 | IR: mif 72 | A: 0 | AR: 1 | NZ: 00 | IE: 1 | PENDING: 0 | IN_INTR: 0 | DS: [] | RS: [10] | MEM: - | LATCH: PC | OUT: '' | mif.branch
TICK: 000226 | PC: 00072 | STEP: 1 | IR: load 2 | A: 0 | AR: 2 | NZ: 00 | IE: 1 | PENDING: 0 | IN_INTR: 0 | DS: [] | RS: [10] | MEM: - | LATCH: AR | OUT: '' | load.addr 2
TICK: 000227 | PC: 00077 | STEP: 0 | IR: load 2 | A: 0 | AR: 2 | NZ: 00 | IE: 1 | PENDING: 0 | IN_INTR: 0 | DS: [15] | RS: [10] | MEM: read mem[2] | LATCH: DS.push,PC | OUT: '' | load.read
TICK: 000228 | PC: 00077 | STEP: 1 | IR: load 1 | A: 0 | AR: 1 | NZ: 00 | IE: 1 | PENDING: 0 | IN_INTR: 0 | DS: [15] | RS: [10] | MEM: - | LATCH: AR | OUT: '' | load.addr 1
TICK: 000229 | PC: 00082 | STEP: 0 | IR: load 1 | A: 0 | AR: 1 | NZ: 00 | IE: 1 | PENDING: 0 | IN_INTR: 0 | DS: [15, 6] | RS: [10] | MEM: read mem[1] | LATCH: DS.push,PC | OUT: '' | load.read
TICK: 000230 | PC: 00082 | STEP: 1 | IR: add | A: 0 | AR: 1 | NZ: 00 | IE: 1 | PENDING: 0 | IN_INTR: 0 | DS: [] | RS: [10] | MEM: - | LATCH: ALU.left,ALU.right | OUT: '' | add.load_operands
TICK: 000231 | PC: 00083 | STEP: 0 | IR: add | A: 0 | AR: 1 | NZ: 00 | IE: 1 | PENDING: 0 | IN_INTR: 0 | DS: [21] | RS: [10] | MEM: - | LATCH: DS.push(ALU),PC | OUT: '' | add.write_result
TICK: 000232 | PC: 00084 | STEP: 0 | IR: dup | A: 0 | AR: 1 | NZ: 00 | IE: 1 | PENDING: 0 | IN_INTR: 0 | DS: [21, 21] | RS: [10] | MEM: - | LATCH: DS.dup,PC | OUT: '' | dup
TICK: 000233 | PC: 00084 | STEP: 1 | IR: store 2 | A: 0 | AR: 2 | NZ: 00 | IE: 1 | PENDING: 0 | IN_INTR: 0 | DS: [21, 21] | RS: [10] | MEM: - | LATCH: AR | OUT: '' | store.addr 2
TICK: 000234 | PC: 00089 | STEP: 0 | IR: store 2 | A: 0 | AR: 2 | NZ: 00 | IE: 1 | PENDING: 0 | IN_INTR: 0 | DS: [21] | RS: [10] | MEM: write mem[2] <- 21 | LATCH: MEM,PC | OUT: '' | store.write
TICK: 000235 | PC: 00090 | STEP: 0 | IR: drop | A: 0 | AR: 2 | NZ: 00 | IE: 1 | PENDING: 0 | IN_INTR: 0 | DS: [] | RS: [10] | MEM: - | LATCH: PC | OUT: '' | drop
TICK: 000236 | PC: 00090 | STEP: 1 | IR: load 3 | A: 0 | AR: 3 | NZ: 00 | IE: 1 | PENDING: 0 | IN_INTR: 0 | DS: [] | RS: [10] | MEM: - | LATCH: AR | OUT: '' | load.addr 3
TICK: 000237 | PC: 00095 | STEP: 0 | IR: load 3 | A: 0 | AR: 3 | NZ: 00 | IE: 1 | PENDING: 0 | IN_INTR: 0 | DS: [55] | RS: [10] | MEM: read mem[3] | LATCH: DS.push,PC | OUT: '' | load.read
TICK: 000238 | PC: 00095 | STEP: 1 | IR: load 1 | A: 0 | AR: 1 | NZ: 00 | IE: 1 | PENDING: 0 | IN_INTR: 0 | DS: [55] | RS: [10] | MEM: - | LATCH: AR | OUT: '' | load.addr 1
TICK: 000239 | PC: 00100 | STEP: 0 | IR: load 1 | A: 0 | AR: 1 | NZ: 00 | IE: 1 | PENDING: 0 | IN_INTR: 0 | DS: [55, 6] | RS: [10] | MEM: read mem[1] | LATCH: DS.push,PC | OUT: '' | load.read
TICK: 000240 | PC: 00100 | STEP: 1 | IR: load 1 | A: 0 | AR: 1 | NZ: 00 | IE: 1 | PENDING: 0 | IN_INTR: 0 | DS: [55, 6] | RS: [10] | MEM: - | LATCH: AR | OUT: '' | load.addr 1
TICK: 000241 | PC: 00105 | STEP: 0 | IR: load 1 | A: 0 | AR: 1 | NZ: 00 | IE: 1 | PENDING: 0 | IN_INTR: 0 | DS: [55, 6, 6] | RS: [10] | MEM: read mem[1] | LATCH: DS.push,PC | OUT: '' | load.read
TICK: 000242 | PC: 00105 | STEP: 1 | IR: mul | A: 0 | AR: 1 | NZ: 00 | IE: 1 | PENDING: 0 | IN_INTR: 0 | DS: [55] | RS: [10] | MEM: - | LATCH: ALU.left,ALU.right | OUT: '' | mul.load_operands
TICK: 000243 | PC: 00106 | STEP: 0 | IR: mul | A: 0 | AR: 1 | NZ: 00 | IE: 1 | PENDING: 0 | IN_INTR: 0 | DS: [55, 36] | RS: [10] | MEM: - | LATCH: DS.push(ALU),PC | OUT: '' | mul.write_result
TICK: 000244 | PC: 00106 | STEP: 1 | IR: add | A: 0 | AR: 1 | NZ: 00 | IE: 1 | PENDING: 0 | IN_INTR: 0 | DS: [] | RS: [10] | MEM: - | LATCH: ALU.left,ALU.right | OUT: '' | add.load_operands
TICK: 000245 | PC: 00107 | STEP: 0 | IR: add | A: 0 | AR: 1 | NZ: 00 | IE: 1 | PENDING: 0 | IN_INTR: 0 | DS: [91] | RS: [10] | MEM: - | LATCH: DS.push(ALU),PC | OUT: '' | add.write_result
TICK: 000246 | PC: 00108 | STEP: 0 | IR: dup | A: 0 | AR: 1 | NZ: 00 | IE: 1 | PENDING: 0 | IN_INTR: 0 | DS: [91, 91] | RS: [10] | MEM: - | LATCH: DS.dup,PC | OUT: '' | dup
TICK: 000247 | PC: 00108 | STEP: 1 | IR: store 3 | A: 0 | AR: 3 | NZ: 00 | IE: 1 | PENDING: 0 | IN_INTR: 0 | DS: [91, 91] | RS: [10] | MEM: - | LATCH: AR | OUT: '' | store.addr 3
TICK: 000248 | PC: 00113 | STEP: 0 | IR: store 3 | A: 0 | AR: 3 | NZ: 00 | IE: 1 | PENDING: 0 | IN_INTR: 0 | DS: [91] | RS: [10] | MEM: write mem[3] <- 91 | LATCH: MEM,PC | OUT: '' | store.write
TICK: 000249 | PC: 00114 | STEP: 0 | IR: drop | A: 0 | AR: 3 | NZ: 00 | IE: 1 | PENDING: 0 | IN_INTR: 0 | DS: [] | RS: [10] | MEM: - | LATCH: PC | OUT: '' | drop
TICK: 000250 | PC: 00114 | STEP: 1 | IR: load 1 | A: 0 | AR: 1 | NZ: 00 | IE: 1 | PENDING: 0 | IN_INTR: 0 | DS: [] | RS: [10] | MEM: - | LATCH: AR | OUT: '' | load.addr 1
TICK: 000251 | PC: 00119 | STEP: 0 | IR: load 1 | A: 0 | AR: 1 | NZ: 00 | IE: 1 | PENDING: 0 | IN_INTR: 0 | DS: [6] | RS: [10] | MEM: read mem[1] | LATCH: DS.push,PC | OUT: '' | load.read
TICK: 000252 | PC: 00124 | STEP: 0 | IR: literal 1 | A: 0 | AR: 1 | NZ: 00 | IE: 1 | PENDING: 0 | IN_INTR: 0 | DS: [6, 1] | RS: [10] | MEM: - | LATCH: DS.push,PC | OUT: '' | literal 1
TICK: 000253 | PC: 00124 | STEP: 1 | IR: add | A: 0 | AR: 1 | NZ: 00 | IE: 1 | PENDING: 0 | IN_INTR: 0 | DS: [] | RS: [10] | MEM: - | LATCH: ALU.left,ALU.right | OUT: '' | add.load_operands
TICK: 000254 | PC: 00125 | STEP: 0 | IR: add | A: 0 | AR: 1 | NZ: 00 | IE: 1 | PENDING: 0 | IN_INTR: 0 | DS: [7] | RS: [10] | MEM: - | LATCH: DS.push(ALU),PC | OUT: '' | add.write_result
TICK: 000255 | PC: 00126 | STEP: 0 | IR: dup | A: 0 | AR: 1 | NZ: 00 | IE: 1 | PENDING: 0 | IN_INTR: 0 | DS: [7, 7] | RS: [10] | MEM: - | LATCH: DS.dup,PC | OUT: '' | dup
TICK: 000256 | PC: 00126 | STEP: 1 | IR: store 1 | A: 0 | AR: 1 | NZ: 00 | IE: 1 | PENDING: 0 | IN_INTR: 0 | DS: [7, 7] | RS: [10] | MEM: - | LATCH: AR | OUT: '' | store.addr 1
TICK: 000257 | PC: 00131 | STEP: 0 | IR: store 1 | A: 0 | AR: 1 | NZ: 00 | IE: 1 | PENDING: 0 | IN_INTR: 0 | DS: [7] | RS: [10] | MEM: write mem[1] <- 7 | LATCH: MEM,PC | OUT: '' | store.write
TICK: 000258 | PC: 00132 | STEP: 0 | IR: drop | A: 0 | AR: 1 | NZ: 00 | IE: 1 | PENDING: 0 | IN_INTR: 0 | DS: [] | RS: [10] | MEM: - | LATCH: PC | OUT: '' | drop
TICK: 000259 | PC: 00051 | STEP: 0 | IR: jmp 51 | A: 0 | AR: 1 | NZ: 00 | IE: 1 | PENDING: 0 | IN_INTR: 0 | DS: [] | RS: [10] | MEM: - | LATCH: PC | OUT: '' | jmp 51
TICK: 000260 | PC: 00056 | STEP: 0 | IR: literal 100 | A: 0 | AR: 1 | NZ: 00 | IE: 1 | PENDING: 0 | IN_INTR: 0 | DS: [100] | RS: [10] | MEM: - | LATCH: DS.push,PC | OUT: '' | literal 100
TICK: 000261 | PC: 00056 | STEP: 1 | IR: load 1 | A: 0 | AR: 1 | NZ: 00 | IE: 1 | PENDING: 0 | IN_INTR: 0 | DS: [100] | RS: [10] | MEM: - | LATCH: AR | OUT: '' | load.addr 1
TICK: 000262 | PC: 00061 | STEP: 0 | IR: load 1 | A: 0 | AR: 1 | NZ: 00 | IE: 1 | PENDING: 0 | IN_INTR: 0 | DS: [100, 7] | RS: [10] | MEM: read mem[1] | LATCH: DS.push,PC | OUT: '' | load.read
TICK: 000263 | PC: 00061 | STEP: 1 | IR: sub | A: 0 | AR: 1 | NZ: 00 | IE: 1 | PENDING: 0 | IN_INTR: 0 | DS: [] | RS: [10] | MEM: - | LATCH: ALU.left,ALU.right | OUT: '' | sub.load_operands
TICK: 000264 | PC: 00062 | STEP: 0 | IR: sub | A: 0 | AR: 1 | NZ: 00 | IE: 1 | PENDING: 0 | IN_INTR: 0 | DS: [93] | RS: [10] | MEM: - | LATCH: DS.push(ALU),PC | OUT: '' | sub.write_result
TICK: 000265 | PC: 00062 | STEP: 1 | IR: mif 72 | A: 0 | AR: 1 | NZ: 00 | IE: 1 | PENDING: 0 | IN_INTR: 0 | DS: [] | RS: [10] | MEM: - | LATCH: ALU.left | OUT: '' | mif.test
TICK: 000266 | PC: 00072 | STEP: 0 | IR: mif 72 | A: 0 | AR: 1 | NZ: 00 | IE: 1 | PENDING: 0 | IN_INTR: 0 | DS: [] | RS: [10] | MEM: - | LATCH: PC | OUT: '' | mif.branch
TICK: 000267 | PC: 00072 | STEP: 1 | IR: load 2 | A: 0 | AR: 2 | NZ: 00 | IE: 1 | PENDING: 0 | IN_INTR: 0 | DS: [] | RS: [10] | MEM: - | LATCH: AR | OUT: '' | load.addr 2
TICK: 000268 | PC: 00077 | STEP: 0 | IR: load 2 | A: 0 | AR: 2 | NZ: 00 | IE: 1 | PENDING: 0 | IN_INTR: 0 | DS: [21] | RS: [10] | MEM: read mem[2] | LATCH: DS.push,PC | OUT: '' | load.read
TICK: 000269 | PC: 00077 | STEP: 1 | IR: load 1 | A: 0 | AR: 1 | NZ: 00 | IE: 1 | PENDING: 0 | IN_INTR: 0 | DS: [21] | RS: [10] | MEM: - | LATCH: AR | OUT: '' | load.addr 1
TICK: 000270 | PC: 00082 | STEP: 0 | IR: load 1 | A: 0 | AR: 1 | NZ: 00 | IE: 1 | PENDING: 0 | IN_INTR: 0 | DS: [21, 7] | RS: [10] | MEM: read mem[1] | LATCH: DS.push,PC | OUT: '' | load.read
TICK: 000271 | PC: 00082 | STEP: 1 | IR: add | A: 0 | AR: 1 | NZ: 00 | IE: 1 | PENDING: 0 | IN_INTR: 0 | DS: [] | RS: [10] | MEM: - | LATCH: ALU.left,ALU.right | OUT: '' | add.load_operands
TICK: 000272 | PC: 00083 | STEP: 0 | IR: add | A: 0 | AR: 1 | NZ: 00 | IE: 1 | PENDING: 0 | IN_INTR: 0 | DS: [28] | RS: [10] | MEM: - | LATCH: DS.push(ALU),PC | OUT: '' | add.write_result
TICK: 000273 | PC: 00084 | STEP: 0 | IR: dup | A: 0 | AR: 1 | NZ: 00 | IE: 1 | PENDING: 0 | IN_INTR: 0 | DS: [28, 28] | RS: [10] | MEM: - | LATCH: DS.dup,PC | OUT: '' | dup
TICK: 000274 | PC: 00084 | STEP: 1 | IR: store 2 | A: 0 | AR: 2 | NZ: 00 | IE: 1 | PENDING: 0 | IN_INTR: 0 | DS: [28, 28] | RS: [10] | MEM: - | LATCH: AR | OUT: '' | store.addr 2
TICK: 000275 | PC: 00089 | STEP: 0 | IR: store 2 | A: 0 | AR: 2 | NZ: 00 | IE: 1 | PENDING: 0 | IN_INTR: 0 | DS: [28] | RS: [10] | MEM: write mem[2] <- 28 | LATCH: MEM,PC | OUT: '' | store.write
TICK: 000276 | PC: 00090 | STEP: 0 | IR: drop | A: 0 | AR: 2 | NZ: 00 | IE: 1 | PENDING: 0 | IN_INTR: 0 | DS: [] | RS: [10] | MEM: - | LATCH: PC | OUT: '' | drop
TICK: 000277 | PC: 00090 | STEP: 1 | IR: load 3 | A: 0 | AR: 3 | NZ: 00 | IE: 1 | PENDING: 0 | IN_INTR: 0 | DS: [] | RS: [10] | MEM: - | LATCH: AR | OUT: '' | load.addr 3
TICK: 000278 | PC: 00095 | STEP: 0 | IR: load 3 | A: 0 | AR: 3 | NZ: 00 | IE: 1 | PENDING: 0 | IN_INTR: 0 | DS: [91] | RS: [10] | MEM: read mem[3] | LATCH: DS.push,PC | OUT: '' | load.read
TICK: 000279 | PC: 00095 | STEP: 1 | IR: load 1 | A: 0 | AR: 1 | NZ: 00 | IE: 1 | PENDING: 0 | IN_INTR: 0 | DS: [91] | RS: [10] | MEM: - | LATCH: AR | OUT: '' | load.addr 1
TICK: 000280 | PC: 00100 | STEP: 0 | IR: load 1 | A: 0 | AR: 1 | NZ: 00 | IE: 1 | PENDING: 0 | IN_INTR: 0 | DS: [91, 7] | RS: [10] | MEM: read mem[1] | LATCH: DS.push,PC | OUT: '' | load.read
TICK: 000281 | PC: 00100 | STEP: 1 | IR: load 1 | A: 0 | AR: 1 | NZ: 00 | IE: 1 | PENDING: 0 | IN_INTR: 0 | DS: [91, 7] | RS: [10] | MEM: - | LATCH: AR | OUT: '' | load.addr 1
TICK: 000282 | PC: 00105 | STEP: 0 | IR: load 1 | A: 0 | AR: 1 | NZ: 00 | IE: 1 | PENDING: 0 | IN_INTR: 0 | DS: [91, 7, 7] | RS: [10] | MEM: read mem[1] | LATCH: DS.push,PC | OUT: '' | load.read
TICK: 000283 | PC: 00105 | STEP: 1 | IR: mul | A: 0 | AR: 1 | NZ: 00 | IE: 1 | PENDING: 0 | IN_INTR: 0 | DS: [91] | RS: [10] | MEM: - | LATCH: ALU.left,ALU.right | OUT: '' | mul.load_operands
TICK: 000284 | PC: 00106 | STEP: 0 | IR: mul | A: 0 | AR: 1 | NZ: 00 | IE: 1 | PENDING: 0 | IN_INTR: 0 | DS: [91, 49] | RS: [10] | MEM: - | LATCH: DS.push(ALU),PC | OUT: '' | mul.write_result
TICK: 000285 | PC: 00106 | STEP: 1 | IR: add | A: 0 | AR: 1 | NZ: 00 | IE: 1 | PENDING: 0 | IN_INTR: 0 | DS: [] | RS: [10] | MEM: - | LATCH: ALU.left,ALU.right | OUT: '' | add.load_operands
TICK: 000286 | PC: 00107 | STEP: 0 | IR: add | A: 0 | AR: 1 | NZ: 00 | IE: 1 | PENDING: 0 | IN_INTR: 0 | DS: [140] | RS: [10] | MEM: - | LATCH: DS.push(ALU),PC | OUT: '' | add.write_result
TICK: 000287 | PC: 00108 | STEP: 0 | IR: dup | A: 0 | AR: 1 | NZ: 00 | IE: 1 | PENDING: 0 | IN_INTR: 0 | DS: [140, 140] | RS: [10] | MEM: - | LATCH: DS.dup,PC | OUT: '' | dup
TICK: 000288 | PC: 00108 | STEP: 1 | IR: store 3 | A: 0 | AR: 3 | NZ: 00 | IE: 1 | PENDING: 0 | IN_INTR: 0 | DS: [140, 140] | RS: [10] | MEM: - | LATCH: AR | OUT: '' | store.addr 3
TICK: 000289 | PC: 00113 | STEP: 0 | IR: store 3 | A: 0 | AR: 3 | NZ: 00 | IE: 1 | PENDING: 0 | IN_INTR: 0 | DS: [140] | RS: [10] | MEM: write mem[3] <- 140 | LATCH: MEM,PC | OUT: '' | store.write
TICK: 000290 | PC: 00114 | STEP: 0 | IR: drop | A: 0 | AR: 3 | NZ: 00 | IE: 1 | PENDING: 0 | IN_INTR: 0 | DS: [] | RS: [10] | MEM: - | LATCH: PC | OUT: '' | drop
TICK: 000291 | PC: 00114 | STEP: 1 | IR: load 1 | A: 0 | AR: 1 | NZ: 00 | IE: 1 | PENDING: 0 | IN_INTR: 0 | DS: [] | RS: [10] | MEM: - | LATCH: AR | OUT: '' | load.addr 1
TICK: 000292 | PC: 00119 | STEP: 0 | IR: load 1 | A: 0 | AR: 1 | NZ: 00 | IE: 1 | PENDING: 0 | IN_INTR: 0 | DS: [7] | RS: [10] | MEM: read mem[1] | LATCH: DS.push,PC | OUT: '' | load.read
TICK: 000293 | PC: 00124 | STEP: 0 | IR: literal 1 | A: 0 | AR: 1 | NZ: 00 | IE: 1 | PENDING: 0 | IN_INTR: 0 | DS: [7, 1] | RS: [10] | MEM: - | LATCH: DS.push,PC | OUT: '' | literal 1
TICK: 000294 | PC: 00124 | STEP: 1 | IR: add | A: 0 | AR: 1 | NZ: 00 | IE: 1 | PENDING: 0 | IN_INTR: 0 | DS: [] | RS: [10] | MEM: - | LATCH: ALU.left,ALU.right | OUT: '' | add.load_operands
TICK: 000295 | PC: 00125 | STEP: 0 | IR: add | A: 0 | AR: 1 | NZ: 00 | IE: 1 | PENDING: 0 | IN_INTR: 0 | DS: [8] | RS: [10] | MEM: - | LATCH: DS.push(ALU),PC | OUT: '' | add.write_result
TICK: 000296 | PC: 00126 | STEP: 0 | IR: dup | A: 0 | AR: 1 | NZ: 00 | IE: 1 | PENDING: 0 | IN_INTR: 0 | DS: [8, 8] | RS: [10] | MEM: - | LATCH: DS.dup,PC | OUT: '' | dup
TICK: 000297 | PC: 00126 | STEP: 1 | IR: store 1 | A: 0 | AR: 1 | NZ: 00 | IE: 1 | PENDING: 0 | IN_INTR: 0 | DS: [8, 8] | RS: [10] | MEM: - | LATCH: AR | OUT: '' | store.addr 1
TICK: 000298 | PC: 00131 | STEP: 0 | IR: store 1 | A: 0 | AR: 1 | NZ: 00 | IE: 1 | PENDING: 0 | IN_INTR: 0 | DS: [8] | RS: [10] | MEM: write mem[1] <- 8 | LATCH: MEM,PC | OUT: '' | store.write
TICK: 000299 | PC: 00132 | STEP: 0 | IR: drop | A: 0 | AR: 1 | NZ: 00 | IE: 1 | PENDING: 0 | IN_INTR: 0 | DS: [] | RS: [10] | MEM: - | LATCH: PC | OUT: '' | drop
TICK: 000300 | PC: 00051 | STEP: 0 | IR: jmp 51 | A: 0 | AR: 1 | NZ: 00 | IE: 1 | PENDING: 0 | IN_INTR: 0 | DS: [] | RS: [10] | MEM: - | LATCH: PC | OUT: '' | jmp 51
TICK: 000301 | PC: 00056 | STEP: 0 | IR: literal 100 | A: 0 | AR: 1 | NZ: 00 | IE: 1 | PENDING: 0 | IN_INTR: 0 | DS: [100] | RS: [10] | MEM: - | LATCH: DS.push,PC | OUT: '' | literal 100
TICK: 000302 | PC: 00056 | STEP: 1 | IR: load 1 | A: 0 | AR: 1 | NZ: 00 | IE: 1 | PENDING: 0 | IN_INTR: 0 | DS: [100] | RS: [10] | MEM: - | LATCH: AR | OUT: '' | load.addr 1
TICK: 000303 | PC: 00061 | STEP: 0 | IR: load 1 | A: 0 | AR: 1 | NZ: 00 | IE: 1 | PENDING: 0 | IN_INTR: 0 | DS: [100, 8] | RS: [10] | MEM: read mem[1] | LATCH: DS.push,PC | OUT: '' | load.read
TICK: 000304 | PC: 00061 | STEP: 1 | IR: sub | A: 0 | AR: 1 | NZ: 00 | IE: 1 | PENDING: 0 | IN_INTR: 0 | DS: [] | RS: [10] | MEM: - | LATCH: ALU.left,ALU.right | OUT: '' | sub.load_operands
TICK: 000305 | PC: 00062 | STEP: 0 | IR: sub | A: 0 | AR: 1 | NZ: 00 | IE: 1 | PENDING: 0 | IN_INTR: 0 | DS: [92] | RS: [10] | MEM: - | LATCH: DS.push(ALU),PC | OUT: '' | sub.write_result
TICK: 000306 | PC: 00062 | STEP: 1 | IR: mif 72 | A: 0 | AR: 1 | NZ: 00 | IE: 1 | PENDING: 0 | IN_INTR: 0 | DS: [] | RS: [10] | MEM: - | LATCH: ALU.left | OUT: '' | mif.test
TICK: 000307 | PC: 00072 | STEP: 0 | IR: mif 72 | A: 0 | AR: 1 | NZ: 00 | IE: 1 | PENDING: 0 | IN_INTR: 0 | DS: [] | RS: [10] | MEM: - | LATCH: PC | OUT: '' | mif.branch
TICK: 000308 | PC: 00072 | STEP: 1 | IR: load 2 | A: 0 | AR: 2 | NZ: 00 | IE: 1 | PENDING: 0 | IN_INTR: 0 | DS: [] | RS: [10] | MEM: - | LATCH: AR | OUT: '' | load.addr 2
TICK: 000309 | PC: 00077 | STEP: 0 | IR: load 2 | A: 0 | AR: 2 | NZ: 00 | IE: 1 | PENDING: 0 | IN_INTR: 0 | DS: [28] | RS: [10] | MEM: read mem[2] | LATCH: DS.push,PC | OUT: '' | load.read
TICK: 000310 | PC: 00077 | STEP: 1 | IR: load 1 | A: 0 | AR: 1 | NZ: 00 | IE: 1 | PENDING: 0 | IN_INTR: 0 | DS: [28] | RS: [10] | MEM: - | LATCH: AR | OUT: '' | load.addr 1
TICK: 000311 | PC: 00082 | STEP: 0 | IR: load 1 | A: 0 | AR: 1 | NZ: 00 | IE: 1 | PENDING: 0 | IN_INTR: 0 | DS: [28, 8] | RS: [10] | MEM: read mem[1] | LATCH: DS.push,PC | OUT: '' | load.read
TICK: 000312 | PC: 00082 | STEP: 1 | IR: add | A: 0 | AR: 1 | NZ: 00 | IE: 1 | PENDING: 0 | IN_INTR: 0 | DS: [] | RS: [10] | MEM: - | LATCH: ALU.left,ALU.right | OUT: '' | add.load_operands
TICK: 000313 | PC: 00083 | STEP: 0 | IR: add | A: 0 | AR: 1 | NZ: 00 | IE: 1 | PENDING: 0 | IN_INTR: 0 | DS: [36] | RS: [10] | MEM: - | LATCH: DS.push(ALU),PC | OUT: '' | add.write_result
TICK: 000314 | PC: 00084 | STEP: 0 | IR: dup | A: 0 | AR: 1 | NZ: 00 | IE: 1 | PENDING: 0 | IN_INTR: 0 | DS: [36, 36] | RS: [10] | MEM: - | LATCH: DS.dup,PC | OUT: '' | dup
TICK: 000315 | PC: 00084 | STEP: 1 | IR: store 2 | A: 0 | AR: 2 | NZ: 00 | IE: 1 | PENDING: 0 | IN_INTR: 0 | DS: [36, 36] | RS: [10] | MEM: - | LATCH: AR | OUT: '' | store.addr 2
TICK: 000316 | PC: 00089 | STEP: 0 | IR: store 2 | A: 0 | AR: 2 | NZ: 00 | IE: 1 | PENDING: 0 | IN_INTR: 0 | DS: [36] | RS: [10] | MEM: write mem[2] <- 36 | LATCH: MEM,PC | OUT: '' | store.write
TICK: 000317 | PC: 00090 | STEP: 0 | IR: drop | A: 0 | AR: 2 | NZ: 00 | IE: 1 | PENDING: 0 | IN_INTR: 0 | DS: [] | RS: [10] | MEM: - | LATCH: PC | OUT: '' | drop
TICK: 000318 | PC: 00090 | STEP: 1 | IR: load 3 | A: 0 | AR: 3 | NZ: 00 | IE: 1 | PENDING: 0 | IN_INTR: 0 | DS: [] | RS: [10] | MEM: - | LATCH: AR | OUT: '' | load.addr 3
TICK: 000319 | PC: 00095 | STEP: 0 | IR: load 3 | A: 0 | AR: 3 | NZ: 00 | IE: 1 | PENDING: 0 | IN_INTR: 0 | DS: [140] | RS: [10] | MEM: read mem[3] | LATCH: DS.push,PC | OUT: '' | load.read
TICK: 000320 | PC: 00095 | STEP: 1 | IR: load 1 | A: 0 | AR: 1 | NZ: 00 | IE: 1 | PENDING: 0 | IN_INTR: 0 | DS: [140] | RS: [10] | MEM: - | LATCH: AR | OUT: '' | load.addr 1
TICK: 000321 | PC: 00100 | STEP: 0 | IR: load 1 | A: 0 | AR: 1 | NZ: 00 | IE: 1 | PENDING: 0 | IN_INTR: 0 | DS: [140, 8] | RS: [10] | MEM: read mem[1] | LATCH: DS.push,PC | OUT: '' | load.read
TICK: 000322 | PC: 00100 | STEP: 1 | IR: load 1 | A: 0 | AR: 1 | NZ: 00 | IE: 1 | PENDING: 0 | IN_INTR: 0 | DS: [140, 8] | RS: [10] | MEM: - | LATCH: AR | OUT: '' | load.addr 1
TICK: 000323 | PC: 00105 | STEP: 0 | IR: load 1 | A: 0 | AR: 1 | NZ: 00 | IE: 1 | PENDING: 0 | IN_INTR: 0 | DS: [140, 8, 8] | RS: [10] | MEM: read mem[1] | LATCH: DS.push,PC | OUT: '' | load.read
TICK: 000324 | PC: 00105 | STEP: 1 | IR: mul | A: 0 | AR: 1 | NZ: 00 | IE: 1 | PENDING: 0 | IN_INTR: 0 | DS: [140] | RS: [10] | MEM: - | LATCH: ALU.left,ALU.right | OUT: '' | mul.load_operands
TICK: 000325 | PC: 00106 | STEP: 0 | IR: mul | A: 0 | AR: 1 | NZ: 00 | IE: 1 | PENDING: 0 | IN_INTR: 0 | DS: [140, 64] | RS: [10] | MEM: - | LATCH: DS.push(ALU),PC | OUT: '' | mul.write_result
TICK: 000326 | PC: 00106 | STEP: 1 | IR: add | A: 0 | AR: 1 | NZ: 00 | IE: 1 | PENDING: 0 | IN_INTR: 0 | DS: [] | RS: [10] | MEM: - | LATCH: ALU.left,ALU.right | OUT: '' | add.load_operands
TICK: 000327 | PC: 00107 | STEP: 0 | IR: add | A: 0 | AR: 1 | NZ: 00 | IE: 1 | PENDING: 0 | IN_INTR: 0 | DS: [204] | RS: [10] | MEM: - | LATCH: DS.push(ALU),PC | OUT: '' | add.write_result
TICK: 000328 | PC: 00108 | STEP: 0 | IR: dup | A: 0 | AR: 1 | NZ: 00 | IE: 1 | PENDING: 0 | IN_INTR: 0 | DS: [204, 204] | RS: [10] | MEM: - | LATCH: DS.dup,PC | OUT: '' | dup
TICK: 000329 | PC: 00108 | STEP: 1 | IR: store 3 | A: 0 | AR: 3 | NZ: 00 | IE: 1 | PENDING: 0 | IN_INTR: 0 | DS: [204, 204] | RS: [10] | MEM: - | LATCH: AR | OUT: '' | store.addr 3
TICK: 000330 | PC: 00113 | STEP: 0 | IR: store 3 | A: 0 | AR: 3 | NZ: 00 | IE: 1 | PENDING: 0 | IN_INTR: 0 | DS: [204] | RS: [10] | MEM: write mem[3] <- 204 | LATCH: MEM,PC | OUT: '' | store.write
TICK: 000331 | PC: 00114 | STEP: 0 | IR: drop | A: 0 | AR: 3 | NZ: 00 | IE: 1 | PENDING: 0 | IN_INTR: 0 | DS: [] | RS: [10] | MEM: - | LATCH: PC | OUT: '' | drop
TICK: 000332 | PC: 00114 | STEP: 1 | IR: load 1 | A: 0 | AR: 1 | NZ: 00 | IE: 1 | PENDING: 0 | IN_INTR: 0 | DS: [] | RS: [10] | MEM: - | LATCH: AR | OUT: '' | load.addr 1
TICK: 000333 | PC: 00119 | STEP: 0 | IR: load 1 | A: 0 | AR: 1 | NZ: 00 | IE: 1 | PENDING: 0 | IN_INTR: 0 | DS: [8] | RS: [10] | MEM: read mem[1] | LATCH: DS.push,PC | OUT: '' | load.read
TICK: 000334 | PC: 00124 | STEP: 0 | IR: literal 1 | A: 0 | AR: 1 | NZ: 00 | IE: 1 | PENDING: 0 | IN_INTR: 0 | DS: [8, 1] | RS: [10] | MEM: - | LATCH: DS.push,PC | OUT: '' | literal 1
TICK: 000335 | PC: 00124 | STEP: 1 | IR: add | A: 0 | AR: 1 | NZ: 00 | IE: 1 | PENDING: 0 | IN_INTR: 0 | DS: [] | RS: [10] | MEM: - | LATCH: ALU.left,ALU.right | OUT: '' | add.load_operands
TICK: 000336 | PC: 00125 | STEP: 0 | IR: add | A: 0 | AR: 1 | NZ: 00 | IE: 1 | PENDING: 0 | IN_INTR: 0 | DS: [9] | RS: [10] | MEM: - | LATCH: DS.push(ALU),PC | OUT: '' | add.write_result
TICK: 000337 | PC: 00126 | STEP: 0 | IR: dup | A: 0 | AR: 1 | NZ: 00 | IE: 1 | PENDING: 0 | IN_INTR: 0 | DS: [9, 9] | RS: [10] | MEM: - | LATCH: DS.dup,PC | OUT: '' | dup
TICK: 000338 | PC: 00126 | STEP: 1 | IR: store 1 | A: 0 | AR: 1 | NZ: 00 | IE: 1 | PENDING: 0 | IN_INTR: 0 | DS: [9, 9] | RS: [10] | MEM: - | LATCH: AR | OUT: '' | store.addr 1
TICK: 000339 | PC: 00131 | STEP: 0 | IR: store 1 | A: 0 | AR: 1 | NZ: 00 | IE: 1 | PENDING: 0 | IN_INTR: 0 | DS: [9] | RS: [10] | MEM: write mem[1] <- 9 | LATCH: MEM,PC | OUT: '' | store.write
TICK: 000340 | PC: 00132 | STEP: 0 | IR: drop | A: 0 | AR: 1 | NZ: 00 | IE: 1 | PENDING: 0 | IN_INTR: 0 | DS: [] | RS: [10] | MEM: - | LATCH: PC | OUT: '' | drop
TICK: 000341 | PC: 00051 | STEP: 0 | IR: jmp 51 | A: 0 | AR: 1 | NZ: 00 | IE: 1 | PENDING: 0 | IN_INTR: 0 | DS: [] | RS: [10] | MEM: - | LATCH: PC | OUT: '' | jmp 51
TICK: 000342 | PC: 00056 | STEP: 0 | IR: literal 100 | A: 0 | AR: 1 | NZ: 00 | IE: 1 | PENDING: 0 | IN_INTR: 0 | DS: [100] | RS: [10] | MEM: - | LATCH: DS.push,PC | OUT: '' | literal 100
TICK: 000343 | PC: 00056 | STEP: 1 | IR: load 1 | A: 0 | AR: 1 | NZ: 00 | IE: 1 | PENDING: 0 | IN_INTR: 0 | DS: [100] | RS: [10] | MEM: - | LATCH: AR | OUT: '' | load.addr 1
TICK: 000344 | PC: 00061 | STEP: 0 | IR: load 1 | A: 0 | AR: 1 | NZ: 00 | IE: 1 | PENDING: 0 | IN_INTR: 0 | DS: [100, 9] | RS: [10] | MEM: read mem[1] | LATCH: DS.push,PC | OUT: '' | load.read
TICK: 000345 | PC: 00061 | STEP: 1 | IR: sub | A: 0 | AR: 1 | NZ: 00 | IE: 1 | PENDING: 0 | IN_INTR: 0 | DS: [] | RS: [10] | MEM: - | LATCH: ALU.left,ALU.right | OUT: '' | sub.load_operands
TICK: 000346 | PC: 00062 | STEP: 0 | IR: sub | A: 0 | AR: 1 | NZ: 00 | IE: 1 | PENDING: 0 | IN_INTR: 0 | DS: [91] | RS: [10] | MEM: - | LATCH: DS.push(ALU),PC | OUT: '' | sub.write_result
TICK: 000347 | PC: 00062 | STEP: 1 | IR: mif 72 | A: 0 | AR: 1 | NZ: 00 | IE: 1 | PENDING: 0 | IN_INTR: 0 | DS: [] | RS: [10] | MEM: - | LATCH: ALU.left | OUT: '' | mif.test
TICK: 000348 | PC: 00072 | STEP: 0 | IR: mif 72 | A: 0 | AR: 1 | NZ: 00 | IE: 1 | PENDING: 0 | IN_INTR: 0 | DS: [] | RS: [10] | MEM: - | LATCH: PC | OUT: '' | mif.branch
TICK: 000349 | PC: 00072 | STEP: 1 | IR: load 2 | A: 0 | AR: 2 | NZ: 00 | IE: 1 | PENDING: 0 | IN_INTR: 0 | DS: [] | RS: [10] | MEM: - | LATCH: AR | OUT: '' | load.addr 2
TICK: 000350 | PC: 00077 | STEP: 0 | IR: load 2 | A: 0 | AR: 2 | NZ: 00 | IE: 1 | PENDING: 0 | IN_INTR: 0 | DS: [36] | RS: [10] | MEM: read mem[2] | LATCH: DS.push,PC | OUT: '' | load.read
TICK: 000351 | PC: 00077 | STEP: 1 | IR: load 1 | A: 0 | AR: 1 | NZ: 00 | IE: 1 | PENDING: 0 | IN_INTR: 0 | DS: [36] | RS: [10] | MEM: - | LATCH: AR | OUT: '' | load.addr 1
TICK: 000352 | PC: 00082 | STEP: 0 | IR: load 1 | A: 0 | AR: 1 | NZ: 00 | IE: 1 | PENDING: 0 | IN_INTR: 0 | DS: [36, 9] | RS: [10] | MEM: read mem[1] | LATCH: DS.push,PC | OUT: '' | load.read
TICK: 000353 | PC: 00082 | STEP: 1 | IR: add | A: 0 | AR: 1 | NZ: 00 | IE: 1 | PENDING: 0 | IN_INTR: 0 | DS: [] | RS: [10] | MEM: - | LATCH: ALU.left,ALU.right | OUT: '' | add.load_operands
TICK: 000354 | PC: 00083 | STEP: 0 | IR: add | A: 0 | AR: 1 | NZ: 00 | IE: 1 | PENDING: 0 | IN_INTR: 0 | DS: [45] | RS: [10] | MEM: - | LATCH: DS.push(ALU),PC | OUT: '' | add.write_result
TICK: 000355 | PC: 00084 | STEP: 0 | IR: dup | A: 0 | AR: 1 | NZ: 00 | IE: 1 | PENDING: 0 | IN_INTR: 0 | DS: [45, 45] | RS: [10] | MEM: - | LATCH: DS.dup,PC | OUT: '' | dup
TICK: 000356 | PC: 00084 | STEP: 1 | IR: store 2 | A: 0 | AR: 2 | NZ: 00 | IE: 1 | PENDING: 0 | IN_INTR: 0 | DS: [45, 45] | RS: [10] | MEM: - | LATCH: AR | OUT: '' | store.addr 2
TICK: 000357 | PC: 00089 | STEP: 0 | IR: store 2 | A: 0 | AR: 2 | NZ: 00 | IE: 1 | PENDING: 0 | IN_INTR: 0 | DS: [45] | RS: [10] | MEM: write mem[2] <- 45 | LATCH: MEM,PC | OUT: '' | store.write
TICK: 000358 | PC: 00090 | STEP: 0 | IR: drop | A: 0 | AR: 2 | NZ: 00 | IE: 1 | PENDING: 0 | IN_INTR: 0 | DS: [] | RS: [10] | MEM: - | LATCH: PC | OUT: '' | drop
TICK: 000359 | PC: 00090 | STEP: 1 | IR: load 3 | A: 0 | AR: 3 | NZ: 00 | IE: 1 | PENDING: 0 | IN_INTR: 0 | DS: [] | RS: [10] | MEM: - | LATCH: AR | OUT: '' | load.addr 3
TICK: 000360 | PC: 00095 | STEP: 0 | IR: load 3 | A: 0 | AR: 3 | NZ: 00 | IE: 1 | PENDING: 0 | IN_INTR: 0 | DS: [204] | RS: [10] | MEM: read mem[3] | LATCH: DS.push,PC | OUT: '' | load.read
TICK: 000361 | PC: 00095 | STEP: 1 | IR: load 1 | A: 0 | AR: 1 | NZ: 00 | IE: 1 | PENDING: 0 | IN_INTR: 0 | DS: [204] | RS: [10] | MEM: - | LATCH: AR | OUT: '' | load.addr 1
TICK: 000362 | PC: 00100 | STEP: 0 | IR: load 1 | A: 0 | AR: 1 | NZ: 00 | IE: 1 | PENDING: 0 | IN_INTR: 0 | DS: [204, 9] | RS: [10] | MEM: read mem[1] | LATCH: DS.push,PC | OUT: '' | load.read
TICK: 000363 | PC: 00100 | STEP: 1 | IR: load 1 | A: 0 | AR: 1 | NZ: 00 | IE: 1 | PENDING: 0 | IN_INTR: 0 | DS: [204, 9] | RS: [10] | MEM: - | LATCH: AR | OUT: '' | load.addr 1
TICK: 000364 | PC: 00105 | STEP: 0 | IR: load 1 | A: 0 | AR: 1 | NZ: 00 | IE: 1 | PENDING: 0 | IN_INTR: 0 | DS: [204, 9, 9] | RS: [10] | MEM: read mem[1] | LATCH: DS.push,PC | OUT: '' | load.read
TICK: 000365 | PC: 00105 | STEP: 1 | IR: mul | A: 0 | AR: 1 | NZ: 00 | IE: 1 | PENDING: 0 | IN_INTR: 0 | DS: [204] | RS: [10] | MEM: - | LATCH: ALU.left,ALU.right | OUT: '' | mul.load_operands
TICK: 000366 | PC: 00106 | STEP: 0 | IR: mul | A: 0 | AR: 1 | NZ: 00 | IE: 1 | PENDING: 0 | IN_INTR: 0 | DS: [204, 81] | RS: [10] | MEM: - | LATCH: DS.push(ALU),PC | OUT: '' | mul.write_result
TICK: 000367 | PC: 00106 | STEP: 1 | IR: add | A: 0 | AR: 1 | NZ: 00 | IE: 1 | PENDING: 0 | IN_INTR: 0 | DS: [] | RS: [10] | MEM: - | LATCH: ALU.left,ALU.right | OUT: '' | add.load_operands
TICK: 000368 | PC: 00107 | STEP: 0 | IR: add | A: 0 | AR: 1 | NZ: 00 | IE: 1 | PENDING: 0 | IN_INTR: 0 | DS: [285] | RS: [10] | MEM: - | LATCH: DS.push(ALU),PC | OUT: '' | add.write_result
TICK: 000369 | PC: 00108 | STEP: 0 | IR: dup | A: 0 | AR: 1 | NZ: 00 | IE: 1 | PENDING: 0 | IN_INTR: 0 | DS: [285, 285] | RS: [10] | MEM: - | LATCH: DS.dup,PC | OUT: '' | dup
TICK: 000370 | PC: 00108 | STEP: 1 | IR: store 3 | A: 0 | AR: 3 | NZ: 00 | IE: 1 | PENDING: 0 | IN_INTR: 0 | DS: [285, 285] | RS: [10] | MEM: - | LATCH: AR | OUT: '' | store.addr 3
TICK: 000371 | PC: 00113 | STEP: 0 | IR: store 3 | A: 0 | AR: 3 | NZ: 00 | IE: 1 | PENDING: 0 | IN_INTR: 0 | DS: [285] | RS: [10] | MEM: write mem[3] <- 285 | LATCH: MEM,PC | OUT: '' | store.write
TICK: 000372 | PC: 00114 | STEP: 0 | IR: drop | A: 0 | AR: 3 | NZ: 00 | IE: 1 | PENDING: 0 | IN_INTR: 0 | DS: [] | RS: [10] | MEM: - | LATCH: PC | OUT: '' | drop
TICK: 000373 | PC: 00114 | STEP: 1 | IR: load 1 | A: 0 | AR: 1 | NZ: 00 | IE: 1 | PENDING: 0 | IN_INTR: 0 | DS: [] | RS: [10] | MEM: - | LATCH: AR | OUT: '' | load.addr 1
TICK: 000374 | PC: 00119 | STEP: 0 | IR: load 1 | A: 0 | AR: 1 | NZ: 00 | IE: 1 | PENDING: 0 | IN_INTR: 0 | DS: [9] | RS: [10] | MEM: read mem[1] | LATCH: DS.push,PC | OUT: '' | load.read
TICK: 000375 | PC: 00124 | STEP: 0 | IR: literal 1 | A: 0 | AR: 1 | NZ: 00 | IE: 1 | PENDING: 0 | IN_INTR: 0 | DS: [9, 1] | RS: [10] | MEM: - | LATCH: DS.push,PC | OUT: '' | literal 1
TICK: 000376 | PC: 00124 | STEP: 1 | IR: add | A: 0 | AR: 1 | NZ: 00 | IE: 1 | PENDING: 0 | IN_INTR: 0 | DS: [] | RS: [10] | MEM: - | LATCH: ALU.left,ALU.right | OUT: '' | add.load_operands
TICK: 000377 | PC: 00125 | STEP: 0 | IR: add | A: 0 | AR: 1 | NZ: 00 | IE: 1 | PENDING: 0 | IN_INTR: 0 | DS: [10] | RS: [10] | MEM: - | LATCH: DS.push(ALU),PC | OUT: '' | add.write_result
TICK: 000378 | PC: 00126 | STEP: 0 | IR: dup | A: 0 | AR: 1 | NZ: 00 | IE: 1 | PENDING: 0 | IN_INTR: 0 | DS: [10, 10] | RS: [10] | MEM: - | LATCH: DS.dup,PC | OUT: '' | dup
TICK: 000379 | PC: 00126 | STEP: 1 | IR: store 1 | A: 0 | AR: 1 | NZ: 00 | IE: 1 | PENDING: 0 | IN_INTR: 0 | DS: [10, 10] | RS: [10] | MEM: - | LATCH: AR | OUT: '' | store.addr 1
TICK: 000380 | PC: 00131 | STEP: 0 | IR: store 1 | A: 0 | AR: 1 | NZ: 00 | IE: 1 | PENDING: 0 | IN_INTR: 0 | DS: [10] | RS: [10] | MEM: write mem[1] <- 10 | LATCH: MEM,PC | OUT: '' | store.write
TICK: 000381 | PC: 00132 | STEP: 0 | IR: drop | A: 0 | AR: 1 | NZ: 00 | IE: 1 | PENDING: 0 | IN_INTR: 0 | DS: [] | RS: [10] | MEM: - | LATCH: PC | OUT: '' | drop
TICK: 000382 | PC: 00051 | STEP: 0 | IR: jmp 51 | A: 0 | AR: 1 | NZ: 00 | IE: 1 | PENDING: 0 | IN_INTR: 0 | DS: [] | RS: [10] | MEM: - | LATCH: PC | OUT: '' | jmp 51
TICK: 000383 | PC: 00056 | STEP: 0 | IR: literal 100 | A: 0 | AR: 1 | NZ: 00 | IE: 1 | PENDING: 0 | IN_INTR: 0 | DS: [100] | RS: [10] | MEM: - | LATCH: DS.push,PC | OUT: '' | literal 100
TICK: 000384 | PC: 00056 | STEP: 1 | IR: load 1 | A: 0 | AR: 1 | NZ: 00 | IE: 1 | PENDING: 0 | IN_INTR: 0 | DS: [100] | RS: [10] | MEM: - | LATCH: AR | OUT: '' | load.addr 1
TICK: 000385 | PC: 00061 | STEP: 0 | IR: load 1 | A: 0 | AR: 1 | NZ: 00 | IE: 1 | PENDING: 0 | IN_INTR: 0 | DS: [100, 10] | RS: [10] | MEM: read mem[1] | LATCH: DS.push,PC | OUT: '' | load.read
TICK: 000386 | PC: 00061 | STEP: 1 | IR: sub | A: 0 | AR: 1 | NZ: 00 | IE: 1 | PENDING: 0 | IN_INTR: 0 | DS: [] | RS: [10] | MEM: - | LATCH: ALU.left,ALU.right | OUT: '' | sub.load_operands
TICK: 000387 | PC: 00062 | STEP: 0 | IR: sub | A: 0 | AR: 1 | NZ: 00 | IE: 1 | PENDING: 0 | IN_INTR: 0 | DS: [90] | RS: [10] | MEM: - | LATCH: DS.push(ALU),PC | OUT: '' | sub.write_result
TICK: 000388 | PC: 00062 | STEP: 1 | IR: mif 72 | A: 0 | AR: 1 | NZ: 00 | IE: 1 | PENDING: 0 | IN_INTR: 0 | DS: [] | RS: [10] | MEM: - | LATCH: ALU.left | OUT: '' | mif.test
TICK: 000389 | PC: 00072 | STEP: 0 | IR: mif 72 | A: 0 | AR: 1 | NZ: 00 | IE: 1 | PENDING: 0 | IN_INTR: 0 | DS: [] | RS: [10] | MEM: - | LATCH: PC | OUT: '' | mif.branch
TICK: 000390 | PC: 00072 | STEP: 1 | IR: load 2 | A: 0 | AR: 2 | NZ: 00 | IE: 1 | PENDING: 0 | IN_INTR: 0 | DS: [] | RS: [10] | MEM: - | LATCH: AR | OUT: '' | load.addr 2
TICK: 000391 | PC: 00077 | STEP: 0 | IR: load 2 | A: 0 | AR: 2 | NZ: 00 | IE: 1 | PENDING: 0 | IN_INTR: 0 | DS: [45] | RS: [10] | MEM: read mem[2] | LATCH: DS.push,PC | OUT: '' | load.read
TICK: 000392 | PC: 00077 | STEP: 1 | IR: load 1 | A: 0 | AR: 1 | NZ: 00 | IE: 1 | PENDING: 0 | IN_INTR: 0 | DS: [45] | RS: [10] | MEM: - | LATCH: AR | OUT: '' | load.addr 1
TICK: 000393 | PC: 00082 | STEP: 0 | IR: load 1 | A: 0 | AR: 1 | NZ: 00 | IE: 1 | PENDING: 0 | IN_INTR: 0 | DS: [45, 10] | RS: [10] | MEM: read mem[1] | LATCH: DS.push,PC | OUT: '' | load.read
TICK: 000394 | PC: 00082 | STEP: 1 | IR: add | A: 0 | AR: 1 | NZ: 00 | IE: 1 | PENDING: 0 | IN_INTR: 0 | DS: [] | RS: [10] | MEM: - | LATCH: ALU.left,ALU.right | OUT: '' | add.load_operands
TICK: 000395 | PC: 00083 | STEP: 0 | IR: add | A: 0 | AR: 1 | NZ: 00 | IE: 1 | PENDING: 0 | IN_INTR: 0 | DS: [55] | RS: [10] | MEM: - | LATCH: DS.push(ALU),PC | OUT: '' | add.write_result
TICK: 000396 | PC: 00084 | STEP: 0 | IR: dup | A: 0 | AR: 1 | NZ: 00 | IE: 1 | PENDING: 0 | IN_INTR: 0 | DS: [55, 55] | RS: [10] | MEM: - | LATCH: DS.dup,PC | OUT: '' | dup
TICK: 000397 | PC: 00084 | STEP: 1 | IR: store 2 | A: 0 | AR: 2 | NZ: 00 | IE: 1 | PENDING: 0 | IN_INTR: 0 | DS: [55, 55] | RS: [10] | MEM: - | LATCH: AR | OUT: '' | store.addr 2
TICK: 000398 | PC: 00089 | STEP: 0 | IR: store 2 | A: 0 | AR: 2 | NZ: 00 | IE: 1 | PENDING: 0 | IN_INTR: 0 | DS: [55] | RS: [10] | MEM: write mem[2] <- 55 | LATCH: MEM,PC | OUT: '' | store.write
TICK: 000399 | PC: 00090 | STEP: 0 | IR: drop | A: 0 | AR: 2 | NZ: 00 | IE: 1 | PENDING: 0 | IN_INTR: 0 | DS: [] | RS: [10] | MEM: - | LATCH: PC | OUT: '' | drop
TICK: 000400 | PC: 00090 | STEP: 1 | IR: load 3 | A: 0 | AR: 3 | NZ: 00 | IE: 1 | PENDING: 0 | IN_INTR: 0 | DS: [] | RS: [10] | MEM: - | LATCH: AR | OUT: '' | load.addr 3
TICK: 000401 | PC: 00095 | STEP: 0 | IR: load 3 | A: 0 | AR: 3 | NZ: 00 | IE: 1 | PENDING: 0 | IN_INTR: 0 | DS: [285] | RS: [10] | MEM: read mem[3] | LATCH: DS.push,PC | OUT: '' | load.read
TICK: 000402 | PC: 00095 | STEP: 1 | IR: load 1 | A: 0 | AR: 1 | NZ: 00 | IE: 1 | PENDING: 0 | IN_INTR: 0 | DS: [285] | RS: [10] | MEM: - | LATCH: AR | OUT: '' | load.addr 1
TICK: 000403 | PC: 00100 | STEP: 0 | IR: load 1 | A: 0 | AR: 1 | NZ: 00 | IE: 1 | PENDING: 0 | IN_INTR: 0 | DS: [285, 10] | RS: [10] | MEM: read mem[1] | LATCH: DS.push,PC | OUT: '' | load.read
TICK: 000404 | PC: 00100 | STEP: 1 | IR: load 1 | A: 0 | AR: 1 | NZ: 00 | IE: 1 | PENDING: 0 | IN_INTR: 0 | DS: [285, 10] | RS: [10] | MEM: - | LATCH: AR | OUT: '' | load.addr 1
TICK: 000405 | PC: 00105 | STEP: 0 | IR: load 1 | A: 0 | AR: 1 | NZ: 00 | IE: 1 | PENDING: 0 | IN_INTR: 0 | DS: [285, 10, 10] | RS: [10] | MEM: read mem[1] | LATCH: DS.push,PC | OUT: '' | load.read
TICK: 000406 | PC: 00105 | STEP: 1 | IR: mul | A: 0 | AR: 1 | NZ: 00 | IE: 1 | PENDING: 0 | IN_INTR: 0 | DS: [285] | RS: [10] | MEM: - | LATCH: ALU.left,ALU.right | OUT: '' | mul.load_operands
TICK: 000407 | PC: 00106 | STEP: 0 | IR: mul | A: 0 | AR: 1 | NZ: 00 | IE: 1 | PENDING: 0 | IN_INTR: 0 | DS: [285, 100] | RS: [10] | MEM: - | LATCH: DS.push(ALU),PC | OUT: '' | mul.write_result
TICK: 000408 | PC: 00106 | STEP: 1 | IR: add | A: 0 | AR: 1 | NZ: 00 | IE: 1 | PENDING: 0 | IN_INTR: 0 | DS: [] | RS: [10] | MEM: - | LATCH: ALU.left,ALU.right | OUT: '' | add.load_operands
TICK: 000409 | PC: 00107 | STEP: 0 | IR: add | A: 0 | AR: 1 | NZ: 00 | IE: 1 | PENDING: 0 | IN_INTR: 0 | DS: [385] | RS: [10] | MEM: - | LATCH: DS.push(ALU),PC | OUT: '' | add.write_result
TICK: 000410 | PC: 00108 | STEP: 0 | IR: dup | A: 0 | AR: 1 | NZ: 00 | IE: 1 | PENDING: 0 | IN_INTR: 0 | DS: [385, 385] | RS: [10] | MEM: - | LATCH: DS.dup,PC | OUT: '' | dup
TICK: 000411 | PC: 00108 | STEP: 1 | IR: store 3 | A: 0 | AR: 3 | NZ: 00 | IE: 1 | PENDING: 0 | IN_INTR: 0 | DS: [385, 385] | RS: [10] | MEM: - | LATCH: AR | OUT: '' | store.addr 3
TICK: 000412 | PC: 00113 | STEP: 0 | IR: store 3 | A: 0 | AR: 3 | NZ: 00 | IE: 1 | PENDING: 0 | IN_INTR: 0 | DS: [385] | RS: [10] | MEM: write mem[3] <- 385 | LATCH: MEM,PC | OUT: '' | store.write
TICK: 000413 | PC: 00114 | STEP: 0 | IR: drop | A: 0 | AR: 3 | NZ: 00 | IE: 1 | PENDING: 0 | IN_INTR: 0 | DS: [] | RS: [10] | MEM: - | LATCH: PC | OUT: '' | drop
TICK: 000414 | PC: 00114 | STEP: 1 | IR: load 1 | A: 0 | AR: 1 | NZ: 00 | IE: 1 | PENDING: 0 | IN_INTR: 0 | DS: [] | RS: [10] | MEM: - | LATCH: AR | OUT: '' | load.addr 1
TICK: 000415 | PC: 00119 | STEP: 0 | IR: load 1 | A: 0 | AR: 1 | NZ: 00 | IE: 1 | PENDING: 0 | IN_INTR: 0 | DS: [10] | RS: [10] | MEM: read mem[1] | LATCH: DS.push,PC | OUT: '' | load.read
TICK: 000416 | PC: 00124 | STEP: 0 | IR: literal 1 | A: 0 | AR: 1 | NZ: 00 | IE: 1 | PENDING: 0 | IN_INTR: 0 | DS: [10, 1] | RS: [10] | MEM: - | LATCH: DS.push,PC | OUT: '' | literal 1
TICK: 000417 | PC: 00124 | STEP: 1 | IR: add | A: 0 | AR: 1 | NZ: 00 | IE: 1 | PENDING: 0 | IN_INTR: 0 | DS: [] | RS: [10] | MEM: - | LATCH: ALU.left,ALU.right | OUT: '' | add.load_operands
TICK: 000418 | PC: 00125 | STEP: 0 | IR: add | A: 0 | AR: 1 | NZ: 00 | IE: 1 | PENDING: 0 | IN_INTR: 0 | DS: [11] | RS: [10] | MEM: - | LATCH: DS.push(ALU),PC | OUT: '' | add.write_result
TICK: 000419 | PC: 00126 | STEP: 0 | IR: dup | A: 0 | AR: 1 | NZ: 00 | IE: 1 | PENDING: 0 | IN_INTR: 0 | DS: [11, 11] | RS: [10] | MEM: - | LATCH: DS.dup,PC | OUT: '' | dup
TICK: 000420 | PC: 00126 | STEP: 1 | IR: store 1 | A: 0 | AR: 1 | NZ: 00 | IE: 1 | PENDING: 0 | IN_INTR: 0 | DS: [11, 11] | RS: [10] | MEM: - | LATCH: AR | OUT: '' | store.addr 1
TICK: 000421 | PC: 00131 | STEP: 0 | IR: store 1 | A: 0 | AR: 1 | NZ: 00 | IE: 1 | PENDING: 0 | IN_INTR: 0 | DS: [11] | RS: [10] | MEM: write mem[1] <- 11 | LATCH: MEM,PC | OUT: '' | store.write
TICK: 000422 | PC: 00132 | STEP: 0 | IR: drop | A: 0 | AR: 1 | NZ: 00 | IE: 1 | PENDING: 0 | IN_INTR: 0 | DS: [] | RS: [10] | MEM: - | LATCH: PC | OUT: '' | drop
TICK: 000423 | PC: 00051 | STEP: 0 | IR: jmp 51 | A: 0 | AR: 1 | NZ: 00 | IE: 1 | PENDING: 0 | IN_INTR: 0 | DS: [] | RS: [10] | MEM: - | LATCH: PC | OUT: '' | jmp 51
TICK: 000424 | PC: 00056 | STEP: 0 | IR: literal 100 | A: 0 | AR: 1 | NZ: 00 | IE: 1 | PENDING: 0 | IN_INTR: 0 | DS: [100] | RS: [10] | MEM: - | LATCH: DS.push,PC | OUT: '' | literal 100
TICK: 000425 | PC: 00056 | STEP: 1 | IR: load 1 | A: 0 | AR: 1 | NZ: 00 | IE: 1 | PENDING: 0 | IN_INTR: 0 | DS: [100] | RS: [10] | MEM: - | LATCH: AR | OUT: '' | load.addr 1
TICK: 000426 | PC: 00061 | STEP: 0 | IR: load 1 | A: 0 | AR: 1 | NZ: 00 | IE: 1 | PENDING: 0 | IN_INTR: 0 | DS: [100, 11] | RS: [10] | MEM: read mem[1] | LATCH: DS.push,PC | OUT: '' | load.read
TICK: 000427 | PC: 00061 | STEP: 1 | IR: sub | A: 0 | AR: 1 | NZ: 00 | IE: 1 | PENDING: 0 | IN_INTR: 0 | DS: [] | RS: [10] | MEM: - | LATCH: ALU.left,ALU.right | OUT: '' | sub.load_operands
TICK: 000428 | PC: 00062 | STEP: 0 | IR: sub | A: 0 | AR: 1 | NZ: 00 | IE: 1 | PENDING: 0 | IN_INTR: 0 | DS: [89] | RS: [10] | MEM: - | LATCH: DS.push(ALU),PC | OUT: '' | sub.write_result
TICK: 000429 | PC: 00062 | STEP: 1 | IR: mif 72 | A: 0 | AR: 1 | NZ: 00 | IE: 1 | PENDING: 0 | IN_INTR: 0 | DS: [] | RS: [10] | MEM: - | LATCH: ALU.left | OUT: '' | mif.test
TICK: 000430 | PC: 00072 | STEP: 0 | IR: mif 72 | A: 0 | AR: 1 | NZ: 00 | IE: 1 | PENDING: 0 | IN_INTR: 0 | DS: [] | RS: [10] | MEM: - | LATCH: PC | OUT: '' | mif.branch
TICK: 000431 | PC: 00072 | STEP: 1 | IR: load 2 | A: 0 | AR: 2 | NZ: 00 | IE: 1 | PENDING: 0 | IN_INTR: 0 | DS: [] | RS: [10] | MEM: - | LATCH: AR | OUT: '' | load.addr 2
TICK: 000432 | PC: 00077 | STEP: 0 | IR: load 2 | A: 0 | AR: 2 | NZ: 00 | IE: 1 | PENDING: 0 | IN_INTR: 0 | DS: [55] | RS: [10] | MEM: read mem[2] | LATCH: DS.push,PC | OUT: '' | load.read
TICK: 000433 | PC: 00077 | STEP: 1 | IR: load 1 | A: 0 | AR: 1 | NZ: 00 | IE: 1 | PENDING: 0 | IN_INTR: 0 | DS: [55] | RS: [10] | MEM: - | LATCH: AR | OUT: '' | load.addr 1
TICK: 000434 | PC: 00082 | STEP: 0 | IR: load 1 | A: 0 | AR: 1 | NZ: 00 | IE: 1 | PENDING: 0 | IN_INTR: 0 | DS: [55, 11] | RS: [10] | MEM: read mem[1] | LATCH: DS.push,PC | OUT: '' | load.read
TICK: 000435 | PC: 00082 | STEP: 1 | IR: add | A: 0 | AR: 1 | NZ: 00 | IE: 1 | PENDING: 0 | IN_INTR: 0 | DS: [] | RS: [10] | MEM: - | LATCH: ALU.left,ALU.right | OUT: '' | add.load_operands
TICK: 000436 | PC: 00083 | STEP: 0 | IR: add | A: 0 | AR: 1 | NZ: 00 | IE: 1 | PENDING: 0 | IN_INTR: 0 | DS: [66] | RS: [10] | MEM: - | LATCH: DS.push(ALU),PC | OUT: '' | add.write_result
TICK: 000437 | PC: 00084 | STEP: 0 | IR: dup | A: 0 | AR: 1 | NZ: 00 | IE: 1 | PENDING: 0 | IN_INTR: 0 | DS: [66, 66] | RS: [10] | MEM: - | LATCH: DS.dup,PC | OUT: '' | dup
TICK: 000438 | PC: 00084 | STEP: 1 | IR: store 2 | A: 0 | AR: 2 | NZ: 00 | IE: 1 | PENDING: 0 | IN_INTR: 0 | DS: [66, 66] | RS: [10] | MEM: - | LATCH: AR | OUT: '' | store.addr 2
TICK: 000439 | PC: 00089 | STEP: 0 | IR: store 2 | A: 0 | AR: 2 | NZ: 00 | IE: 1 | PENDING: 0 | IN_INTR: 0 | DS: [66] | RS: [10] | MEM: write mem[2] <- 66 | LATCH: MEM,PC | OUT: '' | store.write
TICK: 000440 | PC: 00090 | STEP: 0 | IR: drop | A: 0 | AR: 2 | NZ: 00 | IE: 1 | PENDING: 0 | IN_INTR: 0 | DS: [] | RS: [10] | MEM: - | LATCH: PC | OUT: '' | drop
TICK: 000441 | PC: 00090 | STEP: 1 | IR: load 3 | A: 0 | AR: 3 | NZ: 00 | IE: 1 | PENDING: 0 | IN_INTR: 0 | DS: [] | RS: [10] | MEM: - | LATCH: AR | OUT: '' | load.addr 3
TICK: 000442 | PC: 00095 | STEP: 0 | IR: load 3 | A: 0 | AR: 3 | NZ: 00 | IE: 1 | PENDING: 0 | IN_INTR: 0 | DS: [385] | RS: [10] | MEM: read mem[3] | LATCH: DS.push,PC | OUT: '' | load.read
TICK: 000443 | PC: 00095 | STEP: 1 | IR: load 1 | A: 0 | AR: 1 | NZ: 00 | IE: 1 | PENDING: 0 | IN_INTR: 0 | DS: [385] | RS: [10] | MEM: - | LATCH: AR | OUT: '' | load.addr 1
TICK: 000444 | PC: 00100 | STEP: 0 | IR: load 1 | A: 0 | AR: 1 | NZ: 00 | IE: 1 | PENDING: 0 | IN_INTR: 0 | DS: [385, 11] | RS: [10] | MEM: read mem[1] | LATCH: DS.push,PC | OUT: '' | load.read
TICK: 000445 | PC: 00100 | STEP: 1 | IR: load 1 | A: 0 | AR: 1 | NZ: 00 | IE: 1 | PENDING: 0 | IN_INTR: 0 | DS: [385, 11] | RS: [10] | MEM: - | LATCH: AR | OUT: '' | load.addr 1
TICK: 000446 | PC: 00105 | STEP: 0 | IR: load 1 | A: 0 | AR: 1 | NZ: 00 | IE: 1 | PENDING: 0 | IN_INTR: 0 | DS: [385, 11, 11] | RS: [10] | MEM: read mem[1] | LATCH: DS.push,PC | OUT: '' | load.read
TICK: 000447 | PC: 00105 | STEP: 1 | IR: mul | A: 0 | AR: 1 | NZ: 00 | IE: 1 | PENDING: 0 | IN_INTR: 0 | DS: [385] | RS: [10] | MEM: - | LATCH: ALU.left,ALU.right | OUT: '' | mul.load_operands
TICK: 000448 | PC: 00106 | STEP: 0 | IR: mul | A: 0 | AR: 1 | NZ: 00 | IE: 1 | PENDING: 0 | IN_INTR: 0 | DS: [385, 121] | RS: [10] | MEM: - | LATCH: DS.push(ALU),PC | OUT: '' | mul.write_result
TICK: 000449 | PC: 00106 | STEP: 1 | IR: add | A: 0 | AR: 1 | NZ: 00 | IE: 1 | PENDING: 0 | IN_INTR: 0 | DS: [] | RS: [10] | MEM: - | LATCH: ALU.left,ALU.right | OUT: '' | add.load_operands
TICK: 000450 | PC: 00107 | STEP: 0 | IR: add | A: 0 | AR: 1 | NZ: 00 | IE: 1 | PENDING: 0 | IN_INTR: 0 | DS: [506] | RS: [10] | MEM: - | LATCH: DS.push(ALU),PC | OUT: '' | add.write_result
TICK: 000451 | PC: 00108 | STEP: 0 | IR: dup | A: 0 | AR: 1 | NZ: 00 | IE: 1 | PENDING: 0 | IN_INTR: 0 | DS: [506, 506] | RS: [10] | MEM: - | LATCH: DS.dup,PC | OUT: '' | dup
TICK: 000452 | PC: 00108 | STEP: 1 | IR: store 3 | A: 0 | AR: 3 | NZ: 00 | IE: 1 | PENDING: 0 | IN_INTR: 0 | DS: [506, 506] | RS: [10] | MEM: - | LATCH: AR | OUT: '' | store.addr 3
TICK: 000453 | PC: 00113 | STEP: 0 | IR: store 3 | A: 0 | AR: 3 | NZ: 00 | IE: 1 | PENDING: 0 | IN_INTR: 0 | DS: [506] | RS: [10] | MEM: write mem[3] <- 506 | LATCH: MEM,PC | OUT: '' | store.write
TICK: 000454 | PC: 00114 | STEP: 0 | IR: drop | A: 0 | AR: 3 | NZ: 00 | IE: 1 | PENDING: 0 | IN_INTR: 0 | DS: [] | RS: [10] | MEM: - | LATCH: PC | OUT: '' | drop
TICK: 000455 | PC: 00114 | STEP: 1 | IR: load 1 | A: 0 | AR: 1 | NZ: 00 | IE: 1 | PENDING: 0 | IN_INTR: 0 | DS: [] | RS: [10] | MEM: - | LATCH: AR | OUT: '' | load.addr 1
TICK: 000456 | PC: 00119 | STEP: 0 | IR: load 1 | A: 0 | AR: 1 | NZ: 00 | IE: 1 | PENDING: 0 | IN_INTR: 0 | DS: [11] | RS: [10] | MEM: read mem[1] | LATCH: DS.push,PC | OUT: '' | load.read
TICK: 000457 | PC: 00124 | STEP: 0 | IR: literal 1 | A: 0 | AR: 1 | NZ: 00 | IE: 1 | PENDING: 0 | IN_INTR: 0 | DS: [11, 1] | RS: [10] | MEM: - | LATCH: DS.push,PC | OUT: '' | literal 1
TICK: 000458 | PC: 00124 | STEP: 1 | IR: add | A: 0 | AR: 1 | NZ: 00 | IE: 1 | PENDING: 0 | IN_INTR: 0 | DS: [] | RS: [10] | MEM: - | LATCH: ALU.left,ALU.right | OUT: '' | add.load_operands
TICK: 000459 | PC: 00125 | STEP: 0 | IR: add | A: 0 | AR: 1 | NZ: 00 | IE: 1 | PENDING: 0 | IN_INTR: 0 | DS: [12] | RS: [10] | MEM: - | LATCH: DS.push(ALU),PC | OUT: '' | add.write_result
TICK: 000460 | PC: 00126 | STEP: 0 | IR: dup | A: 0 | AR: 1 | NZ: 00 | IE: 1 | PENDING: 0 | IN_INTR: 0 | DS: [12, 12] | RS: [10] | MEM: - | LATCH: DS.dup,PC | OUT: '' | dup
TICK: 000461 | PC: 00126 | STEP: 1 | IR: store 1 | A: 0 | AR: 1 | NZ: 00 | IE: 1 | PENDING: 0 | IN_INTR: 0 | DS: [12, 12] | RS: [10] | MEM: - | LATCH: AR | OUT: '' | store.addr 1
TICK: 000462 | PC: 00131 | STEP: 0 | IR: store 1 | A: 0 | AR: 1 | NZ: 00 | IE: 1 | PENDING: 0 | IN_INTR: 0 | DS: [12] | RS: [10] | MEM: write mem[1] <- 12 | LATCH: MEM,PC | OUT: '' | store.write
TICK: 000463 | PC: 00132 | STEP: 0 | IR: drop | A: 0 | AR: 1 | NZ: 00 | IE: 1 | PENDING: 0 | IN_INTR: 0 | DS: [] | RS: [10] | MEM: - | LATCH: PC | OUT: '' | drop
TICK: 000464 | PC: 00051 | STEP: 0 | IR: jmp 51 | A: 0 | AR: 1 | NZ: 00 | IE: 1 | PENDING: 0 | IN_INTR: 0 | DS: [] | RS: [10] | MEM: - | LATCH: PC | OUT: '' | jmp 51
TICK: 000465 | PC: 00056 | STEP: 0 | IR: literal 100 | A: 0 | AR: 1 | NZ: 00 | IE: 1 | PENDING: 0 | IN_INTR: 0 | DS: [100] | RS: [10] | MEM: - | LATCH: DS.push,PC | OUT: '' | literal 100
TICK: 000466 | PC: 00056 | STEP: 1 | IR: load 1 | A: 0 | AR: 1 | NZ: 00 | IE: 1 | PENDING: 0 | IN_INTR: 0 | DS: [100] | RS: [10] | MEM: - | LATCH: AR | OUT: '' | load.addr 1
TICK: 000467 | PC: 00061 | STEP: 0 | IR: load 1 | A: 0 | AR: 1 | NZ: 00 | IE: 1 | PENDING: 0 | IN_INTR: 0 | DS: [100, 12] | RS: [10] | MEM: read mem[1] | LATCH: DS.push,PC | OUT: '' | load.read
TICK: 000468 | PC: 00061 | STEP: 1 | IR: sub | A: 0 | AR: 1 | NZ: 00 | IE: 1 | PENDING: 0 | IN_INTR: 0 | DS: [] | RS: [10] | MEM: - | LATCH: ALU.left,ALU.right | OUT: '' | sub.load_operands
TICK: 000469 | PC: 00062 | STEP: 0 | IR: sub | A: 0 | AR: 1 | NZ: 00 | IE: 1 | PENDING: 0 | IN_INTR: 0 | DS: [88] | RS: [10] | MEM: - | LATCH: DS.push(ALU),PC | OUT: '' | sub.write_result
TICK: 000470 | PC: 00062 | STEP: 1 | IR: mif 72 | A: 0 | AR: 1 | NZ: 00 | IE: 1 | PENDING: 0 | IN_INTR: 0 | DS: [] | RS: [10] | MEM: - | LATCH: ALU.left | OUT: '' | mif.test
TICK: 000471 | PC: 00072 | STEP: 0 | IR: mif 72 | A: 0 | AR: 1 | NZ: 00 | IE: 1 | PENDING: 0 | IN_INTR: 0 | DS: [] | RS: [10] | MEM: - | LATCH: PC | OUT: '' | mif.branch
TICK: 000472 | PC: 00072 | STEP: 1 | IR: load 2 | A: 0 | AR: 2 | NZ: 00 | IE: 1 | PENDING: 0 | IN_INTR: 0 | DS: [] | RS: [10] | MEM: - | LATCH: AR | OUT: '' | load.addr 2
TICK: 000473 | PC: 00077 | STEP: 0 | IR: load 2 | A: 0 | AR: 2 | NZ: 00 | IE: 1 | PENDING: 0 | IN_INTR: 0 | DS: [66] | RS: [10] | MEM: read mem[2] | LATCH: DS.push,PC | OUT: '' | load.read
TICK: 000474 | PC: 00077 | STEP: 1 | IR: load 1 | A: 0 | AR: 1 | NZ: 00 | IE: 1 | PENDING: 0 | IN_INTR: 0 | DS: [66] | RS: [10] | MEM: - | LATCH: AR | OUT: '' | load.addr 1
TICK: 000475 | PC: 00082 | STEP: 0 | IR: load 1 | A: 0 | AR: 1 | NZ: 00 | IE: 1 | PENDING: 0 | IN_INTR: 0 | DS: [66, 12] | RS: [10] | MEM: read mem[1] | LATCH: DS.push,PC | OUT: '' | load.read
TICK: 000476 | PC: 00082 | STEP: 1 | IR: add | A: 0 | AR: 1 | NZ: 00 | IE: 1 | PENDING: 0 | IN_INTR: 0 | DS: [] | RS: [10] | MEM: - | LATCH: ALU.left,ALU.right | OUT: '' | add.load_operands
TICK: 000477 | PC: 00083 | STEP: 0 | IR: add | A: 0 | AR: 1 | NZ: 00 | IE: 1 | PENDING: 0 | IN_INTR: 0 | DS: [78] | RS: [10] | MEM: - | LATCH: DS.push(ALU),PC | OUT: '' | add.write_result
TICK: 000478 | PC: 00084 | STEP: 0 | IR: dup | A: 0 | AR: 1 | NZ: 00 | IE: 1 | PENDING: 0 | IN_INTR: 0 | DS: [78, 78] | RS: [10] | MEM: - | LATCH: DS.dup,PC | OUT: '' | dup
TICK: 000479 | PC: 00084 | STEP: 1 | IR: store 2 | A: 0 | AR: 2 | NZ: 00 | IE: 1 | PENDING: 0 | IN_INTR: 0 | DS: [78, 78] | RS: [10] | MEM: - | LATCH: AR | OUT: '' | store.addr 2
TICK: 000480 | PC: 00089 | STEP: 0 | IR: store 2 | A: 0 | AR: 2 | NZ: 00 | IE: 1 | PENDING: 0 | IN_INTR: 0 | DS: [78] | RS: [10] | MEM: write mem[2] <- 78 | LATCH: MEM,PC | OUT: '' | store.write
TICK: 000481 | PC: 00090 | STEP: 0 | IR: drop | A: 0 | AR: 2 | NZ: 00 | IE: 1 | PENDING: 0 | IN_INTR: 0 | DS: [] | RS: [10] | MEM: - | LATCH: PC | OUT: '' | drop
TICK: 000482 | PC: 00090 | STEP: 1 | IR: load 3 | A: 0 | AR: 3 | NZ: 00 | IE: 1 | PENDING: 0 | IN_INTR: 0 | DS: [] | RS: [10] | MEM: - | LATCH: AR | OUT: '' | load.addr 3
TICK: 000483 | PC: 00095 | STEP: 0 | IR: load 3 | A: 0 | AR: 3 | NZ: 00 | IE: 1 | PENDING: 0 | IN_INTR: 0 | DS: [506] | RS: [10] | MEM: read mem[3] | LATCH: DS.push,PC | OUT: '' | load.read
TICK: 000484 | PC: 00095 | STEP: 1 | IR: load 1 | A: 0 | AR: 1 | NZ: 00 | IE: 1 | PENDING: 0 | IN_INTR: 0 | DS: [506] | RS: [10] | MEM: - | LATCH: AR | OUT: '' | load.addr 1
TICK: 000485 | PC: 00100 | STEP: 0 | IR: load 1 | A: 0 | AR: 1 | NZ: 00 | IE: 1 | PENDING: 0 | IN_INTR: 0 | DS: [506, 12] | RS: [10] | MEM: read mem[1] | LATCH: DS.push,PC | OUT: '' | load.read
TICK: 000486 | PC: 00100 | STEP: 1 | IR: load 1 | A: 0 | AR: 1 | NZ: 00 | IE: 1 | PENDING: 0 | IN_INTR: 0 | DS: [506, 12] | RS: [10] | MEM: - | LATCH: AR | OUT: '' | load.addr 1
TICK: 000487 | PC: 00105 | STEP: 0 | IR: load 1 | A: 0 | AR: 1 | NZ: 00 | IE: 1 | PENDING: 0 | IN_INTR: 0 | DS: [506, 12, 12] | RS: [10] | MEM: read mem[1] | LATCH: DS.push,PC | OUT: '' | load.read
TICK: 000488 | PC: 00105 | STEP: 1 | IR: mul | A: 0 | AR: 1 | NZ: 00 | IE: 1 | PENDING: 0 | IN_INTR: 0 | DS: [506] | RS: [10] | MEM: - | LATCH: ALU.left,ALU.right | OUT: '' | mul.load_operands
TICK: 000489 | PC: 00106 | STEP: 0 | IR: mul | A: 0 | AR: 1 | NZ: 00 | IE: 1 | PENDING: 0 | IN_INTR: 0 | DS: [506, 144] | RS: [10] | MEM: - | LATCH: DS.push(ALU),PC | OUT: '' | mul.write_result
TICK: 000490 | PC: 00106 | STEP: 1 | IR: add | A: 0 | AR: 1 | NZ: 00 | IE: 1 | PENDING: 0 | IN_INTR: 0 | DS: [] | RS: [10] | MEM: - | LATCH: ALU.left,ALU.right | OUT: '' | add.load_operands
TICK: 000491 | PC: 00107 | STEP: 0 | IR: add | A: 0 | AR: 1 | NZ: 00 | IE: 1 | PENDING: 0 | IN_INTR: 0 | DS: [650] | RS: [10] | MEM: - | LATCH: DS.push(ALU),PC | OUT: '' | add.write_result
TICK: 000492 | PC: 00108 | STEP: 0 | IR: dup | A: 0 | AR: 1 | NZ: 00 | IE: 1 | PENDING: 0 | IN_INTR: 0 | DS: [650, 650] | RS: [10] | MEM: - | LATCH: DS.dup,PC | OUT: '' | dup
TICK: 000493 | PC: 00108 | STEP: 1 | IR: store 3 | A: 0 | AR: 3 | NZ: 00 | IE: 1 | PENDING: 0 | IN_INTR: 0 | DS: [650, 650] | RS: [10] | MEM: - | LATCH: AR | OUT: '' | store.addr 3
TICK: 000494 | PC: 00113 | STEP: 0 | IR: store 3 | A: 0 | AR: 3 | NZ: 00 | IE: 1 | PENDING: 0 | IN_INTR: 0 | DS: [650] | RS: [10] | MEM: write mem[3] <- 650 | LATCH: MEM,PC | OUT: '' | store.write
TICK: 000495 | PC: 00114 | STEP: 0 | IR: drop | A: 0 | AR: 3 | NZ: 00 | IE: 1 | PENDING: 0 | IN_INTR: 0 | DS: [] | RS: [10] | MEM: - | LATCH: PC | OUT: '' | drop
TICK: 000496 | PC: 00114 | STEP: 1 | IR: load 1 | A: 0 | AR: 1 | NZ: 00 | IE: 1 | PENDING: 0 | IN_INTR: 0 | DS: [] | RS: [10] | MEM: - | LATCH: AR | OUT: '' | load.addr 1
TICK: 000497 | PC: 00119 | STEP: 0 | IR: load 1 | A: 0 | AR: 1 | NZ: 00 | IE: 1 | PENDING: 0 | IN_INTR: 0 | DS: [12] | RS: [10] | MEM: read mem[1] | LATCH: DS.push,PC | OUT: '' | load.read
TICK: 000498 | PC: 00124 | STEP: 0 | IR: literal 1 | A: 0 | AR: 1 | NZ: 00 | IE: 1 | PENDING: 0 | IN_INTR: 0 | DS: [12, 1] | RS: [10] | MEM: - | LATCH: DS.push,PC | OUT: '' | literal 1
TICK: 000499 | PC: 00124 | STEP: 1 | IR: add | A: 0 | AR: 1 | NZ: 00 | IE: 1 | PENDING: 0 | IN_INTR: 0 | DS: [] | RS: [10] | MEM: - | LATCH: ALU.left,ALU.right | OUT: '' | add.load_operands
TICK: 000500 | PC: 00125 | STEP: 0 | IR: add | A: 0 | AR: 1 | NZ: 00 | IE: 1 | PENDING: 0 | IN_INTR: 0 | DS: [13] | RS: [10] | MEM: - | LATCH: DS.push(ALU),PC | OUT: '' | add.write_result
TICK: 000501 | PC: 00126 | STEP: 0 | IR: dup | A: 0 | AR: 1 | NZ: 00 | IE: 1 | PENDING: 0 | IN_INTR: 0 | DS: [13, 13] | RS: [10] | MEM: - | LATCH: DS.dup,PC | OUT: '' | dup
TICK: 000502 | PC: 00126 | STEP: 1 | IR: store 1 | A: 0 | AR: 1 | NZ: 00 | IE: 1 | PENDING: 0 | IN_INTR: 0 | DS: [13, 13] | RS: [10] | MEM: - | LATCH: AR | OUT: '' | store.addr 1
TICK: 000503 | PC: 00131 | STEP: 0 | IR: store 1 | A: 0 | AR: 1 | NZ: 00 | IE: 1 | PENDING: 0 | IN_INTR: 0 | DS: [13] | RS: [10] | MEM: write mem[1] <- 13 | LATCH: MEM,PC | OUT: '' | store.write
TICK: 000504 | PC: 00132 | STEP: 0 | IR: drop | A: 0 | AR: 1 | NZ: 00 | IE: 1 | PENDING: 0 | IN_INTR: 0 | DS: [] | RS: [10] | MEM: - | LATCH: PC | OUT: '' | drop
TICK: 000505 | PC: 00051 | STEP: 0 | IR: jmp 51 | A: 0 | AR: 1 | NZ: 00 | IE: 1 | PENDING: 0 | IN_INTR: 0 | DS: [] | RS: [10] | MEM: - | LATCH: PC | OUT: '' | jmp 51
TICK: 000506 | PC: 00056 | STEP: 0 | IR: literal 100 | A: 0 | AR: 1 | NZ: 00 | IE: 1 | PENDING: 0 | IN_INTR: 0 | DS: [100] | RS: [10] | MEM: - | LATCH: DS.push,PC | OUT: '' | literal 100
TICK: 000507 | PC: 00056 | STEP: 1 | IR: load 1 | A: 0 | AR: 1 | NZ: 00 | IE: 1 | PENDING: 0 | IN_INTR: 0 | DS: [100] | RS: [10] | MEM: - | LATCH: AR | OUT: '' | load.addr 1
TICK: 000508 | PC: 00061 | STEP: 0 | IR: load 1 | A: 0 | AR: 1 | NZ: 00 | IE: 1 | PENDING: 0 | IN_INTR: 0 | DS: [100, 13] | RS: [10] | MEM: read mem[1] | LATCH: DS.push,PC | OUT: '' | load.read
TICK: 000509 | PC: 00061 | STEP: 1 | IR: sub | A: 0 | AR: 1 | NZ: 00 | IE: 1 | PENDING: 0 | IN_INTR: 0 | DS: [] | RS: [10] | MEM: - | LATCH: ALU.left,ALU.right | OUT: '' | sub.load_operands
TICK: 000510 | PC: 00062 | STEP: 0 | IR: sub | A: 0 | AR: 1 | NZ: 00 | IE: 1 | PENDING: 0 | IN_INTR: 0 | DS: [87] | RS: [10] | MEM: - | LATCH: DS.push(ALU),PC | OUT: '' | sub.write_result
TICK: 000511 | PC: 00062 | STEP: 1 | IR: mif 72 | A: 0 | AR: 1 | NZ: 00 | IE: 1 | PENDING: 0 | IN_INTR: 0 | DS: [] | RS: [10] | MEM: - | LATCH: ALU.left | OUT: '' | mif.test
TICK: 000512 | PC: 00072 | STEP: 0 | IR: mif 72 | A: 0 | AR: 1 | NZ: 00 | IE: 1 | PENDING: 0 | IN_INTR: 0 | DS: [] | RS: [10] | MEM: - | LATCH: PC | OUT: '' | mif.branch
TICK: 000513 | PC: 00072 | STEP: 1 | IR: load 2 | A: 0 | AR: 2 | NZ: 00 | IE: 1 | PENDING: 0 | IN_INTR: 0 | DS: [] | RS: [10] | MEM: - | LATCH: AR | OUT: '' | load.addr 2
TICK: 000514 | PC: 00077 | STEP: 0 | IR: load 2 | A: 0 | AR: 2 | NZ: 00 | IE: 1 | PENDING: 0 | IN_INTR: 0 | DS: [78] | RS: [10] | MEM: read mem[2] | LATCH: DS.push,PC | OUT: '' | load.read
TICK: 000515 | PC: 00077 | STEP: 1 | IR: load 1 | A: 0 | AR: 1 | NZ: 00 | IE: 1 | PENDING: 0 | IN_INTR: 0 | DS: [78] | RS: [10] | MEM: - | LATCH: AR | OUT: '' | load.addr 1
TICK: 000516 | PC: 00082 | STEP: 0 | IR: load 1 | A: 0 | AR: 1 | NZ: 00 | IE: 1 | PENDING: 0 | IN_INTR: 0 | DS: [78, 13] | RS: [10] | MEM: read mem[1] | LATCH: DS.push,PC | OUT: '' | load.read
TICK: 000517 | PC: 00082 | STEP: 1 | IR: add | A: 0 | AR: 1 | NZ: 00 | IE: 1 | PENDING: 0 | IN_INTR: 0 | DS: [] | RS: [10] | MEM: - | LATCH: ALU.left,ALU.right | OUT: '' | add.load_operands
TICK: 000518 | PC: 00083 | STEP: 0 | IR: add | A: 0 | AR: 1 | NZ: 00 | IE: 1 | PENDING: 0 | IN_INTR: 0 | DS: [91] | RS: [10] | MEM: - | LATCH: DS.push(ALU),PC | OUT: '' | add.write_result
TICK: 000519 | PC: 00084 | STEP: 0 | IR: dup | A: 0 | AR: 1 | NZ: 00 | IE: 1 | PENDING: 0 | IN_INTR: 0 | DS: [91, 91] | RS: [10] | MEM: - | LATCH: DS.dup,PC | OUT: '' | dup
TICK: 000520 | PC: 00084 | STEP: 1 | IR: store 2 | A: 0 | AR: 2 | NZ: 00 | IE: 1 | PENDING: 0 | IN_INTR: 0 | DS: [91, 91] | RS: [10] | MEM: - | LATCH: AR | OUT: '' | store.addr 2
TICK: 000521 | PC: 00089 | STEP: 0 | IR: store 2 | A: 0 | AR: 2 | NZ: 00 | IE: 1 | PENDING: 0 | IN_INTR: 0 | DS: [91] | RS: [10] | MEM: write mem[2] <- 91 | LATCH: MEM,PC | OUT: '' | store.write
TICK: 000522 | PC: 00090 | STEP: 0 | IR: drop | A: 0 | AR: 2 | NZ: 00 | IE: 1 | PENDING: 0 | IN_INTR: 0 | DS: [] | RS: [10] | MEM: - | LATCH: PC | OUT: '' | drop
TICK: 000523 | PC: 00090 | STEP: 1 | IR: load 3 | A: 0 | AR: 3 | NZ: 00 | IE: 1 | PENDING: 0 | IN_INTR: 0 | DS: [] | RS: [10] | MEM: - | LATCH: AR | OUT: '' | load.addr 3
TICK: 000524 | PC: 00095 | STEP: 0 | IR: load 3 | A: 0 | AR: 3 | NZ: 00 | IE: 1 | PENDING: 0 | IN_INTR: 0 | DS: [650] | RS: [10] | MEM: read mem[3] | LATCH: DS.push,PC | OUT: '' | load.read
TICK: 000525 | PC: 00095 | STEP: 1 | IR: load 1 | A: 0 | AR: 1 | NZ: 00 | IE: 1 | PENDING: 0 | IN_INTR: 0 | DS: [650] | RS: [10] | MEM: - | LATCH: AR | OUT: '' | load.addr 1
TICK: 000526 | PC: 00100 | STEP: 0 | IR: load 1 | A: 0 | AR: 1 | NZ: 00 | IE: 1 | PENDING: 0 | IN_INTR: 0 | DS: [650, 13] | RS: [10] | MEM: read mem[1] | LATCH: DS.push,PC | OUT: '' | load.read
TICK: 000527 | PC: 00100 | STEP: 1 | IR: load 1 | A: 0 | AR: 1 | NZ: 00 | IE: 1 | PENDING: 0 | IN_INTR: 0 | DS: [650, 13] | RS: [10] | MEM: - | LATCH: AR | OUT: '' | load.addr 1
TICK: 000528 | PC: 00105 | STEP: 0 | IR: load 1 | A: 0 | AR: 1 | NZ: 00 | IE: 1 | PENDING: 0 | IN_INTR: 0 | DS: [650, 13, 13] | RS: [10] | MEM: read mem[1] | LATCH: DS.push,PC | OUT: '' | load.read
TICK: 000529 | PC: 00105 | STEP: 1 | IR: mul | A: 0 | AR: 1 | NZ: 00 | IE: 1 | PENDING: 0 | IN_INTR: 0 | DS: [650] | RS: [10] | MEM: - | LATCH: ALU.left,ALU.right | OUT: '' | mul.load_operands
TICK: 000530 | PC: 00106 | STEP: 0 | IR: mul | A: 0 | AR: 1 | NZ: 00 | IE: 1 | PENDING: 0 | IN_INTR: 0 | DS: [650, 169] | RS: [10] | MEM: - | LATCH: DS.push(ALU),PC | OUT: '' | mul.write_result
TICK: 000531 | PC: 00106 | STEP: 1 | IR: add | A: 0 | AR: 1 | NZ: 00 | IE: 1 | PENDING: 0 | IN_INTR: 0 | DS: [] | RS: [10] | MEM: - | LATCH: ALU.left,ALU.right | OUT: '' | add.load_operands
TICK: 000532 | PC: 00107 | STEP: 0 | IR: add | A: 0 | AR: 1 | NZ: 00 | IE: 1 | PENDING: 0 | IN_INTR: 0 | DS: [819] | RS: [10] | MEM: - | LATCH: DS.push(ALU),PC | OUT: '' | add.write_result
TICK: 000533 | PC: 00108 | STEP: 0 | IR: dup | A: 0 | AR: 1 | NZ: 00 | IE: 1 | PENDING: 0 | IN_INTR: 0 | DS: [819, 819] | RS: [10] | MEM: - | LATCH: DS.dup,PC | OUT: '' | dup
TICK: 000534 | PC: 00108 | STEP: 1 | IR: store 3 | A: 0 | AR: 3 | NZ: 00 | IE: 1 | PENDING: 0 | IN_INTR: 0 | DS: [819, 819] | RS: [10] | MEM: - | LATCH: AR | OUT: '' | store.addr 3
TICK: 000535 | PC: 00113 | STEP: 0 | IR: store 3 | A: 0 | AR: 3 | NZ: 00 | IE: 1 | PENDING: 0 | IN_INTR: 0 | DS: [819] | RS: [10] | MEM: write mem[3] <- 819 | LATCH: MEM,PC | OUT: '' | store.write
TICK: 000536 | PC: 00114 | STEP: 0 | IR: drop | A: 0 | AR: 3 | NZ: 00 | IE: 1 | PENDING: 0 | IN_INTR: 0 | DS: [] | RS: [10] | MEM: - | LATCH: PC | OUT: '' | drop
TICK: 000537 | PC: 00114 | STEP: 1 | IR: load 1 | A: 0 | AR: 1 | NZ: 00 | IE: 1 | PENDING: 0 | IN_INTR: 0 | DS: [] | RS: [10] | MEM: - | LATCH: AR | OUT: '' | load.addr 1
TICK: 000538 | PC: 00119 | STEP: 0 | IR: load 1 | A: 0 | AR: 1 | NZ: 00 | IE: 1 | PENDING: 0 | IN_INTR: 0 | DS: [13] | RS: [10] | MEM: read mem[1] | LATCH: DS.push,PC | OUT: '' | load.read
TICK: 000539 | PC: 00124 | STEP: 0 | IR: literal 1 | A: 0 | AR: 1 | NZ: 00 | IE: 1 | PENDING: 0 | IN_INTR: 0 | DS: [13, 1] | RS: [10] | MEM: - | LATCH: DS.push,PC | OUT: '' | literal 1
TICK: 000540 | PC: 00124 | STEP: 1 | IR: add | A: 0 | AR: 1 | NZ: 00 | IE: 1 | PENDING: 0 | IN_INTR: 0 | DS: [] | RS: [10] | MEM: - | LATCH: ALU.left,ALU.right | OUT: '' | add.load_operands
TICK: 000541 | PC: 00125 | STEP: 0 | IR: add | A: 0 | AR: 1 | NZ: 00 | IE: 1 | PENDING: 0 | IN_INTR: 0 | DS: [14] | RS: [10] | MEM: - | LATCH: DS.push(ALU),PC | OUT: '' | add.write_result
TICK: 000542 | PC: 00126 | STEP: 0 | IR: dup | A: 0 | AR: 1 | NZ: 00 | IE: 1 | PENDING: 0 | IN_INTR: 0 | DS: [14, 14] | RS: [10] | MEM: - | LATCH: DS.dup,PC | OUT: '' | dup
TICK: 000543 | PC: 00126 | STEP: 1 | IR: store 1 | A: 0 | AR: 1 | NZ: 00 | IE: 1 | PENDING: 0 | IN_INTR: 0 | DS: [14, 14] | RS: [10] | MEM: - | LATCH: AR | OUT: '' | store.addr 1
TICK: 000544 | PC: 00131 | STEP: 0 | IR: store 1 | A: 0 | AR: 1 | NZ: 00 | IE: 1 | PENDING: 0 | IN_INTR: 0 | DS: [14] | RS: [10] | MEM: write mem[1] <- 14 | LATCH: MEM,PC | OUT: '' | store.write
TICK: 000545 | PC: 00132 | STEP: 0 | IR: drop | A: 0 | AR: 1 | NZ: 00 | IE: 1 | PENDING: 0 | IN_INTR: 0 | DS: [] | RS: [10] | MEM: - | LATCH: PC | OUT: '' | drop
TICK: 000546 | PC: 00051 | STEP: 0 | IR: jmp 51 | A: 0 | AR: 1 | NZ: 00 | IE: 1 | PENDING: 0 | IN_INTR: 0 | DS: [] | RS: [10] | MEM: - | LATCH: PC | OUT: '' | jmp 51
TICK: 000547 | PC: 00056 | STEP: 0 | IR: literal 100 | A: 0 | AR: 1 | NZ: 00 | IE: 1 | PENDING: 0 | IN_INTR: 0 | DS: [100] | RS: [10] | MEM: - | LATCH: DS.push,PC | OUT: '' | literal 100
TICK: 000548 | PC: 00056 | STEP: 1 | IR: load 1 | A: 0 | AR: 1 | NZ: 00 | IE: 1 | PENDING: 0 | IN_INTR: 0 | DS: [100] | RS: [10] | MEM: - | LATCH: AR | OUT: '' | load.addr 1
TICK: 000549 | PC: 00061 | STEP: 0 | IR: load 1 | A: 0 | AR: 1 | NZ: 00 | IE: 1 | PENDING: 0 | IN_INTR: 0 | DS: [100, 14] | RS: [10] | MEM: read mem[1] | LATCH: DS.push,PC | OUT: '' | load.read
TICK: 000550 | PC: 00061 | STEP: 1 | IR: sub | A: 0 | AR: 1 | NZ: 00 | IE: 1 | PENDING: 0 | IN_INTR: 0 | DS: [] | RS: [10] | MEM: - | LATCH: ALU.left,ALU.right | OUT: '' | sub.load_operands
TICK: 000551 | PC: 00062 | STEP: 0 | IR: sub | A: 0 | AR: 1 | NZ: 00 | IE: 1 | PENDING: 0 | IN_INTR: 0 | DS: [86] | RS: [10] | MEM: - | LATCH: DS.push(ALU),PC | OUT: '' | sub.write_result
TICK: 000552 | PC: 00062 | STEP: 1 | IR: mif 72 | A: 0 | AR: 1 | NZ: 00 | IE: 1 | PENDING: 0 | IN_INTR: 0 | DS: [] | RS: [10] | MEM: - | LATCH: ALU.left | OUT: '' | mif.test
TICK: 000553 | PC: 00072 | STEP: 0 | IR: mif 72 | A: 0 | AR: 1 | NZ: 00 | IE: 1 | PENDING: 0 | IN_INTR: 0 | DS: [] | RS: [10] | MEM: - | LATCH: PC | OUT: '' | mif.branch
TICK: 000554 | PC: 00072 | STEP: 1 | IR: load 2 | A: 0 | AR: 2 | NZ: 00 | IE: 1 | PENDING: 0 | IN_INTR: 0 | DS: [] | RS: [10] | MEM: - | LATCH: AR | OUT: '' | load.addr 2
TICK: 000555 | PC: 00077 | STEP: 0 | IR: load 2 | A: 0 | AR: 2 | NZ: 00 | IE: 1 | PENDING: 0 | IN_INTR: 0 | DS: [91] | RS: [10] | MEM: read mem[2] | LATCH: DS.push,PC | OUT: '' | load.read
TICK: 000556 | PC: 00077 | STEP: 1 | IR: load 1 | A: 0 | AR: 1 | NZ: 00 | IE: 1 | PENDING: 0 | IN_INTR: 0 | DS: [91] | RS: [10] | MEM: - | LATCH: AR | OUT: '' | load.addr 1
TICK: 000557 | PC: 00082 | STEP: 0 | IR: load 1 | A: 0 | AR: 1 | NZ: 00 | IE: 1 | PENDING: 0 | IN_INTR: 0 | DS: [91, 14] | RS: [10] | MEM: read mem[1] | LATCH: DS.push,PC | OUT: '' | load.read
TICK: 000558 | PC: 00082 | STEP: 1 | IR: add | A: 0 | AR: 1 | NZ: 00 | IE: 1 | PENDING: 0 | IN_INTR: 0 | DS: [] | RS: [10] | MEM: - | LATCH: ALU.left,ALU.right | OUT: '' | add.load_operands
TICK: 000559 | PC: 00083 | STEP: 0 | IR: add | A: 0 | AR: 1 | NZ: 00 | IE: 1 | PENDING: 0 | IN_INTR: 0 | DS: [105] | RS: [10] | MEM: - | LATCH: DS.push(ALU),PC | OUT: '' | add.write_result
TICK: 000560 | PC: 00084 | STEP: 0 | IR: dup | A: 0 | AR: 1 | NZ: 00 | IE: 1 | PENDING: 0 | IN_INTR: 0 | DS: [105, 105] | RS: [10] | MEM: - | LATCH: DS.dup,PC | OUT: '' | dup
TICK: 000561 | PC: 00084 | STEP: 1 | IR: store 2 | A: 0 | AR: 2 | NZ: 00 | IE: 1 | PENDING: 0 | IN_INTR: 0 | DS: [105, 105] | RS: [10] | MEM: - | LATCH: AR | OUT: '' | store.addr 2
TICK: 000562 | PC: 00089 | STEP: 0 | IR: store 2 | A: 0 | AR: 2 | NZ: 00 | IE: 1 | PENDING: 0 | IN_INTR: 0 | DS: [105] | RS: [10] | MEM: write mem[2] <- 105 | LATCH: MEM,PC | OUT: '' | store.write
TICK: 000563 | PC: 00090 | STEP: 0 | IR: drop | A: 0 | AR: 2 | NZ: 00 | IE: 1 | PENDING: 0 | IN_INTR: 0 | DS: [] | RS: [10] | MEM: - | LATCH: PC | OUT: '' | drop
TICK: 000564 | PC: 00090 | STEP: 1 | IR: load 3 | A: 0 | AR: 3 | NZ: 00 | IE: 1 | PENDING: 0 | IN_INTR: 0 | DS: [] | RS: [10] | MEM: - | LATCH: AR | OUT: '' | load.addr 3
TICK: 000565 | PC: 00095 | STEP: 0 | IR: load 3 | A: 0 | AR: 3 | NZ: 00 | IE: 1 | PENDING: 0 | IN_INTR: 0 | DS: [819] | RS: [10] | MEM: read mem[3] | LATCH: DS.push,PC | OUT: '' | load.read
TICK: 000566 | PC: 00095 | STEP: 1 | IR: load 1 | A: 0 | AR: 1 | NZ: 00 | IE: 1 | PENDING: 0 | IN_INTR: 0 | DS: [819] | RS: [10] | MEM: - | LATCH: AR | OUT: '' | load.addr 1
TICK: 000567 | PC: 00100 | STEP: 0 | IR: load 1 | A: 0 | AR: 1 | NZ: 00 | IE: 1 | PENDING: 0 | IN_INTR: 0 | DS: [819, 14] | RS: [10] | MEM: read mem[1] | LATCH: DS.push,PC | OUT: '' | load.read
TICK: 000568 | PC: 00100 | STEP: 1 | IR: load 1 | A: 0 | AR: 1 | NZ: 00 | IE: 1 | PENDING: 0 | IN_INTR: 0 | DS: [819, 14] | RS: [10] | MEM: - | LATCH: AR | OUT: '' | load.addr 1
TICK: 000569 | PC: 00105 | STEP: 0 | IR: load 1 | A: 0 | AR: 1 | NZ: 00 | IE: 1 | PENDING: 0 | IN_INTR: 0 | DS: [819, 14, 14] | RS: [10] | MEM: read mem[1] | LATCH: DS.push,PC | OUT: '' | load.read
TICK: 000570 | PC: 00105 | STEP: 1 | IR: mul | A: 0 | AR: 1 | NZ: 00 | IE: 1 | PENDING: 0 | IN_INTR: 0 | DS: [819] | RS: [10] | MEM: - | LATCH: ALU.left,ALU.right | OUT: '' | mul.load_operands
TICK: 000571 | PC: 00106 | STEP: 0 | IR: mul | A: 0 | AR: 1 | NZ: 00 | IE: 1 | PENDING: 0 | IN_INTR: 0 | DS: [819, 196] | RS: [10] | MEM: - | LATCH: DS.push(ALU),PC | OUT: '' | mul.write_result
TICK: 000572 | PC: 00106 | STEP: 1 | IR: add | A: 0 | AR: 1 | NZ: 00 | IE: 1 | PENDING: 0 | IN_INTR: 0 | DS: [] | RS: [10] | MEM: - | LATCH: ALU.left,ALU.right | OUT: '' | add.load_operands
TICK: 000573 | PC: 00107 | STEP: 0 | IR: add | A: 0 | AR: 1 | NZ: 00 | IE: 1 | PENDING: 0 | IN_INTR: 0 | DS: [1015] | RS: [10] | MEM: - | LATCH: DS.push(ALU),PC | OUT: '' | add.write_result
TICK: 000574 | PC: 00108 | STEP: 0 | IR: dup | A: 0 | AR: 1 | NZ: 00 | IE: 1 | PENDING: 0 | IN_INTR: 0 | DS: [1015, 1015] | RS: [10] | MEM: - | LATCH: DS.dup,PC | OUT: '' | dup
TICK: 000575 | PC: 00108 | STEP: 1 | IR: store 3 | A: 0 | AR: 3 | NZ: 00 | IE: 1 | PENDING: 0 | IN_INTR: 0 | DS: [1015, 1015] | RS: [10] | MEM: - | LATCH: AR | OUT: '' | store.addr 3
TICK: 000576 | PC: 00113 | STEP: 0 | IR: store 3 | A: 0 | AR: 3 | NZ: 00 | IE: 1 | PENDING: 0 | IN_INTR: 0 | DS: [1015] | RS: [10] | MEM: write mem[3] <- 1015 | LATCH: MEM,PC | OUT: '' | store.write
TICK: 000577 | PC: 00114 | STEP: 0 | IR: drop | A: 0 | AR: 3 | NZ: 00 | IE: 1 | PENDING: 0 | IN_INTR: 0 | DS: [] | RS: [10] | MEM: - | LATCH: PC | OUT: '' | drop
TICK: 000578 | PC: 00114 | STEP: 1 | IR: load 1 | A: 0 | AR: 1 | NZ: 00 | IE: 1 | PENDING: 0 | IN_INTR: 0 | DS: [] | RS: [10] | MEM: - | LATCH: AR | OUT: '' | load.addr 1
TICK: 000579 | PC: 00119 | STEP: 0 | IR: load 1 | A: 0 | AR: 1 | NZ: 00 | IE: 1 | PENDING: 0 | IN_INTR: 0 | DS: [14] | RS: [10] | MEM: read mem[1] | LATCH: DS.push,PC | OUT: '' | load.read
TICK: 000580 | PC: 00124 | STEP: 0 | IR: literal 1 | A: 0 | AR: 1 | NZ: 00 | IE: 1 | PENDING: 0 | IN_INTR: 0 | DS: [14, 1] | RS: [10] | MEM: - | LATCH: DS.push,PC | OUT: '' | literal 1
TICK: 000581 | PC: 00124 | STEP: 1 | IR: add | A: 0 | AR: 1 | NZ: 00 | IE: 1 | PENDING: 0 | IN_INTR: 0 | DS: [] | RS: [10] | MEM: - | LATCH: ALU.left,ALU.right | OUT: '' | add.load_operands
TICK: 000582 | PC: 00125 | STEP: 0 | IR: add | A: 0 | AR: 1 | NZ: 00 | IE: 1 | PENDING: 0 | IN_INTR: 0 | DS: [15] | RS: [10] | MEM: - | LATCH: DS.push(ALU),PC | OUT: '' | add.write_result
TICK: 000583 | PC: 00126 | STEP: 0 | IR: dup | A: 0 | AR: 1 | NZ: 00 | IE: 1 | PENDING: 0 | IN_INTR: 0 | DS: [15, 15] | RS: [10] | MEM: - | LATCH: DS.dup,PC | OUT: '' | dup
TICK: 000584 | PC: 00126 | STEP: 1 | IR: store 1 | A: 0 | AR: 1 | NZ: 00 | IE: 1 | PENDING: 0 | IN_INTR: 0 | DS: [15, 15] | RS: [10] | MEM: - | LATCH: AR | OUT: '' | store.addr 1
TICK: 000585 | PC: 00131 | STEP: 0 | IR: store 1 | A: 0 | AR: 1 | NZ: 00 | IE: 1 | PENDING: 0 | IN_INTR: 0 | DS: [15] | RS: [10] | MEM: write mem[1] <- 15 | LATCH: MEM,PC | OUT: '' | store.write
TICK: 000586 | PC: 00132 | STEP: 0 | IR: drop | A: 0 | AR: 1 | NZ: 00 | IE: 1 | PENDING: 0 | IN_INTR: 0 | DS: [] | RS: [10] | MEM: - | LATCH: PC | OUT: '' | drop
TICK: 000587 | PC: 00051 | STEP: 0 | IR: jmp 51 | A: 0 | AR: 1 | NZ: 00 | IE: 1 | PENDING: 0 | IN_INTR: 0 | DS: [] | RS: [10] | MEM: - | LATCH: PC | OUT: '' | jmp 51
TICK: 000588 | PC: 00056 | STEP: 0 | IR: literal 100 | A: 0 | AR: 1 | NZ: 00 | IE: 1 | PENDING: 0 | IN_INTR: 0 | DS: [100] | RS: [10] | MEM: - | LATCH: DS.push,PC | OUT: '' | literal 100
TICK: 000589 | PC: 00056 | STEP: 1 | IR: load 1 | A: 0 | AR: 1 | NZ: 00 | IE: 1 | PENDING: 0 | IN_INTR: 0 | DS: [100] | RS: [10] | MEM: - | LATCH: AR | OUT: '' | load.addr 1
TICK: 000590 | PC: 00061 | STEP: 0 | IR: load 1 | A: 0 | AR: 1 | NZ: 00 | IE: 1 | PENDING: 0 | IN_INTR: 0 | DS: [100, 15] | RS: [10] | MEM: read mem[1] | LATCH: DS.push,PC | OUT: '' | load.read
TICK: 000591 | PC: 00061 | STEP: 1 | IR: sub | A: 0 | AR: 1 | NZ: 00 | IE: 1 | PENDING: 0 | IN_INTR: 0 | DS: [] | RS: [10] | MEM: - | LATCH: ALU.left,ALU.right | OUT: '' | sub.load_operands
TICK: 000592 | PC: 00062 | STEP: 0 | IR: sub | A: 0 | AR: 1 | NZ: 00 | IE: 1 | PENDING: 0 | IN_INTR: 0 | DS: [85] | RS: [10] | MEM: - | LATCH: DS.push(ALU),PC | OUT: '' | sub.write_result
TICK: 000593 | PC: 00062 | STEP: 1 | IR: mif 72 | A: 0 | AR: 1 | NZ: 00 | IE: 1 | PENDING: 0 | IN_INTR: 0 | DS: [] | RS: [10] | MEM: - | LATCH: ALU.left | OUT: '' | mif.test
TICK: 000594 | PC: 00072 | STEP: 0 | IR: mif 72 | A: 0 | AR: 1 | NZ: 00 | IE: 1 | PENDING: 0 | IN_INTR: 0 | DS: [] | RS: [10] | MEM: - | LATCH: PC | OUT: '' | mif.branch
TICK: 000595 | PC: 00072 | STEP: 1 | IR: load 2 | A: 0 | AR: 2 | NZ: 00 | IE: 1 | PENDING: 0 | IN_INTR: 0 | DS: [] | RS: [10] | MEM: - | LATCH: AR | OUT: '' | load.addr 2
TICK: 000596 | PC: 00077 | STEP: 0 | IR: load 2 | A: 0 | AR: 2 | NZ: 00 | IE: 1 | PENDING: 0 | IN_INTR: 0 | DS: [105] | RS: [10] | MEM: read mem[2] | LATCH: DS.push,PC | OUT: '' | load.read
TICK: 000597 | PC: 00077 | STEP: 1 | IR: load 1 | A: 0 | AR: 1 | NZ: 00 | IE: 1 | PENDING: 0 | IN_INTR: 0 | DS: [105] | RS: [10] | MEM: - | LATCH: AR | OUT: '' | load.addr 1
TICK: 000598 | PC: 00082 | STEP: 0 | IR: load 1 | A: 0 | AR: 1 | NZ: 00 | IE: 1 | PENDING: 0 | IN_INTR: 0 | DS: [105, 15] | RS: [10] | MEM: read mem[1] | LATCH: DS.push,PC | OUT: '' | load.read
TICK: 000599 | PC: 00082 | STEP: 1 | IR: add | A: 0 | AR: 1 | NZ: 00 | IE: 1 | PENDING: 0 | IN_INTR: 0 | DS: [] | RS: [10] | MEM: - | LATCH: ALU.left,ALU.right | OUT: '' | add.load_operands
TICK: 000600 | PC: 00083 | STEP: 0 | IR: add | A: 0 | AR: 1 | NZ: 00 | IE: 1 | PENDING: 0 | IN_INTR: 0 | DS: [120] | RS: [10] | MEM: - | LATCH: DS.push(ALU),PC | OUT: '' | add.write_result
TICK: 000601 | PC: 00084 | STEP: 0 | IR: dup | A: 0 | AR: 1 | NZ: 00 | IE: 1 | PENDING: 0 | IN_INTR: 0 | DS: [120, 120] | RS: [10] | MEM: - | LATCH: DS.dup,PC | OUT: '' | dup
TICK: 000602 | PC: 00084 | STEP: 1 | IR: store 2 | A: 0 | AR: 2 | NZ: 00 | IE: 1 | PENDING: 0 | IN_INTR: 0 | DS: [120, 120] | RS: [10] | MEM: - | LATCH: AR | OUT: '' | store.addr 2
TICK: 000603 | PC: 00089 | STEP: 0 | IR: store 2 | A: 0 | AR: 2 | NZ: 00 | IE: 1 | PENDING: 0 | IN_INTR: 0 | DS: [120] | RS: [10] | MEM: write mem[2] <- 120 | LATCH: MEM,PC | OUT: '' | store.write
TICK: 000604 | PC: 00090 | STEP: 0 | IR: drop | A: 0 | AR: 2 | NZ: 00 | IE: 1 | PENDING: 0 | IN_INTR: 0 | DS: [] | RS: [10] | MEM: - | LATCH: PC | OUT: '' | drop
TICK: 000605 | PC: 00090 | STEP: 1 | IR: load 3 | A: 0 | AR: 3 | NZ: 00 | IE: 1 | PENDING: 0 | IN_INTR: 0 | DS: [] | RS: [10] | MEM: - | LATCH: AR | OUT: '' | load.addr 3
TICK: 000606 | PC: 00095 | STEP: 0 | IR: load 3 | A: 0 | AR: 3 | NZ: 00 | IE: 1 | PENDING: 0 | IN_INTR: 0 | DS: [1015] | RS: [10] | MEM: read mem[3] | LATCH: DS.push,PC | OUT: '' | load.read
TICK: 000607 | PC: 00095 | STEP: 1 | IR: load 1 | A: 0 | AR: 1 | NZ: 00 | IE: 1 | PENDING: 0 | IN_INTR: 0 | DS: [1015] | RS: [10] | MEM: - | LATCH: AR | OUT: '' | load.addr 1
TICK: 000608 | PC: 00100 | STEP: 0 | IR: load 1 | A: 0 | AR: 1 | NZ: 00 | IE: 1 | PENDING: 0 | IN_INTR: 0 | DS: [1015, 15] | RS: [10] | MEM: read mem[1] | LATCH: DS.push,PC | OUT: '' | load.read
TICK: 000609 | PC: 00100 | STEP: 1 | IR: load 1 | A: 0 | AR: 1 | NZ: 00 | IE: 1 | PENDING: 0 | IN_INTR: 0 | DS: [1015, 15] | RS: [10] | MEM: - | LATCH: AR | OUT: '' | load.addr 1
TICK: 000610 | PC: 00105 | STEP: 0 | IR: load 1 | A: 0 | AR: 1 | NZ: 00 | IE: 1 | PENDING: 0 | IN_INTR: 0 | DS: [1015, 15, 15] | RS: [10] | MEM: read mem[1] | LATCH: DS.push,PC | OUT: '' | load.read
TICK: 000611 | PC: 00105 | STEP: 1 | IR: mul | A: 0 | AR: 1 | NZ: 00 | IE: 1 | PENDING: 0 | IN_INTR: 0 | DS: [1015] | RS: [10] | MEM: - | LATCH: ALU.left,ALU.right | OUT: '' | mul.load_operands
TICK: 000612 | PC: 00106 | STEP: 0 | IR: mul | A: 0 | AR: 1 | NZ: 00 | IE: 1 | PENDING: 0 | IN_INTR: 0 | DS: [1015, 225] | RS: [10] | MEM: - | LATCH: DS.push(ALU),PC | OUT: '' | mul.write_result
TICK: 000613 | PC: 00106 | STEP: 1 | IR: add | A: 0 | AR: 1 | NZ: 00 | IE: 1 | PENDING: 0 | IN_INTR: 0 | DS: [] | RS: [10] | MEM: - | LATCH: ALU.left,ALU.right | OUT: '' | add.load_operands
TICK: 000614 | PC: 00107 | STEP: 0 | IR: add | A: 0 | AR: 1 | NZ: 00 | IE: 1 | PENDING: 0 | IN_INTR: 0 | DS: [1240] | RS: [10] | MEM: - | LATCH: DS.push(ALU),PC | OUT: '' | add.write_result
TICK: 000615 | PC: 00108 | STEP: 0 | IR: dup | A: 0 | AR: 1 | NZ: 00 | IE: 1 | PENDING: 0 | IN_INTR: 0 | DS: [1240, 1240] | RS: [10] | MEM: - | LATCH: DS.dup,PC | OUT: '' | dup
TICK: 000616 | PC: 00108 | STEP: 1 | IR: store 3 | A: 0 | AR: 3 | NZ: 00 | IE: 1 | PENDING: 0 | IN_INTR: 0 | DS: [1240, 1240] | RS: [10] | MEM: - | LATCH: AR | OUT: '' | store.addr 3
TICK: 000617 | PC: 00113 | STEP: 0 | IR: store 3 | A: 0 | AR: 3 | NZ: 00 | IE: 1 | PENDING: 0 | IN_INTR: 0 | DS: [1240] | RS: [10] | MEM: write mem[3] <- 1240 | LATCH: MEM,PC | OUT: '' | store.write
TICK: 000618 | PC: 00114 | STEP: 0 | IR: drop | A: 0 | AR: 3 | NZ: 00 | IE: 1 | PENDING: 0 | IN_INTR: 0 | DS: [] | RS: [10] | MEM: - | LATCH: PC | OUT: '' | drop
TICK: 000619 | PC: 00114 | STEP: 1 | IR: load 1 | A: 0 | AR: 1 | NZ: 00 | IE: 1 | PENDING: 0 | IN_INTR: 0 | DS: [] | RS: [10] | MEM: - | LATCH: AR | OUT: '' | load.addr 1
TICK: 000620 | PC: 00119 | STEP: 0 | IR: load 1 | A: 0 | AR: 1 | NZ: 00 | IE: 1 | PENDING: 0 | IN_INTR: 0 | DS: [15] | RS: [10] | MEM: read mem[1] | LATCH: DS.push,PC | OUT: '' | load.read
TICK: 000621 | PC: 00124 | STEP: 0 | IR: literal 1 | A: 0 | AR: 1 | NZ: 00 | IE: 1 | PENDING: 0 | IN_INTR: 0 | DS: [15, 1] | RS: [10] | MEM: - | LATCH: DS.push,PC | OUT: '' | literal 1
TICK: 000622 | PC: 00124 | STEP: 1 | IR: add | A: 0 | AR: 1 | NZ: 00 | IE: 1 | PENDING: 0 | IN_INTR: 0 | DS: [] | RS: [10] | MEM: - | LATCH: ALU.left,ALU.right | OUT: '' | add.load_operands
TICK: 000623 | PC: 00125 | STEP: 0 | IR: add | A: 0 | AR: 1 | NZ: 00 | IE: 1 | PENDING: 0 | IN_INTR: 0 | DS: [16] | RS: [10] | MEM: - | LATCH: DS.push(ALU),PC | OUT: '' | add.write_result
TICK: 000624 | PC: 00126 | STEP: 0 | IR: dup | A: 0 | AR: 1 | NZ: 00 | IE: 1 | PENDING: 0 | IN_INTR: 0 | DS: [16, 16] | RS: [10] | MEM: - | LATCH: DS.dup,PC | OUT: '' | dup
TICK: 000625 | PC: 00126 | STEP: 1 | IR: store 1 | A: 0 | AR: 1 | NZ: 00 | IE: 1 | PENDING: 0 | IN_INTR: 0 | DS: [16, 16] | RS: [10] | MEM: - | LATCH: AR | OUT: '' | store.addr 1
TICK: 000626 | PC: 00131 | STEP: 0 | IR: store 1 | A: 0 | AR: 1 | NZ: 00 | IE: 1 | PENDING: 0 | IN_INTR: 0 | DS: [16] | RS: [10] | MEM: write mem[1] <- 16 | LATCH: MEM,PC | OUT: '' | store.write
TICK: 000627 | PC: 00132 | STEP: 0 | IR: drop | A: 0 | AR: 1 | NZ: 00 | IE: 1 | PENDING: 0 | IN_INTR: 0 | DS: [] | RS: [10] | MEM: - | LATCH: PC | OUT: '' | drop
TICK: 000628 | PC: 00051 | STEP: 0 | IR: jmp 51 | A: 0 | AR: 1 | NZ: 00 | IE: 1 | PENDING: 0 | IN_INTR: 0 | DS: [] | RS: [10] | MEM: - | LATCH: PC | OUT: '' | jmp 51
TICK: 000629 | PC: 00056 | STEP: 0 | IR: literal 100 | A: 0 | AR: 1 | NZ: 00 | IE: 1 | PENDING: 0 | IN_INTR: 0 | DS: [100] | RS: [10] | MEM: - | LATCH: DS.push,PC | OUT: '' | literal 100
TICK: 000630 | PC: 00056 | STEP: 1 | IR: load 1 | A: 0 | AR: 1 | NZ: 00 | IE: 1 | PENDING: 0 | IN_INTR: 0 | DS: [100] | RS: [10] | MEM: - | LATCH: AR | OUT: '' | load.addr 1
TICK: 000631 | PC: 00061 | STEP: 0 | IR: load 1 | A: 0 | AR: 1 | NZ: 00 | IE: 1 | PENDING: 0 | IN_INTR: 0 | DS: [100, 16] | RS: [10] | MEM: read mem[1] | LATCH: DS.push,PC | OUT: '' | load.read
TICK: 000632 | PC: 00061 | STEP: 1 | IR: sub | A: 0 | AR: 1 | NZ: 00 | IE: 1 | PENDING: 0 | IN_INTR: 0 | DS: [] | RS: [10] | MEM: - | LATCH: ALU.left,ALU.right | OUT: '' | sub.load_operands
TICK: 000633 | PC: 00062 | STEP: 0 | IR: sub | A: 0 | AR: 1 | NZ: 00 | IE: 1 | PENDING: 0 | IN_INTR: 0 | DS: [84] | RS: [10] | MEM: - | LATCH: DS.push(ALU),PC | OUT: '' | sub.write_result
TICK: 000634 | PC: 00062 | STEP: 1 | IR: mif 72 | A: 0 | AR: 1 | NZ: 00 | IE: 1 | PENDING: 0 | IN_INTR: 0 | DS: [] | RS: [10] | MEM: - | LATCH: ALU.left | OUT: '' | mif.test
TICK: 000635 | PC: 00072 | STEP: 0 | IR: mif 72 | A: 0 | AR: 1 | NZ: 00 | IE: 1 | PENDING: 0 | IN_INTR: 0 | DS: [] | RS: [10] | MEM: - | LATCH: PC | OUT: '' | mif.branch
TICK: 000636 | PC: 00072 | STEP: 1 | IR: load 2 | A: 0 | AR: 2 | NZ: 00 | IE: 1 | PENDING: 0 | IN_INTR: 0 | DS: [] | RS: [10] | MEM: - | LATCH: AR | OUT: '' | load.addr 2
TICK: 000637 | PC: 00077 | STEP: 0 | IR: load 2 | A: 0 | AR: 2 | NZ: 00 | IE: 1 | PENDING: 0 | IN_INTR: 0 | DS: [120] | RS: [10] | MEM: read mem[2] | LATCH: DS.push,PC | OUT: '' | load.read
TICK: 000638 | PC: 00077 | STEP: 1 | IR: load 1 | A: 0 | AR: 1 | NZ: 00 | IE: 1 | PENDING: 0 | IN_INTR: 0 | DS: [120] | RS: [10] | MEM: - | LATCH: AR | OUT: '' | load.addr 1
TICK: 000639 | PC: 00082 | STEP: 0 | IR: load 1 | A: 0 | AR: 1 | NZ: 00 | IE: 1 | PENDING: 0 | IN_INTR: 0 | DS: [120, 16] | RS: [10] | MEM: read mem[1] | LATCH: DS.push,PC | OUT: '' | load.read
TICK: 000640 | PC: 00082 | STEP: 1 | IR: add | A: 0 | AR: 1 | NZ: 00 | IE: 1 | PENDING: 0 | IN_INTR: 0 | DS: [] | RS: [10] | MEM: - | LATCH: ALU.left,ALU.right | OUT: '' | add.load_operands
TICK: 000641 | PC: 00083 | STEP: 0 | IR: add | A: 0 | AR: 1 | NZ: 00 | IE: 1 | PENDING: 0 | IN_INTR: 0 | DS: [136] | RS: [10] | MEM: - | LATCH: DS.push(ALU),PC | OUT: '' | add.write_result
TICK: 000642 | PC: 00084 | STEP: 0 | IR: dup | A: 0 | AR: 1 | NZ: 00 | IE: 1 | PENDING: 0 | IN_INTR: 0 | DS: [136, 136] | RS: [10] | MEM: - | LATCH: DS.dup,PC | OUT: '' | dup
TICK: 000643 | PC: 00084 | STEP: 1 | IR: store 2 | A: 0 | AR: 2 | NZ: 00 | IE: 1 | PENDING: 0 | IN_INTR: 0 | DS: [136, 136] | RS: [10] | MEM: - | LATCH: AR | OUT: '' | store.addr 2
TICK: 000644 | PC: 00089 | STEP: 0 | IR: store 2 | A: 0 | AR: 2 | NZ: 00 | IE: 1 | PENDING: 0 | IN_INTR: 0 | DS: [136] | RS: [10] | MEM: write mem[2] <- 136 | LATCH: MEM,PC | OUT: '' | store.write
TICK: 000645 | PC: 00090 | STEP: 0 | IR: drop | A: 0 | AR: 2 | NZ: 00 | IE: 1 | PENDING: 0 | IN_INTR: 0 | DS: [] | RS: [10] | MEM: - | LATCH: PC | OUT: '' | drop
TICK: 000646 | PC: 00090 | STEP: 1 | IR: load 3 | A: 0 | AR: 3 | NZ: 00 | IE: 1 | PENDING: 0 | IN_INTR: 0 | DS: [] | RS: [10] | MEM: - | LATCH: AR | OUT: '' | load.addr 3
TICK: 000647 | PC: 00095 | STEP: 0 | IR: load 3 | A: 0 | AR: 3 | NZ: 00 | IE: 1 | PENDING: 0 | IN_INTR: 0 | DS: [1240] | RS: [10] | MEM: read mem[3] | LATCH: DS.push,PC | OUT: '' | load.read
TICK: 000648 | PC: 00095 | STEP: 1 | IR: load 1 | A: 0 | AR: 1 | NZ: 00 | IE: 1 | PENDING: 0 | IN_INTR: 0 | DS: [1240] | RS: [10] | MEM: - | LATCH: AR | OUT: '' | load.addr 1
TICK: 000649 | PC: 00100 | STEP: 0 | IR: load 1 | A: 0 | AR: 1 | NZ: 00 | IE: 1 | PENDING: 0 | IN_INTR: 0 | DS: [1240, 16] | RS: [10] | MEM: read mem[1] | LATCH: DS.push,PC | OUT: '' | load.read
TICK: 000650 | PC: 00100 | STEP: 1 | IR: load 1 | A: 0 | AR: 1 | NZ: 00 | IE: 1 | PENDING: 0 | IN_INTR: 0 | DS: [1240, 16] | RS: [10] | MEM: - | LATCH: AR | OUT: '' | load.addr 1
TICK: 000651 | PC: 00105 | STEP: 0 | IR: load 1 | A: 0 | AR: 1 | NZ: 00 | IE: 1 | PENDING: 0 | IN_INTR: 0 | DS: [1240, 16, 16] | RS: [10] | MEM: read mem[1] | LATCH: DS.push,PC | OUT: '' | load.read
TICK: 000652 | PC: 00105 | STEP: 1 | IR: mul | A: 0 | AR: 1 | NZ: 00 | IE: 1 | PENDING: 0 | IN_INTR: 0 | DS: [1240] | RS: [10] | MEM: - | LATCH: ALU.left,ALU.right | OUT: '' | mul.load_operands
TICK: 000653 | PC: 00106 | STEP: 0 | IR: mul | A: 0 | AR: 1 | NZ: 00 | IE: 1 | PENDING: 0 | IN_INTR: 0 | DS: [1240, 256] | RS: [10] | MEM: - | LATCH: DS.push(ALU),PC | OUT: '' | mul.write_result
TICK: 000654 | PC: 00106 | STEP: 1 | IR: add | A: 0 | AR: 1 | NZ: 00 | IE: 1 | PENDING: 0 | IN_INTR: 0 | DS: [] | RS: [10] | MEM: - | LATCH: ALU.left,ALU.right | OUT: '' | add.load_operands
TICK: 000655 | PC: 00107 | STEP: 0 | IR: add | A: 0 | AR: 1 | NZ: 00 | IE: 1 | PENDING: 0 | IN_INTR: 0 | DS: [1496] | RS: [10] | MEM: - | LATCH: DS.push(ALU),PC | OUT: '' | add.write_result
TICK: 000656 | PC: 00108 | STEP: 0 | IR: dup | A: 0 | AR: 1 | NZ: 00 | IE: 1 | PENDING: 0 | IN_INTR: 0 | DS: [1496, 1496] | RS: [10] | MEM: - | LATCH: DS.dup,PC | OUT: '' | dup
TICK: 000657 | PC: 00108 | STEP: 1 | IR: store 3 | A: 0 | AR: 3 | NZ: 00 | IE: 1 | PENDING: 0 | IN_INTR: 0 | DS: [1496, 1496] | RS: [10] | MEM: - | LATCH: AR | OUT: '' | store.addr 3
TICK: 000658 | PC: 00113 | STEP: 0 | IR: store 3 | A: 0 | AR: 3 | NZ: 00 | IE: 1 | PENDING: 0 | IN_INTR: 0 | DS: [1496] | RS: [10] | MEM: write mem[3] <- 1496 | LATCH: MEM,PC | OUT: '' | store.write
TICK: 000659 | PC: 00114 | STEP: 0 | IR: drop | A: 0 | AR: 3 | NZ: 00 | IE: 1 | PENDING: 0 | IN_INTR: 0 | DS: [] | RS: [10] | MEM: - | LATCH: PC | OUT: '' | drop
TICK: 000660 | PC: 00114 | STEP: 1 | IR: load 1 | A: 0 | AR: 1 | NZ: 00 | IE: 1 | PENDING: 0 | IN_INTR: 0 | DS: [] | RS: [10] | MEM: - | LATCH: AR | OUT: '' | load.addr 1
TICK: 000661 | PC: 00119 | STEP: 0 | IR: load 1 | A: 0 | AR: 1 | NZ: 00 | IE: 1 | PENDING: 0 | IN_INTR: 0 | DS: [16] | RS: [10] | MEM: read mem[1] | LATCH: DS.push,PC | OUT: '' | load.read
TICK: 000662 | PC: 00124 | STEP: 0 | IR: literal 1 | A: 0 | AR: 1 | NZ: 00 | IE: 1 | PENDING: 0 | IN_INTR: 0 | DS: [16, 1] | RS: [10] | MEM: - | LATCH: DS.push,PC | OUT: '' | literal 1
TICK: 000663 | PC: 00124 | STEP: 1 | IR: add | A: 0 | AR: 1 | NZ: 00 | IE: 1 | PENDING: 0 | IN_INTR: 0 | DS: [] | RS: [10] | MEM: - | LATCH: ALU.left,ALU.right | OUT: '' | add.load_operands
TICK: 000664 | PC: 00125 | STEP: 0 | IR: add | A: 0 | AR: 1 | NZ: 00 | IE: 1 | PENDING: 0 | IN_INTR: 0 | DS: [17] | RS: [10] | MEM: - | LATCH: DS.push(ALU),PC | OUT: '' | add.write_result
TICK: 000665 | PC: 00126 | STEP: 0 | IR: dup | A: 0 | AR: 1 | NZ: 00 | IE: 1 | PENDING: 0 | IN_INTR: 0 | DS: [17, 17] | RS: [10] | MEM: - | LATCH: DS.dup,PC | OUT: '' | dup
TICK: 000666 | PC: 00126 | STEP: 1 | IR: store 1 | A: 0 | AR: 1 | NZ: 00 | IE: 1 | PENDING: 0 | IN_INTR: 0 | DS: [17, 17] | RS: [10] | MEM: - | LATCH: AR | OUT: '' | store.addr 1
TICK: 000667 | PC: 00131 | STEP: 0 | IR: store 1 | A: 0 | AR: 1 | NZ: 00 | IE: 1 | PENDING: 0 | IN_INTR: 0 | DS: [17] | RS: [10] | MEM: write mem[1] <- 17 | LATCH: MEM,PC | OUT: '' | store.write
TICK: 000668 | PC: 00132 | STEP: 0 | IR: drop | A: 0 | AR: 1 | NZ: 00 | IE: 1 | PENDING: 0 | IN_INTR: 0 | DS: [] | RS: [10] | MEM: - | LATCH: PC | OUT: '' | drop
TICK: 000669 | PC: 00051 | STEP: 0 | IR: jmp 51 | A: 0 | AR: 1 | NZ: 00 | IE: 1 | PENDING: 0 | IN_INTR: 0 | DS: [] | RS: [10] | MEM: - | LATCH: PC | OUT: '' | jmp 51
TICK: 000670 | PC: 00056 | STEP: 0 | IR: literal 100 | A: 0 | AR: 1 | NZ: 00 | IE: 1 | PENDING: 0 | IN_INTR: 0 | DS: [100] | RS: [10] | MEM: - | LATCH: DS.push,PC | OUT: '' | literal 100
TICK: 000671 | PC: 00056 | STEP: 1 | IR: load 1 | A: 0 | AR: 1 | NZ: 00 | IE: 1 | PENDING: 0 | IN_INTR: 0 | DS: [100] | RS: [10] | MEM: - | LATCH: AR | OUT: '' | load.addr 1
TICK: 000672 | PC: 00061 | STEP: 0 | IR: load 1 | A: 0 | AR: 1 | NZ: 00 | IE: 1 | PENDING: 0 | IN_INTR: 0 | DS: [100, 17] | RS: [10] | MEM: read mem[1] | LATCH: DS.push,PC | OUT: '' | load.read
TICK: 000673 | PC: 00061 | STEP: 1 | IR: sub | A: 0 | AR: 1 | NZ: 00 | IE: 1 | PENDING: 0 | IN_INTR: 0 | DS: [] | RS: [10] | MEM: - | LATCH: ALU.left,ALU.right | OUT: '' | sub.load_operands
TICK: 000674 | PC: 00062 | STEP: 0 | IR: sub | A: 0 | AR: 1 | NZ: 00 | IE: 1 | PENDING: 0 | IN_INTR: 0 | DS: [83] | RS: [10] | MEM: - | LATCH: DS.push(ALU),PC | OUT: '' | sub.write_result
TICK: 000675 | PC: 00062 | STEP: 1 | IR: mif 72 | A: 0 | AR: 1 | NZ: 00 | IE: 1 | PENDING: 0 | IN_INTR: 0 | DS: [] | RS: [10] | MEM: - | LATCH: ALU.left | OUT: '' | mif.test
TICK: 000676 | PC: 00072 | STEP: 0 | IR: mif 72 | A: 0 | AR: 1 | NZ: 00 | IE: 1 | PENDING: 0 | IN_INTR: 0 | DS: [] | RS: [10] | MEM: - | LATCH: PC | OUT: '' | mif.branch
TICK: 000677 | PC: 00072 | STEP: 1 | IR: load 2 | A: 0 | AR: 2 | NZ: 00 | IE: 1 | PENDING: 0 | IN_INTR: 0 | DS: [] | RS: [10] | MEM: - | LATCH: AR | OUT: '' | load.addr 2
TICK: 000678 | PC: 00077 | STEP: 0 | IR: load 2 | A: 0 | AR: 2 | NZ: 00 | IE: 1 | PENDING: 0 | IN_INTR: 0 | DS: [136] | RS: [10] | MEM: read mem[2] | LATCH: DS.push,PC | OUT: '' | load.read
TICK: 000679 | PC: 00077 | STEP: 1 | IR: load 1 | A: 0 | AR: 1 | NZ: 00 | IE: 1 | PENDING: 0 | IN_INTR: 0 | DS: [136] | RS: [10] | MEM: - | LATCH: AR | OUT: '' | load.addr 1
TICK: 000680 | PC: 00082 | STEP: 0 | IR: load 1 | A: 0 | AR: 1 | NZ: 00 | IE: 1 | PENDING: 0 | IN_INTR: 0 | DS: [136, 17] | RS: [10] | MEM: read mem[1] | LATCH: DS.push,PC | OUT: '' | load.read
TICK: 000681 | PC: 00082 | STEP: 1 | IR: add | A: 0 | AR: 1 | NZ: 00 | IE: 1 | PENDING: 0 | IN_INTR: 0 | DS: [] | RS: [10] | MEM: - | LATCH: ALU.left,ALU.right | OUT: '' | add.load_operands
TICK: 000682 | PC: 00083 | STEP: 0 | IR: add | A: 0 | AR: 1 | NZ: 00 | IE: 1 | PENDING: 0 | IN_INTR: 0 | DS: [153] | RS: [10] | MEM: - | LATCH: DS.push(ALU),PC | OUT: '' | add.write_result
TICK: 000683 | PC: 00084 | STEP: 0 | IR: dup | A: 0 | AR: 1 | NZ: 00 | IE: 1 | PENDING: 0 | IN_INTR: 0 | DS: [153, 153] | RS: [10] | MEM: - | LATCH: DS.dup,PC | OUT: '' | dup
TICK: 000684 | PC: 00084 | STEP: 1 | IR: store 2 | A: 0 | AR: 2 | NZ: 00 | IE: 1 | PENDING: 0 | IN_INTR: 0 | DS: [153, 153] | RS: [10] | MEM: - | LATCH: AR | OUT: '' | store.addr 2
TICK: 000685 | PC: 00089 | STEP: 0 | IR: store 2 | A: 0 | AR: 2 | NZ: 00 | IE: 1 | PENDING: 0 | IN_INTR: 0 | DS: [153] | RS: [10] | MEM: write mem[2] <- 153 | LATCH: MEM,PC | OUT: '' | store.write
TICK: 000686 | PC: 00090 | STEP: 0 | IR: drop | A: 0 | AR: 2 | NZ: 00 | IE: 1 | PENDING: 0 | IN_INTR: 0 | DS: [] | RS: [10] | MEM: - | LATCH: PC | OUT: '' | drop
TICK: 000687 | PC: 00090 | STEP: 1 | IR: load 3 | A: 0 | AR: 3 | NZ: 00 | IE: 1 | PENDING: 0 | IN_INTR: 0 | DS: [] | RS: [10] | MEM: - | LATCH: AR | OUT: '' | load.addr 3
TICK: 000688 | PC: 00095 | STEP: 0 | IR: load 3 | A: 0 | AR: 3 | NZ: 00 | IE: 1 | PENDING: 0 | IN_INTR: 0 | DS: [1496] | RS: [10] | MEM: read mem[3] | LATCH: DS.push,PC | OUT: '' | load.read
TICK: 000689 | PC: 00095 | STEP: 1 | IR: load 1 | A: 0 | AR: 1 | NZ: 00 | IE: 1 | PENDING: 0 | IN_INTR: 0 | DS: [1496] | RS: [10] | MEM: - | LATCH: AR | OUT: '' | load.addr 1
TICK: 000690 | PC: 00100 | STEP: 0 | IR: load 1 | A: 0 | AR: 1 | NZ: 00 | IE: 1 | PENDING: 0 | IN_INTR: 0 | DS: [1496, 17] | RS: [10] | MEM: read mem[1] | LATCH: DS.push,PC | OUT: '' | load.read
TICK: 000691 | PC: 00100 | STEP: 1 | IR: load 1 | A: 0 | AR: 1 | NZ: 00 | IE: 1 | PENDING: 0 | IN_INTR: 0 | DS: [1496, 17] | RS: [10] | MEM: - | LATCH: AR | OUT: '' | load.addr 1
TICK: 000692 | PC: 00105 | STEP: 0 | IR: load 1 | A: 0 | AR: 1 | NZ: 00 | IE: 1 | PENDING: 0 | IN_INTR: 0 | DS: [1496, 17, 17] | RS: [10] | MEM: read mem[1] | LATCH: DS.push,PC | OUT: '' | load.read
TICK: 000693 | PC: 00105 | STEP: 1 | IR: mul | A: 0 | AR: 1 | NZ: 00 | IE: 1 | PENDING: 0 | IN_INTR: 0 | DS: [1496] | RS: [10] | MEM: - | LATCH: ALU.left,ALU.right | OUT: '' | mul.load_operands
TICK: 000694 | PC: 00106 | STEP: 0 | IR: mul | A: 0 | AR: 1 | NZ: 00 | IE: 1 | PENDING: 0 | IN_INTR: 0 | DS: [1496, 289] | RS: [10] | MEM: - | LATCH: DS.push(ALU),PC | OUT: '' | mul.write_result
TICK: 000695 | PC: 00106 | STEP: 1 | IR: add | A: 0 | AR: 1 | NZ: 00 | IE: 1 | PENDING: 0 | IN_INTR: 0 | DS: [] | RS: [10] | MEM: - | LATCH: ALU.left,ALU.right | OUT: '' | add.load_operands
TICK: 000696 | PC: 00107 | STEP: 0 | IR: add | A: 0 | AR: 1 | NZ: 00 | IE: 1 | PENDING: 0 | IN_INTR: 0 | DS: [1785] | RS: [10] | MEM: - | LATCH: DS.push(ALU),PC | OUT: '' | add.write_result
TICK: 000697 | PC: 00108 | STEP: 0 | IR: dup | A: 0 | AR: 1 | NZ: 00 | IE: 1 | PENDING: 0 | IN_INTR: 0 | DS: [1785, 1785] | RS: [10] | MEM: - | LATCH: DS.dup,PC | OUT: '' | dup
TICK: 000698 | PC: 00108 | STEP: 1 | IR: store 3 | A: 0 | AR: 3 | NZ: 00 | IE: 1 | PENDING: 0 | IN_INTR: 0 | DS: [1785, 1785] | RS: [10] | MEM: - | LATCH: AR | OUT: '' | store.addr 3
TICK: 000699 | PC: 00113 | STEP: 0 | IR: store 3 | A: 0 | AR: 3 | NZ: 00 | IE: 1 | PENDING: 0 | IN_INTR: 0 | DS: [1785] | RS: [10] | MEM: write mem[3] <- 1785 | LATCH: MEM,PC | OUT: '' | store.write
TICK: 000700 | PC: 00114 | STEP: 0 | IR: drop | A: 0 | AR: 3 | NZ: 00 | IE: 1 | PENDING: 0 | IN_INTR: 0 | DS: [] | RS: [10] | MEM: - | LATCH: PC | OUT: '' | drop
TICK: 000701 | PC: 00114 | STEP: 1 | IR: load 1 | A: 0 | AR: 1 | NZ: 00 | IE: 1 | PENDING: 0 | IN_INTR: 0 | DS: [] | RS: [10] | MEM: - | LATCH: AR | OUT: '' | load.addr 1
TICK: 000702 | PC: 00119 | STEP: 0 | IR: load 1 | A: 0 | AR: 1 | NZ: 00 | IE: 1 | PENDING: 0 | IN_INTR: 0 | DS: [17] | RS: [10] | MEM: read mem[1] | LATCH: DS.push,PC | OUT: '' | load.read
TICK: 000703 | PC: 00124 | STEP: 0 | IR: literal 1 | A: 0 | AR: 1 | NZ: 00 | IE: 1 | PENDING: 0 | IN_INTR: 0 | DS: [17, 1] | RS: [10] | MEM: - | LATCH: DS.push,PC | OUT: '' | literal 1
TICK: 000704 | PC: 00124 | STEP: 1 | IR: add | A: 0 | AR: 1 | NZ: 00 | IE: 1 | PENDING: 0 | IN_INTR: 0 | DS: [] | RS: [10] | MEM: - | LATCH: ALU.left,ALU.right | OUT: '' | add.load_operands
TICK: 000705 | PC: 00125 | STEP: 0 | IR: add | A: 0 | AR: 1 | NZ: 00 | IE: 1 | PENDING: 0 | IN_INTR: 0 | DS: [18] | RS: [10] | MEM: - | LATCH: DS.push(ALU),PC | OUT: '' | add.write_result
TICK: 000706 | PC: 00126 | STEP: 0 | IR: dup | A: 0 | AR: 1 | NZ: 00 | IE: 1 | PENDING: 0 | IN_INTR: 0 | DS: [18, 18] | RS: [10] | MEM: - | LATCH: DS.dup,PC | OUT: '' | dup
TICK: 000707 | PC: 00126 | STEP: 1 | IR: store 1 | A: 0 | AR: 1 | NZ: 00 | IE: 1 | PENDING: 0 | IN_INTR: 0 | DS: [18, 18] | RS: [10] | MEM: - | LATCH: AR | OUT: '' | store.addr 1
TICK: 000708 | PC: 00131 | STEP: 0 | IR: store 1 | A: 0 | AR: 1 | NZ: 00 | IE: 1 | PENDING: 0 | IN_INTR: 0 | DS: [18] | RS: [10] | MEM: write mem[1] <- 18 | LATCH: MEM,PC | OUT: '' | store.write
TICK: 000709 | PC: 00132 | STEP: 0 | IR: drop | A: 0 | AR: 1 | NZ: 00 | IE: 1 | PENDING: 0 | IN_INTR: 0 | DS: [] | RS: [10] | MEM: - | LATCH: PC | OUT: '' | drop
TICK: 000710 | PC: 00051 | STEP: 0 | IR: jmp 51 | A: 0 | AR: 1 | NZ: 00 | IE: 1 | PENDING: 0 | IN_INTR: 0 | DS: [] | RS: [10] | MEM: - | LATCH: PC | OUT: '' | jmp 51
TICK: 000711 | PC: 00056 | STEP: 0 | IR: literal 100 | A: 0 | AR: 1 | NZ: 00 | IE: 1 | PENDING: 0 | IN_INTR: 0 | DS: [100] | RS: [10] | MEM: - | LATCH: DS.push,PC | OUT: '' | literal 100
TICK: 000712 | PC: 00056 | STEP: 1 | IR: load 1 | A: 0 | AR: 1 | NZ: 00 | IE: 1 | PENDING: 0 | IN_INTR: 0 | DS: [100] | RS: [10] | MEM: - | LATCH: AR | OUT: '' | load.addr 1
TICK: 000713 | PC: 00061 | STEP: 0 | IR: load 1 | A: 0 | AR: 1 | NZ: 00 | IE: 1 | PENDING: 0 | IN_INTR: 0 | DS: [100, 18] | RS: [10] | MEM: read mem[1] | LATCH: DS.push,PC | OUT: '' | load.read
TICK: 000714 | PC: 00061 | STEP: 1 | IR: sub | A: 0 | AR: 1 | NZ: 00 | IE: 1 | PENDING: 0 | IN_INTR: 0 | DS: [] | RS: [10] | MEM: - | LATCH: ALU.left,ALU.right | OUT: '' | sub.load_operands
TICK: 000715 | PC: 00062 | STEP: 0 | IR: sub | A: 0 | AR: 1 | NZ: 00 | IE: 1 | PENDING: 0 | IN_INTR: 0 | DS: [82] | RS: [10] | MEM: - | LATCH: DS.push(ALU),PC | OUT: '' | sub.write_result
TICK: 000716 | PC: 00062 | STEP: 1 | IR: mif 72 | A: 0 | AR: 1 | NZ: 00 | IE: 1 | PENDING: 0 | IN_INTR: 0 | DS: [] | RS: [10] | MEM: - | LATCH: ALU.left | OUT: '' | mif.test
TICK: 000717 | PC: 00072 | STEP: 0 | IR: mif 72 | A: 0 | AR: 1 | NZ: 00 | IE: 1 | PENDING: 0 | IN_INTR: 0 | DS: [] | RS: [10] | MEM: - | LATCH: PC | OUT: '' | mif.branch
TICK: 000718 | PC: 00072 | STEP: 1 | IR: load 2 | A: 0 | AR: 2 | NZ: 00 | IE: 1 | PENDING: 0 | IN_INTR: 0 | DS: [] | RS: [10] | MEM: - | LATCH: AR | OUT: '' | load.addr 2
TICK: 000719 | PC: 00077 | STEP: 0 | IR: load 2 | A: 0 | AR: 2 | NZ: 00 | IE: 1 | PENDING: 0 | IN_INTR: 0 | DS: [153] | RS: [10] | MEM: read mem[2] | LATCH: DS.push,PC | OUT: '' | load.read
TICK: 000720 | PC: 00077 | STEP: 1 | IR: load 1 | A: 0 | AR: 1 | NZ: 00 | IE: 1 | PENDING: 0 | IN_INTR: 0 | DS: [153] | RS: [10] | MEM: - | LATCH: AR | OUT: '' | load.addr 1
TICK: 000721 | PC: 00082 | STEP: 0 | IR: load 1 | A: 0 | AR: 1 | NZ: 00 | IE: 1 | PENDING: 0 | IN_INTR: 0 | DS: [153, 18] | RS: [10] | MEM: read mem[1] | LATCH: DS.push,PC | OUT: '' | load.read
TICK: 000722 | PC: 00082 | STEP: 1 | IR: add | A: 0 | AR: 1 | NZ: 00 | IE: 1 | PENDING: 0 | IN_INTR: 0 | DS: [] | RS: [10] | MEM: - | LATCH: ALU.left,ALU.right | OUT: '' | add.load_operands
TICK: 000723 | PC: 00083 | STEP: 0 | IR: add | A: 0 | AR: 1 | NZ: 00 | IE: 1 | PENDING: 0 | IN_INTR: 0 | DS: [171] | RS: [10] | MEM: - | LATCH: DS.push(ALU),PC | OUT: '' | add.write_result
TICK: 000724 | PC: 00084 | STEP: 0 | IR: dup | A: 0 | AR: 1 | NZ: 00 | IE: 1 | PENDING: 0 | IN_INTR: 0 | DS: [171, 171] | RS: [10] | MEM: - | LATCH: DS.dup,PC | OUT: '' | dup
TICK: 000725 | PC: 00084 | STEP: 1 | IR: store 2 | A: 0 | AR: 2 | NZ: 00 | IE: 1 | PENDING: 0 | IN_INTR: 0 | DS: [171, 171] | RS: [10] | MEM: - | LATCH: AR | OUT: '' | store.addr 2
TICK: 000726 | PC: 00089 | STEP: 0 | IR: store 2 | A: 0 | AR: 2 | NZ: 00 | IE: 1 | PENDING: 0 | IN_INTR: 0 | DS: [171] | RS: [10] | MEM: write mem[2] <- 171 | LATCH: MEM,PC | OUT: '' | store.write
TICK: 000727 | PC: 00090 | STEP: 0 | IR: drop | A: 0 | AR: 2 | NZ: 00 | IE: 1 | PENDING: 0 | IN_INTR: 0 | DS: [] | RS: [10] | MEM: - | LATCH: PC | OUT: '' | drop
TICK: 000728 | PC: 00090 | STEP: 1 | IR: load 3 | A: 0 | AR: 3 | NZ: 00 | IE: 1 | PENDING: 0 | IN_INTR: 0 | DS: [] | RS: [10] | MEM: - | LATCH: AR | OUT: '' | load.addr 3
TICK: 000729 | PC: 00095 | STEP: 0 | IR: load 3 | A: 0 | AR: 3 | NZ: 00 | IE: 1 | PENDING: 0 | IN_INTR: 0 | DS: [1785] | RS: [10] | MEM: read mem[3] | LATCH: DS.push,PC | OUT: '' | load.read
TICK: 000730 | PC: 00095 | STEP: 1 | IR: load 1 | A: 0 | AR: 1 | NZ: 00 | IE: 1 | PENDING: 0 | IN_INTR: 0 | DS: [1785] | RS: [10] | MEM: - | LATCH: AR | OUT: '' | load.addr 1
TICK: 000731 | PC: 00100 | STEP: 0 | IR: load 1 | A: 0 | AR: 1 | NZ: 00 | IE: 1 | PENDING: 0 | IN_INTR: 0 | DS: [1785, 18] | RS: [10] | MEM: read mem[1] | LATCH: DS.push,PC | OUT: '' | load.read
TICK: 000732 | PC: 00100 | STEP: 1 | IR: load 1 | A: 0 | AR: 1 | NZ: 00 | IE: 1 | PENDING: 0 | IN_INTR: 0 | DS: [1785, 18] | RS: [10] | MEM: - | LATCH: AR | OUT: '' | load.addr 1
TICK: 000733 | PC: 00105 | STEP: 0 | IR: load 1 | A: 0 | AR: 1 | NZ: 00 | IE: 1 | PENDING: 0 | IN_INTR: 0 | DS: [1785, 18, 18] | RS: [10] | MEM: read mem[1] | LATCH: DS.push,PC | OUT: '' | load.read
TICK: 000734 | PC: 00105 | STEP: 1 | IR: mul | A: 0 | AR: 1 | NZ: 00 | IE: 1 | PENDING: 0 | IN_INTR: 0 | DS: [1785] | RS: [10] | MEM: - | LATCH: ALU.left,ALU.right | OUT: '' | mul.load_operands
TICK: 000735 | PC: 00106 | STEP: 0 | IR: mul | A: 0 | AR: 1 | NZ: 00 | IE: 1 | PENDING: 0 | IN_INTR: 0 | DS: [1785, 324] | RS: [10] | MEM: - | LATCH: DS.push(ALU),PC | OUT: '' | mul.write_result
TICK: 000736 | PC: 00106 | STEP: 1 | IR: add | A: 0 | AR: 1 | NZ: 00 | IE: 1 | PENDING: 0 | IN_INTR: 0 | DS: [] | RS: [10] | MEM: - | LATCH: ALU.left,ALU.right | OUT: '' | add.load_operands
TICK: 000737 | PC: 00107 | STEP: 0 | IR: add | A: 0 | AR: 1 | NZ: 00 | IE: 1 | PENDING: 0 | IN_INTR: 0 | DS: [2109] | RS: [10] | MEM: - | LATCH: DS.push(ALU),PC | OUT: '' | add.write_result
TICK: 000738 | PC: 00108 | STEP: 0 | IR: dup | A: 0 | AR: 1 | NZ: 00 | IE: 1 | PENDING: 0 | IN_INTR: 0 | DS: [2109, 2109] | RS: [10] | MEM: - | LATCH: DS.dup,PC | OUT: '' | dup
TICK: 000739 | PC: 00108 | STEP: 1 | IR: store 3 | A: 0 | AR: 3 | NZ: 00 | IE: 1 | PENDING: 0 | IN_INTR: 0 | DS: [2109, 2109] | RS: [10] | MEM: - | LATCH: AR | OUT: '' | store.addr 3
TICK: 000740 | PC: 00113 | STEP: 0 | IR: store 3 | A: 0 | AR: 3 | NZ: 00 | IE: 1 | PENDING: 0 | IN_INTR: 0 | DS: [2109] | RS: [10] | MEM: write mem[3] <- 2109 | LATCH: MEM,PC | OUT: '' | store.write
TICK: 000741 | PC: 00114 | STEP: 0 | IR: drop | A: 0 | AR: 3 | NZ: 00 | IE: 1 | PENDING: 0 | IN_INTR: 0 | DS: [] | RS: [10] | MEM: - | LATCH: PC | OUT: '' | drop
TICK: 000742 | PC: 00114 | STEP: 1 | IR: load 1 | A: 0 | AR: 1 | NZ: 00 | IE: 1 | PENDING: 0 | IN_INTR: 0 | DS: [] | RS: [10] | MEM: - | LATCH: AR | OUT: '' | load.addr 1
TICK: 000743 | PC: 00119 | STEP: 0 | IR: load 1 | A: 0 | AR: 1 | NZ: 00 | IE: 1 | PENDING: 0 | IN_INTR: 0 | DS: [18] | RS: [10] | MEM: read mem[1] | LATCH: DS.push,PC | OUT: '' | load.read
TICK: 000744 | PC: 00124 | STEP: 0 | IR: literal 1 | A: 0 | AR: 1 | NZ: 00 | IE: 1 | PENDING: 0 | IN_INTR: 0 | DS: [18, 1] | RS: [10] | MEM: - | LATCH: DS.push,PC | OUT: '' | literal 1
TICK: 000745 | PC: 00124 | STEP: 1 | IR: add | A: 0 | AR: 1 | NZ: 00 | IE: 1 | PENDING: 0 | IN_INTR: 0 | DS: [] | RS: [10] | MEM: - | LATCH: ALU.left,ALU.right | OUT: '' | add.load_operands
TICK: 000746 | PC: 00125 | STEP: 0 | IR: add | A: 0 | AR: 1 | NZ: 00 | IE: 1 | PENDING: 0 | IN_INTR: 0 | DS: [19] | RS: [10] | MEM: - | LATCH: DS.push(ALU),PC | OUT: '' | add.write_result
TICK: 000747 | PC: 00126 | STEP: 0 | IR: dup | A: 0 | AR: 1 | NZ: 00 | IE: 1 | PENDING: 0 | IN_INTR: 0 | DS: [19, 19] | RS: [10] | MEM: - | LATCH: DS.dup,PC | OUT: '' | dup
TICK: 000748 | PC: 00126 | STEP: 1 | IR: store 1 | A: 0 | AR: 1 | NZ: 00 | IE: 1 | PENDING: 0 | IN_INTR: 0 | DS: [19, 19] | RS: [10] | MEM: - | LATCH: AR | OUT: '' | store.addr 1
TICK: 000749 | PC: 00131 | STEP: 0 | IR: store 1 | A: 0 | AR: 1 | NZ: 00 | IE: 1 | PENDING: 0 | IN_INTR: 0 | DS: [19] | RS: [10] | MEM: write mem[1] <- 19 | LATCH: MEM,PC | OUT: '' | store.write
TICK: 000750 | PC: 00132 | STEP: 0 | IR: drop | A: 0 | AR: 1 | NZ: 00 | IE: 1 | PENDING: 0 | IN_INTR: 0 | DS: [] | RS: [10] | MEM: - | LATCH: PC | OUT: '' | drop
TICK: 000751 | PC: 00051 | STEP: 0 | IR: jmp 51 | A: 0 | AR: 1 | NZ: 00 | IE: 1 | PENDING: 0 | IN_INTR: 0 | DS: [] | RS: [10] | MEM: - | LATCH: PC | OUT: '' | jmp 51
TICK: 000752 | PC: 00056 | STEP: 0 | IR: literal 100 | A: 0 | AR: 1 | NZ: 00 | IE: 1 | PENDING: 0 | IN_INTR: 0 | DS: [100] | RS: [10] | MEM: - | LATCH: DS.push,PC | OUT: '' | literal 100
TICK: 000753 | PC: 00056 | STEP: 1 | IR: load 1 | A: 0 | AR: 1 | NZ: 00 | IE: 1 | PENDING: 0 | IN_INTR: 0 | DS: [100] | RS: [10] | MEM: - | LATCH: AR | OUT: '' | load.addr 1
TICK: 000754 | PC: 00061 | STEP: 0 | IR: load 1 | A: 0 | AR: 1 | NZ: 00 | IE: 1 | PENDING: 0 | IN_INTR: 0 | DS: [100, 19] | RS: [10] | MEM: read mem[1] | LATCH: DS.push,PC | OUT: '' | load.read
TICK: 000755 | PC: 00061 | STEP: 1 | IR: sub | A: 0 | AR: 1 | NZ: 00 | IE: 1 | PENDING: 0 | IN_INTR: 0 | DS: [] | RS: [10] | MEM: - | LATCH: ALU.left,ALU.right | OUT: '' | sub.load_operands
TICK: 000756 | PC: 00062 | STEP: 0 | IR: sub | A: 0 | AR: 1 | NZ: 00 | IE: 1 | PENDING: 0 | IN_INTR: 0 | DS: [81] | RS: [10] | MEM: - | LATCH: DS.push(ALU),PC | OUT: '' | sub.write_result
TICK: 000757 | PC: 00062 | STEP: 1 | IR: mif 72 | A: 0 | AR: 1 | NZ: 00 | IE: 1 | PENDING: 0 | IN_INTR: 0 | DS: [] | RS: [10] | MEM: - | LATCH: ALU.left | OUT: '' | mif.test
TICK: 000758 | PC: 00072 | STEP: 0 | IR: mif 72 | A: 0 | AR: 1 | NZ: 00 | IE: 1 | PENDING: 0 | IN_INTR: 0 | DS: [] | RS: [10] | MEM: - | LATCH: PC | OUT: '' | mif.branch
TICK: 000759 | PC: 00072 | STEP: 1 | IR: load 2 | A: 0 | AR: 2 | NZ: 00 | IE: 1 | PENDING: 0 | IN_INTR: 0 | DS: [] | RS: [10] | MEM: - | LATCH: AR | OUT: '' | load.addr 2
TICK: 000760 | PC: 00077 | STEP: 0 | IR: load 2 | A: 0 | AR: 2 | NZ: 00 | IE: 1 | PENDING: 0 | IN_INTR: 0 | DS: [171] | RS: [10] | MEM: read mem[2] | LATCH: DS.push,PC | OUT: '' | load.read
TICK: 000761 | PC: 00077 | STEP: 1 | IR: load 1 | A: 0 | AR: 1 | NZ: 00 | IE: 1 | PENDING: 0 | IN_INTR: 0 | DS: [171] | RS: [10] | MEM: - | LATCH: AR | OUT: '' | load.addr 1
TICK: 000762 | PC: 00082 | STEP: 0 | IR: load 1 | A: 0 | AR: 1 | NZ: 00 | IE: 1 | PENDING: 0 | IN_INTR: 0 | DS: [171, 19] | RS: [10] | MEM: read mem[1] | LATCH: DS.push,PC | OUT: '' | load.read
TICK: 000763 | PC: 00082 | STEP: 1 | IR: add | A: 0 | AR: 1 | NZ: 00 | IE: 1 | PENDING: 0 | IN_INTR: 0 | DS: [] | RS: [10] | MEM: - | LATCH: ALU.left,ALU.right | OUT: '' | add.load_operands
TICK: 000764 | PC: 00083 | STEP: 0 | IR: add | A: 0 | AR: 1 | NZ: 00 | IE: 1 | PENDING: 0 | IN_INTR: 0 | DS: [190] | RS: [10] | MEM: - | LATCH: DS.push(ALU),PC | OUT: '' | add.write_result
TICK: 000765 | PC: 00084 | STEP: 0 | IR: dup | A: 0 | AR: 1 | NZ: 00 | IE: 1 | PENDING: 0 | IN_INTR: 0 | DS: [190, 190] | RS: [10] | MEM: - | LATCH: DS.dup,PC | OUT: '' | dup
TICK: 000766 | PC: 00084 | STEP: 1 | IR: store 2 | A: 0 | AR: 2 | NZ: 00 | IE: 1 | PENDING: 0 | IN_INTR: 0 | DS: [190, 190] | RS: [10] | MEM: - | LATCH: AR | OUT: '' | store.addr 2
TICK: 000767 | PC: 00089 | STEP: 0 | IR: store 2 | A: 0 | AR: 2 | NZ: 00 | IE: 1 | PENDING: 0 | IN_INTR: 0 | DS: [190] | RS: [10] | MEM: write mem[2] <- 190 | LATCH: MEM,PC | OUT: '' | store.write
TICK: 000768 | PC: 00090 | STEP: 0 | IR: drop | A: 0 | AR: 2 | NZ: 00 | IE: 1 | PENDING: 0 | IN_INTR: 0 | DS: [] | RS: [10] | MEM: - | LATCH: PC | OUT: '' | drop
TICK: 000769 | PC: 00090 | STEP: 1 | IR: load 3 | A: 0 | AR: 3 | NZ: 00 | IE: 1 | PENDING: 0 | IN_INTR: 0 | DS: [] | RS: [10] | MEM: - | LATCH: AR | OUT: '' | load.addr 3
TICK: 000770 | PC: 00095 | STEP: 0 | IR: load 3 | A: 0 | AR: 3 | NZ: 00 | IE: 1 | PENDING: 0 | IN_INTR: 0 | DS: [2109] | RS: [10] | MEM: read mem[3] | LATCH: DS.push,PC | OUT: '' | load.read
TICK: 000771 | PC: 00095 | STEP: 1 | IR: load 1 | A: 0 | AR: 1 | NZ: 00 | IE: 1 | PENDING: 0 | IN_INTR: 0 | DS: [2109] | RS: [10] | MEM: - | LATCH: AR | OUT: '' | load.addr 1
TICK: 000772 | PC: 00100 | STEP: 0 | IR: load 1 | A: 0 | AR: 1 | NZ: 00 | IE: 1 | PENDING: 0 | IN_INTR: 0 | DS: [2109, 19] | RS: [10] | MEM: read mem[1] | LATCH: DS.push,PC | OUT: '' | load.read
TICK: 000773 | PC: 00100 | STEP: 1 | IR: load 1 | A: 0 | AR: 1 | NZ: 00 | IE: 1 | PENDING: 0 | IN_INTR: 0 | DS: [2109, 19] | RS: [10] | MEM: - | LATCH: AR | OUT: '' | load.addr 1
TICK: 000774 | PC: 00105 | STEP: 0 | IR: load 1 | A: 0 | AR: 1 | NZ: 00 | IE: 1 | PENDING: 0 | IN_INTR: 0 | DS: [2109, 19, 19] | RS: [10] | MEM: read mem[1] | LATCH: DS.push,PC | OUT: '' | load.read
TICK: 000775 | PC: 00105 | STEP: 1 | IR: mul | A: 0 | AR: 1 | NZ: 00 | IE: 1 | PENDING: 0 | IN_INTR: 0 | DS: [2109] | RS: [10] | MEM: - | LATCH: ALU.left,ALU.right | OUT: '' | mul.load_operands
TICK: 000776 | PC: 00106 | STEP: 0 | IR: mul | A: 0 | AR: 1 | NZ: 00 | IE: 1 | PENDING: 0 | IN_INTR: 0 | DS: [2109, 361] | RS: [10] | MEM: - | LATCH: DS.push(ALU),PC | OUT: '' | mul.write_result
TICK: 000777 | PC: 00106 | STEP: 1 | IR: add | A: 0 | AR: 1 | NZ: 00 | IE: 1 | PENDING: 0 | IN_INTR: 0 | DS: [] | RS: [10] | MEM: - | LATCH: ALU.left,ALU.right | OUT: '' | add.load_operands
TICK: 000778 | PC: 00107 | STEP: 0 | IR: add | A: 0 | AR: 1 | NZ: 00 | IE: 1 | PENDING: 0 | IN_INTR: 0 | DS: [2470] | RS: [10] | MEM: - | LATCH: DS.push(ALU),PC | OUT: '' | add.write_result
TICK: 000779 | PC: 00108 | STEP: 0 | IR: dup | A: 0 | AR: 1 | NZ: 00 | IE: 1 | PENDING: 0 | IN_INTR: 0 | DS: [2470, 2470] | RS: [10] | MEM: - | LATCH: DS.dup,PC | OUT: '' | dup
TICK: 000780 | PC: 00108 | STEP: 1 | IR: store 3 | A: 0 | AR: 3 | NZ: 00 | IE: 1 | PENDING: 0 | IN_INTR: 0 | DS: [2470, 2470] | RS: [10] | MEM: - | LATCH: AR | OUT: '' | store.addr 3
TICK: 000781 | PC: 00113 | STEP: 0 | IR: store 3 | A: 0 | AR: 3 | NZ: 00 | IE: 1 | PENDING: 0 | IN_INTR: 0 | DS: [2470] | RS: [10] | MEM: write mem[3] <- 2470 | LATCH: MEM,PC | OUT: '' | store.write
TICK: 000782 | PC: 00114 | STEP: 0 | IR: drop | A: 0 | AR: 3 | NZ: 00 | IE: 1 | PENDING: 0 | IN_INTR: 0 | DS: [] | RS: [10] | MEM: - | LATCH: PC | OUT: '' | drop
TICK: 000783 | PC: 00114 | STEP: 1 | IR: load 1 | A: 0 | AR: 1 | NZ: 00 | IE: 1 | PENDING: 0 | IN_INTR: 0 | DS: [] | RS: [10] | MEM: - | LATCH: AR | OUT: '' | load.addr 1
TICK: 000784 | PC: 00119 | STEP: 0 | IR: load 1 | A: 0 | AR: 1 | NZ: 00 | IE: 1 | PENDING: 0 | IN_INTR: 0 | DS: [19] | RS: [10] | MEM: read mem[1] | LATCH: DS.push,PC | OUT: '' | load.read
TICK: 000785 | PC: 00124 | STEP: 0 | IR: literal 1 | A: 0 | AR: 1 | NZ: 00 | IE: 1 | PENDING: 0 | IN_INTR: 0 | DS: [19, 1] | RS: [10] | MEM: - | LATCH: DS.push,PC | OUT: '' | literal 1
TICK: 000786 | PC: 00124 | STEP: 1 | IR: add | A: 0 | AR: 1 | NZ: 00 | IE: 1 | PENDING: 0 | IN_INTR: 0 | DS: [] | RS: [10] | MEM: - | LATCH: ALU.left,ALU.right | OUT: '' | add.load_operands
TICK: 000787 | PC: 00125 | STEP: 0 | IR: add | A: 0 | AR: 1 | NZ: 00 | IE: 1 | PENDING: 0 | IN_INTR: 0 | DS: [20] | RS: [10] | MEM: - | LATCH: DS.push(ALU),PC | OUT: '' | add.write_result
TICK: 000788 | PC: 00126 | STEP: 0 | IR: dup | A: 0 | AR: 1 | NZ: 00 | IE: 1 | PENDING: 0 | IN_INTR: 0 | DS: [20, 20] | RS: [10] | MEM: - | LATCH: DS.dup,PC | OUT: '' | dup
TICK: 000789 | PC: 00126 | STEP: 1 | IR: store 1 | A: 0 | AR: 1 | NZ: 00 | IE: 1 | PENDING: 0 | IN_INTR: 0 | DS: [20, 20] | RS: [10] | MEM: - | LATCH: AR | OUT: '' | store.addr 1
TICK: 000790 | PC: 00131 | STEP: 0 | IR: store 1 | A: 0 | AR: 1 | NZ: 00 | IE: 1 | PENDING: 0 | IN_INTR: 0 | DS: [20] | RS: [10] | MEM: write mem[1] <- 20 | LATCH: MEM,PC | OUT: '' | store.write
TICK: 000791 | PC: 00132 | STEP: 0 | IR: drop | A: 0 | AR: 1 | NZ: 00 | IE: 1 | PENDING: 0 | IN_INTR: 0 | DS: [] | RS: [10] | MEM: - | LATCH: PC | OUT: '' | drop
TICK: 000792 | PC: 00051 | STEP: 0 | IR: jmp 51 | A: 0 | AR: 1 | NZ: 00 | IE: 1 | PENDING: 0 | IN_INTR: 0 | DS: [] | RS: [10] | MEM: - | LATCH: PC | OUT: '' | jmp 51
TICK: 000793 | PC: 00056 | STEP: 0 | IR: literal 100 | A: 0 | AR: 1 | NZ: 00 | IE: 1 | PENDING: 0 | IN_INTR: 0 | DS: [100] | RS: [10] | MEM: - | LATCH: DS.push,PC | OUT: '' | literal 100
TICK: 000794 | PC: 00056 | STEP: 1 | IR: load 1 | A: 0 | AR: 1 | NZ: 00 | IE: 1 | PENDING: 0 | IN_INTR: 0 | DS: [100] | RS: [10] | MEM: - | LATCH: AR | OUT: '' | load.addr 1
TICK: 000795 | PC: 00061 | STEP: 0 | IR: load 1 | A: 0 | AR: 1 | NZ: 00 | IE: 1 | PENDING: 0 | IN_INTR: 0 | DS: [100, 20] | RS: [10] | MEM: read mem[1] | LATCH: DS.push,PC | OUT: '' | load.read
TICK: 000796 | PC: 00061 | STEP: 1 | IR: sub | A: 0 | AR: 1 | NZ: 00 | IE: 1 | PENDING: 0 | IN_INTR: 0 | DS: [] | RS: [10] | MEM: - | LATCH: ALU.left,ALU.right | OUT: '' | sub.load_operands
TICK: 000797 | PC: 00062 | STEP: 0 | IR: sub | A: 0 | AR: 1 | NZ: 00 | IE: 1 | PENDING: 0 | IN_INTR: 0 | DS: [80] | RS: [10] | MEM: - | LATCH: DS.push(ALU),PC | OUT: '' | sub.write_result
TICK: 000798 | PC: 00062 | STEP: 1 | IR: mif 72 | A: 0 | AR: 1 | NZ: 00 | IE: 1 | PENDING: 0 | IN_INTR: 0 | DS: [] | RS: [10] | MEM: - | LATCH: ALU.left | OUT: '' | mif.test
TICK: 000799 | PC: 00072 | STEP: 0 | IR: mif 72 | A: 0 | AR: 1 | NZ: 00 | IE: 1 | PENDING: 0 | IN_INTR: 0 | DS: [] | RS: [10] | MEM: - | LATCH: PC | OUT: '' | mif.branch
TICK: 000800 | PC: 00072 | STEP: 1 | IR: load 2 | A: 0 | AR: 2 | NZ: 00 | IE: 1 | PENDING: 0 | IN_INTR: 0 | DS: [] | RS: [10] | MEM: - | LATCH: AR | OUT: '' | load.addr 2
TICK: 000801 | PC: 00077 | STEP: 0 | IR: load 2 | A: 0 | AR: 2 | NZ: 00 | IE: 1 | PENDING: 0 | IN_INTR: 0 | DS: [190] | RS: [10] | MEM: read mem[2] | LATCH: DS.push,PC | OUT: '' | load.read
TICK: 000802 | PC: 00077 | STEP: 1 | IR: load 1 | A: 0 | AR: 1 | NZ: 00 | IE: 1 | PENDING: 0 | IN_INTR: 0 | DS: [190] | RS: [10] | MEM: - | LATCH: AR | OUT: '' | load.addr 1
TICK: 000803 | PC: 00082 | STEP: 0 | IR: load 1 | A: 0 | AR: 1 | NZ: 00 | IE: 1 | PENDING: 0 | IN_INTR: 0 | DS: [190, 20] | RS: [10] | MEM: read mem[1] | LATCH: DS.push,PC | OUT: '' | load.read
TICK: 000804 | PC: 00082 | STEP: 1 | IR: add | A: 0 | AR: 1 | NZ: 00 | IE: 1 | PENDING: 0 | IN_INTR: 0 | DS: [] | RS: [10] | MEM: - | LATCH: ALU.left,ALU.right | OUT: '' | add.load_operands
TICK: 000805 | PC: 00083 | STEP: 0 | IR: add | A: 0 | AR: 1 | NZ: 00 | IE: 1 | PENDING: 0 | IN_INTR: 0 | DS: [210] | RS: [10] | MEM: - | LATCH: DS.push(ALU),PC | OUT: '' | add.write_result
TICK: 000806 | PC: 00084 | STEP: 0 | IR: dup | A: 0 | AR: 1 | NZ: 00 | IE: 1 | PENDING: 0 | IN_INTR: 0 | DS: [210, 210] | RS: [10] | MEM: - | LATCH: DS.dup,PC | OUT: '' | dup
TICK: 000807 | PC: 00084 | STEP: 1 | IR: store 2 | A: 0 | AR: 2 | NZ: 00 | IE: 1 | PENDING: 0 | IN_INTR: 0 | DS: [210, 210] | RS: [10] | MEM: - | LATCH: AR | OUT: '' | store.addr 2
TICK: 000808 | PC: 00089 | STEP: 0 | IR: store 2 | A: 0 | AR: 2 | NZ: 00 | IE: 1 | PENDING: 0 | IN_INTR: 0 | DS: [210] | RS: [10] | MEM: write mem[2] <- 210 | LATCH: MEM,PC | OUT: '' | store.write
TICK: 000809 | PC: 00090 | STEP: 0 | IR: drop | A: 0 | AR: 2 | NZ: 00 | IE: 1 | PENDING: 0 | IN_INTR: 0 | DS: [] | RS: [10] | MEM: - | LATCH: PC | OUT: '' | drop
TICK: 000810 | PC: 00090 | STEP: 1 | IR: load 3 | A: 0 | AR: 3 | NZ: 00 | IE: 1 | PENDING: 0 | IN_INTR: 0 | DS: [] | RS: [10] | MEM: - | LATCH: AR | OUT: '' | load.addr 3
TICK: 000811 | PC: 00095 | STEP: 0 | IR: load 3 | A: 0 | AR: 3 | NZ: 00 | IE: 1 | PENDING: 0 | IN_INTR: 0 | DS: [2470] | RS: [10] | MEM: read mem[3] | LATCH: DS.push,PC | OUT: '' | load.read
TICK: 000812 | PC: 00095 | STEP: 1 | IR: load 1 | A: 0 | AR: 1 | NZ: 00 | IE: 1 | PENDING: 0 | IN_INTR: 0 | DS: [2470] | RS: [10] | MEM: - | LATCH: AR | OUT: '' | load.addr 1
TICK: 000813 | PC: 00100 | STEP: 0 | IR: load 1 | A: 0 | AR: 1 | NZ: 00 | IE: 1 | PENDING: 0 | IN_INTR: 0 | DS: [2470, 20] | RS: [10] | MEM: read mem[1] | LATCH: DS.push,PC | OUT: '' | load.read
TICK: 000814 | PC: 00100 | STEP: 1 | IR: load 1 | A: 0 | AR: 1 | NZ: 00 | IE: 1 | PENDING: 0 | IN_INTR: 0 | DS: [2470, 20] | RS: [10] | MEM: - | LATCH: AR | OUT: '' | load.addr 1
TICK: 000815 | PC: 00105 | STEP: 0 | IR: load 1 | A: 0 | AR: 1 | NZ: 00 | IE: 1 | PENDING: 0 | IN_INTR: 0 | DS: [2470, 20, 20] | RS: [10] | MEM: read mem[1] | LATCH: DS.push,PC | OUT: '' | load.read
TICK: 000816 | PC: 00105 | STEP: 1 | IR: mul | A: 0 | AR: 1 | NZ: 00 | IE: 1 | PENDING: 0 | IN_INTR: 0 | DS: [2470] | RS: [10] | MEM: - | LATCH: ALU.left,ALU.right | OUT: '' | mul.load_operands
TICK: 000817 | PC: 00106 | STEP: 0 | IR: mul | A: 0 | AR: 1 | NZ: 00 | IE: 1 | PENDING: 0 | IN_INTR: 0 | DS: [2470, 400] | RS: [10] | MEM: - | LATCH: DS.push(ALU),PC | OUT: '' | mul.write_result
TICK: 000818 | PC: 00106 | STEP: 1 | IR: add | A: 0 | AR: 1 | NZ: 00 | IE: 1 | PENDING: 0 | IN_INTR: 0 | DS: [] | RS: [10] | MEM: - | LATCH: ALU.left,ALU.right | OUT: '' | add.load_operands
TICK: 000819 | PC: 00107 | STEP: 0 | IR: add | A: 0 | AR: 1 | NZ: 00 | IE: 1 | PENDING: 0 | IN_INTR: 0 | DS: [2870] | RS: [10] | MEM: - | LATCH: DS.push(ALU),PC | OUT: '' | add.write_result
TICK: 000820 | PC: 00108 | STEP: 0 | IR: dup | A: 0 | AR: 1 | NZ: 00 | IE: 1 | PENDING: 0 | IN_INTR: 0 | DS: [2870, 2870] | RS: [10] | MEM: - | LATCH: DS.dup,PC | OUT: '' | dup
TICK: 000821 | PC: 00108 | STEP: 1 | IR: store 3 | A: 0 | AR: 3 | NZ: 00 | IE: 1 | PENDING: 0 | IN_INTR: 0 | DS: [2870, 2870] | RS: [10] | MEM: - | LATCH: AR | OUT: '' | store.addr 3
TICK: 000822 | PC: 00113 | STEP: 0 | IR: store 3 | A: 0 | AR: 3 | NZ: 00 | IE: 1 | PENDING: 0 | IN_INTR: 0 | DS: [2870] | RS: [10] | MEM: write mem[3] <- 2870 | LATCH: MEM,PC | OUT: '' | store.write
TICK: 000823 | PC: 00114 | STEP: 0 | IR: drop | A: 0 | AR: 3 | NZ: 00 | IE: 1 | PENDING: 0 | IN_INTR: 0 | DS: [] | RS: [10] | MEM: - | LATCH: PC | OUT: '' | drop
TICK: 000824 | PC: 00114 | STEP: 1 | IR: load 1 | A: 0 | AR: 1 | NZ: 00 | IE: 1 | PENDING: 0 | IN_INTR: 0 | DS: [] | RS: [10] | MEM: - | LATCH: AR | OUT: '' | load.addr 1
TICK: 000825 | PC: 00119 | STEP: 0 | IR: load 1 | A: 0 | AR: 1 | NZ: 00 | IE: 1 | PENDING: 0 | IN_INTR: 0 | DS: [20] | RS: [10] | MEM: read mem[1] | LATCH: DS.push,PC | OUT: '' | load.read
TICK: 000826 | PC: 00124 | STEP: 0 | IR: literal 1 | A: 0 | AR: 1 | NZ: 00 | IE: 1 | PENDING: 0 | IN_INTR: 0 | DS: [20, 1] | RS: [10] | MEM: - | LATCH: DS.push,PC | OUT: '' | literal 1
TICK: 000827 | PC: 00124 | STEP: 1 | IR: add | A: 0 | AR: 1 | NZ: 00 | IE: 1 | PENDING: 0 | IN_INTR: 0 | DS: [] | RS: [10] | MEM: - | LATCH: ALU.left,ALU.right | OUT: '' | add.load_operands
TICK: 000828 | PC: 00125 | STEP: 0 | IR: add | A: 0 | AR: 1 | NZ: 00 | IE: 1 | PENDING: 0 | IN_INTR: 0 | DS: [21] | RS: [10] | MEM: - | LATCH: DS.push(ALU),PC | OUT: '' | add.write_result
TICK: 000829 | PC: 00126 | STEP: 0 | IR: dup | A: 0 | AR: 1 | NZ: 00 | IE: 1 | PENDING: 0 | IN_INTR: 0 | DS: [21, 21] | RS: [10] | MEM: - | LATCH: DS.dup,PC | OUT: '' | dup
TICK: 000830 | PC: 00126 | STEP: 1 | IR: store 1 | A: 0 | AR: 1 | NZ: 00 | IE: 1 | PENDING: 0 | IN_INTR: 0 | DS: [21, 21] | RS: [10] | MEM: - | LATCH: AR | OUT: '' | store.addr 1
TICK: 000831 | PC: 00131 | STEP: 0 | IR: store 1 | A: 0 | AR: 1 | NZ: 00 | IE: 1 | PENDING: 0 | IN_INTR: 0 | DS: [21] | RS: [10] | MEM: write mem[1] <- 21 | LATCH: MEM,PC | OUT: '' | store.write
TICK: 000832 | PC: 00132 | STEP: 0 | IR: drop | A: 0 | AR: 1 | NZ: 00 | IE: 1 | PENDING: 0 | IN_INTR: 0 | DS: [] | RS: [10] | MEM: - | LATCH: PC | OUT: '' | drop
TICK: 000833 | PC: 00051 | STEP: 0 | IR: jmp 51 | A: 0 | AR: 1 | NZ: 00 | IE: 1 | PENDING: 0 | IN_INTR: 0 | DS: [] | RS: [10] | MEM: - | LATCH: PC | OUT: '' | jmp 51
TICK: 000834 | PC: 00056 | STEP: 0 | IR: literal 100 | A: 0 | AR: 1 | NZ: 00 | IE: 1 | PENDING: 0 | IN_INTR: 0 | DS: [100] | RS: [10] | MEM: - | LATCH: DS.push,PC | OUT: '' | literal 100
TICK: 000835 | PC: 00056 | STEP: 1 | IR: load 1 | A: 0 | AR: 1 | NZ: 00 | IE: 1 | PENDING: 0 | IN_INTR: 0 | DS: [100] | RS: [10] | MEM: - | LATCH: AR | OUT: '' | load.addr 1
TICK: 000836 | PC: 00061 | STEP: 0 | IR: load 1 | A: 0 | AR: 1 | NZ: 00 | IE: 1 | PENDING: 0 | IN_INTR: 0 | DS: [100, 21] | RS: [10] | MEM: read mem[1] | LATCH: DS.push,PC | OUT: '' | load.read
TICK: 000837 | PC: 00061 | STEP: 1 | IR: sub | A: 0 | AR: 1 | NZ: 00 | IE: 1 | PENDING: 0 | IN_INTR: 0 | DS: [] | RS: [10] | MEM: - | LATCH: ALU.left,ALU.right | OUT: '' | sub.load_operands
TICK: 000838 | PC: 00062 | STEP: 0 | IR: sub | A: 0 | AR: 1 | NZ: 00 | IE: 1 | PENDING: 0 | IN_INTR: 0 | DS: [79] | RS: [10] | MEM: - | LATCH: DS.push(ALU),PC | OUT: '' | sub.write_result
TICK: 000839 | PC: 00062 | STEP: 1 | IR: mif 72 | A: 0 | AR: 1 | NZ: 00 | IE: 1 | PENDING: 0 | IN_INTR: 0 | DS: [] | RS: [10] | MEM: - | LATCH: ALU.left | OUT: '' | mif.test
TICK: 000840 | PC: 00072 | STEP: 0 | IR: mif 72 | A: 0 | AR: 1 | NZ: 00 | IE: 1 | PENDING: 0 | IN_INTR: 0 | DS: [] | RS: [10] | MEM: - | LATCH: PC | OUT: '' | mif.branch
TICK: 000841 | PC: 00072 | STEP: 1 | IR: load 2 | A: 0 | AR: 2 | NZ: 00 | IE: 1 | PENDING: 0 | IN_INTR: 0 | DS: [] | RS: [10] | MEM: - | LATCH: AR | OUT: '' | load.addr 2
TICK: 000842 | PC: 00077 | STEP: 0 | IR: load 2 | A: 0 | AR: 2 | NZ: 00 | IE: 1 | PENDING: 0 | IN_INTR: 0 | DS: [210] | RS: [10] | MEM: read mem[2] | LATCH: DS.push,PC | OUT: '' | load.read
TICK: 000843 | PC: 00077 | STEP: 1 | IR: load 1 | A: 0 | AR: 1 | NZ: 00 | IE: 1 | PENDING: 0 | IN_INTR: 0 | DS: [210] | RS: [10] | MEM: - | LATCH: AR | OUT: '' | load.addr 1
TICK: 000844 | PC: 00082 | STEP: 0 | IR: load 1 | A: 0 | AR: 1 | NZ: 00 | IE: 1 | PENDING: 0 | IN_INTR: 0 | DS: [210, 21] | RS: [10] | MEM: read mem[1] | LATCH: DS.push,PC | OUT: '' | load.read
TICK: 000845 | PC: 00082 | STEP: 1 | IR: add | A: 0 | AR: 1 | NZ: 00 | IE: 1 | PENDING: 0 | IN_INTR: 0 | DS: [] | RS: [10] | MEM: - | LATCH: ALU.left,ALU.right | OUT: '' | add.load_operands
TICK: 000846 | PC: 00083 | STEP: 0 | IR: add | A: 0 | AR: 1 | NZ: 00 | IE: 1 | PENDING: 0 | IN_INTR: 0 | DS: [231] | RS: [10] | MEM: - | LATCH: DS.push(ALU),PC | OUT: '' | add.write_result
TICK: 000847 | PC: 00084 | STEP: 0 | IR: dup | A: 0 | AR: 1 | NZ: 00 | IE: 1 | PENDING: 0 | IN_INTR: 0 | DS: [231, 231] | RS: [10] | MEM: - | LATCH: DS.dup,PC | OUT: '' | dup
TICK: 000848 | PC: 00084 | STEP: 1 | IR: store 2 | A: 0 | AR: 2 | NZ: 00 | IE: 1 | PENDING: 0 | IN_INTR: 0 | DS: [231, 231] | RS: [10] | MEM: - | LATCH: AR | OUT: '' | store.addr 2
TICK: 000849 | PC: 00089 | STEP: 0 | IR: store 2 | A: 0 | AR: 2 | NZ: 00 | IE: 1 | PENDING: 0 | IN_INTR: 0 | DS: [231] | RS: [10] | MEM: write mem[2] <- 231 | LATCH: MEM,PC | OUT: '' | store.write
TICK: 000850 | PC: 00090 | STEP: 0 | IR: drop | A: 0 | AR: 2 | NZ: 00 | IE: 1 | PENDING: 0 | IN_INTR: 0 | DS: [] | RS: [10] | MEM: - | LATCH: PC | OUT: '' | drop
TICK: 000851 | PC: 00090 | STEP: 1 | IR: load 3 | A: 0 | AR: 3 | NZ: 00 | IE: 1 | PENDING: 0 | IN_INTR: 0 | DS: [] | RS: [10] | MEM: - | LATCH: AR | OUT: '' | load.addr 3
TICK: 000852 | PC: 00095 | STEP: 0 | IR: load 3 | A: 0 | AR: 3 | NZ: 00 | IE: 1 | PENDING: 0 | IN_INTR: 0 | DS: [2870] | RS: [10] | MEM: read mem[3] | LATCH: DS.push,PC | OUT: '' | load.read
TICK: 000853 | PC: 00095 | STEP: 1 | IR: load 1 | A: 0 | AR: 1 | NZ: 00 | IE: 1 | PENDING: 0 | IN_INTR: 0 | DS: [2870] | RS: [10] | MEM: - | LATCH: AR | OUT: '' | load.addr 1
TICK: 000854 | PC: 00100 | STEP: 0 | IR: load 1 | A: 0 | AR: 1 | NZ: 00 | IE: 1 | PENDING: 0 | IN_INTR: 0 | DS: [2870, 21] | RS: [10] | MEM: read mem[1] | LATCH: DS.push,PC | OUT: '' | load.read
TICK: 000855 | PC: 00100 | STEP: 1 | IR: load 1 | A: 0 | AR: 1 | NZ: 00 | IE: 1 | PENDING: 0 | IN_INTR: 0 | DS: [2870, 21] | RS: [10] | MEM: - | LATCH: AR | OUT: '' | load.addr 1
TICK: 000856 | PC: 00105 | STEP: 0 | IR: load 1 | A: 0 | AR: 1 | NZ: 00 | IE: 1 | PENDING: 0 | IN_INTR: 0 | DS: [2870, 21, 21] | RS: [10] | MEM: read mem[1] | LATCH: DS.push,PC | OUT: '' | load.read
TICK: 000857 | PC: 00105 | STEP: 1 | IR: mul | A: 0 | AR: 1 | NZ: 00 | IE: 1 | PENDING: 0 | IN_INTR: 0 | DS: [2870] | RS: [10] | MEM: - | LATCH: ALU.left,ALU.right | OUT: '' | mul.load_operands
TICK: 000858 | PC: 00106 | STEP: 0 | IR: mul | A: 0 | AR: 1 | NZ: 00 | IE: 1 | PENDING: 0 | IN_INTR: 0 | DS: [2870, 441] | RS: [10] | MEM: - | LATCH: DS.push(ALU),PC | OUT: '' | mul.write_result
TICK: 000859 | PC: 00106 | STEP: 1 | IR: add | A: 0 | AR: 1 | NZ: 00 | IE: 1 | PENDING: 0 | IN_INTR: 0 | DS: [] | RS: [10] | MEM: - | LATCH: ALU.left,ALU.right | OUT: '' | add.load_operands
TICK: 000860 | PC: 00107 | STEP: 0 | IR: add | A: 0 | AR: 1 | NZ: 00 | IE: 1 | PENDING: 0 | IN_INTR: 0 | DS: [3311] | RS: [10] | MEM: - | LATCH: DS.push(ALU),PC | OUT: '' | add.write_result
TICK: 000861 | PC: 00108 | STEP: 0 | IR: dup | A: 0 | AR: 1 | NZ: 00 | IE: 1 | PENDING: 0 | IN_INTR: 0 | DS: [3311, 3311] | RS: [10] | MEM: - | LATCH: DS.dup,PC | OUT: '' | dup
TICK: 000862 | PC: 00108 | STEP: 1 | IR: store 3 | A: 0 | AR: 3 | NZ: 00 | IE: 1 | PENDING: 0 | IN_INTR: 0 | DS: [3311, 3311] | RS: [10] | MEM: - | LATCH: AR | OUT: '' | store.addr 3
TICK: 000863 | PC: 00113 | STEP: 0 | IR: store 3 | A: 0 | AR: 3 | NZ: 00 | IE: 1 | PENDING: 0 | IN_INTR: 0 | DS: [3311] | RS: [10] | MEM: write mem[3] <- 3311 | LATCH: MEM,PC | OUT: '' | store.write
TICK: 000864 | PC: 00114 | STEP: 0 | IR: drop | A: 0 | AR: 3 | NZ: 00 | IE: 1 | PENDING: 0 | IN_INTR: 0 | DS: [] | RS: [10] | MEM: - | LATCH: PC | OUT: '' | drop
TICK: 000865 | PC: 00114 | STEP: 1 | IR: load 1 | A: 0 | AR: 1 | NZ: 00 | IE: 1 | PENDING: 0 | IN_INTR: 0 | DS: [] | RS: [10] | MEM: - | LATCH: AR | OUT: '' | load.addr 1
TICK: 000866 | PC: 00119 | STEP: 0 | IR: load 1 | A: 0 | AR: 1 | NZ: 00 | IE: 1 | PENDING: 0 | IN_INTR: 0 | DS: [21] | RS: [10] | MEM: read mem[1] | LATCH: DS.push,PC | OUT: '' | load.read
TICK: 000867 | PC: 00124 | STEP: 0 | IR: literal 1 | A: 0 | AR: 1 | NZ: 00 | IE: 1 | PENDING: 0 | IN_INTR: 0 | DS: [21, 1] | RS: [10] | MEM: - | LATCH: DS.push,PC | OUT: '' | literal 1
TICK: 000868 | PC: 00124 | STEP: 1 | IR: add | A: 0 | AR: 1 | NZ: 00 | IE: 1 | PENDING: 0 | IN_INTR: 0 | DS: [] | RS: [10] | MEM: - | LATCH: ALU.left,ALU.right | OUT: '' | add.load_operands
TICK: 000869 | PC: 00125 | STEP: 0 | IR: add | A: 0 | AR: 1 | NZ: 00 | IE: 1 | PENDING: 0 | IN_INTR: 0 | DS: [22] | RS: [10] | MEM: - | LATCH: DS.push(ALU),PC | OUT: '' | add.write_result
TICK: 000870 | PC: 00126 | STEP: 0 | IR: dup | A: 0 | AR: 1 | NZ: 00 | IE: 1 | PENDING: 0 | IN_INTR: 0 | DS: [22, 22] | RS: [10] | MEM: - | LATCH: DS.dup,PC | OUT: '' | dup
TICK: 000871 | PC: 00126 | STEP: 1 | IR: store 1 | A: 0 | AR: 1 | NZ: 00 | IE: 1 | PENDING: 0 | IN_INTR: 0 | DS: [22, 22] | RS: [10] | MEM: - | LATCH: AR | OUT: '' | store.addr 1
TICK: 000872 | PC: 00131 | STEP: 0 | IR: store 1 | A: 0 | AR: 1 | NZ: 00 | IE: 1 | PENDING: 0 | IN_INTR: 0 | DS: [22] | RS: [10] | MEM: write mem[1] <- 22 | LATCH: MEM,PC | OUT: '' | store.write
TICK: 000873 | PC: 00132 | STEP: 0 | IR: drop | A: 0 | AR: 1 | NZ: 00 | IE: 1 | PENDING: 0 | IN_INTR: 0 | DS: [] | RS: [10] | MEM: - | LATCH: PC | OUT: '' | drop
TICK: 000874 | PC: 00051 | STEP: 0 | IR: jmp 51 | A: 0 | AR: 1 | NZ: 00 | IE: 1 | PENDING: 0 | IN_INTR: 0 | DS: [] | RS: [10] | MEM: - | LATCH: PC | OUT: '' | jmp 51
TICK: 000875 | PC: 00056 | STEP: 0 | IR: literal 100 | A: 0 | AR: 1 | NZ: 00 | IE: 1 | PENDING: 0 | IN_INTR: 0 | DS: [100] | RS: [10] | MEM: - | LATCH: DS.push,PC | OUT: '' | literal 100
TICK: 000876 | PC: 00056 | STEP: 1 | IR: load 1 | A: 0 | AR: 1 | NZ: 00 | IE: 1 | PENDING: 0 | IN_INTR: 0 | DS: [100] | RS: [10] | MEM: - | LATCH: AR | OUT: '' | load.addr 1
TICK: 000877 | PC: 00061 | STEP: 0 | IR: load 1 | A: 0 | AR: 1 | NZ: 00 | IE: 1 | PENDING: 0 | IN_INTR: 0 | DS: [100, 22] | RS: [10] | MEM: read mem[1] | LATCH: DS.push,PC | OUT: '' | load.read
TICK: 000878 | PC: 00061 | STEP: 1 | IR: sub | A: 0 | AR: 1 | NZ: 00 | IE: 1 | PENDING: 0 | IN_INTR: 0 | DS: [] | RS: [10] | MEM: - | LATCH: ALU.left,ALU.right | OUT: '' | sub.load_operands
TICK: 000879 | PC: 00062 | STEP: 0 | IR: sub | A: 0 | AR: 1 | NZ: 00 | IE: 1 | PENDING: 0 | IN_INTR: 0 | DS: [78] | RS: [10] | MEM: - | LATCH: DS.push(ALU),PC | OUT: '' | sub.write_result
TICK: 000880 | PC: 00062 | STEP: 1 | IR: mif 72 | A: 0 | AR: 1 | NZ: 00 | IE: 1 | PENDING: 0 | IN_INTR: 0 | DS: [] | RS: [10] | MEM: - | LATCH: ALU.left | OUT: '' | mif.test
TICK: 000881 | PC: 00072 | STEP: 0 | IR: mif 72 | A: 0 | AR: 1 | NZ: 00 | IE: 1 | PENDING: 0 | IN_INTR: 0 | DS: [] | RS: [10] | MEM: - | LATCH: PC | OUT: '' | mif.branch
TICK: 000882 | PC: 00072 | STEP: 1 | IR: load 2 | A: 0 | AR: 2 | NZ: 00 | IE: 1 | PENDING: 0 | IN_INTR: 0 | DS: [] | RS: [10] | MEM: - | LATCH: AR | OUT: '' | load.addr 2
TICK: 000883 | PC: 00077 | STEP: 0 | IR: load 2 | A: 0 | AR: 2 | NZ: 00 | IE: 1 | PENDING: 0 | IN_INTR: 0 | DS: [231] | RS: [10] | MEM: read mem[2] | LATCH: DS.push,PC | OUT: '' | load.read
TICK: 000884 | PC: 00077 | STEP: 1 | IR: load 1 | A: 0 | AR: 1 | NZ: 00 | IE: 1 | PENDING: 0 | IN_INTR: 0 | DS: [231] | RS: [10] | MEM: - | LATCH: AR | OUT: '' | load.addr 1
TICK: 000885 | PC: 00082 | STEP: 0 | IR: load 1 | A: 0 | AR: 1 | NZ: 00 | IE: 1 | PENDING: 0 | IN_INTR: 0 | DS: [231, 22] | RS: [10] | MEM: read mem[1] | LATCH: DS.push,PC | OUT: '' | load.read
TICK: 000886 | PC: 00082 | STEP: 1 | IR: add | A: 0 | AR: 1 | NZ: 00 | IE: 1 | PENDING: 0 | IN_INTR: 0 | DS: [] | RS: [10] | MEM: - | LATCH: ALU.left,ALU.right | OUT: '' | add.load_operands
TICK: 000887 | PC: 00083 | STEP: 0 | IR: add | A: 0 | AR: 1 | NZ: 00 | IE: 1 | PENDING: 0 | IN_INTR: 0 | DS: [253] | RS: [10] | MEM: - | LATCH: DS.push(ALU),PC | OUT: '' | add.write_result
TICK: 000888 | PC: 00084 | STEP: 0 | IR: dup | A: 0 | AR: 1 | NZ: 00 | IE: 1 | PENDING: 0 | IN_INTR: 0 | DS: [253, 253] | RS: [10] | MEM: - | LATCH: DS.dup,PC | OUT: '' | dup
TICK: 000889 | PC: 00084 | STEP: 1 | IR: store 2 | A: 0 | AR: 2 | NZ: 00 | IE: 1 | PENDING: 0 | IN_INTR: 0 | DS: [253, 253] | RS: [10] | MEM: - | LATCH: AR | OUT: '' | store.addr 2
TICK: 000890 | PC: 00089 | STEP: 0 | IR: store 2 | A: 0 | AR: 2 | NZ: 00 | IE: 1 | PENDING: 0 | IN_INTR: 0 | DS: [253] | RS: [10] | MEM: write mem[2] <- 253 | LATCH: MEM,PC | OUT: '' | store.write
TICK: 000891 | PC: 00090 | STEP: 0 | IR: drop | A: 0 | AR: 2 | NZ: 00 | IE: 1 | PENDING: 0 | IN_INTR: 0 | DS: [] | RS: [10] | MEM: - | LATCH: PC | OUT: '' | drop
TICK: 000892 | PC: 00090 | STEP: 1 | IR: load 3 | A: 0 | AR: 3 | NZ: 00 | IE: 1 | PENDING: 0 | IN_INTR: 0 | DS: [] | RS: [10] | MEM: - | LATCH: AR | OUT: '' | load.addr 3
TICK: 000893 | PC: 00095 | STEP: 0 | IR: load 3 | A: 0 | AR: 3 | NZ: 00 | IE: 1 | PENDING: 0 | IN_INTR: 0 | DS: [3311] | RS: [10] | MEM: read mem[3] | LATCH: DS.push,PC | OUT: '' | load.read
TICK: 000894 | PC: 00095 | STEP: 1 | IR: load 1 | A: 0 | AR: 1 | NZ: 00 | IE: 1 | PENDING: 0 | IN_INTR: 0 | DS: [3311] | RS: [10] | MEM: - | LATCH: AR | OUT: '' | load.addr 1
TICK: 000895 | PC: 00100 | STEP: 0 | IR: load 1 | A: 0 | AR: 1 | NZ: 00 | IE: 1 | PENDING: 0 | IN_INTR: 0 | DS: [3311, 22] | RS: [10] | MEM: read mem[1] | LATCH: DS.push,PC | OUT: '' | load.read
TICK: 000896 | PC: 00100 | STEP: 1 | IR: load 1 | A: 0 | AR: 1 | NZ: 00 | IE: 1 | PENDING: 0 | IN_INTR: 0 | DS: [3311, 22] | RS: [10] | MEM: - | LATCH: AR | OUT: '' | load.addr 1
TICK: 000897 | PC: 00105 | STEP: 0 | IR: load 1 | A: 0 | AR: 1 | NZ: 00 | IE: 1 | PENDING: 0 | IN_INTR: 0 | DS: [3311, 22, 22] | RS: [10] | MEM: read mem[1] | LATCH: DS.push,PC | OUT: '' | load.read
TICK: 000898 | PC: 00105 | STEP: 1 | IR: mul | A: 0 | AR: 1 | NZ: 00 | IE: 1 | PENDING: 0 | IN_INTR: 0 | DS: [3311] | RS: [10] | MEM: - | LATCH: ALU.left,ALU.right | OUT: '' | mul.load_operands
TICK: 000899 | PC: 00106 | STEP: 0 | IR: mul | A: 0 | AR: 1 | NZ: 00 | IE: 1 | PENDING: 0 | IN_INTR: 0 | DS: [3311, 484] | RS: [10] | MEM: - | LATCH: DS.push(ALU),PC | OUT: '' | mul.write_result
TICK: 000900 | PC: 00106 | STEP: 1 | IR: add | A: 0 | AR: 1 | NZ: 00 | IE: 1 | PENDING: 0 | IN_INTR: 0 | DS: [] | RS: [10] | MEM: - | LATCH: ALU.left,ALU.right | OUT: '' | add.load_operands
TICK: 000901 | PC: 00107 | STEP: 0 | IR: add | A: 0 | AR: 1 | NZ: 00 | IE: 1 | PENDING: 0 | IN_INTR: 0 | DS: [3795] | RS: [10] | MEM: - | LATCH: DS.push(ALU),PC | OUT: '' | add.write_result
TICK: 000902 | PC: 00108 | STEP: 0 | IR: dup | A: 0 | AR: 1 | NZ: 00 | IE: 1 | PENDING: 0 | IN_INTR: 0 | DS: [3795, 3795] | RS: [10] | MEM: - | LATCH: DS.dup,PC | OUT: '' | dup
TICK: 000903 | PC: 00108 | STEP: 1 | IR: store 3 | A: 0 | AR: 3 | NZ: 00 | IE: 1 | PENDING: 0 | IN_INTR: 0 | DS: [3795, 3795] | RS: [10] | MEM: - | LATCH: AR | OUT: '' | store.addr 3
TICK: 000904 | PC: 00113 | STEP: 0 | IR: store 3 | A: 0 | AR: 3 | NZ: 00 | IE: 1 | PENDING: 0 | IN_INTR: 0 | DS: [3795] | RS: [10] | MEM: write mem[3] <- 3795 | LATCH: MEM,PC | OUT: '' | store.write
TICK: 000905 | PC: 00114 | STEP: 0 | IR: drop | A: 0 | AR: 3 | NZ: 00 | IE: 1 | PENDING: 0 | IN_INTR: 0 | DS: [] | RS: [10] | MEM: - | LATCH: PC | OUT: '' | drop
TICK: 000906 | PC: 00114 | STEP: 1 | IR: load 1 | A: 0 | AR: 1 | NZ: 00 | IE: 1 | PENDING: 0 | IN_INTR: 0 | DS: [] | RS: [10] | MEM: - | LATCH: AR | OUT: '' | load.addr 1
TICK: 000907 | PC: 00119 | STEP: 0 | IR: load 1 | A: 0 | AR: 1 | NZ: 00 | IE: 1 | PENDING: 0 | IN_INTR: 0 | DS: [22] | RS: [10] | MEM: read mem[1] | LATCH: DS.push,PC | OUT: '' | load.read
TICK: 000908 | PC: 00124 | STEP: 0 | IR: literal 1 | A: 0 | AR: 1 | NZ: 00 | IE: 1 | PENDING: 0 | IN_INTR: 0 | DS: [22, 1] | RS: [10] | MEM: - | LATCH: DS.push,PC | OUT: '' | literal 1
TICK: 000909 | PC: 00124 | STEP: 1 | IR: add | A: 0 | AR: 1 | NZ: 00 | IE: 1 | PENDING: 0 | IN_INTR: 0 | DS: [] | RS: [10] | MEM: - | LATCH: ALU.left,ALU.right | OUT: '' | add.load_operands
TICK: 000910 | PC: 00125 | STEP: 0 | IR: add | A: 0 | AR: 1 | NZ: 00 | IE: 1 | PENDING: 0 | IN_INTR: 0 | DS: [23] | RS: [10] | MEM: - | LATCH: DS.push(ALU),PC | OUT: '' | add.write_result
TICK: 000911 | PC: 00126 | STEP: 0 | IR: dup | A: 0 | AR: 1 | NZ: 00 | IE: 1 | PENDING: 0 | IN_INTR: 0 | DS: [23, 23] | RS: [10] | MEM: - | LATCH: DS.dup,PC | OUT: '' | dup
TICK: 000912 | PC: 00126 | STEP: 1 | IR: store 1 | A: 0 | AR: 1 | NZ: 00 | IE: 1 | PENDING: 0 | IN_INTR: 0 | DS: [23, 23] | RS: [10] | MEM: - | LATCH: AR | OUT: '' | store.addr 1
TICK: 000913 | PC: 00131 | STEP: 0 | IR: store 1 | A: 0 | AR: 1 | NZ: 00 | IE: 1 | PENDING: 0 | IN_INTR: 0 | DS: [23] | RS: [10] | MEM: write mem[1] <- 23 | LATCH: MEM,PC | OUT: '' | store.write
TICK: 000914 | PC: 00132 | STEP: 0 | IR: drop | A: 0 | AR: 1 | NZ: 00 | IE: 1 | PENDING: 0 | IN_INTR: 0 | DS: [] | RS: [10] | MEM: - | LATCH: PC | OUT: '' | drop
TICK: 000915 | PC: 00051 | STEP: 0 | IR: jmp 51 | A: 0 | AR: 1 | NZ: 00 | IE: 1 | PENDING: 0 | IN_INTR: 0 | DS: [] | RS: [10] | MEM: - | LATCH: PC | OUT: '' | jmp 51
TICK: 000916 | PC: 00056 | STEP: 0 | IR: literal 100 | A: 0 | AR: 1 | NZ: 00 | IE: 1 | PENDING: 0 | IN_INTR: 0 | DS: [100] | RS: [10] | MEM: - | LATCH: DS.push,PC | OUT: '' | literal 100
TICK: 000917 | PC: 00056 | STEP: 1 | IR: load 1 | A: 0 | AR: 1 | NZ: 00 | IE: 1 | PENDING: 0 | IN_INTR: 0 | DS: [100] | RS: [10] | MEM: - | LATCH: AR | OUT: '' | load.addr 1
TICK: 000918 | PC: 00061 | STEP: 0 | IR: load 1 | A: 0 | AR: 1 | NZ: 00 | IE: 1 | PENDING: 0 | IN_INTR: 0 | DS: [100, 23] | RS: [10] | MEM: read mem[1] | LATCH: DS.push,PC | OUT: '' | load.read
TICK: 000919 | PC: 00061 | STEP: 1 | IR: sub | A: 0 | AR: 1 | NZ: 00 | IE: 1 | PENDING: 0 | IN_INTR: 0 | DS: [] | RS: [10] | MEM: - | LATCH: ALU.left,ALU.right | OUT: '' | sub.load_operands
TICK: 000920 | PC: 00062 | STEP: 0 | IR: sub | A: 0 | AR: 1 | NZ: 00 | IE: 1 | PENDING: 0 | IN_INTR: 0 | DS: [77] | RS: [10] | MEM: - | LATCH: DS.push(ALU),PC | OUT: '' | sub.write_result
TICK: 000921 | PC: 00062 | STEP: 1 | IR: mif 72 | A: 0 | AR: 1 | NZ: 00 | IE: 1 | PENDING: 0 | IN_INTR: 0 | DS: [] | RS: [10] | MEM: - | LATCH: ALU.left | OUT: '' | mif.test
TICK: 000922 | PC: 00072 | STEP: 0 | IR: mif 72 | A: 0 | AR: 1 | NZ: 00 | IE: 1 | PENDING: 0 | IN_INTR: 0 | DS: [] | RS: [10] | MEM: - | LATCH: PC | OUT: '' | mif.branch
TICK: 000923 | PC: 00072 | STEP: 1 | IR: load 2 | A: 0 | AR: 2 | NZ: 00 | IE: 1 | PENDING: 0 | IN_INTR: 0 | DS: [] | RS: [10] | MEM: - | LATCH: AR | OUT: '' | load.addr 2
TICK: 000924 | PC: 00077 | STEP: 0 | IR: load 2 | A: 0 | AR: 2 | NZ: 00 | IE: 1 | PENDING: 0 | IN_INTR: 0 | DS: [253] | RS: [10] | MEM: read mem[2] | LATCH: DS.push,PC | OUT: '' | load.read
TICK: 000925 | PC: 00077 | STEP: 1 | IR: load 1 | A: 0 | AR: 1 | NZ: 00 | IE: 1 | PENDING: 0 | IN_INTR: 0 | DS: [253] | RS: [10] | MEM: - | LATCH: AR | OUT: '' | load.addr 1
TICK: 000926 | PC: 00082 | STEP: 0 | IR: load 1 | A: 0 | AR: 1 | NZ: 00 | IE: 1 | PENDING: 0 | IN_INTR: 0 | DS: [253, 23] | RS: [10] | MEM: read mem[1] | LATCH: DS.push,PC | OUT: '' | load.read
TICK: 000927 | PC: 00082 | STEP: 1 | IR: add | A: 0 | AR: 1 | NZ: 00 | IE: 1 | PENDING: 0 | IN_INTR: 0 | DS: [] | RS: [10] | MEM: - | LATCH: ALU.left,ALU.right | OUT: '' | add.load_operands
TICK: 000928 | PC: 00083 | STEP: 0 | IR: add | A: 0 | AR: 1 | NZ: 00 | IE: 1 | PENDING: 0 | IN_INTR: 0 | DS: [276] | RS: [10] | MEM: - | LATCH: DS.push(ALU),PC | OUT: '' | add.write_result
TICK: 000929 | PC: 00084 | STEP: 0 | IR: dup | A: 0 | AR: 1 | NZ: 00 | IE: 1 | PENDING: 0 | IN_INTR: 0 | DS: [276, 276] | RS: [10] | MEM: - | LATCH: DS.dup,PC | OUT: '' | dup
TICK: 000930 | PC: 00084 | STEP: 1 | IR: store 2 | A: 0 | AR: 2 | NZ: 00 | IE: 1 | PENDING: 0 | IN_INTR: 0 | DS: [276, 276] | RS: [10] | MEM: - | LATCH: AR | OUT: '' | store.addr 2
TICK: 000931 | PC: 00089 | STEP: 0 | IR: store 2 | A: 0 | AR: 2 | NZ: 00 | IE: 1 | PENDING: 0 | IN_INTR: 0 | DS: [276] | RS: [10] | MEM: write mem[2] <- 276 | LATCH: MEM,PC | OUT: '' | store.write
TICK: 000932 | PC: 00090 | STEP: 0 | IR: drop | A: 0 | AR: 2 | NZ: 00 | IE: 1 | PENDING: 0 | IN_INTR: 0 | DS: [] | RS: [10] | MEM: - | LATCH: PC | OUT: '' | drop
TICK: 000933 | PC: 00090 | STEP: 1 | IR: load 3 | A: 0 | AR: 3 | NZ: 00 | IE: 1 | PENDING: 0 | IN_INTR: 0 | DS: [] | RS: [10] | MEM: - | LATCH: AR | OUT: '' | load.addr 3
TICK: 000934 | PC: 00095 | STEP: 0 | IR: load 3 | A: 0 | AR: 3 | NZ: 00 | IE: 1 | PENDING: 0 | IN_INTR: 0 | DS: [3795] | RS: [10] | MEM: read mem[3] | LATCH: DS.push,PC | OUT: '' | load.read
TICK: 000935 | PC: 00095 | STEP: 1 | IR: load 1 | A: 0 | AR: 1 | NZ: 00 | IE: 1 | PENDING: 0 | IN_INTR: 0 | DS: [3795] | RS: [10] | MEM: - | LATCH: AR | OUT: '' | load.addr 1
TICK: 000936 | PC: 00100 | STEP: 0 | IR: load 1 | A: 0 | AR: 1 | NZ: 00 | IE: 1 | PENDING: 0 | IN_INTR: 0 | DS: [3795, 23] | RS: [10] | MEM: read mem[1] | LATCH: DS.push,PC | OUT: '' | load.read
TICK: 000937 | PC: 00100 | STEP: 1 | IR: load 1 | A: 0 | AR: 1 | NZ: 00 | IE: 1 | PENDING: 0 | IN_INTR: 0 | DS: [3795, 23] | RS: [10] | MEM: - | LATCH: AR | OUT: '' | load.addr 1
TICK: 000938 | PC: 00105 | STEP: 0 | IR: load 1 | A: 0 | AR: 1 | NZ: 00 | IE: 1 | PENDING: 0 | IN_INTR: 0 | DS: [3795, 23, 23] | RS: [10] | MEM: read mem[1] | LATCH: DS.push,PC | OUT: '' | load.read
TICK: 000939 | PC: 00105 | STEP: 1 | IR: mul | A: 0 | AR: 1 | NZ: 00 | IE: 1 | PENDING: 0 | IN_INTR: 0 | DS: [3795] | RS: [10] | MEM: - | LATCH: ALU.left,ALU.right | OUT: '' | mul.load_operands
TICK: 000940 | PC: 00106 | STEP: 0 | IR: mul | A: 0 | AR: 1 | NZ: 00 | IE: 1 | PENDING: 0 | IN_INTR: 0 | DS: [3795, 529] | RS: [10] | MEM: - | LATCH: DS.push(ALU),PC | OUT: '' | mul.write_result
TICK: 000941 | PC: 00106 | STEP: 1 | IR: add | A: 0 | AR: 1 | NZ: 00 | IE: 1 | PENDING: 0 | IN_INTR: 0 | DS: [] | RS: [10] | MEM: - | LATCH: ALU.left,ALU.right | OUT: '' | add.load_operands
TICK: 000942 | PC: 00107 | STEP: 0 | IR: add | A: 0 | AR: 1 | NZ: 00 | IE: 1 | PENDING: 0 | IN_INTR: 0 | DS: [4324] | RS: [10] | MEM: - | LATCH: DS.push(ALU),PC | OUT: '' | add.write_result
TICK: 000943 | PC: 00108 | STEP: 0 | IR: dup | A: 0 | AR: 1 | NZ: 00 | IE: 1 | PENDING: 0 | IN_INTR: 0 | DS: [4324, 4324] | RS: [10] | MEM: - | LATCH: DS.dup,PC | OUT: '' | dup
TICK: 000944 | PC: 00108 | STEP: 1 | IR: store 3 | A: 0 | AR: 3 | NZ: 00 | IE: 1 | PENDING: 0 | IN_INTR: 0 | DS: [4324, 4324] | RS: [10] | MEM: - | LATCH: AR | OUT: '' | store.addr 3
TICK: 000945 | PC: 00113 | STEP: 0 | IR: store 3 | A: 0 | AR: 3 | NZ: 00 | IE: 1 | PENDING: 0 | IN_INTR: 0 | DS: [4324] | RS: [10] | MEM: write mem[3] <- 4324 | LATCH: MEM,PC | OUT: '' | store.write
TICK: 000946 | PC: 00114 | STEP: 0 | IR: drop | A: 0 | AR: 3 | NZ: 00 | IE: 1 | PENDING: 0 | IN_INTR: 0 | DS: [] | RS: [10] | MEM: - | LATCH: PC | OUT: '' | drop
TICK: 000947 | PC: 00114 | STEP: 1 | IR: load 1 | A: 0 | AR: 1 | NZ: 00 | IE: 1 | PENDING: 0 | IN_INTR: 0 | DS: [] | RS: [10] | MEM: - | LATCH: AR | OUT: '' | load.addr 1
TICK: 000948 | PC: 00119 | STEP: 0 | IR: load 1 | A: 0 | AR: 1 | NZ: 00 | IE: 1 | PENDING: 0 | IN_INTR: 0 | DS: [23] | RS: [10] | MEM: read mem[1] | LATCH: DS.push,PC | OUT: '' | load.read
TICK: 000949 | PC: 00124 | STEP: 0 | IR: literal 1 | A: 0 | AR: 1 | NZ: 00 | IE: 1 | PENDING: 0 | IN_INTR: 0 | DS: [23, 1] | RS: [10] | MEM: - | LATCH: DS.push,PC | OUT: '' | literal 1
TICK: 000950 | PC: 00124 | STEP: 1 | IR: add | A: 0 | AR: 1 | NZ: 00 | IE: 1 | PENDING: 0 | IN_INTR: 0 | DS: [] | RS: [10] | MEM: - | LATCH: ALU.left,ALU.right | OUT: '' | add.load_operands
TICK: 000951 | PC: 00125 | STEP: 0 | IR: add | A: 0 | AR: 1 | NZ: 00 | IE: 1 | PENDING: 0 | IN_INTR: 0 | DS: [24] | RS: [10] | MEM: - | LATCH: DS.push(ALU),PC | OUT: '' | add.write_result
TICK: 000952 | PC: 00126 | STEP: 0 | IR: dup | A: 0 | AR: 1 | NZ: 00 | IE: 1 | PENDING: 0 | IN_INTR: 0 | DS: [24, 24] | RS: [10] | MEM: - | LATCH: DS.dup,PC | OUT: '' | dup
TICK: 000953 | PC: 00126 | STEP: 1 | IR: store 1 | A: 0 | AR: 1 | NZ: 00 | IE: 1 | PENDING: 0 | IN_INTR: 0 | DS: [24, 24] | RS: [10] | MEM: - | LATCH: AR | OUT: '' | store.addr 1
TICK: 000954 | PC: 00131 | STEP: 0 | IR: store 1 | A: 0 | AR: 1 | NZ: 00 | IE: 1 | PENDING: 0 | IN_INTR: 0 | DS: [24] | RS: [10] | MEM: write mem[1] <- 24 | LATCH: MEM,PC | OUT: '' | store.write
TICK: 000955 | PC: 00132 | STEP: 0 | IR: drop | A: 0 | AR: 1 | NZ: 00 | IE: 1 | PENDING: 0 | IN_INTR: 0 | DS: [] | RS: [10] | MEM: - | LATCH: PC | OUT: '' | drop
TICK: 000956 | PC: 00051 | STEP: 0 | IR: jmp 51 | A: 0 | AR: 1 | NZ: 00 | IE: 1 | PENDING: 0 | IN_INTR: 0 | DS: [] | RS: [10] | MEM: - | LATCH: PC | OUT: '' | jmp 51
TICK: 000957 | PC: 00056 | STEP: 0 | IR: literal 100 | A: 0 | AR: 1 | NZ: 00 | IE: 1 | PENDING: 0 | IN_INTR: 0 | DS: [100] | RS: [10] | MEM: - | LATCH: DS.push,PC | OUT: '' | literal 100
TICK: 000958 | PC: 00056 | STEP: 1 | IR: load 1 | A: 0 | AR: 1 | NZ: 00 | IE: 1 | PENDING: 0 | IN_INTR: 0 | DS: [100] | RS: [10] | MEM: - | LATCH: AR | OUT: '' | load.addr 1
TICK: 000959 | PC: 00061 | STEP: 0 | IR: load 1 | A: 0 | AR: 1 | NZ: 00 | IE: 1 | PENDING: 0 | IN_INTR: 0 | DS: [100, 24] | RS: [10] | MEM: read mem[1] | LATCH: DS.push,PC | OUT: '' | load.read
TICK: 000960 | PC: 00061 | STEP: 1 | IR: sub | A: 0 | AR: 1 | NZ: 00 | IE: 1 | PENDING: 0 | IN_INTR: 0 | DS: [] | RS: [10] | MEM: - | LATCH: ALU.left,ALU.right | OUT: '' | sub.load_operands
TICK: 000961 | PC: 00062 | STEP: 0 | IR: sub | A: 0 | AR: 1 | NZ: 00 | IE: 1 | PENDING: 0 | IN_INTR: 0 | DS: [76] | RS: [10] | MEM: - | LATCH: DS.push(ALU),PC | OUT: '' | sub.write_result
TICK: 000962 | PC: 00062 | STEP: 1 | IR: mif 72 | A: 0 | AR: 1 | NZ: 00 | IE: 1 | PENDING: 0 | IN_INTR: 0 | DS: [] | RS: [10] | MEM: - | LATCH: ALU.left | OUT: '' | mif.test
TICK: 000963 | PC: 00072 | STEP: 0 | IR: mif 72 | A: 0 | AR: 1 | NZ: 00 | IE: 1 | PENDING: 0 | IN_INTR: 0 | DS: [] | RS: [10] | MEM: - | LATCH: PC | OUT: '' | mif.branch
TICK: 000964 | PC: 00072 | STEP: 1 | IR: load 2 | A: 0 | AR: 2 | NZ: 00 | IE: 1 | PENDING: 0 | IN_INTR: 0 | DS: [] | RS: [10] | MEM: - | LATCH: AR | OUT: '' | load.addr 2
TICK: 000965 | PC: 00077 | STEP: 0 | IR: load 2 | A: 0 | AR: 2 | NZ: 00 | IE: 1 | PENDING: 0 | IN_INTR: 0 | DS: [276] | RS: [10] | MEM: read mem[2] | LATCH: DS.push,PC | OUT: '' | load.read
TICK: 000966 | PC: 00077 | STEP: 1 | IR: load 1 | A: 0 | AR: 1 | NZ: 00 | IE: 1 | PENDING: 0 | IN_INTR: 0 | DS: [276] | RS: [10] | MEM: - | LATCH: AR | OUT: '' | load.addr 1
TICK: 000967 | PC: 00082 | STEP: 0 | IR: load 1 | A: 0 | AR: 1 | NZ: 00 | IE: 1 | PENDING: 0 | IN_INTR: 0 | DS: [276, 24] | RS: [10] | MEM: read mem[1] | LATCH: DS.push,PC | OUT: '' | load.read
TICK: 000968 | PC: 00082 | STEP: 1 | IR: add | A: 0 | AR: 1 | NZ: 00 | IE: 1 | PENDING: 0 | IN_INTR: 0 | DS: [] | RS: [10] | MEM: - | LATCH: ALU.left,ALU.right | OUT: '' | add.load_operands
TICK: 000969 | PC: 00083 | STEP: 0 | IR: add | A: 0 | AR: 1 | NZ: 00 | IE: 1 | PENDING: 0 | IN_INTR: 0 | DS: [300] | RS: [10] | MEM: - | LATCH: DS.push(ALU),PC | OUT: '' | add.write_result
TICK: 000970 | PC: 00084 | STEP: 0 | IR: dup | A: 0 | AR: 1 | NZ: 00 | IE: 1 | PENDING: 0 | IN_INTR: 0 | DS: [300, 300] | RS: [10] | MEM: - | LATCH: DS.dup,PC | OUT: '' | dup
TICK: 000971 | PC: 00084 | STEP: 1 | IR: store 2 | A: 0 | AR: 2 | NZ: 00 | IE: 1 | PENDING: 0 | IN_INTR: 0 | DS: [300, 300] | RS: [10] | MEM: - | LATCH: AR | OUT: '' | store.addr 2
TICK: 000972 | PC: 00089 | STEP: 0 | IR: store 2 | A: 0 | AR: 2 | NZ: 00 | IE: 1 | PENDING: 0 | IN_INTR: 0 | DS: [300] | RS: [10] | MEM: write mem[2] <- 300 | LATCH: MEM,PC | OUT: '' | store.write
TICK: 000973 | PC: 00090 | STEP: 0 | IR: drop | A: 0 | AR: 2 | NZ: 00 | IE: 1 | PENDING: 0 | IN_INTR: 0 | DS: [] | RS: [10] | MEM: - | LATCH: PC | OUT: '' | drop
TICK: 000974 | PC: 00090 | STEP: 1 | IR: load 3 | A: 0 | AR: 3 | NZ: 00 | IE: 1 | PENDING: 0 | IN_INTR: 0 | DS: [] | RS: [10] | MEM: - | LATCH: AR | OUT: '' | load.addr 3
TICK: 000975 | PC: 00095 | STEP: 0 | IR: load 3 | A: 0 | AR: 3 | NZ: 00 | IE: 1 | PENDING: 0 | IN_INTR: 0 | DS: [4324] | RS: [10] | MEM: read mem[3] | LATCH: DS.push,PC | OUT: '' | load.read
TICK: 000976 | PC: 00095 | STEP: 1 | IR: load 1 | A: 0 | AR: 1 | NZ: 00 | IE: 1 | PENDING: 0 | IN_INTR: 0 | DS: [4324] | RS: [10] | MEM: - | LATCH: AR | OUT: '' | load.addr 1
TICK: 000977 | PC: 00100 | STEP: 0 | IR: load 1 | A: 0 | AR: 1 | NZ: 00 | IE: 1 | PENDING: 0 | IN_INTR: 0 | DS: [4324, 24] | RS: [10] | MEM: read mem[1] | LATCH: DS.push,PC | OUT: '' | load.read
TICK: 000978 | PC: 00100 | STEP: 1 | IR: load 1 | A: 0 | AR: 1 | NZ: 00 | IE: 1 | PENDING: 0 | IN_INTR: 0 | DS: [4324, 24] | RS: [10] | MEM: - | LATCH: AR | OUT: '' | load.addr 1
TICK: 000979 | PC: 00105 | STEP: 0 | IR: load 1 | A: 0 | AR: 1 | NZ: 00 | IE: 1 | PENDING: 0 | IN_INTR: 0 | DS: [4324, 24, 24] | RS: [10] | MEM: read mem[1] | LATCH: DS.push,PC | OUT: '' | load.read
TICK: 000980 | PC: 00105 | STEP: 1 | IR: mul | A: 0 | AR: 1 | NZ: 00 | IE: 1 | PENDING: 0 | IN_INTR: 0 | DS: [4324] | RS: [10] | MEM: - | LATCH: ALU.left,ALU.right | OUT: '' | mul.load_operands
TICK: 000981 | PC: 00106 | STEP: 0 | IR: mul | A: 0 | AR: 1 | NZ: 00 | IE: 1 | PENDING: 0 | IN_INTR: 0 | DS: [4324, 576] | RS: [10] | MEM: - | LATCH: DS.push(ALU),PC | OUT: '' | mul.write_result
TICK: 000982 | PC: 00106 | STEP: 1 | IR: add | A: 0 | AR: 1 | NZ: 00 | IE: 1 | PENDING: 0 | IN_INTR: 0 | DS: [] | RS: [10] | MEM: - | LATCH: ALU.left,ALU.right | OUT: '' | add.load_operands
TICK: 000983 | PC: 00107 | STEP: 0 | IR: add | A: 0 | AR: 1 | NZ: 00 | IE: 1 | PENDING: 0 | IN_INTR: 0 | DS: [4900] | RS: [10] | MEM: - | LATCH: DS.push(ALU),PC | OUT: '' | add.write_result
TICK: 000984 | PC: 00108 | STEP: 0 | IR: dup | A: 0 | AR: 1 | NZ: 00 | IE: 1 | PENDING: 0 | IN_INTR: 0 | DS: [4900, 4900] | RS: [10] | MEM: - | LATCH: DS.dup,PC | OUT: '' | dup
TICK: 000985 | PC: 00108 | STEP: 1 | IR: store 3 | A: 0 | AR: 3 | NZ: 00 | IE: 1 | PENDING: 0 | IN_INTR: 0 | DS: [4900, 4900] | RS: [10] | MEM: - | LATCH: AR | OUT: '' | store.addr 3
TICK: 000986 | PC: 00113 | STEP: 0 | IR: store 3 | A: 0 | AR: 3 | NZ: 00 | IE: 1 | PENDING: 0 | IN_INTR: 0 | DS: [4900] | RS: [10] | MEM: write mem[3] <- 4900 | LATCH: MEM,PC | OUT: '' | store.write
TICK: 000987 | PC: 00114 | STEP: 0 | IR: drop | A: 0 | AR: 3 | NZ: 00 | IE: 1 | PENDING: 0 | IN_INTR: 0 | DS: [] | RS: [10] | MEM: - | LATCH: PC | OUT: '' | drop
TICK: 000988 | PC: 00114 | STEP: 1 | IR: load 1 | A: 0 | AR: 1 | NZ: 00 | IE: 1 | PENDING: 0 | IN_INTR: 0 | DS: [] | RS: [10] | MEM: - | LATCH: AR | OUT: '' | load.addr 1
TICK: 000989 | PC: 00119 | STEP: 0 | IR: load 1 | A: 0 | AR: 1 | NZ: 00 | IE: 1 | PENDING: 0 | IN_INTR: 0 | DS: [24] | RS: [10] | MEM: read mem[1] | LATCH: DS.push,PC | OUT: '' | load.read
TICK: 000990 | PC: 00124 | STEP: 0 | IR: literal 1 | A: 0 | AR: 1 | NZ: 00 | IE: 1 | PENDING: 0 | IN_INTR: 0 | DS: [24, 1] | RS: [10] | MEM: - | LATCH: DS.push,PC | OUT: '' | literal 1
TICK: 000991 | PC: 00124 | STEP: 1 | IR: add | A: 0 | AR: 1 | NZ: 00 | IE: 1 | PENDING: 0 | IN_INTR: 0 | DS: [] | RS: [10] | MEM: - | LATCH: ALU.left,ALU.right | OUT: '' | add.load_operands
TICK: 000992 | PC: 00125 | STEP: 0 | IR: add | A: 0 | AR: 1 | NZ: 00 | IE: 1 | PENDING: 0 | IN_INTR: 0 | DS: [25] | RS: [10] | MEM: - | LATCH: DS.push(ALU),PC | OUT: '' | add.write_result
TICK: 000993 | PC: 00126 | STEP: 0 | IR: dup | A: 0 | AR: 1 | NZ: 00 | IE: 1 | PENDING: 0 | IN_INTR: 0 | DS: [25, 25] | RS: [10] | MEM: - | LATCH: DS.dup,PC | OUT: '' | dup
TICK: 000994 | PC: 00126 | STEP: 1 | IR: store 1 | A: 0 | AR: 1 | NZ: 00 | IE: 1 | PENDING: 0 | IN_INTR: 0 | DS: [25, 25] | RS: [10] | MEM: - | LATCH: AR | OUT: '' | store.addr 1
TICK: 000995 | PC: 00131 | STEP: 0 | IR: store 1 | A: 0 | AR: 1 | NZ: 00 | IE: 1 | PENDING: 0 | IN_INTR: 0 | DS: [25] | RS: [10] | MEM: write mem[1] <- 25 | LATCH: MEM,PC | OUT: '' | store.write
TICK: 000996 | PC: 00132 | STEP: 0 | IR: drop | A: 0 | AR: 1 | NZ: 00 | IE: 1 | PENDING: 0 | IN_INTR: 0 | DS: [] | RS: [10] | MEM: - | LATCH: PC | OUT: '' | drop
TICK: 000997 | PC: 00051 | STEP: 0 | IR: jmp 51 | A: 0 | AR: 1 | NZ: 00 | IE: 1 | PENDING: 0 | IN_INTR: 0 | DS: [] | RS: [10] | MEM: - | LATCH: PC | OUT: '' | jmp 51
TICK: 000998 | PC: 00056 | STEP: 0 | IR: literal 100 | A: 0 | AR: 1 | NZ: 00 | IE: 1 | PENDING: 0 | IN_INTR: 0 | DS: [100] | RS: [10] | MEM: - | LATCH: DS.push,PC | OUT: '' | literal 100
TICK: 000999 | PC: 00056 | STEP: 1 | IR: load 1 | A: 0 | AR: 1 | NZ: 00 | IE: 1 | PENDING: 0 | IN_INTR: 0 | DS: [100] | RS: [10] | MEM: - | LATCH: AR | OUT: '' | load.addr 1
TICK: 001000 | PC: 00061 | STEP: 0 | IR: load 1 | A: 0 | AR: 1 | NZ: 00 | IE: 1 | PENDING: 0 | IN_INTR: 0 | DS: [100, 25] | RS: [10] | MEM: read mem[1] | LATCH: DS.push,PC | OUT: '' | load.read
TICK: 001001 | PC: 00061 | STEP: 1 | IR: sub | A: 0 | AR: 1 | NZ: 00 | IE: 1 | PENDING: 0 | IN_INTR: 0 | DS: [] | RS: [10] | MEM: - | LATCH: ALU.left,ALU.right | OUT: '' | sub.load_operands
TICK: 001002 | PC: 00062 | STEP: 0 | IR: sub | A: 0 | AR: 1 | NZ: 00 | IE: 1 | PENDING: 0 | IN_INTR: 0 | DS: [75] | RS: [10] | MEM: - | LATCH: DS.push(ALU),PC | OUT: '' | sub.write_result
TICK: 001003 | PC: 00062 | STEP: 1 | IR: mif 72 | A: 0 | AR: 1 | NZ: 00 | IE: 1 | PENDING: 0 | IN_INTR: 0 | DS: [] | RS: [10] | MEM: - | LATCH: ALU.left | OUT: '' | mif.test
TICK: 001004 | PC: 00072 | STEP: 0 | IR: mif 72 | A: 0 | AR: 1 | NZ: 00 | IE: 1 | PENDING: 0 | IN_INTR: 0 | DS: [] | RS: [10] | MEM: - | LATCH: PC | OUT: '' | mif.branch
TICK: 001005 | PC: 00072 | STEP: 1 | IR: load 2 | A: 0 | AR: 2 | NZ: 00 | IE: 1 | PENDING: 0 | IN_INTR: 0 | DS: [] | RS: [10] | MEM: - | LATCH: AR | OUT: '' | load.addr 2
TICK: 001006 | PC: 00077 | STEP: 0 | IR: load 2 | A: 0 | AR: 2 | NZ: 00 | IE: 1 | PENDING: 0 | IN_INTR: 0 | DS: [300] | RS: [10] | MEM: read mem[2] | LATCH: DS.push,PC | OUT: '' | load.read
TICK: 001007 | PC: 00077 | STEP: 1 | IR: load 1 | A: 0 | AR: 1 | NZ: 00 | IE: 1 | PENDING: 0 | IN_INTR: 0 | DS: [300] | RS: [10] | MEM: - | LATCH: AR | OUT: '' | load.addr 1
TICK: 001008 | PC: 00082 | STEP: 0 | IR: load 1 | A: 0 | AR: 1 | NZ: 00 | IE: 1 | PENDING: 0 | IN_INTR: 0 | DS: [300, 25] | RS: [10] | MEM: read mem[1] | LATCH: DS.push,PC | OUT: '' | load.read
TICK: 001009 | PC: 00082 | STEP: 1 | IR: add | A: 0 | AR: 1 | NZ: 00 | IE: 1 | PENDING: 0 | IN_INTR: 0 | DS: [] | RS: [10] | MEM: - | LATCH: ALU.left,ALU.right | OUT: '' | add.load_operands
TICK: 001010 | PC: 00083 | STEP: 0 | IR: add | A: 0 | AR: 1 | NZ: 00 | IE: 1 | PENDING: 0 | IN_INTR: 0 | DS: [325] | RS: [10] | MEM: - | LATCH: DS.push(ALU),PC | OUT: '' | add.write_result
TICK: 001011 | PC: 00084 | STEP: 0 | IR: dup | A: 0 | AR: 1 | NZ: 00 | IE: 1 | PENDING: 0 | IN_INTR: 0 | DS: [325, 325] | RS: [10] | MEM: - | LATCH: DS.dup,PC | OUT: '' | dup
TICK: 001012 | PC: 00084 | STEP: 1 | IR: store 2 | A: 0 | AR: 2 | NZ: 00 | IE: 1 | PENDING: 0 | IN_INTR: 0 | DS: [325, 325] | RS: [10] | MEM: - | LATCH: AR | OUT: '' | store.addr 2
TICK: 001013 | PC: 00089 | STEP: 0 | IR: store 2 | A: 0 | AR: 2 | NZ: 00 | IE: 1 | PENDING: 0 | IN_INTR: 0 | DS: [325] | RS: [10] | MEM: write mem[2] <- 325 | LATCH: MEM,PC | OUT: '' | store.write
TICK: 001014 | PC: 00090 | STEP: 0 | IR: drop | A: 0 | AR: 2 | NZ: 00 | IE: 1 | PENDING: 0 | IN_INTR: 0 | DS: [] | RS: [10] | MEM: - | LATCH: PC | OUT: '' | drop
TICK: 001015 | PC: 00090 | STEP: 1 | IR: load 3 | A: 0 | AR: 3 | NZ: 00 | IE: 1 | PENDING: 0 | IN_INTR: 0 | DS: [] | RS: [10] | MEM: - | LATCH: AR | OUT: '' | load.addr 3
TICK: 001016 | PC: 00095 | STEP: 0 | IR: load 3 | A: 0 | AR: 3 | NZ: 00 | IE: 1 | PENDING: 0 | IN_INTR: 0 | DS: [4900] | RS: [10] | MEM: read mem[3] | LATCH: DS.push,PC | OUT: '' | load.read
TICK: 001017 | PC: 00095 | STEP: 1 | IR: load 1 | A: 0 | AR: 1 | NZ: 00 | IE: 1 | PENDING: 0 | IN_INTR: 0 | DS: [4900] | RS: [10] | MEM: - | LATCH: AR | OUT: '' | load.addr 1
TICK: 001018 | PC: 00100 | STEP: 0 | IR: load 1 | A: 0 | AR: 1 | NZ: 00 | IE: 1 | PENDING: 0 | IN_INTR: 0 | DS: [4900, 25] | RS: [10] | MEM: read mem[1] | LATCH: DS.push,PC | OUT: '' | load.read
TICK: 001019 | PC: 00100 | STEP: 1 | IR: load 1 | A: 0 | AR: 1 | NZ: 00 | IE: 1 | PENDING: 0 | IN_INTR: 0 | DS: [4900, 25] | RS: [10] | MEM: - | LATCH: AR | OUT: '' | load.addr 1
TICK: 001020 | PC: 00105 | STEP: 0 | IR: load 1 | A: 0 | AR: 1 | NZ: 00 | IE: 1 | PENDING: 0 | IN_INTR: 0 | DS: [4900, 25, 25] | RS: [10] | MEM: read mem[1] | LATCH: DS.push,PC | OUT: '' | load.read
TICK: 001021 | PC: 00105 | STEP: 1 | IR: mul | A: 0 | AR: 1 | NZ: 00 | IE: 1 | PENDING: 0 | IN_INTR: 0 | DS: [4900] | RS: [10] | MEM: - | LATCH: ALU.left,ALU.right | OUT: '' | mul.load_operands
TICK: 001022 | PC: 00106 | STEP: 0 | IR: mul | A: 0 | AR: 1 | NZ: 00 | IE: 1 | PENDING: 0 | IN_INTR: 0 | DS: [4900, 625] | RS: [10] | MEM: - | LATCH: DS.push(ALU),PC | OUT: '' | mul.write_result
TICK: 001023 | PC: 00106 | STEP: 1 | IR: add | A: 0 | AR: 1 | NZ: 00 | IE: 1 | PENDING: 0 | IN_INTR: 0 | DS: [] | RS: [10] | MEM: - | LATCH: ALU.left,ALU.right | OUT: '' | add.load_operands
TICK: 001024 | PC: 00107 | STEP: 0 | IR: add | A: 0 | AR: 1 | NZ: 00 | IE: 1 | PENDING: 0 | IN_INTR: 0 | DS: [5525] | RS: [10] | MEM: - | LATCH: DS.push(ALU),PC | OUT: '' | add.write_result
TICK: 001025 | PC: 00108 | STEP: 0 | IR: dup | A: 0 | AR: 1 | NZ: 00 | IE: 1 | PENDING: 0 | IN_INTR: 0 | DS: [5525, 5525] | RS: [10] | MEM: - | LATCH: DS.dup,PC | OUT: '' | dup
TICK: 001026 | PC: 00108 | STEP: 1 | IR: store 3 | A: 0 | AR: 3 | NZ: 00 | IE: 1 | PENDING: 0 | IN_INTR: 0 | DS: [5525, 5525] | RS: [10] | MEM: - | LATCH: AR | OUT: '' | store.addr 3
TICK: 001027 | PC: 00113 | STEP: 0 | IR: store 3 | A: 0 | AR: 3 | NZ: 00 | IE: 1 | PENDING: 0 | IN_INTR: 0 | DS: [5525] | RS: [10] | MEM: write mem[3] <- 5525 | LATCH: MEM,PC | OUT: '' | store.write
TICK: 001028 | PC: 00114 | STEP: 0 | IR: drop | A: 0 | AR: 3 | NZ: 00 | IE: 1 | PENDING: 0 | IN_INTR: 0 | DS: [] | RS: [10] | MEM: - | LATCH: PC | OUT: '' | drop
TICK: 001029 | PC: 00114 | STEP: 1 | IR: load 1 | A: 0 | AR: 1 | NZ: 00 | IE: 1 | PENDING: 0 | IN_INTR: 0 | DS: [] | RS: [10] | MEM: - | LATCH: AR | OUT: '' | load.addr 1
TICK: 001030 | PC: 00119 | STEP: 0 | IR: load 1 | A: 0 | AR: 1 | NZ: 00 | IE: 1 | PENDING: 0 | IN_INTR: 0 | DS: [25] | RS: [10] | MEM: read mem[1] | LATCH: DS.push,PC | OUT: '' | load.read
TICK: 001031 | PC: 00124 | STEP: 0 | IR: literal 1 | A: 0 | AR: 1 | NZ: 00 | IE: 1 | PENDING: 0 | IN_INTR: 0 | DS: [25, 1] | RS: [10] | MEM: - | LATCH: DS.push,PC | OUT: '' | literal 1
TICK: 001032 | PC: 00124 | STEP: 1 | IR: add | A: 0 | AR: 1 | NZ: 00 | IE: 1 | PENDING: 0 | IN_INTR: 0 | DS: [] | RS: [10] | MEM: - | LATCH: ALU.left,ALU.right | OUT: '' | add.load_operands
TICK: 001033 | PC: 00125 | STEP: 0 | IR: add | A: 0 | AR: 1 | NZ: 00 | IE: 1 | PENDING: 0 | IN_INTR: 0 | DS: [26] | RS: [10] | MEM: - | LATCH: DS.push(ALU),PC | OUT: '' | add.write_result
TICK: 001034 | PC: 00126 | STEP: 0 | IR: dup | A: 0 | AR: 1 | NZ: 00 | IE: 1 | PENDING: 0 | IN_INTR: 0 | DS: [26, 26] | RS: [10] | MEM: - | LATCH: DS.dup,PC | OUT: '' | dup
TICK: 001035 | PC: 00126 | STEP: 1 | IR: store 1 | A: 0 | AR: 1 | NZ: 00 | IE: 1 | PENDING: 0 | IN_INTR: 0 | DS: [26, 26] | RS: [10] | MEM: - | LATCH: AR | OUT: '' | store.addr 1
TICK: 001036 | PC: 00131 | STEP: 0 | IR: store 1 | A: 0 | AR: 1 | NZ: 00 | IE: 1 | PENDING: 0 | IN_INTR: 0 | DS: [26] | RS: [10] | MEM: write mem[1] <- 26 | LATCH: MEM,PC | OUT: '' | store.write
TICK: 001037 | PC: 00132 | STEP: 0 | IR: drop | A: 0 | AR: 1 | NZ: 00 | IE: 1 | PENDING: 0 | IN_INTR: 0 | DS: [] | RS: [10] | MEM: - | LATCH: PC | OUT: '' | drop
TICK: 001038 | PC: 00051 | STEP: 0 | IR: jmp 51 | A: 0 | AR: 1 | NZ: 00 | IE: 1 | PENDING: 0 | IN_INTR: 0 | DS: [] | RS: [10] | MEM: - | LATCH: PC | OUT: '' | jmp 51
TICK: 001039 | PC: 00056 | STEP: 0 | IR: literal 100 | A: 0 | AR: 1 | NZ: 00 | IE: 1 | PENDING: 0 | IN_INTR: 0 | DS: [100] | RS: [10] | MEM: - | LATCH: DS.push,PC | OUT: '' | literal 100
TICK: 001040 | PC: 00056 | STEP: 1 | IR: load 1 | A: 0 | AR: 1 | NZ: 00 | IE: 1 | PENDING: 0 | IN_INTR: 0 | DS: [100] | RS: [10] | MEM: - | LATCH: AR | OUT: '' | load.addr 1
TICK: 001041 | PC: 00061 | STEP: 0 | IR: load 1 | A: 0 | AR: 1 | NZ: 00 | IE: 1 | PENDING: 0 | IN_INTR: 0 | DS: [100, 26] | RS: [10] | MEM: read mem[1] | LATCH: DS.push,PC | OUT: '' | load.read
TICK: 001042 | PC: 00061 | STEP: 1 | IR: sub | A: 0 | AR: 1 | NZ: 00 | IE: 1 | PENDING: 0 | IN_INTR: 0 | DS: [] | RS: [10] | MEM: - | LATCH: ALU.left,ALU.right | OUT: '' | sub.load_operands
TICK: 001043 | PC: 00062 | STEP: 0 | IR: sub | A: 0 | AR: 1 | NZ: 00 | IE: 1 | PENDING: 0 | IN_INTR: 0 | DS: [74] | RS: [10] | MEM: - | LATCH: DS.push(ALU),PC | OUT: '' | sub.write_result
TICK: 001044 | PC: 00062 | STEP: 1 | IR: mif 72 | A: 0 | AR: 1 | NZ: 00 | IE: 1 | PENDING: 0 | IN_INTR: 0 | DS: [] | RS: [10] | MEM: - | LATCH: ALU.left | OUT: '' | mif.test
TICK: 001045 | PC: 00072 | STEP: 0 | IR: mif 72 | A: 0 | AR: 1 | NZ: 00 | IE: 1 | PENDING: 0 | IN_INTR: 0 | DS: [] | RS: [10] | MEM: - | LATCH: PC | OUT: '' | mif.branch
TICK: 001046 | PC: 00072 | STEP: 1 | IR: load 2 | A: 0 | AR: 2 | NZ: 00 | IE: 1 | PENDING: 0 | IN_INTR: 0 | DS: [] | RS: [10] | MEM: - | LATCH: AR | OUT: '' | load.addr 2
TICK: 001047 | PC: 00077 | STEP: 0 | IR: load 2 | A: 0 | AR: 2 | NZ: 00 | IE: 1 | PENDING: 0 | IN_INTR: 0 | DS: [325] | RS: [10] | MEM: read mem[2] | LATCH: DS.push,PC | OUT: '' | load.read
TICK: 001048 | PC: 00077 | STEP: 1 | IR: load 1 | A: 0 | AR: 1 | NZ: 00 | IE: 1 | PENDING: 0 | IN_INTR: 0 | DS: [325] | RS: [10] | MEM: - | LATCH: AR | OUT: '' | load.addr 1
TICK: 001049 | PC: 00082 | STEP: 0 | IR: load 1 | A: 0 | AR: 1 | NZ: 00 | IE: 1 | PENDING: 0 | IN_INTR: 0 | DS: [325, 26] | RS: [10] | MEM: read mem[1] | LATCH: DS.push,PC | OUT: '' | load.read
TICK: 001050 | PC: 00082 | STEP: 1 | IR: add | A: 0 | AR: 1 | NZ: 00 | IE: 1 | PENDING: 0 | IN_INTR: 0 | DS: [] | RS: [10] | MEM: - | LATCH: ALU.left,ALU.right | OUT: '' | add.load_operands
TICK: 001051 | PC: 00083 | STEP: 0 | IR: add | A: 0 | AR: 1 | NZ: 00 | IE: 1 | PENDING: 0 | IN_INTR: 0 | DS: [351] | RS: [10] | MEM: - | LATCH: DS.push(ALU),PC | OUT: '' | add.write_result
TICK: 001052 | PC: 00084 | STEP: 0 | IR: dup | A: 0 | AR: 1 | NZ: 00 | IE: 1 | PENDING: 0 | IN_INTR: 0 | DS: [351, 351] | RS: [10] | MEM: - | LATCH: DS.dup,PC | OUT: '' | dup
TICK: 001053 | PC: 00084 | STEP: 1 | IR: store 2 | A: 0 | AR: 2 | NZ: 00 | IE: 1 | PENDING: 0 | IN_INTR: 0 | DS: [351, 351] | RS: [10] | MEM: - | LATCH: AR | OUT: '' | store.addr 2
TICK: 001054 | PC: 00089 | STEP: 0 | IR: store 2 | A: 0 | AR: 2 | NZ: 00 | IE: 1 | PENDING: 0 | IN_INTR: 0 | DS: [351] | RS: [10] | MEM: write mem[2] <- 351 | LATCH: MEM,PC | OUT: '' | store.write
TICK: 001055 | PC: 00090 | STEP: 0 | IR: drop | A: 0 | AR: 2 | NZ: 00 | IE: 1 | PENDING: 0 | IN_INTR: 0 | DS: [] | RS: [10] | MEM: - | LATCH: PC | OUT: '' | drop
TICK: 001056 | PC: 00090 | STEP: 1 | IR: load 3 | A: 0 | AR: 3 | NZ: 00 | IE: 1 | PENDING: 0 | IN_INTR: 0 | DS: [] | RS: [10] | MEM: - | LATCH: AR | OUT: '' | load.addr 3
TICK: 001057 | PC: 00095 | STEP: 0 | IR: load 3 | A: 0 | AR: 3 | NZ: 00 | IE: 1 | PENDING: 0 | IN_INTR: 0 | DS: [5525] | RS: [10] | MEM: read mem[3] | LATCH: DS.push,PC | OUT: '' | load.read
TICK: 001058 | PC: 00095 | STEP: 1 | IR: load 1 | A: 0 | AR: 1 | NZ: 00 | IE: 1 | PENDING: 0 | IN_INTR: 0 | DS: [5525] | RS: [10] | MEM: - | LATCH: AR | OUT: '' | load.addr 1
TICK: 001059 | PC: 00100 | STEP: 0 | IR: load 1 | A: 0 | AR: 1 | NZ: 00 | IE: 1 | PENDING: 0 | IN_INTR: 0 | DS: [5525, 26] | RS: [10] | MEM: read mem[1] | LATCH: DS.push,PC | OUT: '' | load.read
TICK: 001060 | PC: 00100 | STEP: 1 | IR: load 1 | A: 0 | AR: 1 | NZ: 00 | IE: 1 | PENDING: 0 | IN_INTR: 0 | DS: [5525, 26] | RS: [10] | MEM: - | LATCH: AR | OUT: '' | load.addr 1
TICK: 001061 | PC: 00105 | STEP: 0 | IR: load 1 | A: 0 | AR: 1 | NZ: 00 | IE: 1 | PENDING: 0 | IN_INTR: 0 | DS: [5525, 26, 26] | RS: [10] | MEM: read mem[1] | LATCH: DS.push,PC | OUT: '' | load.read
TICK: 001062 | PC: 00105 | STEP: 1 | IR: mul | A: 0 | AR: 1 | NZ: 00 | IE: 1 | PENDING: 0 | IN_INTR: 0 | DS: [5525] | RS: [10] | MEM: - | LATCH: ALU.left,ALU.right | OUT: '' | mul.load_operands
TICK: 001063 | PC: 00106 | STEP: 0 | IR: mul | A: 0 | AR: 1 | NZ: 00 | IE: 1 | PENDING: 0 | IN_INTR: 0 | DS: [5525, 676] | RS: [10] | MEM: - | LATCH: DS.push(ALU),PC | OUT: '' | mul.write_result
TICK: 001064 | PC: 00106 | STEP: 1 | IR: add | A: 0 | AR: 1 | NZ: 00 | IE: 1 | PENDING: 0 | IN_INTR: 0 | DS: [] | RS: [10] | MEM: - | LATCH: ALU.left,ALU.right | OUT: '' | add.load_operands
TICK: 001065 | PC: 00107 | STEP: 0 | IR: add | A: 0 | AR: 1 | NZ: 00 | IE: 1 | PENDING: 0 | IN_INTR: 0 | DS: [6201] | RS: [10] | MEM: - | LATCH: DS.push(ALU),PC | OUT: '' | add.write_result
TICK: 001066 | PC: 00108 | STEP: 0 | IR: dup | A: 0 | AR: 1 | NZ: 00 | IE: 1 | PENDING: 0 | IN_INTR: 0 | DS: [6201, 6201] | RS: [10] | MEM: - | LATCH: DS.dup,PC | OUT: '' | dup
TICK: 001067 | PC: 00108 | STEP: 1 | IR: store 3 | A: 0 | AR: 3 | NZ: 00 | IE: 1 | PENDING: 0 | IN_INTR: 0 | DS: [6201, 6201] | RS: [10] | MEM: - | LATCH: AR | OUT: '' | store.addr 3
TICK: 001068 | PC: 00113 | STEP: 0 | IR: store 3 | A: 0 | AR: 3 | NZ: 00 | IE: 1 | PENDING: 0 | IN_INTR: 0 | DS: [6201] | RS: [10] | MEM: write mem[3] <- 6201 | LATCH: MEM,PC | OUT: '' | store.write
TICK: 001069 | PC: 00114 | STEP: 0 | IR: drop | A: 0 | AR: 3 | NZ: 00 | IE: 1 | PENDING: 0 | IN_INTR: 0 | DS: [] | RS: [10] | MEM: - | LATCH: PC | OUT: '' | drop
TICK: 001070 | PC: 00114 | STEP: 1 | IR: load 1 | A: 0 | AR: 1 | NZ: 00 | IE: 1 | PENDING: 0 | IN_INTR: 0 | DS: [] | RS: [10] | MEM: - | LATCH: AR | OUT: '' | load.addr 1
TICK: 001071 | PC: 00119 | STEP: 0 | IR: load 1 | A: 0 | AR: 1 | NZ: 00 | IE: 1 | PENDING: 0 | IN_INTR: 0 | DS: [26] | RS: [10] | MEM: read mem[1] | LATCH: DS.push,PC | OUT: '' | load.read
TICK: 001072 | PC: 00124 | STEP: 0 | IR: literal 1 | A: 0 | AR: 1 | NZ: 00 | IE: 1 | PENDING: 0 | IN_INTR: 0 | DS: [26, 1] | RS: [10] | MEM: - | LATCH: DS.push,PC | OUT: '' | literal 1
TICK: 001073 | PC: 00124 | STEP: 1 | IR: add | A: 0 | AR: 1 | NZ: 00 | IE: 1 | PENDING: 0 | IN_INTR: 0 | DS: [] | RS: [10] | MEM: - | LATCH: ALU.left,ALU.right | OUT: '' | add.load_operands
TICK: 001074 | PC: 00125 | STEP: 0 | IR: add | A: 0 | AR: 1 | NZ: 00 | IE: 1 | PENDING: 0 | IN_INTR: 0 | DS: [27] | RS: [10] | MEM: - | LATCH: DS.push(ALU),PC | OUT: '' | add.write_result
TICK: 001075 | PC: 00126 | STEP: 0 | IR: dup | A: 0 | AR: 1 | NZ: 00 | IE: 1 | PENDING: 0 | IN_INTR: 0 | DS: [27, 27] | RS: [10] | MEM: - | LATCH: DS.dup,PC | OUT: '' | dup
TICK: 001076 | PC: 00126 | STEP: 1 | IR: store 1 | A: 0 | AR: 1 | NZ: 00 | IE: 1 | PENDING: 0 | IN_INTR: 0 | DS: [27, 27] | RS: [10] | MEM: - | LATCH: AR | OUT: '' | store.addr 1
TICK: 001077 | PC: 00131 | STEP: 0 | IR: store 1 | A: 0 | AR: 1 | NZ: 00 | IE: 1 | PENDING: 0 | IN_INTR: 0 | DS: [27] | RS: [10] | MEM: write mem[1] <- 27 | LATCH: MEM,PC | OUT: '' | store.write
TICK: 001078 | PC: 00132 | STEP: 0 | IR: drop | A: 0 | AR: 1 | NZ: 00 | IE: 1 | PENDING: 0 | IN_INTR: 0 | DS: [] | RS: [10] | MEM: - | LATCH: PC | OUT: '' | drop
TICK: 001079 | PC: 00051 | STEP: 0 | IR: jmp 51 | A: 0 | AR: 1 | NZ: 00 | IE: 1 | PENDING: 0 | IN_INTR: 0 | DS: [] | RS: [10] | MEM: - | LATCH: PC | OUT: '' | jmp 51
TICK: 001080 | PC: 00056 | STEP: 0 | IR: literal 100 | A: 0 | AR: 1 | NZ: 00 | IE: 1 | PENDING: 0 | IN_INTR: 0 | DS: [100] | RS: [10] | MEM: - | LATCH: DS.push,PC | OUT: '' | literal 100
TICK: 001081 | PC: 00056 | STEP: 1 | IR: load 1 | A: 0 | AR: 1 | NZ: 00 | IE: 1 | PENDING: 0 | IN_INTR: 0 | DS: [100] | RS: [10] | MEM: - | LATCH: AR | OUT: '' | load.addr 1
TICK: 001082 | PC: 00061 | STEP: 0 | IR: load 1 | A: 0 | AR: 1 | NZ: 00 | IE: 1 | PENDING: 0 | IN_INTR: 0 | DS: [100, 27] | RS: [10] | MEM: read mem[1] | LATCH: DS.push,PC | OUT: '' | load.read
TICK: 001083 | PC: 00061 | STEP: 1 | IR: sub | A: 0 | AR: 1 | NZ: 00 | IE: 1 | PENDING: 0 | IN_INTR: 0 | DS: [] | RS: [10] | MEM: - | LATCH: ALU.left,ALU.right | OUT: '' | sub.load_operands
TICK: 001084 | PC: 00062 | STEP: 0 | IR: sub | A: 0 | AR: 1 | NZ: 00 | IE: 1 | PENDING: 0 | IN_INTR: 0 | DS: [73] | RS: [10] | MEM: - | LATCH: DS.push(ALU),PC | OUT: '' | sub.write_result
TICK: 001085 | PC: 00062 | STEP: 1 | IR: mif 72 | A: 0 | AR: 1 | NZ: 00 | IE: 1 | PENDING: 0 | IN_INTR: 0 | DS: [] | RS: [10] | MEM: - | LATCH: ALU.left | OUT: '' | mif.test
TICK: 001086 | PC: 00072 | STEP: 0 | IR: mif 72 | A: 0 | AR: 1 | NZ: 00 | IE: 1 | PENDING: 0 | IN_INTR: 0 | DS: [] | RS: [10] | MEM: - | LATCH: PC | OUT: '' | mif.branch
TICK: 001087 | PC: 00072 | STEP: 1 | IR: load 2 | A: 0 | AR: 2 | NZ: 00 | IE: 1 | PENDING: 0 | IN_INTR: 0 | DS: [] | RS: [10] | MEM: - | LATCH: AR | OUT: '' | load.addr 2
TICK: 001088 | PC: 00077 | STEP: 0 | IR: load 2 | A: 0 | AR: 2 | NZ: 00 | IE: 1 | PENDING: 0 | IN_INTR: 0 | DS: [351] | RS: [10] | MEM: read mem[2] | LATCH: DS.push,PC | OUT: '' | load.read
TICK: 001089 | PC: 00077 | STEP: 1 | IR: load 1 | A: 0 | AR: 1 | NZ: 00 | IE: 1 | PENDING: 0 | IN_INTR: 0 | DS: [351] | RS: [10] | MEM: - | LATCH: AR | OUT: '' | load.addr 1
TICK: 001090 | PC: 00082 | STEP: 0 | IR: load 1 | A: 0 | AR: 1 | NZ: 00 | IE: 1 | PENDING: 0 | IN_INTR: 0 | DS: [351, 27] | RS: [10] | MEM: read mem[1] | LATCH: DS.push,PC | OUT: '' | load.read
TICK: 001091 | PC: 00082 | STEP: 1 | IR: add | A: 0 | AR: 1 | NZ: 00 | IE: 1 | PENDING: 0 | IN_INTR: 0 | DS: [] | RS: [10] | MEM: - | LATCH: ALU.left,ALU.right | OUT: '' | add.load_operands
TICK: 001092 | PC: 00083 | STEP: 0 | IR: add | A: 0 | AR: 1 | NZ: 00 | IE: 1 | PENDING: 0 | IN_INTR: 0 | DS: [378] | RS: [10] | MEM: - | LATCH: DS.push(ALU),PC | OUT: '' | add.write_result
TICK: 001093 | PC: 00084 | STEP: 0 | IR: dup | A: 0 | AR: 1 | NZ: 00 | IE: 1 | PENDING: 0 | IN_INTR: 0 | DS: [378, 378] | RS: [10] | MEM: - | LATCH: DS.dup,PC | OUT: '' | dup
TICK: 001094 | PC: 00084 | STEP: 1 | IR: store 2 | A: 0 | AR: 2 | NZ: 00 | IE: 1 | PENDING: 0 | IN_INTR: 0 | DS: [378, 378] | RS: [10] | MEM: - | LATCH: AR | OUT: '' | store.addr 2
TICK: 001095 | PC: 00089 | STEP: 0 | IR: store 2 | A: 0 | AR: 2 | NZ: 00 | IE: 1 | PENDING: 0 | IN_INTR: 0 | DS: [378] | RS: [10] | MEM: write mem[2] <- 378 | LATCH: MEM,PC | OUT: '' | store.write
TICK: 001096 | PC: 00090 | STEP: 0 | IR: drop | A: 0 | AR: 2 | NZ: 00 | IE: 1 | PENDING: 0 | IN_INTR: 0 | DS: [] | RS: [10] | MEM: - | LATCH: PC | OUT: '' | drop
TICK: 001097 | PC: 00090 | STEP: 1 | IR: load 3 | A: 0 | AR: 3 | NZ: 00 | IE: 1 | PENDING: 0 | IN_INTR: 0 | DS: [] | RS: [10] | MEM: - | LATCH: AR | OUT: '' | load.addr 3
TICK: 001098 | PC: 00095 | STEP: 0 | IR: load 3 | A: 0 | AR: 3 | NZ: 00 | IE: 1 | PENDING: 0 | IN_INTR: 0 | DS: [6201] | RS: [10] | MEM: read mem[3] | LATCH: DS.push,PC | OUT: '' | load.read
TICK: 001099 | PC: 00095 | STEP: 1 | IR: load 1 | A: 0 | AR: 1 | NZ: 00 | IE: 1 | PENDING: 0 | IN_INTR: 0 | DS: [6201] | RS: [10] | MEM: - | LATCH: AR | OUT: '' | load.addr 1
TICK: 001100 | PC: 00100 | STEP: 0 | IR: load 1 | A: 0 | AR: 1 | NZ: 00 | IE: 1 | PENDING: 0 | IN_INTR: 0 | DS: [6201, 27] | RS: [10] | MEM: read mem[1] | LATCH: DS.push,PC | OUT: '' | load.read
TICK: 001101 | PC: 00100 | STEP: 1 | IR: load 1 | A: 0 | AR: 1 | NZ: 00 | IE: 1 | PENDING: 0 | IN_INTR: 0 | DS: [6201, 27] | RS: [10] | MEM: - | LATCH: AR | OUT: '' | load.addr 1
TICK: 001102 | PC: 00105 | STEP: 0 | IR: load 1 | A: 0 | AR: 1 | NZ: 00 | IE: 1 | PENDING: 0 | IN_INTR: 0 | DS: [6201, 27, 27] | RS: [10] | MEM: read mem[1] | LATCH: DS.push,PC | OUT: '' | load.read
TICK: 001103 | PC: 00105 | STEP: 1 | IR: mul | A: 0 | AR: 1 | NZ: 00 | IE: 1 | PENDING: 0 | IN_INTR: 0 | DS: [6201] | RS: [10] | MEM: - | LATCH: ALU.left,ALU.right | OUT: '' | mul.load_operands
TICK: 001104 | PC: 00106 | STEP: 0 | IR: mul | A: 0 | AR: 1 | NZ: 00 | IE: 1 | PENDING: 0 | IN_INTR: 0 | DS: [6201, 729] | RS: [10] | MEM: - | LATCH: DS.push(ALU),PC | OUT: '' | mul.write_result
TICK: 001105 | PC: 00106 | STEP: 1 | IR: add | A: 0 | AR: 1 | NZ: 00 | IE: 1 | PENDING: 0 | IN_INTR: 0 | DS: [] | RS: [10] | MEM: - | LATCH: ALU.left,ALU.right | OUT: '' | add.load_operands
TICK: 001106 | PC: 00107 | STEP: 0 | IR: add | A: 0 | AR: 1 | NZ: 00 | IE: 1 | PENDING: 0 | IN_INTR: 0 | DS: [6930] | RS: [10] | MEM: - | LATCH: DS.push(ALU),PC | OUT: '' | add.write_result
TICK: 001107 | PC: 00108 | STEP: 0 | IR: dup | A: 0 | AR: 1 | NZ: 00 | IE: 1 | PENDING: 0 | IN_INTR: 0 | DS: [6930, 6930] | RS: [10] | MEM: - | LATCH: DS.dup,PC | OUT: '' | dup
TICK: 001108 | PC: 00108 | STEP: 1 | IR: store 3 | A: 0 | AR: 3 | NZ: 00 | IE: 1 | PENDING: 0 | IN_INTR: 0 | DS: [6930, 6930] | RS: [10] | MEM: - | LATCH: AR | OUT: '' | store.addr 3
TICK: 001109 | PC: 00113 | STEP: 0 | IR: store 3 | A: 0 | AR: 3 | NZ: 00 | IE: 1 | PENDING: 0 | IN_INTR: 0 | DS: [6930] | RS: [10] | MEM: write mem[3] <- 6930 | LATCH: MEM,PC | OUT: '' | store.write
TICK: 001110 | PC: 00114 | STEP: 0 | IR: drop | A: 0 | AR: 3 | NZ: 00 | IE: 1 | PENDING: 0 | IN_INTR: 0 | DS: [] | RS: [10] | MEM: - | LATCH: PC | OUT: '' | drop
TICK: 001111 | PC: 00114 | STEP: 1 | IR: load 1 | A: 0 | AR: 1 | NZ: 00 | IE: 1 | PENDING: 0 | IN_INTR: 0 | DS: [] | RS: [10] | MEM: - | LATCH: AR | OUT: '' | load.addr 1
TICK: 001112 | PC: 00119 | STEP: 0 | IR: load 1 | A: 0 | AR: 1 | NZ: 00 | IE: 1 | PENDING: 0 | IN_INTR: 0 | DS: [27] | RS: [10] | MEM: read mem[1] | LATCH: DS.push,PC | OUT: '' | load.read
TICK: 001113 | PC: 00124 | STEP: 0 | IR: literal 1 | A: 0 | AR: 1 | NZ: 00 | IE: 1 | PENDING: 0 | IN_INTR: 0 | DS: [27, 1] | RS: [10] | MEM: - | LATCH: DS.push,PC | OUT: '' | literal 1
TICK: 001114 | PC: 00124 | STEP: 1 | IR: add | A: 0 | AR: 1 | NZ: 00 | IE: 1 | PENDING: 0 | IN_INTR: 0 | DS: [] | RS: [10] | MEM: - | LATCH: ALU.left,ALU.right | OUT: '' | add.load_operands
TICK: 001115 | PC: 00125 | STEP: 0 | IR: add | A: 0 | AR: 1 | NZ: 00 | IE: 1 | PENDING: 0 | IN_INTR: 0 | DS: [28] | RS: [10] | MEM: - | LATCH: DS.push(ALU),PC | OUT: '' | add.write_result
TICK: 001116 | PC: 00126 | STEP: 0 | IR: dup | A: 0 | AR: 1 | NZ: 00 | IE: 1 | PENDING: 0 | IN_INTR: 0 | DS: [28, 28] | RS: [10] | MEM: - | LATCH: DS.dup,PC | OUT: '' | dup
TICK: 001117 | PC: 00126 | STEP: 1 | IR: store 1 | A: 0 | AR: 1 | NZ: 00 | IE: 1 | PENDING: 0 | IN_INTR: 0 | DS: [28, 28] | RS: [10] | MEM: - | LATCH: AR | OUT: '' | store.addr 1
TICK: 001118 | PC: 00131 | STEP: 0 | IR: store 1 | A: 0 | AR: 1 | NZ: 00 | IE: 1 | PENDING: 0 | IN_INTR: 0 | DS: [28] | RS: [10] | MEM: write mem[1] <- 28 | LATCH: MEM,PC | OUT: '' | store.write
TICK: 001119 | PC: 00132 | STEP: 0 | IR: drop | A: 0 | AR: 1 | NZ: 00 | IE: 1 | PENDING: 0 | IN_INTR: 0 | DS: [] | RS: [10] | MEM: - | LATCH: PC | OUT: '' | drop
TICK: 001120 | PC: 00051 | STEP: 0 | IR: jmp 51 | A: 0 | AR: 1 | NZ: 00 | IE: 1 | PENDING: 0 | IN_INTR: 0 | DS: [] | RS: [10] | MEM: - | LATCH: PC | OUT: '' | jmp 51
TICK: 001121 | PC: 00056 | STEP: 0 | IR: literal 100 | A: 0 | AR: 1 | NZ: 00 | IE: 1 | PENDING: 0 | IN_INTR: 0 | DS: [100] | RS: [10] | MEM: - | LATCH: DS.push,PC | OUT: '' | literal 100
TICK: 001122 | PC: 00056 | STEP: 1 | IR: load 1 | A: 0 | AR: 1 | NZ: 00 | IE: 1 | PENDING: 0 | IN_INTR: 0 | DS: [100] | RS: [10] | MEM: - | LATCH: AR | OUT: '' | load.addr 1
TICK: 001123 | PC: 00061 | STEP: 0 | IR: load 1 | A: 0 | AR: 1 | NZ: 00 | IE: 1 | PENDING: 0 | IN_INTR: 0 | DS: [100, 28] | RS: [10] | MEM: read mem[1] | LATCH: DS.push,PC | OUT: '' | load.read
TICK: 001124 | PC: 00061 | STEP: 1 | IR: sub | A: 0 | AR: 1 | NZ: 00 | IE: 1 | PENDING: 0 | IN_INTR: 0 | DS: [] | RS: [10] | MEM: - | LATCH: ALU.left,ALU.right | OUT: '' | sub.load_operands
TICK: 001125 | PC: 00062 | STEP: 0 | IR: sub | A: 0 | AR: 1 | NZ: 00 | IE: 1 | PENDING: 0 | IN_INTR: 0 | DS: [72] | RS: [10] | MEM: - | LATCH: DS.push(ALU),PC | OUT: '' | sub.write_result
TICK: 001126 | PC: 00062 | STEP: 1 | IR: mif 72 | A: 0 | AR: 1 | NZ: 00 | IE: 1 | PENDING: 0 | IN_INTR: 0 | DS: [] | RS: [10] | MEM: - | LATCH: ALU.left | OUT: '' | mif.test
TICK: 001127 | PC: 00072 | STEP: 0 | IR: mif 72 | A: 0 | AR: 1 | NZ: 00 | IE: 1 | PENDING: 0 | IN_INTR: 0 | DS: [] | RS: [10] | MEM: - | LATCH: PC | OUT: '' | mif.branch
TICK: 001128 | PC: 00072 | STEP: 1 | IR: load 2 | A: 0 | AR: 2 | NZ: 00 | IE: 1 | PENDING: 0 | IN_INTR: 0 | DS: [] | RS: [10] | MEM: - | LATCH: AR | OUT: '' | load.addr 2
TICK: 001129 | PC: 00077 | STEP: 0 | IR: load 2 | A: 0 | AR: 2 | NZ: 00 | IE: 1 | PENDING: 0 | IN_INTR: 0 | DS: [378] | RS: [10] | MEM: read mem[2] | LATCH: DS.push,PC | OUT: '' | load.read
TICK: 001130 | PC: 00077 | STEP: 1 | IR: load 1 | A: 0 | AR: 1 | NZ: 00 | IE: 1 | PENDING: 0 | IN_INTR: 0 | DS: [378] | RS: [10] | MEM: - | LATCH: AR | OUT: '' | load.addr 1
TICK: 001131 | PC: 00082 | STEP: 0 | IR: load 1 | A: 0 | AR: 1 | NZ: 00 | IE: 1 | PENDING: 0 | IN_INTR: 0 | DS: [378, 28] | RS: [10] | MEM: read mem[1] | LATCH: DS.push,PC | OUT: '' | load.read
TICK: 001132 | PC: 00082 | STEP: 1 | IR: add | A: 0 | AR: 1 | NZ: 00 | IE: 1 | PENDING: 0 | IN_INTR: 0 | DS: [] | RS: [10] | MEM: - | LATCH: ALU.left,ALU.right | OUT: '' | add.load_operands
TICK: 001133 | PC: 00083 | STEP: 0 | IR: add | A: 0 | AR: 1 | NZ: 00 | IE: 1 | PENDING: 0 | IN_INTR: 0 | DS: [406] | RS: [10] | MEM: - | LATCH: DS.push(ALU),PC | OUT: '' | add.write_result
TICK: 001134 | PC: 00084 | STEP: 0 | IR: dup | A: 0 | AR: 1 | NZ: 00 | IE: 1 | PENDING: 0 | IN_INTR: 0 | DS: [406, 406] | RS: [10] | MEM: - | LATCH: DS.dup,PC | OUT: '' | dup
TICK: 001135 | PC: 00084 | STEP: 1 | IR: store 2 | A: 0 | AR: 2 | NZ: 00 | IE: 1 | PENDING: 0 | IN_INTR: 0 | DS: [406, 406] | RS: [10] | MEM: - | LATCH: AR | OUT: '' | store.addr 2
TICK: 001136 | PC: 00089 | STEP: 0 | IR: store 2 | A: 0 | AR: 2 | NZ: 00 | IE: 1 | PENDING: 0 | IN_INTR: 0 | DS: [406] | RS: [10] | MEM: write mem[2] <- 406 | LATCH: MEM,PC | OUT: '' | store.write
TICK: 001137 | PC: 00090 | STEP: 0 | IR: drop | A: 0 | AR: 2 | NZ: 00 | IE: 1 | PENDING: 0 | IN_INTR: 0 | DS: [] | RS: [10] | MEM: - | LATCH: PC | OUT: '' | drop
TICK: 001138 | PC: 00090 | STEP: 1 | IR: load 3 | A: 0 | AR: 3 | NZ: 00 | IE: 1 | PENDING: 0 | IN_INTR: 0 | DS: [] | RS: [10] | MEM: - | LATCH: AR | OUT: '' | load.addr 3
TICK: 001139 | PC: 00095 | STEP: 0 | IR: load 3 | A: 0 | AR: 3 | NZ: 00 | IE: 1 | PENDING: 0 | IN_INTR: 0 | DS: [6930] | RS: [10] | MEM: read mem[3] | LATCH: DS.push,PC | OUT: '' | load.read
TICK: 001140 | PC: 00095 | STEP: 1 | IR: load 1 | A: 0 | AR: 1 | NZ: 00 | IE: 1 | PENDING: 0 | IN_INTR: 0 | DS: [6930] | RS: [10] | MEM: - | LATCH: AR | OUT: '' | load.addr 1
TICK: 001141 | PC: 00100 | STEP: 0 | IR: load 1 | A: 0 | AR: 1 | NZ: 00 | IE: 1 | PENDING: 0 | IN_INTR: 0 | DS: [6930, 28] | RS: [10] | MEM: read mem[1] | LATCH: DS.push,PC | OUT: '' | load.read
TICK: 001142 | PC: 00100 | STEP: 1 | IR: load 1 | A: 0 | AR: 1 | NZ: 00 | IE: 1 | PENDING: 0 | IN_INTR: 0 | DS: [6930, 28] | RS: [10] | MEM: - | LATCH: AR | OUT: '' | load.addr 1
TICK: 001143 | PC: 00105 | STEP: 0 | IR: load 1 | A: 0 | AR: 1 | NZ: 00 | IE: 1 | PENDING: 0 | IN_INTR: 0 | DS: [6930, 28, 28] | RS: [10] | MEM: read mem[1] | LATCH: DS.push,PC | OUT: '' | load.read
TICK: 001144 | PC: 00105 | STEP: 1 | IR: mul | A: 0 | AR: 1 | NZ: 00 | IE: 1 | PENDING: 0 | IN_INTR: 0 | DS: [6930] | RS: [10] | MEM: - | LATCH: ALU.left,ALU.right | OUT: '' | mul.load_operands
TICK: 001145 | PC: 00106 | STEP: 0 | IR: mul | A: 0 | AR: 1 | NZ: 00 | IE: 1 | PENDING: 0 | IN_INTR: 0 | DS: [6930, 784] | RS: [10] | MEM: - | LATCH: DS.push(ALU),PC | OUT: '' | mul.write_result
TICK: 001146 | PC: 00106 | STEP: 1 | IR: add | A: 0 | AR: 1 | NZ: 00 | IE: 1 | PENDING: 0 | IN_INTR: 0 | DS: [] | RS: [10] | MEM: - | LATCH: ALU.left,ALU.right | OUT: '' | add.load_operands
TICK: 001147 | PC: 00107 | STEP: 0 | IR: add | A: 0 | AR: 1 | NZ: 00 | IE: 1 | PENDING: 0 | IN_INTR: 0 | DS: [7714] | RS: [10] | MEM: - | LATCH: DS.push(ALU),PC | OUT: '' | add.write_result
TICK: 001148 | PC: 00108 | STEP: 0 | IR: dup | A: 0 | AR: 1 | NZ: 00 | IE: 1 | PENDING: 0 | IN_INTR: 0 | DS: [7714, 7714] | RS: [10] | MEM: - | LATCH: DS.dup,PC | OUT: '' | dup
TICK: 001149 | PC: 00108 | STEP: 1 | IR: store 3 | A: 0 | AR: 3 | NZ: 00 | IE: 1 | PENDING: 0 | IN_INTR: 0 | DS: [7714, 7714] | RS: [10] | MEM: - | LATCH: AR | OUT: '' | store.addr 3
TICK: 001150 | PC: 00113 | STEP: 0 | IR: store 3 | A: 0 | AR: 3 | NZ: 00 | IE: 1 | PENDING: 0 | IN_INTR: 0 | DS: [7714] | RS: [10] | MEM: write mem[3] <- 7714 | LATCH: MEM,PC | OUT: '' | store.write
TICK: 001151 | PC: 00114 | STEP: 0 | IR: drop | A: 0 | AR: 3 | NZ: 00 | IE: 1 | PENDING: 0 | IN_INTR: 0 | DS: [] | RS: [10] | MEM: - | LATCH: PC | OUT: '' | drop
TICK: 001152 | PC: 00114 | STEP: 1 | IR: load 1 | A: 0 | AR: 1 | NZ: 00 | IE: 1 | PENDING: 0 | IN_INTR: 0 | DS: [] | RS: [10] | MEM: - | LATCH: AR | OUT: '' | load.addr 1
TICK: 001153 | PC: 00119 | STEP: 0 | IR: load 1 | A: 0 | AR: 1 | NZ: 00 | IE: 1 | PENDING: 0 | IN_INTR: 0 | DS: [28] | RS: [10] | MEM: read mem[1] | LATCH: DS.push,PC | OUT: '' | load.read
TICK: 001154 | PC: 00124 | STEP: 0 | IR: literal 1 | A: 0 | AR: 1 | NZ: 00 | IE: 1 | PENDING: 0 | IN_INTR: 0 | DS: [28, 1] | RS: [10] | MEM: - | LATCH: DS.push,PC | OUT: '' | literal 1
TICK: 001155 | PC: 00124 | STEP: 1 | IR: add | A: 0 | AR: 1 | NZ: 00 | IE: 1 | PENDING: 0 | IN_INTR: 0 | DS: [] | RS: [10] | MEM: - | LATCH: ALU.left,ALU.right | OUT: '' | add.load_operands
TICK: 001156 | PC: 00125 | STEP: 0 | IR: add | A: 0 | AR: 1 | NZ: 00 | IE: 1 | PENDING: 0 | IN_INTR: 0 | DS: [29] | RS: [10] | MEM: - | LATCH: DS.push(ALU),PC | OUT: '' | add.write_result
TICK: 001157 | PC: 00126 | STEP: 0 | IR: dup | A: 0 | AR: 1 | NZ: 00 | IE: 1 | PENDING: 0 | IN_INTR: 0 | DS: [29, 29] | RS: [10] | MEM: - | LATCH: DS.dup,PC | OUT: '' | dup
TICK: 001158 | PC: 00126 | STEP: 1 | IR: store 1 | A: 0 | AR: 1 | NZ: 00 | IE: 1 | PENDING: 0 | IN_INTR: 0 | DS: [29, 29] | RS: [10] | MEM: - | LATCH: AR | OUT: '' | store.addr 1
TICK: 001159 | PC: 00131 | STEP: 0 | IR: store 1 | A: 0 | AR: 1 | NZ: 00 | IE: 1 | PENDING: 0 | IN_INTR: 0 | DS: [29] | RS: [10] | MEM: write mem[1] <- 29 | LATCH: MEM,PC | OUT: '' | store.write
TICK: 001160 | PC: 00132 | STEP: 0 | IR: drop | A: 0 | AR: 1 | NZ: 00 | IE: 1 | PENDING: 0 | IN_INTR: 0 | DS: [] | RS: [10] | MEM: - | LATCH: PC | OUT: '' | drop
TICK: 001161 | PC: 00051 | STEP: 0 | IR: jmp 51 | A: 0 | AR: 1 | NZ: 00 | IE: 1 | PENDING: 0 | IN_INTR: 0 | DS: [] | RS: [10] | MEM: - | LATCH: PC | OUT: '' | jmp 51
TICK: 001162 | PC: 00056 | STEP: 0 | IR: literal 100 | A: 0 | AR: 1 | NZ: 00 | IE: 1 | PENDING: 0 | IN_INTR: 0 | DS: [100] | RS: [10] | MEM: - | LATCH: DS.push,PC | OUT: '' | literal 100
TICK: 001163 | PC: 00056 | STEP: 1 | IR: load 1 | A: 0 | AR: 1 | NZ: 00 | IE: 1 | PENDING: 0 | IN_INTR: 0 | DS: [100] | RS: [10] | MEM: - | LATCH: AR | OUT: '' | load.addr 1
TICK: 001164 | PC: 00061 | STEP: 0 | IR: load 1 | A: 0 | AR: 1 | NZ: 00 | IE: 1 | PENDING: 0 | IN_INTR: 0 | DS: [100, 29] | RS: [10] | MEM: read mem[1] | LATCH: DS.push,PC | OUT: '' | load.read
TICK: 001165 | PC: 00061 | STEP: 1 | IR: sub | A: 0 | AR: 1 | NZ: 00 | IE: 1 | PENDING: 0 | IN_INTR: 0 | DS: [] | RS: [10] | MEM: - | LATCH: ALU.left,ALU.right | OUT: '' | sub.load_operands
TICK: 001166 | PC: 00062 | STEP: 0 | IR: sub | A: 0 | AR: 1 | NZ: 00 | IE: 1 | PENDING: 0 | IN_INTR: 0 | DS: [71] | RS: [10] | MEM: - | LATCH: DS.push(ALU),PC | OUT: '' | sub.write_result
TICK: 001167 | PC: 00062 | STEP: 1 | IR: mif 72 | A: 0 | AR: 1 | NZ: 00 | IE: 1 | PENDING: 0 | IN_INTR: 0 | DS: [] | RS: [10] | MEM: - | LATCH: ALU.left | OUT: '' | mif.test
TICK: 001168 | PC: 00072 | STEP: 0 | IR: mif 72 | A: 0 | AR: 1 | NZ: 00 | IE: 1 | PENDING: 0 | IN_INTR: 0 | DS: [] | RS: [10] | MEM: - | LATCH: PC | OUT: '' | mif.branch
TICK: 001169 | PC: 00072 | STEP: 1 | IR: load 2 | A: 0 | AR: 2 | NZ: 00 | IE: 1 | PENDING: 0 | IN_INTR: 0 | DS: [] | RS: [10] | MEM: - | LATCH: AR | OUT: '' | load.addr 2
TICK: 001170 | PC: 00077 | STEP: 0 | IR: load 2 | A: 0 | AR: 2 | NZ: 00 | IE: 1 | PENDING: 0 | IN_INTR: 0 | DS: [406] | RS: [10] | MEM: read mem[2] | LATCH: DS.push,PC | OUT: '' | load.read
TICK: 001171 | PC: 00077 | STEP: 1 | IR: load 1 | A: 0 | AR: 1 | NZ: 00 | IE: 1 | PENDING: 0 | IN_INTR: 0 | DS: [406] | RS: [10] | MEM: - | LATCH: AR | OUT: '' | load.addr 1
TICK: 001172 | PC: 00082 | STEP: 0 | IR: load 1 | A: 0 | AR: 1 | NZ: 00 | IE: 1 | PENDING: 0 | IN_INTR: 0 | DS: [406, 29] | RS: [10] | MEM: read mem[1] | LATCH: DS.push,PC | OUT: '' | load.read
TICK: 001173 | PC: 00082 | STEP: 1 | IR: add | A: 0 | AR: 1 | NZ: 00 | IE: 1 | PENDING: 0 | IN_INTR: 0 | DS: [] | RS: [10] | MEM: - | LATCH: ALU.left,ALU.right | OUT: '' | add.load_operands
TICK: 001174 | PC: 00083 | STEP: 0 | IR: add | A: 0 | AR: 1 | NZ: 00 | IE: 1 | PENDING: 0 | IN_INTR: 0 | DS: [435] | RS: [10] | MEM: - | LATCH: DS.push(ALU),PC | OUT: '' | add.write_result
TICK: 001175 | PC: 00084 | STEP: 0 | IR: dup | A: 0 | AR: 1 | NZ: 00 | IE: 1 | PENDING: 0 | IN_INTR: 0 | DS: [435, 435] | RS: [10] | MEM: - | LATCH: DS.dup,PC | OUT: '' | dup
TICK: 001176 | PC: 00084 | STEP: 1 | IR: store 2 | A: 0 | AR: 2 | NZ: 00 | IE: 1 | PENDING: 0 | IN_INTR: 0 | DS: [435, 435] | RS: [10] | MEM: - | LATCH: AR | OUT: '' | store.addr 2
TICK: 001177 | PC: 00089 | STEP: 0 | IR: store 2 | A: 0 | AR: 2 | NZ: 00 | IE: 1 | PENDING: 0 | IN_INTR: 0 | DS: [435] | RS: [10] | MEM: write mem[2] <- 435 | LATCH: MEM,PC | OUT: '' | store.write
TICK: 001178 | PC: 00090 | STEP: 0 | IR: drop | A: 0 | AR: 2 | NZ: 00 | IE: 1 | PENDING: 0 | IN_INTR: 0 | DS: [] | RS: [10] | MEM: - | LATCH: PC | OUT: '' | drop
TICK: 001179 | PC: 00090 | STEP: 1 | IR: load 3 | A: 0 | AR: 3 | NZ: 00 | IE: 1 | PENDING: 0 | IN_INTR: 0 | DS: [] | RS: [10] | MEM: - | LATCH: AR | OUT: '' | load.addr 3
TICK: 001180 | PC: 00095 | STEP: 0 | IR: load 3 | A: 0 | AR: 3 | NZ: 00 | IE: 1 | PENDING: 0 | IN_INTR: 0 | DS: [7714] | RS: [10] | MEM: read mem[3] | LATCH: DS.push,PC | OUT: '' | load.read
TICK: 001181 | PC: 00095 | STEP: 1 | IR: load 1 | A: 0 | AR: 1 | NZ: 00 | IE: 1 | PENDING: 0 | IN_INTR: 0 | DS: [7714] | RS: [10] | MEM: - | LATCH: AR | OUT: '' | load.addr 1
TICK: 001182 | PC: 00100 | STEP: 0 | IR: load 1 | A: 0 | AR: 1 | NZ: 00 | IE: 1 | PENDING: 0 | IN_INTR: 0 | DS: [7714, 29] | RS: [10] | MEM: read mem[1] | LATCH: DS.push,PC | OUT: '' | load.read
TICK: 001183 | PC: 00100 | STEP: 1 | IR: load 1 | A: 0 | AR: 1 | NZ: 00 | IE: 1 | PENDING: 0 | IN_INTR: 0 | DS: [7714, 29] | RS: [10] | MEM: - | LATCH: AR | OUT: '' | load.addr 1
TICK: 001184 | PC: 00105 | STEP: 0 | IR: load 1 | A: 0 | AR: 1 | NZ: 00 | IE: 1 | PENDING: 0 | IN_INTR: 0 | DS: [7714, 29, 29] | RS: [10] | MEM: read mem[1] | LATCH: DS.push,PC | OUT: '' | load.read
TICK: 001185 | PC: 00105 | STEP: 1 | IR: mul | A: 0 | AR: 1 | NZ: 00 | IE: 1 | PENDING: 0 | IN_INTR: 0 | DS: [7714] | RS: [10] | MEM: - | LATCH: ALU.left,ALU.right | OUT: '' | mul.load_operands
TICK: 001186 | PC: 00106 | STEP: 0 | IR: mul | A: 0 | AR: 1 | NZ: 00 | IE: 1 | PENDING: 0 | IN_INTR: 0 | DS: [7714, 841] | RS: [10] | MEM: - | LATCH: DS.push(ALU),PC | OUT: '' | mul.write_result
TICK: 001187 | PC: 00106 | STEP: 1 | IR: add | A: 0 | AR: 1 | NZ: 00 | IE: 1 | PENDING: 0 | IN_INTR: 0 | DS: [] | RS: [10] | MEM: - | LATCH: ALU.left,ALU.right | OUT: '' | add.load_operands
TICK: 001188 | PC: 00107 | STEP: 0 | IR: add | A: 0 | AR: 1 | NZ: 00 | IE: 1 | PENDING: 0 | IN_INTR: 0 | DS: [8555] | RS: [10] | MEM: - | LATCH: DS.push(ALU),PC | OUT: '' | add.write_result
TICK: 001189 | PC: 00108 | STEP: 0 | IR: dup | A: 0 | AR: 1 | NZ: 00 | IE: 1 | PENDING: 0 | IN_INTR: 0 | DS: [8555, 8555] | RS: [10] | MEM: - | LATCH: DS.dup,PC | OUT: '' | dup
TICK: 001190 | PC: 00108 | STEP: 1 | IR: store 3 | A: 0 | AR: 3 | NZ: 00 | IE: 1 | PENDING: 0 | IN_INTR: 0 | DS: [8555, 8555] | RS: [10] | MEM: - | LATCH: AR | OUT: '' | store.addr 3
TICK: 001191 | PC: 00113 | STEP: 0 | IR: store 3 | A: 0 | AR: 3 | NZ: 00 | IE: 1 | PENDING: 0 | IN_INTR: 0 | DS: [8555] | RS: [10] | MEM: write mem[3] <- 8555 | LATCH: MEM,PC | OUT: '' | store.write
TICK: 001192 | PC: 00114 | STEP: 0 | IR: drop | A: 0 | AR: 3 | NZ: 00 | IE: 1 | PENDING: 0 | IN_INTR: 0 | DS: [] | RS: [10] | MEM: - | LATCH: PC | OUT: '' | drop
TICK: 001193 | PC: 00114 | STEP: 1 | IR: load 1 | A: 0 | AR: 1 | NZ: 00 | IE: 1 | PENDING: 0 | IN_INTR: 0 | DS: [] | RS: [10] | MEM: - | LATCH: AR | OUT: '' | load.addr 1
TICK: 001194 | PC: 00119 | STEP: 0 | IR: load 1 | A: 0 | AR: 1 | NZ: 00 | IE: 1 | PENDING: 0 | IN_INTR: 0 | DS: [29] | RS: [10] | MEM: read mem[1] | LATCH: DS.push,PC | OUT: '' | load.read
TICK: 001195 | PC: 00124 | STEP: 0 | IR: literal 1 | A: 0 | AR: 1 | NZ: 00 | IE: 1 | PENDING: 0 | IN_INTR: 0 | DS: [29, 1] | RS: [10] | MEM: - | LATCH: DS.push,PC | OUT: '' | literal 1
TICK: 001196 | PC: 00124 | STEP: 1 | IR: add | A: 0 | AR: 1 | NZ: 00 | IE: 1 | PENDING: 0 | IN_INTR: 0 | DS: [] | RS: [10] | MEM: - | LATCH: ALU.left,ALU.right | OUT: '' | add.load_operands
TICK: 001197 | PC: 00125 | STEP: 0 | IR: add | A: 0 | AR: 1 | NZ: 00 | IE: 1 | PENDING: 0 | IN_INTR: 0 | DS: [30] | RS: [10] | MEM: - | LATCH: DS.push(ALU),PC | OUT: '' | add.write_result
TICK: 001198 | PC: 00126 | STEP: 0 | IR: dup | A: 0 | AR: 1 | NZ: 00 | IE: 1 | PENDING: 0 | IN_INTR: 0 | DS: [30, 30] | RS: [10] | MEM: - | LATCH: DS.dup,PC | OUT: '' | dup
TICK: 001199 | PC: 00126 | STEP: 1 | IR: store 1 | A: 0 | AR: 1 | NZ: 00 | IE: 1 | PENDING: 0 | IN_INTR: 0 | DS: [30, 30] | RS: [10] | MEM: - | LATCH: AR | OUT: '' | store.addr 1
TICK: 001200 | PC: 00131 | STEP: 0 | IR: store 1 | A: 0 | AR: 1 | NZ: 00 | IE: 1 | PENDING: 0 | IN_INTR: 0 | DS: [30] | RS: [10] | MEM: write mem[1] <- 30 | LATCH: MEM,PC | OUT: '' | store.write
TICK: 001201 | PC: 00132 | STEP: 0 | IR: drop | A: 0 | AR: 1 | NZ: 00 | IE: 1 | PENDING: 0 | IN_INTR: 0 | DS: [] | RS: [10] | MEM: - | LATCH: PC | OUT: '' | drop
TICK: 001202 | PC: 00051 | STEP: 0 | IR: jmp 51 | A: 0 | AR: 1 | NZ: 00 | IE: 1 | PENDING: 0 | IN_INTR: 0 | DS: [] | RS: [10] | MEM: - | LATCH: PC | OUT: '' | jmp 51
TICK: 001203 | PC: 00056 | STEP: 0 | IR: literal 100 | A: 0 | AR: 1 | NZ: 00 | IE: 1 | PENDING: 0 | IN_INTR: 0 | DS: [100] | RS: [10] | MEM: - | LATCH: DS.push,PC | OUT: '' | literal 100
TICK: 001204 | PC: 00056 | STEP: 1 | IR: load 1 | A: 0 | AR: 1 | NZ: 00 | IE: 1 | PENDING: 0 | IN_INTR: 0 | DS: [100] | RS: [10] | MEM: - | LATCH: AR | OUT: '' | load.addr 1
TICK: 001205 | PC: 00061 | STEP: 0 | IR: load 1 | A: 0 | AR: 1 | NZ: 00 | IE: 1 | PENDING: 0 | IN_INTR: 0 | DS: [100, 30] | RS: [10] | MEM: read mem[1] | LATCH: DS.push,PC | OUT: '' | load.read
TICK: 001206 | PC: 00061 | STEP: 1 | IR: sub | A: 0 | AR: 1 | NZ: 00 | IE: 1 | PENDING: 0 | IN_INTR: 0 | DS: [] | RS: [10] | MEM: - | LATCH: ALU.left,ALU.right | OUT: '' | sub.load_operands
TICK: 001207 | PC: 00062 | STEP: 0 | IR: sub | A: 0 | AR: 1 | NZ: 00 | IE: 1 | PENDING: 0 | IN_INTR: 0 | DS: [70] | RS: [10] | MEM: - | LATCH: DS.push(ALU),PC | OUT: '' | sub.write_result
TICK: 001208 | PC: 00062 | STEP: 1 | IR: mif 72 | A: 0 | AR: 1 | NZ: 00 | IE: 1 | PENDING: 0 | IN_INTR: 0 | DS: [] | RS: [10] | MEM: - | LATCH: ALU.left | OUT: '' | mif.test
TICK: 001209 | PC: 00072 | STEP: 0 | IR: mif 72 | A: 0 | AR: 1 | NZ: 00 | IE: 1 | PENDING: 0 | IN_INTR: 0 | DS: [] | RS: [10] | MEM: - | LATCH: PC | OUT: '' | mif.branch
TICK: 001210 | PC: 00072 | STEP: 1 | IR: load 2 | A: 0 | AR: 2 | NZ: 00 | IE: 1 | PENDING: 0 | IN_INTR: 0 | DS: [] | RS: [10] | MEM: - | LATCH: AR | OUT: '' | load.addr 2
TICK: 001211 | PC: 00077 | STEP: 0 | IR: load 2 | A: 0 | AR: 2 | NZ: 00 | IE: 1 | PENDING: 0 | IN_INTR: 0 | DS: [435] | RS: [10] | MEM: read mem[2] | LATCH: DS.push,PC | OUT: '' | load.read
TICK: 001212 | PC: 00077 | STEP: 1 | IR: load 1 | A: 0 | AR: 1 | NZ: 00 | IE: 1 | PENDING: 0 | IN_INTR: 0 | DS: [435] | RS: [10] | MEM: - | LATCH: AR | OUT: '' | load.addr 1
TICK: 001213 | PC: 00082 | STEP: 0 | IR: load 1 | A: 0 | AR: 1 | NZ: 00 | IE: 1 | PENDING: 0 | IN_INTR: 0 | DS: [435, 30] | RS: [10] | MEM: read mem[1] | LATCH: DS.push,PC | OUT: '' | load.read
TICK: 001214 | PC: 00082 | STEP: 1 | IR: add | A: 0 | AR: 1 | NZ: 00 | IE: 1 | PENDING: 0 | IN_INTR: 0 | DS: [] | RS: [10] | MEM: - | LATCH: ALU.left,ALU.right | OUT: '' | add.load_operands
TICK: 001215 | PC: 00083 | STEP: 0 | IR: add | A: 0 | AR: 1 | NZ: 00 | IE: 1 | PENDING: 0 | IN_INTR: 0 | DS: [465] | RS: [10] | MEM: - | LATCH: DS.push(ALU),PC | OUT: '' | add.write_result
TICK: 001216 | PC: 00084 | STEP: 0 | IR: dup | A: 0 | AR: 1 | NZ: 00 | IE: 1 | PENDING: 0 | IN_INTR: 0 | DS: [465, 465] | RS: [10] | MEM: - | LATCH: DS.dup,PC | OUT: '' | dup
TICK: 001217 | PC: 00084 | STEP: 1 | IR: store 2 | A: 0 | AR: 2 | NZ: 00 | IE: 1 | PENDING: 0 | IN_INTR: 0 | DS: [465, 465] | RS: [10] | MEM: - | LATCH: AR | OUT: '' | store.addr 2
TICK: 001218 | PC: 00089 | STEP: 0 | IR: store 2 | A: 0 | AR: 2 | NZ: 00 | IE: 1 | PENDING: 0 | IN_INTR: 0 | DS: [465] | RS: [10] | MEM: write mem[2] <- 465 | LATCH: MEM,PC | OUT: '' | store.write
TICK: 001219 | PC: 00090 | STEP: 0 | IR: drop | A: 0 | AR: 2 | NZ: 00 | IE: 1 | PENDING: 0 | IN_INTR: 0 | DS: [] | RS: [10] | MEM: - | LATCH: PC | OUT: '' | drop
TICK: 001220 | PC: 00090 | STEP: 1 | IR: load 3 | A: 0 | AR: 3 | NZ: 00 | IE: 1 | PENDING: 0 | IN_INTR: 0 | DS: [] | RS: [10] | MEM: - | LATCH: AR | OUT: '' | load.addr 3
TICK: 001221 | PC: 00095 | STEP: 0 | IR: load 3 | A: 0 | AR: 3 | NZ: 00 | IE: 1 | PENDING: 0 | IN_INTR: 0 | DS: [8555] | RS: [10] | MEM: read mem[3] | LATCH: DS.push,PC | OUT: '' | load.read
TICK: 001222 | PC: 00095 | STEP: 1 | IR: load 1 | A: 0 | AR: 1 | NZ: 00 | IE: 1 | PENDING: 0 | IN_INTR: 0 | DS: [8555] | RS: [10] | MEM: - | LATCH: AR | OUT: '' | load.addr 1
TICK: 001223 | PC: 00100 | STEP: 0 | IR: load 1 | A: 0 | AR: 1 | NZ: 00 | IE: 1 | PENDING: 0 | IN_INTR: 0 | DS: [8555, 30] | RS: [10] | MEM: read mem[1] | LATCH: DS.push,PC | OUT: '' | load.read
TICK: 001224 | PC: 00100 | STEP: 1 | IR: load 1 | A: 0 | AR: 1 | NZ: 00 | IE: 1 | PENDING: 0 | IN_INTR: 0 | DS: [8555, 30] | RS: [10] | MEM: - | LATCH: AR | OUT: '' | load.addr 1
TICK: 001225 | PC: 00105 | STEP: 0 | IR: load 1 | A: 0 | AR: 1 | NZ: 00 | IE: 1 | PENDING: 0 | IN_INTR: 0 | DS: [8555, 30, 30] | RS: [10] | MEM: read mem[1] | LATCH: DS.push,PC | OUT: '' | load.read
TICK: 001226 | PC: 00105 | STEP: 1 | IR: mul | A: 0 | AR: 1 | NZ: 00 | IE: 1 | PENDING: 0 | IN_INTR: 0 | DS: [8555] | RS: [10] | MEM: - | LATCH: ALU.left,ALU.right | OUT: '' | mul.load_operands
TICK: 001227 | PC: 00106 | STEP: 0 | IR: mul | A: 0 | AR: 1 | NZ: 00 | IE: 1 | PENDING: 0 | IN_INTR: 0 | DS: [8555, 900] | RS: [10] | MEM: - | LATCH: DS.push(ALU),PC | OUT: '' | mul.write_result
TICK: 001228 | PC: 00106 | STEP: 1 | IR: add | A: 0 | AR: 1 | NZ: 00 | IE: 1 | PENDING: 0 | IN_INTR: 0 | DS: [] | RS: [10] | MEM: - | LATCH: ALU.left,ALU.right | OUT: '' | add.load_operands
TICK: 001229 | PC: 00107 | STEP: 0 | IR: add | A: 0 | AR: 1 | NZ: 00 | IE: 1 | PENDING: 0 | IN_INTR: 0 | DS: [9455] | RS: [10] | MEM: - | LATCH: DS.push(ALU),PC | OUT: '' | add.write_result
TICK: 001230 | PC: 00108 | STEP: 0 | IR: dup | A: 0 | AR: 1 | NZ: 00 | IE: 1 | PENDING: 0 | IN_INTR: 0 | DS: [9455, 9455] | RS: [10] | MEM: - | LATCH: DS.dup,PC | OUT: '' | dup
TICK: 001231 | PC: 00108 | STEP: 1 | IR: store 3 | A: 0 | AR: 3 | NZ: 00 | IE: 1 | PENDING: 0 | IN_INTR: 0 | DS: [9455, 9455] | RS: [10] | MEM: - | LATCH: AR | OUT: '' | store.addr 3
TICK: 001232 | PC: 00113 | STEP: 0 | IR: store 3 | A: 0 | AR: 3 | NZ: 00 | IE: 1 | PENDING: 0 | IN_INTR: 0 | DS: [9455] | RS: [10] | MEM: write mem[3] <- 9455 | LATCH: MEM,PC | OUT: '' | store.write
TICK: 001233 | PC: 00114 | STEP: 0 | IR: drop | A: 0 | AR: 3 | NZ: 00 | IE: 1 | PENDING: 0 | IN_INTR: 0 | DS: [] | RS: [10] | MEM: - | LATCH: PC | OUT: '' | drop
TICK: 001234 | PC: 00114 | STEP: 1 | IR: load 1 | A: 0 | AR: 1 | NZ: 00 | IE: 1 | PENDING: 0 | IN_INTR: 0 | DS: [] | RS: [10] | MEM: - | LATCH: AR | OUT: '' | load.addr 1
TICK: 001235 | PC: 00119 | STEP: 0 | IR: load 1 | A: 0 | AR: 1 | NZ: 00 | IE: 1 | PENDING: 0 | IN_INTR: 0 | DS: [30] | RS: [10] | MEM: read mem[1] | LATCH: DS.push,PC | OUT: '' | load.read
TICK: 001236 | PC: 00124 | STEP: 0 | IR: literal 1 | A: 0 | AR: 1 | NZ: 00 | IE: 1 | PENDING: 0 | IN_INTR: 0 | DS: [30, 1] | RS: [10] | MEM: - | LATCH: DS.push,PC | OUT: '' | literal 1
TICK: 001237 | PC: 00124 | STEP: 1 | IR: add | A: 0 | AR: 1 | NZ: 00 | IE: 1 | PENDING: 0 | IN_INTR: 0 | DS: [] | RS: [10] | MEM: - | LATCH: ALU.left,ALU.right | OUT: '' | add.load_operands
TICK: 001238 | PC: 00125 | STEP: 0 | IR: add | A: 0 | AR: 1 | NZ: 00 | IE: 1 | PENDING: 0 | IN_INTR: 0 | DS: [31] | RS: [10] | MEM: - | LATCH: DS.push(ALU),PC | OUT: '' | add.write_result
TICK: 001239 | PC: 00126 | STEP: 0 | IR: dup | A: 0 | AR: 1 | NZ: 00 | IE: 1 | PENDING: 0 | IN_INTR: 0 | DS: [31, 31] | RS: [10] | MEM: - | LATCH: DS.dup,PC | OUT: '' | dup
TICK: 001240 | PC: 00126 | STEP: 1 | IR: store 1 | A: 0 | AR: 1 | NZ: 00 | IE: 1 | PENDING: 0 | IN_INTR: 0 | DS: [31, 31] | RS: [10] | MEM: - | LATCH: AR | OUT: '' | store.addr 1
TICK: 001241 | PC: 00131 | STEP: 0 | IR: store 1 | A: 0 | AR: 1 | NZ: 00 | IE: 1 | PENDING: 0 | IN_INTR: 0 | DS: [31] | RS: [10] | MEM: write mem[1] <- 31 | LATCH: MEM,PC | OUT: '' | store.write
TICK: 001242 | PC: 00132 | STEP: 0 | IR: drop | A: 0 | AR: 1 | NZ: 00 | IE: 1 | PENDING: 0 | IN_INTR: 0 | DS: [] | RS: [10] | MEM: - | LATCH: PC | OUT: '' | drop
TICK: 001243 | PC: 00051 | STEP: 0 | IR: jmp 51 | A: 0 | AR: 1 | NZ: 00 | IE: 1 | PENDING: 0 | IN_INTR: 0 | DS: [] | RS: [10] | MEM: - | LATCH: PC | OUT: '' | jmp 51
TICK: 001244 | PC: 00056 | STEP: 0 | IR: literal 100 | A: 0 | AR: 1 | NZ: 00 | IE: 1 | PENDING: 0 | IN_INTR: 0 | DS: [100] | RS: [10] | MEM: - | LATCH: DS.push,PC | OUT: '' | literal 100
TICK: 001245 | PC: 00056 | STEP: 1 | IR: load 1 | A: 0 | AR: 1 | NZ: 00 | IE: 1 | PENDING: 0 | IN_INTR: 0 | DS: [100] | RS: [10] | MEM: - | LATCH: AR | OUT: '' | load.addr 1
TICK: 001246 | PC: 00061 | STEP: 0 | IR: load 1 | A: 0 | AR: 1 | NZ: 00 | IE: 1 | PENDING: 0 | IN_INTR: 0 | DS: [100, 31] | RS: [10] | MEM: read mem[1] | LATCH: DS.push,PC | OUT: '' | load.read
TICK: 001247 | PC: 00061 | STEP: 1 | IR: sub | A: 0 | AR: 1 | NZ: 00 | IE: 1 | PENDING: 0 | IN_INTR: 0 | DS: [] | RS: [10] | MEM: - | LATCH: ALU.left,ALU.right | OUT: '' | sub.load_operands
TICK: 001248 | PC: 00062 | STEP: 0 | IR: sub | A: 0 | AR: 1 | NZ: 00 | IE: 1 | PENDING: 0 | IN_INTR: 0 | DS: [69] | RS: [10] | MEM: - | LATCH: DS.push(ALU),PC | OUT: '' | sub.write_result
TICK: 001249 | PC: 00062 | STEP: 1 | IR: mif 72 | A: 0 | AR: 1 | NZ: 00 | IE: 1 | PENDING: 0 | IN_INTR: 0 | DS: [] | RS: [10] | MEM: - | LATCH: ALU.left | OUT: '' | mif.test
TICK: 001250 | PC: 00072 | STEP: 0 | IR: mif 72 | A: 0 | AR: 1 | NZ: 00 | IE: 1 | PENDING: 0 | IN_INTR: 0 | DS: [] | RS: [10] | MEM: - | LATCH: PC | OUT: '' | mif.branch
TICK: 001251 | PC: 00072 | STEP: 1 | IR: load 2 | A: 0 | AR: 2 | NZ: 00 | IE: 1 | PENDING: 0 | IN_INTR: 0 | DS: [] | RS: [10] | MEM: - | LATCH: AR | OUT: '' | load.addr 2
TICK: 001252 | PC: 00077 | STEP: 0 | IR: load 2 | A: 0 | AR: 2 | NZ: 00 | IE: 1 | PENDING: 0 | IN_INTR: 0 | DS: [465] | RS: [10] | MEM: read mem[2] | LATCH: DS.push,PC | OUT: '' | load.read
TICK: 001253 | PC: 00077 | STEP: 1 | IR: load 1 | A: 0 | AR: 1 | NZ: 00 | IE: 1 | PENDING: 0 | IN_INTR: 0 | DS: [465] | RS: [10] | MEM: - | LATCH: AR | OUT: '' | load.addr 1
TICK: 001254 | PC: 00082 | STEP: 0 | IR: load 1 | A: 0 | AR: 1 | NZ: 00 | IE: 1 | PENDING: 0 | IN_INTR: 0 | DS: [465, 31] | RS: [10] | MEM: read mem[1] | LATCH: DS.push,PC | OUT: '' | load.read
TICK: 001255 | PC: 00082 | STEP: 1 | IR: add | A: 0 | AR: 1 | NZ: 00 | IE: 1 | PENDING: 0 | IN_INTR: 0 | DS: [] | RS: [10] | MEM: - | LATCH: ALU.left,ALU.right | OUT: '' | add.load_operands
TICK: 001256 | PC: 00083 | STEP: 0 | IR: add | A: 0 | AR: 1 | NZ: 00 | IE: 1 | PENDING: 0 | IN_INTR: 0 | DS: [496] | RS: [10] | MEM: - | LATCH: DS.push(ALU),PC | OUT: '' | add.write_result
TICK: 001257 | PC: 00084 | STEP: 0 | IR: dup | A: 0 | AR: 1 | NZ: 00 | IE: 1 | PENDING: 0 | IN_INTR: 0 | DS: [496, 496] | RS: [10] | MEM: - | LATCH: DS.dup,PC | OUT: '' | dup
TICK: 001258 | PC: 00084 | STEP: 1 | IR: store 2 | A: 0 | AR: 2 | NZ: 00 | IE: 1 | PENDING: 0 | IN_INTR: 0 | DS: [496, 496] | RS: [10] | MEM: - | LATCH: AR | OUT: '' | store.addr 2
TICK: 001259 | PC: 00089 | STEP: 0 | IR: store 2 | A: 0 | AR: 2 | NZ: 00 | IE: 1 | PENDING: 0 | IN_INTR: 0 | DS: [496] | RS: [10] | MEM: write mem[2] <- 496 | LATCH: MEM,PC | OUT: '' | store.write
TICK: 001260 | PC: 00090 | STEP: 0 | IR: drop | A: 0 | AR: 2 | NZ: 00 | IE: 1 | PENDING: 0 | IN_INTR: 0 | DS: [] | RS: [10] | MEM: - | LATCH: PC | OUT: '' | drop
TICK: 001261 | PC: 00090 | STEP: 1 | IR: load 3 | A: 0 | AR: 3 | NZ: 00 | IE: 1 | PENDING: 0 | IN_INTR: 0 | DS: [] | RS: [10] | MEM: - | LATCH: AR | OUT: '' | load.addr 3
TICK: 001262 | PC: 00095 | STEP: 0 | IR: load 3 | A: 0 | AR: 3 | NZ: 00 | IE: 1 | PENDING: 0 | IN_INTR: 0 | DS: [9455] | RS: [10] | MEM: read mem[3] | LATCH: DS.push,PC | OUT: '' | load.read
TICK: 001263 | PC: 00095 | STEP: 1 | IR: load 1 | A: 0 | AR: 1 | NZ: 00 | IE: 1 | PENDING: 0 | IN_INTR: 0 | DS: [9455] | RS: [10] | MEM: - | LATCH: AR | OUT: '' | load.addr 1
TICK: 001264 | PC: 00100 | STEP: 0 | IR: load 1 | A: 0 | AR: 1 | NZ: 00 | IE: 1 | PENDING: 0 | IN_INTR: 0 | DS: [9455, 31] | RS: [10] | MEM: read mem[1] | LATCH: DS.push,PC | OUT: '' | load.read
TICK: 001265 | PC: 00100 | STEP: 1 | IR: load 1 | A: 0 | AR: 1 | NZ: 00 | IE: 1 | PENDING: 0 | IN_INTR: 0 | DS: [9455, 31] | RS: [10] | MEM: - | LATCH: AR | OUT: '' | load.addr 1
TICK: 001266 | PC: 00105 | STEP: 0 | IR: load 1 | A: 0 | AR: 1 | NZ: 00 | IE: 1 | PENDING: 0 | IN_INTR: 0 | DS: [9455, 31, 31] | RS: [10] | MEM: read mem[1] | LATCH: DS.push,PC | OUT: '' | load.read
TICK: 001267 | PC: 00105 | STEP: 1 | IR: mul | A: 0 | AR: 1 | NZ: 00 | IE: 1 | PENDING: 0 | IN_INTR: 0 | DS: [9455] | RS: [10] | MEM: - | LATCH: ALU.left,ALU.right | OUT: '' | mul.load_operands
TICK: 001268 | PC: 00106 | STEP: 0 | IR: mul | A: 0 | AR: 1 | NZ: 00 | IE: 1 | PENDING: 0 | IN_INTR: 0 | DS: [9455, 961] | RS: [10] | MEM: - | LATCH: DS.push(ALU),PC | OUT: '' | mul.write_result
TICK: 001269 | PC: 00106 | STEP: 1 | IR: add | A: 0 | AR: 1 | NZ: 00 | IE: 1 | PENDING: 0 | IN_INTR: 0 | DS: [] | RS: [10] | MEM: - | LATCH: ALU.left,ALU.right | OUT: '' | add.load_operands
TICK: 001270 | PC: 00107 | STEP: 0 | IR: add | A: 0 | AR: 1 | NZ: 00 | IE: 1 | PENDING: 0 | IN_INTR: 0 | DS: [10416] | RS: [10] | MEM: - | LATCH: DS.push(ALU),PC | OUT: '' | add.write_result
TICK: 001271 | PC: 00108 | STEP: 0 | IR: dup | A: 0 | AR: 1 | NZ: 00 | IE: 1 | PENDING: 0 | IN_INTR: 0 | DS: [10416, 10416] | RS: [10] | MEM: - | LATCH: DS.dup,PC | OUT: '' | dup
TICK: 001272 | PC: 00108 | STEP: 1 | IR: store 3 | A: 0 | AR: 3 | NZ: 00 | IE: 1 | PENDING: 0 | IN_INTR: 0 | DS: [10416, 10416] | RS: [10] | MEM: - | LATCH: AR | OUT: '' | store.addr 3
TICK: 001273 | PC: 00113 | STEP: 0 | IR: store 3 | A: 0 | AR: 3 | NZ: 00 | IE: 1 | PENDING: 0 | IN_INTR: 0 | DS: [10416] | RS: [10] | MEM: write mem[3] <- 10416 | LATCH: MEM,PC | OUT: '' | store.write
TICK: 001274 | PC: 00114 | STEP: 0 | IR: drop | A: 0 | AR: 3 | NZ: 00 | IE: 1 | PENDING: 0 | IN_INTR: 0 | DS: [] | RS: [10] | MEM: - | LATCH: PC | OUT: '' | drop
TICK: 001275 | PC: 00114 | STEP: 1 | IR: load 1 | A: 0 | AR: 1 | NZ: 00 | IE: 1 | PENDING: 0 | IN_INTR: 0 | DS: [] | RS: [10] | MEM: - | LATCH: AR | OUT: '' | load.addr 1
TICK: 001276 | PC: 00119 | STEP: 0 | IR: load 1 | A: 0 | AR: 1 | NZ: 00 | IE: 1 | PENDING: 0 | IN_INTR: 0 | DS: [31] | RS: [10] | MEM: read mem[1] | LATCH: DS.push,PC | OUT: '' | load.read
TICK: 001277 | PC: 00124 | STEP: 0 | IR: literal 1 | A: 0 | AR: 1 | NZ: 00 | IE: 1 | PENDING: 0 | IN_INTR: 0 | DS: [31, 1] | RS: [10] | MEM: - | LATCH: DS.push,PC | OUT: '' | literal 1
TICK: 001278 | PC: 00124 | STEP: 1 | IR: add | A: 0 | AR: 1 | NZ: 00 | IE: 1 | PENDING: 0 | IN_INTR: 0 | DS: [] | RS: [10] | MEM: - | LATCH: ALU.left,ALU.right | OUT: '' | add.load_operands
TICK: 001279 | PC: 00125 | STEP: 0 | IR: add | A: 0 | AR: 1 | NZ: 00 | IE: 1 | PENDING: 0 | IN_INTR: 0 | DS: [32] | RS: [10] | MEM: - | LATCH: DS.push(ALU),PC | OUT: '' | add.write_result
TICK: 001280 | PC: 00126 | STEP: 0 | IR: dup | A: 0 | AR: 1 | NZ: 00 | IE: 1 | PENDING: 0 | IN_INTR: 0 | DS: [32, 32] | RS: [10] | MEM: - | LATCH: DS.dup,PC | OUT: '' | dup
TICK: 001281 | PC: 00126 | STEP: 1 | IR: store 1 | A: 0 | AR: 1 | NZ: 00 | IE: 1 | PENDING: 0 | IN_INTR: 0 | DS: [32, 32] | RS: [10] | MEM: - | LATCH: AR | OUT: '' | store.addr 1
TICK: 001282 | PC: 00131 | STEP: 0 | IR: store 1 | A: 0 | AR: 1 | NZ: 00 | IE: 1 | PENDING: 0 | IN_INTR: 0 | DS: [32] | RS: [10] | MEM: write mem[1] <- 32 | LATCH: MEM,PC | OUT: '' | store.write
TICK: 001283 | PC: 00132 | STEP: 0 | IR: drop | A: 0 | AR: 1 | NZ: 00 | IE: 1 | PENDING: 0 | IN_INTR: 0 | DS: [] | RS: [10] | MEM: - | LATCH: PC | OUT: '' | drop
TICK: 001284 | PC: 00051 | STEP: 0 | IR: jmp 51 | A: 0 | AR: 1 | NZ: 00 | IE: 1 | PENDING: 0 | IN_INTR: 0 | DS: [] | RS: [10] | MEM: - | LATCH: PC | OUT: '' | jmp 51
TICK: 001285 | PC: 00056 | STEP: 0 | IR: literal 100 | A: 0 | AR: 1 | NZ: 00 | IE: 1 | PENDING: 0 | IN_INTR: 0 | DS: [100] | RS: [10] | MEM: - | LATCH: DS.push,PC | OUT: '' | literal 100
TICK: 001286 | PC: 00056 | STEP: 1 | IR: load 1 | A: 0 | AR: 1 | NZ: 00 | IE: 1 | PENDING: 0 | IN_INTR: 0 | DS: [100] | RS: [10] | MEM: - | LATCH: AR | OUT: '' | load.addr 1
TICK: 001287 | PC: 00061 | STEP: 0 | IR: load 1 | A: 0 | AR: 1 | NZ: 00 | IE: 1 | PENDING: 0 | IN_INTR: 0 | DS: [100, 32] | RS: [10] | MEM: read mem[1] | LATCH: DS.push,PC | OUT: '' | load.read
TICK: 001288 | PC: 00061 | STEP: 1 | IR: sub | A: 0 | AR: 1 | NZ: 00 | IE: 1 | PENDING: 0 | IN_INTR: 0 | DS: [] | RS: [10] | MEM: - | LATCH: ALU.left,ALU.right | OUT: '' | sub.load_operands
TICK: 001289 | PC: 00062 | STEP: 0 | IR: sub | A: 0 | AR: 1 | NZ: 00 | IE: 1 | PENDING: 0 | IN_INTR: 0 | DS: [68] | RS: [10] | MEM: - | LATCH: DS.push(ALU),PC | OUT: '' | sub.write_result
TICK: 001290 | PC: 00062 | STEP: 1 | IR: mif 72 | A: 0 | AR: 1 | NZ: 00 | IE: 1 | PENDING: 0 | IN_INTR: 0 | DS: [] | RS: [10] | MEM: - | LATCH: ALU.left | OUT: '' | mif.test
TICK: 001291 | PC: 00072 | STEP: 0 | IR: mif 72 | A: 0 | AR: 1 | NZ: 00 | IE: 1 | PENDING: 0 | IN_INTR: 0 | DS: [] | RS: [10] | MEM: - | LATCH: PC | OUT: '' | mif.branch
TICK: 001292 | PC: 00072 | STEP: 1 | IR: load 2 | A: 0 | AR: 2 | NZ: 00 | IE: 1 | PENDING: 0 | IN_INTR: 0 | DS: [] | RS: [10] | MEM: - | LATCH: AR | OUT: '' | load.addr 2
TICK: 001293 | PC: 00077 | STEP: 0 | IR: load 2 | A: 0 | AR: 2 | NZ: 00 | IE: 1 | PENDING: 0 | IN_INTR: 0 | DS: [496] | RS: [10] | MEM: read mem[2] | LATCH: DS.push,PC | OUT: '' | load.read
TICK: 001294 | PC: 00077 | STEP: 1 | IR: load 1 | A: 0 | AR: 1 | NZ: 00 | IE: 1 | PENDING: 0 | IN_INTR: 0 | DS: [496] | RS: [10] | MEM: - | LATCH: AR | OUT: '' | load.addr 1
TICK: 001295 | PC: 00082 | STEP: 0 | IR: load 1 | A: 0 | AR: 1 | NZ: 00 | IE: 1 | PENDING: 0 | IN_INTR: 0 | DS: [496, 32] | RS: [10] | MEM: read mem[1] | LATCH: DS.push,PC | OUT: '' | load.read
TICK: 001296 | PC: 00082 | STEP: 1 | IR: add | A: 0 | AR: 1 | NZ: 00 | IE: 1 | PENDING: 0 | IN_INTR: 0 | DS: [] | RS: [10] | MEM: - | LATCH: ALU.left,ALU.right | OUT: '' | add.load_operands
TICK: 001297 | PC: 00083 | STEP: 0 | IR: add | A: 0 | AR: 1 | NZ: 00 | IE: 1 | PENDING: 0 | IN_INTR: 0 | DS: [528] | RS: [10] | MEM: - | LATCH: DS.push(ALU),PC | OUT: '' | add.write_result
TICK: 001298 | PC: 00084 | STEP: 0 | IR: dup | A: 0 | AR: 1 | NZ: 00 | IE: 1 | PENDING: 0 | IN_INTR: 0 | DS: [528, 528] | RS: [10] | MEM: - | LATCH: DS.dup,PC | OUT: '' | dup
TICK: 001299 | PC: 00084 | STEP: 1 | IR: store 2 | A: 0 | AR: 2 | NZ: 00 | IE: 1 | PENDING: 0 | IN_INTR: 0 | DS: [528, 528] | RS: [10] | MEM: - | LATCH: AR | OUT: '' | store.addr 2
TICK: 001300 | PC: 00089 | STEP: 0 | IR: store 2 | A: 0 | AR: 2 | NZ: 00 | IE: 1 | PENDING: 0 | IN_INTR: 0 | DS: [528] | RS: [10] | MEM: write mem[2] <- 528 | LATCH: MEM,PC | OUT: '' | store.write
TICK: 001301 | PC: 00090 | STEP: 0 | IR: drop | A: 0 | AR: 2 | NZ: 00 | IE: 1 | PENDING: 0 | IN_INTR: 0 | DS: [] | RS: [10] | MEM: - | LATCH: PC | OUT: '' | drop
TICK: 001302 | PC: 00090 | STEP: 1 | IR: load 3 | A: 0 | AR: 3 | NZ: 00 | IE: 1 | PENDING: 0 | IN_INTR: 0 | DS: [] | RS: [10] | MEM: - | LATCH: AR | OUT: '' | load.addr 3
TICK: 001303 | PC: 00095 | STEP: 0 | IR: load 3 | A: 0 | AR: 3 | NZ: 00 | IE: 1 | PENDING: 0 | IN_INTR: 0 | DS: [10416] | RS: [10] | MEM: read mem[3] | LATCH: DS.push,PC | OUT: '' | load.read
TICK: 001304 | PC: 00095 | STEP: 1 | IR: load 1 | A: 0 | AR: 1 | NZ: 00 | IE: 1 | PENDING: 0 | IN_INTR: 0 | DS: [10416] | RS: [10] | MEM: - | LATCH: AR | OUT: '' | load.addr 1
TICK: 001305 | PC: 00100 | STEP: 0 | IR: load 1 | A: 0 | AR: 1 | NZ: 00 | IE: 1 | PENDING: 0 | IN_INTR: 0 | DS: [10416, 32] | RS: [10] | MEM: read mem[1] | LATCH: DS.push,PC | OUT: '' | load.read
TICK: 001306 | PC: 00100 | STEP: 1 | IR: load 1 | A: 0 | AR: 1 | NZ: 00 | IE: 1 | PENDING: 0 | IN_INTR: 0 | DS: [10416, 32] | RS: [10] | MEM: - | LATCH: AR | OUT: '' | load.addr 1
TICK: 001307 | PC: 00105 | STEP: 0 | IR: load 1 | A: 0 | AR: 1 | NZ: 00 | IE: 1 | PENDING: 0 | IN_INTR: 0 | DS: [10416, 32, 32] | RS: [10] | MEM: read mem[1] | LATCH: DS.push,PC | OUT: '' | load.read
TICK: 001308 | PC: 00105 | STEP: 1 | IR: mul | A: 0 | AR: 1 | NZ: 00 | IE: 1 | PENDING: 0 | IN_INTR: 0 | DS: [10416] | RS: [10] | MEM: - | LATCH: ALU.left,ALU.right | OUT: '' | mul.load_operands
TICK: 001309 | PC: 00106 | STEP: 0 | IR: mul | A: 0 | AR: 1 | NZ: 00 | IE: 1 | PENDING: 0 | IN_INTR: 0 | DS: [10416, 1024] | RS: [10] | MEM: - | LATCH: DS.push(ALU),PC | OUT: '' | mul.write_result
TICK: 001310 | PC: 00106 | STEP: 1 | IR: add | A: 0 | AR: 1 | NZ: 00 | IE: 1 | PENDING: 0 | IN_INTR: 0 | DS: [] | RS: [10] | MEM: - | LATCH: ALU.left,ALU.right | OUT: '' | add.load_operands
TICK: 001311 | PC: 00107 | STEP: 0 | IR: add | A: 0 | AR: 1 | NZ: 00 | IE: 1 | PENDING: 0 | IN_INTR: 0 | DS: [11440] | RS: [10] | MEM: - | LATCH: DS.push(ALU),PC | OUT: '' | add.write_result
TICK: 001312 | PC: 00108 | STEP: 0 | IR: dup | A: 0 | AR: 1 | NZ: 00 | IE: 1 | PENDING: 0 | IN_INTR: 0 | DS: [11440, 11440] | RS: [10] | MEM: - | LATCH: DS.dup,PC | OUT: '' | dup
TICK: 001313 | PC: 00108 | STEP: 1 | IR: store 3 | A: 0 | AR: 3 | NZ: 00 | IE: 1 | PENDING: 0 | IN_INTR: 0 | DS: [11440, 11440] | RS: [10] | MEM: - | LATCH: AR | OUT: '' | store.addr 3
TICK: 001314 | PC: 00113 | STEP: 0 | IR: store 3 | A: 0 | AR: 3 | NZ: 00 | IE: 1 | PENDING: 0 | IN_INTR: 0 | DS: [11440] | RS: [10] | MEM: write mem[3] <- 11440 | LATCH: MEM,PC | OUT: '' | store.write
TICK: 001315 | PC: 00114 | STEP: 0 | IR: drop | A: 0 | AR: 3 | NZ: 00 | IE: 1 | PENDING: 0 | IN_INTR: 0 | DS: [] | RS: [10] | MEM: - | LATCH: PC | OUT: '' | drop
TICK: 001316 | PC: 00114 | STEP: 1 | IR: load 1 | A: 0 | AR: 1 | NZ: 00 | IE: 1 | PENDING: 0 | IN_INTR: 0 | DS: [] | RS: [10] | MEM: - | LATCH: AR | OUT: '' | load.addr 1
TICK: 001317 | PC: 00119 | STEP: 0 | IR: load 1 | A: 0 | AR: 1 | NZ: 00 | IE: 1 | PENDING: 0 | IN_INTR: 0 | DS: [32] | RS: [10] | MEM: read mem[1] | LATCH: DS.push,PC | OUT: '' | load.read
TICK: 001318 | PC: 00124 | STEP: 0 | IR: literal 1 | A: 0 | AR: 1 | NZ: 00 | IE: 1 | PENDING: 0 | IN_INTR: 0 | DS: [32, 1] | RS: [10] | MEM: - | LATCH: DS.push,PC | OUT: '' | literal 1
TICK: 001319 | PC: 00124 | STEP: 1 | IR: add | A: 0 | AR: 1 | NZ: 00 | IE: 1 | PENDING: 0 | IN_INTR: 0 | DS: [] | RS: [10] | MEM: - | LATCH: ALU.left,ALU.right | OUT: '' | add.load_operands
TICK: 001320 | PC: 00125 | STEP: 0 | IR: add | A: 0 | AR: 1 | NZ: 00 | IE: 1 | PENDING: 0 | IN_INTR: 0 | DS: [33] | RS: [10] | MEM: - | LATCH: DS.push(ALU),PC | OUT: '' | add.write_result
TICK: 001321 | PC: 00126 | STEP: 0 | IR: dup | A: 0 | AR: 1 | NZ: 00 | IE: 1 | PENDING: 0 | IN_INTR: 0 | DS: [33, 33] | RS: [10] | MEM: - | LATCH: DS.dup,PC | OUT: '' | dup
TICK: 001322 | PC: 00126 | STEP: 1 | IR: store 1 | A: 0 | AR: 1 | NZ: 00 | IE: 1 | PENDING: 0 | IN_INTR: 0 | DS: [33, 33] | RS: [10] | MEM: - | LATCH: AR | OUT: '' | store.addr 1
TICK: 001323 | PC: 00131 | STEP: 0 | IR: store 1 | A: 0 | AR: 1 | NZ: 00 | IE: 1 | PENDING: 0 | IN_INTR: 0 | DS: [33] | RS: [10] | MEM: write mem[1] <- 33 | LATCH: MEM,PC | OUT: '' | store.write
TICK: 001324 | PC: 00132 | STEP: 0 | IR: drop | A: 0 | AR: 1 | NZ: 00 | IE: 1 | PENDING: 0 | IN_INTR: 0 | DS: [] | RS: [10] | MEM: - | LATCH: PC | OUT: '' | drop
TICK: 001325 | PC: 00051 | STEP: 0 | IR: jmp 51 | A: 0 | AR: 1 | NZ: 00 | IE: 1 | PENDING: 0 | IN_INTR: 0 | DS: [] | RS: [10] | MEM: - | LATCH: PC | OUT: '' | jmp 51
TICK: 001326 | PC: 00056 | STEP: 0 | IR: literal 100 | A: 0 | AR: 1 | NZ: 00 | IE: 1 | PENDING: 0 | IN_INTR: 0 | DS: [100] | RS: [10] | MEM: - | LATCH: DS.push,PC | OUT: '' | literal 100
TICK: 001327 | PC: 00056 | STEP: 1 | IR: load 1 | A: 0 | AR: 1 | NZ: 00 | IE: 1 | PENDING: 0 | IN_INTR: 0 | DS: [100] | RS: [10] | MEM: - | LATCH: AR | OUT: '' | load.addr 1
TICK: 001328 | PC: 00061 | STEP: 0 | IR: load 1 | A: 0 | AR: 1 | NZ: 00 | IE: 1 | PENDING: 0 | IN_INTR: 0 | DS: [100, 33] | RS: [10] | MEM: read mem[1] | LATCH: DS.push,PC | OUT: '' | load.read
TICK: 001329 | PC: 00061 | STEP: 1 | IR: sub | A: 0 | AR: 1 | NZ: 00 | IE: 1 | PENDING: 0 | IN_INTR: 0 | DS: [] | RS: [10] | MEM: - | LATCH: ALU.left,ALU.right | OUT: '' | sub.load_operands
TICK: 001330 | PC: 00062 | STEP: 0 | IR: sub | A: 0 | AR: 1 | NZ: 00 | IE: 1 | PENDING: 0 | IN_INTR: 0 | DS: [67] | RS: [10] | MEM: - | LATCH: DS.push(ALU),PC | OUT: '' | sub.write_result
TICK: 001331 | PC: 00062 | STEP: 1 | IR: mif 72 | A: 0 | AR: 1 | NZ: 00 | IE: 1 | PENDING: 0 | IN_INTR: 0 | DS: [] | RS: [10] | MEM: - | LATCH: ALU.left | OUT: '' | mif.test
TICK: 001332 | PC: 00072 | STEP: 0 | IR: mif 72 | A: 0 | AR: 1 | NZ: 00 | IE: 1 | PENDING: 0 | IN_INTR: 0 | DS: [] | RS: [10] | MEM: - | LATCH: PC | OUT: '' | mif.branch
TICK: 001333 | PC: 00072 | STEP: 1 | IR: load 2 | A: 0 | AR: 2 | NZ: 00 | IE: 1 | PENDING: 0 | IN_INTR: 0 | DS: [] | RS: [10] | MEM: - | LATCH: AR | OUT: '' | load.addr 2
TICK: 001334 | PC: 00077 | STEP: 0 | IR: load 2 | A: 0 | AR: 2 | NZ: 00 | IE: 1 | PENDING: 0 | IN_INTR: 0 | DS: [528] | RS: [10] | MEM: read mem[2] | LATCH: DS.push,PC | OUT: '' | load.read
TICK: 001335 | PC: 00077 | STEP: 1 | IR: load 1 | A: 0 | AR: 1 | NZ: 00 | IE: 1 | PENDING: 0 | IN_INTR: 0 | DS: [528] | RS: [10] | MEM: - | LATCH: AR | OUT: '' | load.addr 1
TICK: 001336 | PC: 00082 | STEP: 0 | IR: load 1 | A: 0 | AR: 1 | NZ: 00 | IE: 1 | PENDING: 0 | IN_INTR: 0 | DS: [528, 33] | RS: [10] | MEM: read mem[1] | LATCH: DS.push,PC | OUT: '' | load.read
TICK: 001337 | PC: 00082 | STEP: 1 | IR: add | A: 0 | AR: 1 | NZ: 00 | IE: 1 | PENDING: 0 | IN_INTR: 0 | DS: [] | RS: [10] | MEM: - | LATCH: ALU.left,ALU.right | OUT: '' | add.load_operands
TICK: 001338 | PC: 00083 | STEP: 0 | IR: add | A: 0 | AR: 1 | NZ: 00 | IE: 1 | PENDING: 0 | IN_INTR: 0 | DS: [561] | RS: [10] | MEM: - | LATCH: DS.push(ALU),PC | OUT: '' | add.write_result
TICK: 001339 | PC: 00084 | STEP: 0 | IR: dup | A: 0 | AR: 1 | NZ: 00 | IE: 1 | PENDING: 0 | IN_INTR: 0 | DS: [561, 561] | RS: [10] | MEM: - | LATCH: DS.dup,PC | OUT: '' | dup
TICK: 001340 | PC: 00084 | STEP: 1 | IR: store 2 | A: 0 | AR: 2 | NZ: 00 | IE: 1 | PENDING: 0 | IN_INTR: 0 | DS: [561, 561] | RS: [10] | MEM: - | LATCH: AR | OUT: '' | store.addr 2
TICK: 001341 | PC: 00089 | STEP: 0 | IR: store 2 | A: 0 | AR: 2 | NZ: 00 | IE: 1 | PENDING: 0 | IN_INTR: 0 | DS: [561] | RS: [10] | MEM: write mem[2] <- 561 | LATCH: MEM,PC | OUT: '' | store.write
TICK: 001342 | PC: 00090 | STEP: 0 | IR: drop | A: 0 | AR: 2 | NZ: 00 | IE: 1 | PENDING: 0 | IN_INTR: 0 | DS: [] | RS: [10] | MEM: - | LATCH: PC | OUT: '' | drop
TICK: 001343 | PC: 00090 | STEP: 1 | IR: load 3 | A: 0 | AR: 3 | NZ: 00 | IE: 1 | PENDING: 0 | IN_INTR: 0 | DS: [] | RS: [10] | MEM: - | LATCH: AR | OUT: '' | load.addr 3
TICK: 001344 | PC: 00095 | STEP: 0 | IR: load 3 | A: 0 | AR: 3 | NZ: 00 | IE: 1 | PENDING: 0 | IN_INTR: 0 | DS: [11440] | RS: [10] | MEM: read mem[3] | LATCH: DS.push,PC | OUT: '' | load.read
TICK: 001345 | PC: 00095 | STEP: 1 | IR: load 1 | A: 0 | AR: 1 | NZ: 00 | IE: 1 | PENDING: 0 | IN_INTR: 0 | DS: [11440] | RS: [10] | MEM: - | LATCH: AR | OUT: '' | load.addr 1
TICK: 001346 | PC: 00100 | STEP: 0 | IR: load 1 | A: 0 | AR: 1 | NZ: 00 | IE: 1 | PENDING: 0 | IN_INTR: 0 | DS: [11440, 33] | RS: [10] | MEM: read mem[1] | LATCH: DS.push,PC | OUT: '' | load.read
TICK: 001347 | PC: 00100 | STEP: 1 | IR: load 1 | A: 0 | AR: 1 | NZ: 00 | IE: 1 | PENDING: 0 | IN_INTR: 0 | DS: [11440, 33] | RS: [10] | MEM: - | LATCH: AR | OUT: '' | load.addr 1
TICK: 001348 | PC: 00105 | STEP: 0 | IR: load 1 | A: 0 | AR: 1 | NZ: 00 | IE: 1 | PENDING: 0 | IN_INTR: 0 | DS: [11440, 33, 33] | RS: [10] | MEM: read mem[1] | LATCH: DS.push,PC | OUT: '' | load.read
TICK: 001349 | PC: 00105 | STEP: 1 | IR: mul | A: 0 | AR: 1 | NZ: 00 | IE: 1 | PENDING: 0 | IN_INTR: 0 | DS: [11440] | RS: [10] | MEM: - | LATCH: ALU.left,ALU.right | OUT: '' | mul.load_operands
TICK: 001350 | PC: 00106 | STEP: 0 | IR: mul | A: 0 | AR: 1 | NZ: 00 | IE: 1 | PENDING: 0 | IN_INTR: 0 | DS: [11440, 1089] | RS: [10] | MEM: - | LATCH: DS.push(ALU),PC | OUT: '' | mul.write_result
TICK: 001351 | PC: 00106 | STEP: 1 | IR: add | A: 0 | AR: 1 | NZ: 00 | IE: 1 | PENDING: 0 | IN_INTR: 0 | DS: [] | RS: [10] | MEM: - | LATCH: ALU.left,ALU.right | OUT: '' | add.load_operands
TICK: 001352 | PC: 00107 | STEP: 0 | IR: add | A: 0 | AR: 1 | NZ: 00 | IE: 1 | PENDING: 0 | IN_INTR: 0 | DS: [12529] | RS: [10] | MEM: - | LATCH: DS.push(ALU),PC | OUT: '' | add.write_result
TICK: 001353 | PC: 00108 | STEP: 0 | IR: dup | A: 0 | AR: 1 | NZ: 00 | IE: 1 | PENDING: 0 | IN_INTR: 0 | DS: [12529, 12529] | RS: [10] | MEM: - | LATCH: DS.dup,PC | OUT: '' | dup
TICK: 001354 | PC: 00108 | STEP: 1 | IR: store 3 | A: 0 | AR: 3 | NZ: 00 | IE: 1 | PENDING: 0 | IN_INTR: 0 | DS: [12529, 12529] | RS: [10] | MEM: - | LATCH: AR | OUT: '' | store.addr 3
TICK: 001355 | PC: 00113 | STEP: 0 | IR: store 3 | A: 0 | AR: 3 | NZ: 00 | IE: 1 | PENDING: 0 | IN_INTR: 0 | DS: [12529] | RS: [10] | MEM: write mem[3] <- 12529 | LATCH: MEM,PC | OUT: '' | store.write
TICK: 001356 | PC: 00114 | STEP: 0 | IR: drop | A: 0 | AR: 3 | NZ: 00 | IE: 1 | PENDING: 0 | IN_INTR: 0 | DS: [] | RS: [10] | MEM: - | LATCH: PC | OUT: '' | drop
TICK: 001357 | PC: 00114 | STEP: 1 | IR: load 1 | A: 0 | AR: 1 | NZ: 00 | IE: 1 | PENDING: 0 | IN_INTR: 0 | DS: [] | RS: [10] | MEM: - | LATCH: AR | OUT: '' | load.addr 1
TICK: 001358 | PC: 00119 | STEP: 0 | IR: load 1 | A: 0 | AR: 1 | NZ: 00 | IE: 1 | PENDING: 0 | IN_INTR: 0 | DS: [33] | RS: [10] | MEM: read mem[1] | LATCH: DS.push,PC | OUT: '' | load.read
TICK: 001359 | PC: 00124 | STEP: 0 | IR: literal 1 | A: 0 | AR: 1 | NZ: 00 | IE: 1 | PENDING: 0 | IN_INTR: 0 | DS: [33, 1] | RS: [10] | MEM: - | LATCH: DS.push,PC | OUT: '' | literal 1
TICK: 001360 | PC: 00124 | STEP: 1 | IR: add | A: 0 | AR: 1 | NZ: 00 | IE: 1 | PENDING: 0 | IN_INTR: 0 | DS: [] | RS: [10] | MEM: - | LATCH: ALU.left,ALU.right | OUT: '' | add.load_operands
TICK: 001361 | PC: 00125 | STEP: 0 | IR: add | A: 0 | AR: 1 | NZ: 00 | IE: 1 | PENDING: 0 | IN_INTR: 0 | DS: [34] | RS: [10] | MEM: - | LATCH: DS.push(ALU),PC | OUT: '' | add.write_result
TICK: 001362 | PC: 00126 | STEP: 0 | IR: dup | A: 0 | AR: 1 | NZ: 00 | IE: 1 | PENDING: 0 | IN_INTR: 0 | DS: [34, 34] | RS: [10] | MEM: - | LATCH: DS.dup,PC | OUT: '' | dup
TICK: 001363 | PC: 00126 | STEP: 1 | IR: store 1 | A: 0 | AR: 1 | NZ: 00 | IE: 1 | PENDING: 0 | IN_INTR: 0 | DS: [34, 34] | RS: [10] | MEM: - | LATCH: AR | OUT: '' | store.addr 1
TICK: 001364 | PC: 00131 | STEP: 0 | IR: store 1 | A: 0 | AR: 1 | NZ: 00 | IE: 1 | PENDING: 0 | IN_INTR: 0 | DS: [34] | RS: [10] | MEM: write mem[1] <- 34 | LATCH: MEM,PC | OUT: '' | store.write
TICK: 001365 | PC: 00132 | STEP: 0 | IR: drop | A: 0 | AR: 1 | NZ: 00 | IE: 1 | PENDING: 0 | IN_INTR: 0 | DS: [] | RS: [10] | MEM: - | LATCH: PC | OUT: '' | drop
TICK: 001366 | PC: 00051 | STEP: 0 | IR: jmp 51 | A: 0 | AR: 1 | NZ: 00 | IE: 1 | PENDING: 0 | IN_INTR: 0 | DS: [] | RS: [10] | MEM: - | LATCH: PC | OUT: '' | jmp 51
TICK: 001367 | PC: 00056 | STEP: 0 | IR: literal 100 | A: 0 | AR: 1 | NZ: 00 | IE: 1 | PENDING: 0 | IN_INTR: 0 | DS: [100] | RS: [10] | MEM: - | LATCH: DS.push,PC | OUT: '' | literal 100
TICK: 001368 | PC: 00056 | STEP: 1 | IR: load 1 | A: 0 | AR: 1 | NZ: 00 | IE: 1 | PENDING: 0 | IN_INTR: 0 | DS: [100] | RS: [10] | MEM: - | LATCH: AR | OUT: '' | load.addr 1
TICK: 001369 | PC: 00061 | STEP: 0 | IR: load 1 | A: 0 | AR: 1 | NZ: 00 | IE: 1 | PENDING: 0 | IN_INTR: 0 | DS: [100, 34] | RS: [10] | MEM: read mem[1] | LATCH: DS.push,PC | OUT: '' | load.read
TICK: 001370 | PC: 00061 | STEP: 1 | IR: sub | A: 0 | AR: 1 | NZ: 00 | IE: 1 | PENDING: 0 | IN_INTR: 0 | DS: [] | RS: [10] | MEM: - | LATCH: ALU.left,ALU.right | OUT: '' | sub.load_operands
TICK: 001371 | PC: 00062 | STEP: 0 | IR: sub | A: 0 | AR: 1 | NZ: 00 | IE: 1 | PENDING: 0 | IN_INTR: 0 | DS: [66] | RS: [10] | MEM: - | LATCH: DS.push(ALU),PC | OUT: '' | sub.write_result
TICK: 001372 | PC: 00062 | STEP: 1 | IR: mif 72 | A: 0 | AR: 1 | NZ: 00 | IE: 1 | PENDING: 0 | IN_INTR: 0 | DS: [] | RS: [10] | MEM: - | LATCH: ALU.left | OUT: '' | mif.test
TICK: 001373 | PC: 00072 | STEP: 0 | IR: mif 72 | A: 0 | AR: 1 | NZ: 00 | IE: 1 | PENDING: 0 | IN_INTR: 0 | DS: [] | RS: [10] | MEM: - | LATCH: PC | OUT: '' | mif.branch
TICK: 001374 | PC: 00072 | STEP: 1 | IR: load 2 | A: 0 | AR: 2 | NZ: 00 | IE: 1 | PENDING: 0 | IN_INTR: 0 | DS: [] | RS: [10] | MEM: - | LATCH: AR | OUT: '' | load.addr 2
TICK: 001375 | PC: 00077 | STEP: 0 | IR: load 2 | A: 0 | AR: 2 | NZ: 00 | IE: 1 | PENDING: 0 | IN_INTR: 0 | DS: [561] | RS: [10] | MEM: read mem[2] | LATCH: DS.push,PC | OUT: '' | load.read
TICK: 001376 | PC: 00077 | STEP: 1 | IR: load 1 | A: 0 | AR: 1 | NZ: 00 | IE: 1 | PENDING: 0 | IN_INTR: 0 | DS: [561] | RS: [10] | MEM: - | LATCH: AR | OUT: '' | load.addr 1
TICK: 001377 | PC: 00082 | STEP: 0 | IR: load 1 | A: 0 | AR: 1 | NZ: 00 | IE: 1 | PENDING: 0 | IN_INTR: 0 | DS: [561, 34] | RS: [10] | MEM: read mem[1] | LATCH: DS.push,PC | OUT: '' | load.read
TICK: 001378 | PC: 00082 | STEP: 1 | IR: add | A: 0 | AR: 1 | NZ: 00 | IE: 1 | PENDING: 0 | IN_INTR: 0 | DS: [] | RS: [10] | MEM: - | LATCH: ALU.left,ALU.right | OUT: '' | add.load_operands
TICK: 001379 | PC: 00083 | STEP: 0 | IR: add | A: 0 | AR: 1 | NZ: 00 | IE: 1 | PENDING: 0 | IN_INTR: 0 | DS: [595] | RS: [10] | MEM: - | LATCH: DS.push(ALU),PC | OUT: '' | add.write_result
TICK: 001380 | PC: 00084 | STEP: 0 | IR: dup | A: 0 | AR: 1 | NZ: 00 | IE: 1 | PENDING: 0 | IN_INTR: 0 | DS: [595, 595] | RS: [10] | MEM: - | LATCH: DS.dup,PC | OUT: '' | dup
TICK: 001381 | PC: 00084 | STEP: 1 | IR: store 2 | A: 0 | AR: 2 | NZ: 00 | IE: 1 | PENDING: 0 | IN_INTR: 0 | DS: [595, 595] | RS: [10] | MEM: - | LATCH: AR | OUT: '' | store.addr 2
TICK: 001382 | PC: 00089 | STEP: 0 | IR: store 2 | A: 0 | AR: 2 | NZ: 00 | IE: 1 | PENDING: 0 | IN_INTR: 0 | DS: [595] | RS: [10] | MEM: write mem[2] <- 595 | LATCH: MEM,PC | OUT: '' | store.write
TICK: 001383 | PC: 00090 | STEP: 0 | IR: drop | A: 0 | AR: 2 | NZ: 00 | IE: 1 | PENDING: 0 | IN_INTR: 0 | DS: [] | RS: [10] | MEM: - | LATCH: PC | OUT: '' | drop
TICK: 001384 | PC: 00090 | STEP: 1 | IR: load 3 | A: 0 | AR: 3 | NZ: 00 | IE: 1 | PENDING: 0 | IN_INTR: 0 | DS: [] | RS: [10] | MEM: - | LATCH: AR | OUT: '' | load.addr 3
TICK: 001385 | PC: 00095 | STEP: 0 | IR: load 3 | A: 0 | AR: 3 | NZ: 00 | IE: 1 | PENDING: 0 | IN_INTR: 0 | DS: [12529] | RS: [10] | MEM: read mem[3] | LATCH: DS.push,PC | OUT: '' | load.read
TICK: 001386 | PC: 00095 | STEP: 1 | IR: load 1 | A: 0 | AR: 1 | NZ: 00 | IE: 1 | PENDING: 0 | IN_INTR: 0 | DS: [12529] | RS: [10] | MEM: - | LATCH: AR | OUT: '' | load.addr 1
TICK: 001387 | PC: 00100 | STEP: 0 | IR: load 1 | A: 0 | AR: 1 | NZ: 00 | IE: 1 | PENDING: 0 | IN_INTR: 0 | DS: [12529, 34] | RS: [10] | MEM: read mem[1] | LATCH: DS.push,PC | OUT: '' | load.read
TICK: 001388 | PC: 00100 | STEP: 1 | IR: load 1 | A: 0 | AR: 1 | NZ: 00 | IE: 1 | PENDING: 0 | IN_INTR: 0 | DS: [12529, 34] | RS: [10] | MEM: - | LATCH: AR | OUT: '' | load.addr 1
TICK: 001389 | PC: 00105 | STEP: 0 | IR: load 1 | A: 0 | AR: 1 | NZ: 00 | IE: 1 | PENDING: 0 | IN_INTR: 0 | DS: [12529, 34, 34] | RS: [10] | MEM: read mem[1] | LATCH: DS.push,PC | OUT: '' | load.read
TICK: 001390 | PC: 00105 | STEP: 1 | IR: mul | A: 0 | AR: 1 | NZ: 00 | IE: 1 | PENDING: 0 | IN_INTR: 0 | DS: [12529] | RS: [10] | MEM: - | LATCH: ALU.left,ALU.right | OUT: '' | mul.load_operands
TICK: 001391 | PC: 00106 | STEP: 0 | IR: mul | A: 0 | AR: 1 | NZ: 00 | IE: 1 | PENDING: 0 | IN_INTR: 0 | DS: [12529, 1156] | RS: [10] | MEM: - | LATCH: DS.push(ALU),PC | OUT: '' | mul.write_result
TICK: 001392 | PC: 00106 | STEP: 1 | IR: add | A: 0 | AR: 1 | NZ: 00 | IE: 1 | PENDING: 0 | IN_INTR: 0 | DS: [] | RS: [10] | MEM: - | LATCH: ALU.left,ALU.right | OUT: '' | add.load_operands
TICK: 001393 | PC: 00107 | STEP: 0 | IR: add | A: 0 | AR: 1 | NZ: 00 | IE: 1 | PENDING: 0 | IN_INTR: 0 | DS: [13685] | RS: [10] | MEM: - | LATCH: DS.push(ALU),PC | OUT: '' | add.write_result
TICK: 001394 | PC: 00108 | STEP: 0 | IR: dup | A: 0 | AR: 1 | NZ: 00 | IE: 1 | PENDING: 0 | IN_INTR: 0 | DS: [13685, 13685] | RS: [10] | MEM: - | LATCH: DS.dup,PC | OUT: '' | dup
TICK: 001395 | PC: 00108 | STEP: 1 | IR: store 3 | A: 0 | AR: 3 | NZ: 00 | IE: 1 | PENDING: 0 | IN_INTR: 0 | DS: [13685, 13685] | RS: [10] | MEM: - | LATCH: AR | OUT: '' | store.addr 3
TICK: 001396 | PC: 00113 | STEP: 0 | IR: store 3 | A: 0 | AR: 3 | NZ: 00 | IE: 1 | PENDING: 0 | IN_INTR: 0 | DS: [13685] | RS: [10] | MEM: write mem[3] <- 13685 | LATCH: MEM,PC | OUT: '' | store.write
TICK: 001397 | PC: 00114 | STEP: 0 | IR: drop | A: 0 | AR: 3 | NZ: 00 | IE: 1 | PENDING: 0 | IN_INTR: 0 | DS: [] | RS: [10] | MEM: - | LATCH: PC | OUT: '' | drop
TICK: 001398 | PC: 00114 | STEP: 1 | IR: load 1 | A: 0 | AR: 1 | NZ: 00 | IE: 1 | PENDING: 0 | IN_INTR: 0 | DS: [] | RS: [10] | MEM: - | LATCH: AR | OUT: '' | load.addr 1
TICK: 001399 | PC: 00119 | STEP: 0 | IR: load 1 | A: 0 | AR: 1 | NZ: 00 | IE: 1 | PENDING: 0 | IN_INTR: 0 | DS: [34] | RS: [10] | MEM: read mem[1] | LATCH: DS.push,PC | OUT: '' | load.read
TICK: 001400 | PC: 00124 | STEP: 0 | IR: literal 1 | A: 0 | AR: 1 | NZ: 00 | IE: 1 | PENDING: 0 | IN_INTR: 0 | DS: [34, 1] | RS: [10] | MEM: - | LATCH: DS.push,PC | OUT: '' | literal 1
TICK: 001401 | PC: 00124 | STEP: 1 | IR: add | A: 0 | AR: 1 | NZ: 00 | IE: 1 | PENDING: 0 | IN_INTR: 0 | DS: [] | RS: [10] | MEM: - | LATCH: ALU.left,ALU.right | OUT: '' | add.load_operands
TICK: 001402 | PC: 00125 | STEP: 0 | IR: add | A: 0 | AR: 1 | NZ: 00 | IE: 1 | PENDING: 0 | IN_INTR: 0 | DS: [35] | RS: [10] | MEM: - | LATCH: DS.push(ALU),PC | OUT: '' | add.write_result
TICK: 001403 | PC: 00126 | STEP: 0 | IR: dup | A: 0 | AR: 1 | NZ: 00 | IE: 1 | PENDING: 0 | IN_INTR: 0 | DS: [35, 35] | RS: [10] | MEM: - | LATCH: DS.dup,PC | OUT: '' | dup
TICK: 001404 | PC: 00126 | STEP: 1 | IR: store 1 | A: 0 | AR: 1 | NZ: 00 | IE: 1 | PENDING: 0 | IN_INTR: 0 | DS: [35, 35] | RS: [10] | MEM: - | LATCH: AR | OUT: '' | store.addr 1
TICK: 001405 | PC: 00131 | STEP: 0 | IR: store 1 | A: 0 | AR: 1 | NZ: 00 | IE: 1 | PENDING: 0 | IN_INTR: 0 | DS: [35] | RS: [10] | MEM: write mem[1] <- 35 | LATCH: MEM,PC | OUT: '' | store.write
TICK: 001406 | PC: 00132 | STEP: 0 | IR: drop | A: 0 | AR: 1 | NZ: 00 | IE: 1 | PENDING: 0 | IN_INTR: 0 | DS: [] | RS: [10] | MEM: - | LATCH: PC | OUT: '' | drop
TICK: 001407 | PC: 00051 | STEP: 0 | IR: jmp 51 | A: 0 | AR: 1 | NZ: 00 | IE: 1 | PENDING: 0 | IN_INTR: 0 | DS: [] | RS: [10] | MEM: - | LATCH: PC | OUT: '' | jmp 51
TICK: 001408 | PC: 00056 | STEP: 0 | IR: literal 100 | A: 0 | AR: 1 | NZ: 00 | IE: 1 | PENDING: 0 | IN_INTR: 0 | DS: [100] | RS: [10] | MEM: - | LATCH: DS.push,PC | OUT: '' | literal 100
TICK: 001409 | PC: 00056 | STEP: 1 | IR: load 1 | A: 0 | AR: 1 | NZ: 00 | IE: 1 | PENDING: 0 | IN_INTR: 0 | DS: [100] | RS: [10] | MEM: - | LATCH: AR | OUT: '' | load.addr 1
TICK: 001410 | PC: 00061 | STEP: 0 | IR: load 1 | A: 0 | AR: 1 | NZ: 00 | IE: 1 | PENDING: 0 | IN_INTR: 0 | DS: [100, 35] | RS: [10] | MEM: read mem[1] | LATCH: DS.push,PC | OUT: '' | load.read
TICK: 001411 | PC: 00061 | STEP: 1 | IR: sub | A: 0 | AR: 1 | NZ: 00 | IE: 1 | PENDING: 0 | IN_INTR: 0 | DS: [] | RS: [10] | MEM: - | LATCH: ALU.left,ALU.right | OUT: '' | sub.load_operands
TICK: 001412 | PC: 00062 | STEP: 0 | IR: sub | A: 0 | AR: 1 | NZ: 00 | IE: 1 | PENDING: 0 | IN_INTR: 0 | DS: [65] | RS: [10] | MEM: - | LATCH: DS.push(ALU),PC | OUT: '' | sub.write_result
TICK: 001413 | PC: 00062 | STEP: 1 | IR: mif 72 | A: 0 | AR: 1 | NZ: 00 | IE: 1 | PENDING: 0 | IN_INTR: 0 | DS: [] | RS: [10] | MEM: - | LATCH: ALU.left | OUT: '' | mif.test
TICK: 001414 | PC: 00072 | STEP: 0 | IR: mif 72 | A: 0 | AR: 1 | NZ: 00 | IE: 1 | PENDING: 0 | IN_INTR: 0 | DS: [] | RS: [10] | MEM: - | LATCH: PC | OUT: '' | mif.branch
TICK: 001415 | PC: 00072 | STEP: 1 | IR: load 2 | A: 0 | AR: 2 | NZ: 00 | IE: 1 | PENDING: 0 | IN_INTR: 0 | DS: [] | RS: [10] | MEM: - | LATCH: AR | OUT: '' | load.addr 2
TICK: 001416 | PC: 00077 | STEP: 0 | IR: load 2 | A: 0 | AR: 2 | NZ: 00 | IE: 1 | PENDING: 0 | IN_INTR: 0 | DS: [595] | RS: [10] | MEM: read mem[2] | LATCH: DS.push,PC | OUT: '' | load.read
TICK: 001417 | PC: 00077 | STEP: 1 | IR: load 1 | A: 0 | AR: 1 | NZ: 00 | IE: 1 | PENDING: 0 | IN_INTR: 0 | DS: [595] | RS: [10] | MEM: - | LATCH: AR | OUT: '' | load.addr 1
TICK: 001418 | PC: 00082 | STEP: 0 | IR: load 1 | A: 0 | AR: 1 | NZ: 00 | IE: 1 | PENDING: 0 | IN_INTR: 0 | DS: [595, 35] | RS: [10] | MEM: read mem[1] | LATCH: DS.push,PC | OUT: '' | load.read
TICK: 001419 | PC: 00082 | STEP: 1 | IR: add | A: 0 | AR: 1 | NZ: 00 | IE: 1 | PENDING: 0 | IN_INTR: 0 | DS: [] | RS: [10] | MEM: - | LATCH: ALU.left,ALU.right | OUT: '' | add.load_operands
TICK: 001420 | PC: 00083 | STEP: 0 | IR: add | A: 0 | AR: 1 | NZ: 00 | IE: 1 | PENDING: 0 | IN_INTR: 0 | DS: [630] | RS: [10] | MEM: - | LATCH: DS.push(ALU),PC | OUT: '' | add.write_result
TICK: 001421 | PC: 00084 | STEP: 0 | IR: dup | A: 0 | AR: 1 | NZ: 00 | IE: 1 | PENDING: 0 | IN_INTR: 0 | DS: [630, 630] | RS: [10] | MEM: - | LATCH: DS.dup,PC | OUT: '' | dup
TICK: 001422 | PC: 00084 | STEP: 1 | IR: store 2 | A: 0 | AR: 2 | NZ: 00 | IE: 1 | PENDING: 0 | IN_INTR: 0 | DS: [630, 630] | RS: [10] | MEM: - | LATCH: AR | OUT: '' | store.addr 2
TICK: 001423 | PC: 00089 | STEP: 0 | IR: store 2 | A: 0 | AR: 2 | NZ: 00 | IE: 1 | PENDING: 0 | IN_INTR: 0 | DS: [630] | RS: [10] | MEM: write mem[2] <- 630 | LATCH: MEM,PC | OUT: '' | store.write
TICK: 001424 | PC: 00090 | STEP: 0 | IR: drop | A: 0 | AR: 2 | NZ: 00 | IE: 1 | PENDING: 0 | IN_INTR: 0 | DS: [] | RS: [10] | MEM: - | LATCH: PC | OUT: '' | drop
TICK: 001425 | PC: 00090 | STEP: 1 | IR: load 3 | A: 0 | AR: 3 | NZ: 00 | IE: 1 | PENDING: 0 | IN_INTR: 0 | DS: [] | RS: [10] | MEM: - | LATCH: AR | OUT: '' | load.addr 3
TICK: 001426 | PC: 00095 | STEP: 0 | IR: load 3 | A: 0 | AR: 3 | NZ: 00 | IE: 1 | PENDING: 0 | IN_INTR: 0 | DS: [13685] | RS: [10] | MEM: read mem[3] | LATCH: DS.push,PC | OUT: '' | load.read
TICK: 001427 | PC: 00095 | STEP: 1 | IR: load 1 | A: 0 | AR: 1 | NZ: 00 | IE: 1 | PENDING: 0 | IN_INTR: 0 | DS: [13685] | RS: [10] | MEM: - | LATCH: AR | OUT: '' | load.addr 1
TICK: 001428 | PC: 00100 | STEP: 0 | IR: load 1 | A: 0 | AR: 1 | NZ: 00 | IE: 1 | PENDING: 0 | IN_INTR: 0 | DS: [13685, 35] | RS: [10] | MEM: read mem[1] | LATCH: DS.push,PC | OUT: '' | load.read
TICK: 001429 | PC: 00100 | STEP: 1 | IR: load 1 | A: 0 | AR: 1 | NZ: 00 | IE: 1 | PENDING: 0 | IN_INTR: 0 | DS: [13685, 35] | RS: [10] | MEM: - | LATCH: AR | OUT: '' | load.addr 1
TICK: 001430 | PC: 00105 | STEP: 0 | IR: load 1 | A: 0 | AR: 1 | NZ: 00 | IE: 1 | PENDING: 0 | IN_INTR: 0 | DS: [13685, 35, 35] | RS: [10] | MEM: read mem[1] | LATCH: DS.push,PC | OUT: '' | load.read
TICK: 001431 | PC: 00105 | STEP: 1 | IR: mul | A: 0 | AR: 1 | NZ: 00 | IE: 1 | PENDING: 0 | IN_INTR: 0 | DS: [13685] | RS: [10] | MEM: - | LATCH: ALU.left,ALU.right | OUT: '' | mul.load_operands
TICK: 001432 | PC: 00106 | STEP: 0 | IR: mul | A: 0 | AR: 1 | NZ: 00 | IE: 1 | PENDING: 0 | IN_INTR: 0 | DS: [13685, 1225] | RS: [10] | MEM: - | LATCH: DS.push(ALU),PC | OUT: '' | mul.write_result
TICK: 001433 | PC: 00106 | STEP: 1 | IR: add | A: 0 | AR: 1 | NZ: 00 | IE: 1 | PENDING: 0 | IN_INTR: 0 | DS: [] | RS: [10] | MEM: - | LATCH: ALU.left,ALU.right | OUT: '' | add.load_operands
TICK: 001434 | PC: 00107 | STEP: 0 | IR: add | A: 0 | AR: 1 | NZ: 00 | IE: 1 | PENDING: 0 | IN_INTR: 0 | DS: [14910] | RS: [10] | MEM: - | LATCH: DS.push(ALU),PC | OUT: '' | add.write_result
TICK: 001435 | PC: 00108 | STEP: 0 | IR: dup | A: 0 | AR: 1 | NZ: 00 | IE: 1 | PENDING: 0 | IN_INTR: 0 | DS: [14910, 14910] | RS: [10] | MEM: - | LATCH: DS.dup,PC | OUT: '' | dup
TICK: 001436 | PC: 00108 | STEP: 1 | IR: store 3 | A: 0 | AR: 3 | NZ: 00 | IE: 1 | PENDING: 0 | IN_INTR: 0 | DS: [14910, 14910] | RS: [10] | MEM: - | LATCH: AR | OUT: '' | store.addr 3
TICK: 001437 | PC: 00113 | STEP: 0 | IR: store 3 | A: 0 | AR: 3 | NZ: 00 | IE: 1 | PENDING: 0 | IN_INTR: 0 | DS: [14910] | RS: [10] | MEM: write mem[3] <- 14910 | LATCH: MEM,PC | OUT: '' | store.write
TICK: 001438 | PC: 00114 | STEP: 0 | IR: drop | A: 0 | AR: 3 | NZ: 00 | IE: 1 | PENDING: 0 | IN_INTR: 0 | DS: [] | RS: [10] | MEM: - | LATCH: PC | OUT: '' | drop
TICK: 001439 | PC: 00114 | STEP: 1 | IR: load 1 | A: 0 | AR: 1 | NZ: 00 | IE: 1 | PENDING: 0 | IN_INTR: 0 | DS: [] | RS: [10] | MEM: - | LATCH: AR | OUT: '' | load.addr 1
TICK: 001440 | PC: 00119 | STEP: 0 | IR: load 1 | A: 0 | AR: 1 | NZ: 00 | IE: 1 | PENDING: 0 | IN_INTR: 0 | DS: [35] | RS: [10] | MEM: read mem[1] | LATCH: DS.push,PC | OUT: '' | load.read
TICK: 001441 | PC: 00124 | STEP: 0 | IR: literal 1 | A: 0 | AR: 1 | NZ: 00 | IE: 1 | PENDING: 0 | IN_INTR: 0 | DS: [35, 1] | RS: [10] | MEM: - | LATCH: DS.push,PC | OUT: '' | literal 1
TICK: 001442 | PC: 00124 | STEP: 1 | IR: add | A: 0 | AR: 1 | NZ: 00 | IE: 1 | PENDING: 0 | IN_INTR: 0 | DS: [] | RS: [10] | MEM: - | LATCH: ALU.left,ALU.right | OUT: '' | add.load_operands
TICK: 001443 | PC: 00125 | STEP: 0 | IR: add | A: 0 | AR: 1 | NZ: 00 | IE: 1 | PENDING: 0 | IN_INTR: 0 | DS: [36] | RS: [10] | MEM: - | LATCH: DS.push(ALU),PC | OUT: '' | add.write_result
TICK: 001444 | PC: 00126 | STEP: 0 | IR: dup | A: 0 | AR: 1 | NZ: 00 | IE: 1 | PENDING: 0 | IN_INTR: 0 | DS: [36, 36] | RS: [10] | MEM: - | LATCH: DS.dup,PC | OUT: '' | dup
TICK: 001445 | PC: 00126 | STEP: 1 | IR: store 1 | A: 0 | AR: 1 | NZ: 00 | IE: 1 | PENDING: 0 | IN_INTR: 0 | DS: [36, 36] | RS: [10] | MEM: - | LATCH: AR | OUT: '' | store.addr 1
TICK: 001446 | PC: 00131 | STEP: 0 | IR: store 1 | A: 0 | AR: 1 | NZ: 00 | IE: 1 | PENDING: 0 | IN_INTR: 0 | DS: [36] | RS: [10] | MEM: write mem[1] <- 36 | LATCH: MEM,PC | OUT: '' | store.write
TICK: 001447 | PC: 00132 | STEP: 0 | IR: drop | A: 0 | AR: 1 | NZ: 00 | IE: 1 | PENDING: 0 | IN_INTR: 0 | DS: [] | RS: [10] | MEM: - | LATCH: PC | OUT: '' | drop
TICK: 001448 | PC: 00051 | STEP: 0 | IR: jmp 51 | A: 0 | AR: 1 | NZ: 00 | IE: 1 | PENDING: 0 | IN_INTR: 0 | DS: [] | RS: [10] | MEM: - | LATCH: PC | OUT: '' | jmp 51
TICK: 001449 | PC: 00056 | STEP: 0 | IR: literal 100 | A: 0 | AR: 1 | NZ: 00 | IE: 1 | PENDING: 0 | IN_INTR: 0 | DS: [100] | RS: [10] | MEM: - | LATCH: DS.push,PC | OUT: '' | literal 100
TICK: 001450 | PC: 00056 | STEP: 1 | IR: load 1 | A: 0 | AR: 1 | NZ: 00 | IE: 1 | PENDING: 0 | IN_INTR: 0 | DS: [100] | RS: [10] | MEM: - | LATCH: AR | OUT: '' | load.addr 1
TICK: 001451 | PC: 00061 | STEP: 0 | IR: load 1 | A: 0 | AR: 1 | NZ: 00 | IE: 1 | PENDING: 0 | IN_INTR: 0 | DS: [100, 36] | RS: [10] | MEM: read mem[1] | LATCH: DS.push,PC | OUT: '' | load.read
TICK: 001452 | PC: 00061 | STEP: 1 | IR: sub | A: 0 | AR: 1 | NZ: 00 | IE: 1 | PENDING: 0 | IN_INTR: 0 | DS: [] | RS: [10] | MEM: - | LATCH: ALU.left,ALU.right | OUT: '' | sub.load_operands
TICK: 001453 | PC: 00062 | STEP: 0 | IR: sub | A: 0 | AR: 1 | NZ: 00 | IE: 1 | PENDING: 0 | IN_INTR: 0 | DS: [64] | RS: [10] | MEM: - | LATCH: DS.push(ALU),PC | OUT: '' | sub.write_result
TICK: 001454 | PC: 00062 | STEP: 1 | IR: mif 72 | A: 0 | AR: 1 | NZ: 00 | IE: 1 | PENDING: 0 | IN_INTR: 0 | DS: [] | RS: [10] | MEM: - | LATCH: ALU.left | OUT: '' | mif.test
TICK: 001455 | PC: 00072 | STEP: 0 | IR: mif 72 | A: 0 | AR: 1 | NZ: 00 | IE: 1 | PENDING: 0 | IN_INTR: 0 | DS: [] | RS: [10] | MEM: - | LATCH: PC | OUT: '' | mif.branch
TICK: 001456 | PC: 00072 | STEP: 1 | IR: load 2 | A: 0 | AR: 2 | NZ: 00 | IE: 1 | PENDING: 0 | IN_INTR: 0 | DS: [] | RS: [10] | MEM: - | LATCH: AR | OUT: '' | load.addr 2
TICK: 001457 | PC: 00077 | STEP: 0 | IR: load 2 | A: 0 | AR: 2 | NZ: 00 | IE: 1 | PENDING: 0 | IN_INTR: 0 | DS: [630] | RS: [10] | MEM: read mem[2] | LATCH: DS.push,PC | OUT: '' | load.read
TICK: 001458 | PC: 00077 | STEP: 1 | IR: load 1 | A: 0 | AR: 1 | NZ: 00 | IE: 1 | PENDING: 0 | IN_INTR: 0 | DS: [630] | RS: [10] | MEM: - | LATCH: AR | OUT: '' | load.addr 1
TICK: 001459 | PC: 00082 | STEP: 0 | IR: load 1 | A: 0 | AR: 1 | NZ: 00 | IE: 1 | PENDING: 0 | IN_INTR: 0 | DS: [630, 36] | RS: [10] | MEM: read mem[1] | LATCH: DS.push,PC | OUT: '' | load.read
TICK: 001460 | PC: 00082 | STEP: 1 | IR: add | A: 0 | AR: 1 | NZ: 00 | IE: 1 | PENDING: 0 | IN_INTR: 0 | DS: [] | RS: [10] | MEM: - | LATCH: ALU.left,ALU.right | OUT: '' | add.load_operands
TICK: 001461 | PC: 00083 | STEP: 0 | IR: add | A: 0 | AR: 1 | NZ: 00 | IE: 1 | PENDING: 0 | IN_INTR: 0 | DS: [666] | RS: [10] | MEM: - | LATCH: DS.push(ALU),PC | OUT: '' | add.write_result
TICK: 001462 | PC: 00084 | STEP: 0 | IR: dup | A: 0 | AR: 1 | NZ: 00 | IE: 1 | PENDING: 0 | IN_INTR: 0 | DS: [666, 666] | RS: [10] | MEM: - | LATCH: DS.dup,PC | OUT: '' | dup
TICK: 001463 | PC: 00084 | STEP: 1 | IR: store 2 | A: 0 | AR: 2 | NZ: 00 | IE: 1 | PENDING: 0 | IN_INTR: 0 | DS: [666, 666] | RS: [10] | MEM: - | LATCH: AR | OUT: '' | store.addr 2
TICK: 001464 | PC: 00089 | STEP: 0 | IR: store 2 | A: 0 | AR: 2 | NZ: 00 | IE: 1 | PENDING: 0 | IN_INTR: 0 | DS: [666] | RS: [10] | MEM: write mem[2] <- 666 | LATCH: MEM,PC | OUT: '' | store.write
TICK: 001465 | PC: 00090 | STEP: 0 | IR: drop | A: 0 | AR: 2 | NZ: 00 | IE: 1 | PENDING: 0 | IN_INTR: 0 | DS: [] | RS: [10] | MEM: - | LATCH: PC | OUT: '' | drop
TICK: 001466 | PC: 00090 | STEP: 1 | IR: load 3 | A: 0 | AR: 3 | NZ: 00 | IE: 1 | PENDING: 0 | IN_INTR: 0 | DS: [] | RS: [10] | MEM: - | LATCH: AR | OUT: '' | load.addr 3
TICK: 001467 | PC: 00095 | STEP: 0 | IR: load 3 | A: 0 | AR: 3 | NZ: 00 | IE: 1 | PENDING: 0 | IN_INTR: 0 | DS: [14910] | RS: [10] | MEM: read mem[3] | LATCH: DS.push,PC | OUT: '' | load.read
TICK: 001468 | PC: 00095 | STEP: 1 | IR: load 1 | A: 0 | AR: 1 | NZ: 00 | IE: 1 | PENDING: 0 | IN_INTR: 0 | DS: [14910] | RS: [10] | MEM: - | LATCH: AR | OUT: '' | load.addr 1
TICK: 001469 | PC: 00100 | STEP: 0 | IR: load 1 | A: 0 | AR: 1 | NZ: 00 | IE: 1 | PENDING: 0 | IN_INTR: 0 | DS: [14910, 36] | RS: [10] | MEM: read mem[1] | LATCH: DS.push,PC | OUT: '' | load.read
TICK: 001470 | PC: 00100 | STEP: 1 | IR: load 1 | A: 0 | AR: 1 | NZ: 00 | IE: 1 | PENDING: 0 | IN_INTR: 0 | DS: [14910, 36] | RS: [10] | MEM: - | LATCH: AR | OUT: '' | load.addr 1
TICK: 001471 | PC: 00105 | STEP: 0 | IR: load 1 | A: 0 | AR: 1 | NZ: 00 | IE: 1 | PENDING: 0 | IN_INTR: 0 | DS: [14910, 36, 36] | RS: [10] | MEM: read mem[1] | LATCH: DS.push,PC | OUT: '' | load.read
TICK: 001472 | PC: 00105 | STEP: 1 | IR: mul | A: 0 | AR: 1 | NZ: 00 | IE: 1 | PENDING: 0 | IN_INTR: 0 | DS: [14910] | RS: [10] | MEM: - | LATCH: ALU.left,ALU.right | OUT: '' | mul.load_operands
TICK: 001473 | PC: 00106 | STEP: 0 | IR: mul | A: 0 | AR: 1 | NZ: 00 | IE: 1 | PENDING: 0 | IN_INTR: 0 | DS: [14910, 1296] | RS: [10] | MEM: - | LATCH: DS.push(ALU),PC | OUT: '' | mul.write_result
TICK: 001474 | PC: 00106 | STEP: 1 | IR: add | A: 0 | AR: 1 | NZ: 00 | IE: 1 | PENDING: 0 | IN_INTR: 0 | DS: [] | RS: [10] | MEM: - | LATCH: ALU.left,ALU.right | OUT: '' | add.load_operands
TICK: 001475 | PC: 00107 | STEP: 0 | IR: add | A: 0 | AR: 1 | NZ: 00 | IE: 1 | PENDING: 0 | IN_INTR: 0 | DS: [16206] | RS: [10] | MEM: - | LATCH: DS.push(ALU),PC | OUT: '' | add.write_result
TICK: 001476 | PC: 00108 | STEP: 0 | IR: dup | A: 0 | AR: 1 | NZ: 00 | IE: 1 | PENDING: 0 | IN_INTR: 0 | DS: [16206, 16206] | RS: [10] | MEM: - | LATCH: DS.dup,PC | OUT: '' | dup
TICK: 001477 | PC: 00108 | STEP: 1 | IR: store 3 | A: 0 | AR: 3 | NZ: 00 | IE: 1 | PENDING: 0 | IN_INTR: 0 | DS: [16206, 16206] | RS: [10] | MEM: - | LATCH: AR | OUT: '' | store.addr 3
TICK: 001478 | PC: 00113 | STEP: 0 | IR: store 3 | A: 0 | AR: 3 | NZ: 00 | IE: 1 | PENDING: 0 | IN_INTR: 0 | DS: [16206] | RS: [10] | MEM: write mem[3] <- 16206 | LATCH: MEM,PC | OUT: '' | store.write
TICK: 001479 | PC: 00114 | STEP: 0 | IR: drop | A: 0 | AR: 3 | NZ: 00 | IE: 1 | PENDING: 0 | IN_INTR: 0 | DS: [] | RS: [10] | MEM: - | LATCH: PC | OUT: '' | drop
TICK: 001480 | PC: 00114 | STEP: 1 | IR: load 1 | A: 0 | AR: 1 | NZ: 00 | IE: 1 | PENDING: 0 | IN_INTR: 0 | DS: [] | RS: [10] | MEM: - | LATCH: AR | OUT: '' | load.addr 1
TICK: 001481 | PC: 00119 | STEP: 0 | IR: load 1 | A: 0 | AR: 1 | NZ: 00 | IE: 1 | PENDING: 0 | IN_INTR: 0 | DS: [36] | RS: [10] | MEM: read mem[1] | LATCH: DS.push,PC | OUT: '' | load.read
TICK: 001482 | PC: 00124 | STEP: 0 | IR: literal 1 | A: 0 | AR: 1 | NZ: 00 | IE: 1 | PENDING: 0 | IN_INTR: 0 | DS: [36, 1] | RS: [10] | MEM: - | LATCH: DS.push,PC | OUT: '' | literal 1
TICK: 001483 | PC: 00124 | STEP: 1 | IR: add | A: 0 | AR: 1 | NZ: 00 | IE: 1 | PENDING: 0 | IN_INTR: 0 | DS: [] | RS: [10] | MEM: - | LATCH: ALU.left,ALU.right | OUT: '' | add.load_operands
TICK: 001484 | PC: 00125 | STEP: 0 | IR: add | A: 0 | AR: 1 | NZ: 00 | IE: 1 | PENDING: 0 | IN_INTR: 0 | DS: [37] | RS: [10] | MEM: - | LATCH: DS.push(ALU),PC | OUT: '' | add.write_result
TICK: 001485 | PC: 00126 | STEP: 0 | IR: dup | A: 0 | AR: 1 | NZ: 00 | IE: 1 | PENDING: 0 | IN_INTR: 0 | DS: [37, 37] | RS: [10] | MEM: - | LATCH: DS.dup,PC | OUT: '' | dup
TICK: 001486 | PC: 00126 | STEP: 1 | IR: store 1 | A: 0 | AR: 1 | NZ: 00 | IE: 1 | PENDING: 0 | IN_INTR: 0 | DS: [37, 37] | RS: [10] | MEM: - | LATCH: AR | OUT: '' | store.addr 1
TICK: 001487 | PC: 00131 | STEP: 0 | IR: store 1 | A: 0 | AR: 1 | NZ: 00 | IE: 1 | PENDING: 0 | IN_INTR: 0 | DS: [37] | RS: [10] | MEM: write mem[1] <- 37 | LATCH: MEM,PC | OUT: '' | store.write
TICK: 001488 | PC: 00132 | STEP: 0 | IR: drop | A: 0 | AR: 1 | NZ: 00 | IE: 1 | PENDING: 0 | IN_INTR: 0 | DS: [] | RS: [10] | MEM: - | LATCH: PC | OUT: '' | drop
TICK: 001489 | PC: 00051 | STEP: 0 | IR: jmp 51 | A: 0 | AR: 1 | NZ: 00 | IE: 1 | PENDING: 0 | IN_INTR: 0 | DS: [] | RS: [10] | MEM: - | LATCH: PC | OUT: '' | jmp 51
TICK: 001490 | PC: 00056 | STEP: 0 | IR: literal 100 | A: 0 | AR: 1 | NZ: 00 | IE: 1 | PENDING: 0 | IN_INTR: 0 | DS: [100] | RS: [10] | MEM: - | LATCH: DS.push,PC | OUT: '' | literal 100
TICK: 001491 | PC: 00056 | STEP: 1 | IR: load 1 | A: 0 | AR: 1 | NZ: 00 | IE: 1 | PENDING: 0 | IN_INTR: 0 | DS: [100] | RS: [10] | MEM: - | LATCH: AR | OUT: '' | load.addr 1
TICK: 001492 | PC: 00061 | STEP: 0 | IR: load 1 | A: 0 | AR: 1 | NZ: 00 | IE: 1 | PENDING: 0 | IN_INTR: 0 | DS: [100, 37] | RS: [10] | MEM: read mem[1] | LATCH: DS.push,PC | OUT: '' | load.read
TICK: 001493 | PC: 00061 | STEP: 1 | IR: sub | A: 0 | AR: 1 | NZ: 00 | IE: 1 | PENDING: 0 | IN_INTR: 0 | DS: [] | RS: [10] | MEM: - | LATCH: ALU.left,ALU.right | OUT: '' | sub.load_operands
TICK: 001494 | PC: 00062 | STEP: 0 | IR: sub | A: 0 | AR: 1 | NZ: 00 | IE: 1 | PENDING: 0 | IN_INTR: 0 | DS: [63] | RS: [10] | MEM: - | LATCH: DS.push(ALU),PC | OUT: '' | sub.write_result
TICK: 001495 | PC: 00062 | STEP: 1 | IR: mif 72 | A: 0 | AR: 1 | NZ: 00 | IE: 1 | PENDING: 0 | IN_INTR: 0 | DS: [] | RS: [10] | MEM: - | LATCH: ALU.left | OUT: '' | mif.test
TICK: 001496 | PC: 00072 | STEP: 0 | IR: mif 72 | A: 0 | AR: 1 | NZ: 00 | IE: 1 | PENDING: 0 | IN_INTR: 0 | DS: [] | RS: [10] | MEM: - | LATCH: PC | OUT: '' | mif.branch
TICK: 001497 | PC: 00072 | STEP: 1 | IR: load 2 | A: 0 | AR: 2 | NZ: 00 | IE: 1 | PENDING: 0 | IN_INTR: 0 | DS: [] | RS: [10] | MEM: - | LATCH: AR | OUT: '' | load.addr 2
TICK: 001498 | PC: 00077 | STEP: 0 | IR: load 2 | A: 0 | AR: 2 | NZ: 00 | IE: 1 | PENDING: 0 | IN_INTR: 0 | DS: [666] | RS: [10] | MEM: read mem[2] | LATCH: DS.push,PC | OUT: '' | load.read
TICK: 001499 | PC: 00077 | STEP: 1 | IR: load 1 | A: 0 | AR: 1 | NZ: 00 | IE: 1 | PENDING: 0 | IN_INTR: 0 | DS: [666] | RS: [10] | MEM: - | LATCH: AR | OUT: '' | load.addr 1
TICK: 001500 | PC: 00082 | STEP: 0 | IR: load 1 | A: 0 | AR: 1 | NZ: 00 | IE: 1 | PENDING: 0 | IN_INTR: 0 | DS: [666, 37] | RS: [10] | MEM: read mem[1] | LATCH: DS.push,PC | OUT: '' | load.read
TICK: 001501 | PC: 00082 | STEP: 1 | IR: add | A: 0 | AR: 1 | NZ: 00 | IE: 1 | PENDING: 0 | IN_INTR: 0 | DS: [] | RS: [10] | MEM: - | LATCH: ALU.left,ALU.right | OUT: '' | add.load_operands
TICK: 001502 | PC: 00083 | STEP: 0 | IR: add | A: 0 | AR: 1 | NZ: 00 | IE: 1 | PENDING: 0 | IN_INTR: 0 | DS: [703] | RS: [10] | MEM: - | LATCH: DS.push(ALU),PC | OUT: '' | add.write_result
TICK: 001503 | PC: 00084 | STEP: 0 | IR: dup | A: 0 | AR: 1 | NZ: 00 | IE: 1 | PENDING: 0 | IN_INTR: 0 | DS: [703, 703] | RS: [10] | MEM: - | LATCH: DS.dup,PC | OUT: '' | dup
TICK: 001504 | PC: 00084 | STEP: 1 | IR: store 2 | A: 0 | AR: 2 | NZ: 00 | IE: 1 | PENDING: 0 | IN_INTR: 0 | DS: [703, 703] | RS: [10] | MEM: - | LATCH: AR | OUT: '' | store.addr 2
TICK: 001505 | PC: 00089 | STEP: 0 | IR: store 2 | A: 0 | AR: 2 | NZ: 00 | IE: 1 | PENDING: 0 | IN_INTR: 0 | DS: [703] | RS: [10] | MEM: write mem[2] <- 703 | LATCH: MEM,PC | OUT: '' | store.write
TICK: 001506 | PC: 00090 | STEP: 0 | IR: drop | A: 0 | AR: 2 | NZ: 00 | IE: 1 | PENDING: 0 | IN_INTR: 0 | DS: [] | RS: [10] | MEM: - | LATCH: PC | OUT: '' | drop
TICK: 001507 | PC: 00090 | STEP: 1 | IR: load 3 | A: 0 | AR: 3 | NZ: 00 | IE: 1 | PENDING: 0 | IN_INTR: 0 | DS: [] | RS: [10] | MEM: - | LATCH: AR | OUT: '' | load.addr 3
TICK: 001508 | PC: 00095 | STEP: 0 | IR: load 3 | A: 0 | AR: 3 | NZ: 00 | IE: 1 | PENDING: 0 | IN_INTR: 0 | DS: [16206] | RS: [10] | MEM: read mem[3] | LATCH: DS.push,PC | OUT: '' | load.read
TICK: 001509 | PC: 00095 | STEP: 1 | IR: load 1 | A: 0 | AR: 1 | NZ: 00 | IE: 1 | PENDING: 0 | IN_INTR: 0 | DS: [16206] | RS: [10] | MEM: - | LATCH: AR | OUT: '' | load.addr 1
TICK: 001510 | PC: 00100 | STEP: 0 | IR: load 1 | A: 0 | AR: 1 | NZ: 00 | IE: 1 | PENDING: 0 | IN_INTR: 0 | DS: [16206, 37] | RS: [10] | MEM: read mem[1] | LATCH: DS.push,PC | OUT: '' | load.read
TICK: 001511 | PC: 00100 | STEP: 1 | IR: load 1 | A: 0 | AR: 1 | NZ: 00 | IE: 1 | PENDING: 0 | IN_INTR: 0 | DS: [16206, 37] | RS: [10] | MEM: - | LATCH: AR | OUT: '' | load.addr 1
TICK: 001512 | PC: 00105 | STEP: 0 | IR: load 1 | A: 0 | AR: 1 | NZ: 00 | IE: 1 | PENDING: 0 | IN_INTR: 0 | DS: [16206, 37, 37] | RS: [10] | MEM: read mem[1] | LATCH: DS.push,PC | OUT: '' | load.read
TICK: 001513 | PC: 00105 | STEP: 1 | IR: mul | A: 0 | AR: 1 | NZ: 00 | IE: 1 | PENDING: 0 | IN_INTR: 0 | DS: [16206] | RS: [10] | MEM: - | LATCH: ALU.left,ALU.right | OUT: '' | mul.load_operands
TICK: 001514 | PC: 00106 | STEP: 0 | IR: mul | A: 0 | AR: 1 | NZ: 00 | IE: 1 | PENDING: 0 | IN_INTR: 0 | DS: [16206, 1369] | RS: [10] | MEM: - | LATCH: DS.push(ALU),PC | OUT: '' | mul.write_result
TICK: 001515 | PC: 00106 | STEP: 1 | IR: add | A: 0 | AR: 1 | NZ: 00 | IE: 1 | PENDING: 0 | IN_INTR: 0 | DS: [] | RS: [10] | MEM: - | LATCH: ALU.left,ALU.right | OUT: '' | add.load_operands
TICK: 001516 | PC: 00107 | STEP: 0 | IR: add | A: 0 | AR: 1 | NZ: 00 | IE: 1 | PENDING: 0 | IN_INTR: 0 | DS: [17575] | RS: [10] | MEM: - | LATCH: DS.push(ALU),PC | OUT: '' | add.write_result
TICK: 001517 | PC: 00108 | STEP: 0 | IR: dup | A: 0 | AR: 1 | NZ: 00 | IE: 1 | PENDING: 0 | IN_INTR: 0 | DS: [17575, 17575] | RS: [10] | MEM: - | LATCH: DS.dup,PC | OUT: '' | dup
TICK: 001518 | PC: 00108 | STEP: 1 | IR: store 3 | A: 0 | AR: 3 | NZ: 00 | IE: 1 | PENDING: 0 | IN_INTR: 0 | DS: [17575, 17575] | RS: [10] | MEM: - | LATCH: AR | OUT: '' | store.addr 3
TICK: 001519 | PC: 00113 | STEP: 0 | IR: store 3 | A: 0 | AR: 3 | NZ: 00 | IE: 1 | PENDING: 0 | IN_INTR: 0 | DS: [17575] | RS: [10] | MEM: write mem[3] <- 17575 | LATCH: MEM,PC | OUT: '' | store.write
TICK: 001520 | PC: 00114 | STEP: 0 | IR: drop | A: 0 | AR: 3 | NZ: 00 | IE: 1 | PENDING: 0 | IN_INTR: 0 | DS: [] | RS: [10] | MEM: - | LATCH: PC | OUT: '' | drop
TICK: 001521 | PC: 00114 | STEP: 1 | IR: load 1 | A: 0 | AR: 1 | NZ: 00 | IE: 1 | PENDING: 0 | IN_INTR: 0 | DS: [] | RS: [10] | MEM: - | LATCH: AR | OUT: '' | load.addr 1
TICK: 001522 | PC: 00119 | STEP: 0 | IR: load 1 | A: 0 | AR: 1 | NZ: 00 | IE: 1 | PENDING: 0 | IN_INTR: 0 | DS: [37] | RS: [10] | MEM: read mem[1] | LATCH: DS.push,PC | OUT: '' | load.read
TICK: 001523 | PC: 00124 | STEP: 0 | IR: literal 1 | A: 0 | AR: 1 | NZ: 00 | IE: 1 | PENDING: 0 | IN_INTR: 0 | DS: [37, 1] | RS: [10] | MEM: - | LATCH: DS.push,PC | OUT: '' | literal 1
TICK: 001524 | PC: 00124 | STEP: 1 | IR: add | A: 0 | AR: 1 | NZ: 00 | IE: 1 | PENDING: 0 | IN_INTR: 0 | DS: [] | RS: [10] | MEM: - | LATCH: ALU.left,ALU.right | OUT: '' | add.load_operands
TICK: 001525 | PC: 00125 | STEP: 0 | IR: add | A: 0 | AR: 1 | NZ: 00 | IE: 1 | PENDING: 0 | IN_INTR: 0 | DS: [38] | RS: [10] | MEM: - | LATCH: DS.push(ALU),PC | OUT: '' | add.write_result
TICK: 001526 | PC: 00126 | STEP: 0 | IR: dup | A: 0 | AR: 1 | NZ: 00 | IE: 1 | PENDING: 0 | IN_INTR: 0 | DS: [38, 38] | RS: [10] | MEM: - | LATCH: DS.dup,PC | OUT: '' | dup
TICK: 001527 | PC: 00126 | STEP: 1 | IR: store 1 | A: 0 | AR: 1 | NZ: 00 | IE: 1 | PENDING: 0 | IN_INTR: 0 | DS: [38, 38] | RS: [10] | MEM: - | LATCH: AR | OUT: '' | store.addr 1
TICK: 001528 | PC: 00131 | STEP: 0 | IR: store 1 | A: 0 | AR: 1 | NZ: 00 | IE: 1 | PENDING: 0 | IN_INTR: 0 | DS: [38] | RS: [10] | MEM: write mem[1] <- 38 | LATCH: MEM,PC | OUT: '' | store.write
TICK: 001529 | PC: 00132 | STEP: 0 | IR: drop | A: 0 | AR: 1 | NZ: 00 | IE: 1 | PENDING: 0 | IN_INTR: 0 | DS: [] | RS: [10] | MEM: - | LATCH: PC | OUT: '' | drop
TICK: 001530 | PC: 00051 | STEP: 0 | IR: jmp 51 | A: 0 | AR: 1 | NZ: 00 | IE: 1 | PENDING: 0 | IN_INTR: 0 | DS: [] | RS: [10] | MEM: - | LATCH: PC | OUT: '' | jmp 51
TICK: 001531 | PC: 00056 | STEP: 0 | IR: literal 100 | A: 0 | AR: 1 | NZ: 00 | IE: 1 | PENDING: 0 | IN_INTR: 0 | DS: [100] | RS: [10] | MEM: - | LATCH: DS.push,PC | OUT: '' | literal 100
TICK: 001532 | PC: 00056 | STEP: 1 | IR: load 1 | A: 0 | AR: 1 | NZ: 00 | IE: 1 | PENDING: 0 | IN_INTR: 0 | DS: [100] | RS: [10] | MEM: - | LATCH: AR | OUT: '' | load.addr 1
TICK: 001533 | PC: 00061 | STEP: 0 | IR: load 1 | A: 0 | AR: 1 | NZ: 00 | IE: 1 | PENDING: 0 | IN_INTR: 0 | DS: [100, 38] | RS: [10] | MEM: read mem[1] | LATCH: DS.push,PC | OUT: '' | load.read
TICK: 001534 | PC: 00061 | STEP: 1 | IR: sub | A: 0 | AR: 1 | NZ: 00 | IE: 1 | PENDING: 0 | IN_INTR: 0 | DS: [] | RS: [10] | MEM: - | LATCH: ALU.left,ALU.right | OUT: '' | sub.load_operands
TICK: 001535 | PC: 00062 | STEP: 0 | IR: sub | A: 0 | AR: 1 | NZ: 00 | IE: 1 | PENDING: 0 | IN_INTR: 0 | DS: [62] | RS: [10] | MEM: - | LATCH: DS.push(ALU),PC | OUT: '' | sub.write_result
TICK: 001536 | PC: 00062 | STEP: 1 | IR: mif 72 | A: 0 | AR: 1 | NZ: 00 | IE: 1 | PENDING: 0 | IN_INTR: 0 | DS: [] | RS: [10] | MEM: - | LATCH: ALU.left | OUT: '' | mif.test
TICK: 001537 | PC: 00072 | STEP: 0 | IR: mif 72 | A: 0 | AR: 1 | NZ: 00 | IE: 1 | PENDING: 0 | IN_INTR: 0 | DS: [] | RS: [10] | MEM: - | LATCH: PC | OUT: '' | mif.branch
TICK: 001538 | PC: 00072 | STEP: 1 | IR: load 2 | A: 0 | AR: 2 | NZ: 00 | IE: 1 | PENDING: 0 | IN_INTR: 0 | DS: [] | RS: [10] | MEM: - | LATCH: AR | OUT: '' | load.addr 2
TICK: 001539 | PC: 00077 | STEP: 0 | IR: load 2 | A: 0 | AR: 2 | NZ: 00 | IE: 1 | PENDING: 0 | IN_INTR: 0 | DS: [703] | RS: [10] | MEM: read mem[2] | LATCH: DS.push,PC | OUT: '' | load.read
TICK: 001540 | PC: 00077 | STEP: 1 | IR: load 1 | A: 0 | AR: 1 | NZ: 00 | IE: 1 | PENDING: 0 | IN_INTR: 0 | DS: [703] | RS: [10] | MEM: - | LATCH: AR | OUT: '' | load.addr 1
TICK: 001541 | PC: 00082 | STEP: 0 | IR: load 1 | A: 0 | AR: 1 | NZ: 00 | IE: 1 | PENDING: 0 | IN_INTR: 0 | DS: [703, 38] | RS: [10] | MEM: read mem[1] | LATCH: DS.push,PC | OUT: '' | load.read
TICK: 001542 | PC: 00082 | STEP: 1 | IR: add | A: 0 | AR: 1 | NZ: 00 | IE: 1 | PENDING: 0 | IN_INTR: 0 | DS: [] | RS: [10] | MEM: - | LATCH: ALU.left,ALU.right | OUT: '' | add.load_operands
TICK: 001543 | PC: 00083 | STEP: 0 | IR: add | A: 0 | AR: 1 | NZ: 00 | IE: 1 | PENDING: 0 | IN_INTR: 0 | DS: [741] | RS: [10] | MEM: - | LATCH: DS.push(ALU),PC | OUT: '' | add.write_result
TICK: 001544 | PC: 00084 | STEP: 0 | IR: dup | A: 0 | AR: 1 | NZ: 00 | IE: 1 | PENDING: 0 | IN_INTR: 0 | DS: [741, 741] | RS: [10] | MEM: - | LATCH: DS.dup,PC | OUT: '' | dup
TICK: 001545 | PC: 00084 | STEP: 1 | IR: store 2 | A: 0 | AR: 2 | NZ: 00 | IE: 1 | PENDING: 0 | IN_INTR: 0 | DS: [741, 741] | RS: [10] | MEM: - | LATCH: AR | OUT: '' | store.addr 2
TICK: 001546 | PC: 00089 | STEP: 0 | IR: store 2 | A: 0 | AR: 2 | NZ: 00 | IE: 1 | PENDING: 0 | IN_INTR: 0 | DS: [741] | RS: [10] | MEM: write mem[2] <- 741 | LATCH: MEM,PC | OUT: '' | store.write
TICK: 001547 | PC: 00090 | STEP: 0 | IR: drop | A: 0 | AR: 2 | NZ: 00 | IE: 1 | PENDING: 0 | IN_INTR: 0 | DS: [] | RS: [10] | MEM: - | LATCH: PC | OUT: '' | drop
TICK: 001548 | PC: 00090 | STEP: 1 | IR: load 3 | A: 0 | AR: 3 | NZ: 00 | IE: 1 | PENDING: 0 | IN_INTR: 0 | DS: [] | RS: [10] | MEM: - | LATCH: AR | OUT: '' | load.addr 3
TICK: 001549 | PC: 00095 | STEP: 0 | IR: load 3 | A: 0 | AR: 3 | NZ: 00 | IE: 1 | PENDING: 0 | IN_INTR: 0 | DS: [17575] | RS: [10] | MEM: read mem[3] | LATCH: DS.push,PC | OUT: '' | load.read
TICK: 001550 | PC: 00095 | STEP: 1 | IR: load 1 | A: 0 | AR: 1 | NZ: 00 | IE: 1 | PENDING: 0 | IN_INTR: 0 | DS: [17575] | RS: [10] | MEM: - | LATCH: AR | OUT: '' | load.addr 1
TICK: 001551 | PC: 00100 | STEP: 0 | IR: load 1 | A: 0 | AR: 1 | NZ: 00 | IE: 1 | PENDING: 0 | IN_INTR: 0 | DS: [17575, 38] | RS: [10] | MEM: read mem[1] | LATCH: DS.push,PC | OUT: '' | load.read
TICK: 001552 | PC: 00100 | STEP: 1 | IR: load 1 | A: 0 | AR: 1 | NZ: 00 | IE: 1 | PENDING: 0 | IN_INTR: 0 | DS: [17575, 38] | RS: [10] | MEM: - | LATCH: AR | OUT: '' | load.addr 1
TICK: 001553 | PC: 00105 | STEP: 0 | IR: load 1 | A: 0 | AR: 1 | NZ: 00 | IE: 1 | PENDING: 0 | IN_INTR: 0 | DS: [17575, 38, 38] | RS: [10] | MEM: read mem[1] | LATCH: DS.push,PC | OUT: '' | load.read
TICK: 001554 | PC: 00105 | STEP: 1 | IR: mul | A: 0 | AR: 1 | NZ: 00 | IE: 1 | PENDING: 0 | IN_INTR: 0 | DS: [17575] | RS: [10] | MEM: - | LATCH: ALU.left,ALU.right | OUT: '' | mul.load_operands
TICK: 001555 | PC: 00106 | STEP: 0 | IR: mul | A: 0 | AR: 1 | NZ: 00 | IE: 1 | PENDING: 0 | IN_INTR: 0 | DS: [17575, 1444] | RS: [10] | MEM: - | LATCH: DS.push(ALU),PC | OUT: '' | mul.write_result
TICK: 001556 | PC: 00106 | STEP: 1 | IR: add | A: 0 | AR: 1 | NZ: 00 | IE: 1 | PENDING: 0 | IN_INTR: 0 | DS: [] | RS: [10] | MEM: - | LATCH: ALU.left,ALU.right | OUT: '' | add.load_operands
TICK: 001557 | PC: 00107 | STEP: 0 | IR: add | A: 0 | AR: 1 | NZ: 00 | IE: 1 | PENDING: 0 | IN_INTR: 0 | DS: [19019] | RS: [10] | MEM: - | LATCH: DS.push(ALU),PC | OUT: '' | add.write_result
TICK: 001558 | PC: 00108 | STEP: 0 | IR: dup | A: 0 | AR: 1 | NZ: 00 | IE: 1 | PENDING: 0 | IN_INTR: 0 | DS: [19019, 19019] | RS: [10] | MEM: - | LATCH: DS.dup,PC | OUT: '' | dup
TICK: 001559 | PC: 00108 | STEP: 1 | IR: store 3 | A: 0 | AR: 3 | NZ: 00 | IE: 1 | PENDING: 0 | IN_INTR: 0 | DS: [19019, 19019] | RS: [10] | MEM: - | LATCH: AR | OUT: '' | store.addr 3
TICK: 001560 | PC: 00113 | STEP: 0 | IR: store 3 | A: 0 | AR: 3 | NZ: 00 | IE: 1 | PENDING: 0 | IN_INTR: 0 | DS: [19019] | RS: [10] | MEM: write mem[3] <- 19019 | LATCH: MEM,PC | OUT: '' | store.write
TICK: 001561 | PC: 00114 | STEP: 0 | IR: drop | A: 0 | AR: 3 | NZ: 00 | IE: 1 | PENDING: 0 | IN_INTR: 0 | DS: [] | RS: [10] | MEM: - | LATCH: PC | OUT: '' | drop
TICK: 001562 | PC: 00114 | STEP: 1 | IR: load 1 | A: 0 | AR: 1 | NZ: 00 | IE: 1 | PENDING: 0 | IN_INTR: 0 | DS: [] | RS: [10] | MEM: - | LATCH: AR | OUT: '' | load.addr 1
TICK: 001563 | PC: 00119 | STEP: 0 | IR: load 1 | A: 0 | AR: 1 | NZ: 00 | IE: 1 | PENDING: 0 | IN_INTR: 0 | DS: [38] | RS: [10] | MEM: read mem[1] | LATCH: DS.push,PC | OUT: '' | load.read
TICK: 001564 | PC: 00124 | STEP: 0 | IR: literal 1 | A: 0 | AR: 1 | NZ: 00 | IE: 1 | PENDING: 0 | IN_INTR: 0 | DS: [38, 1] | RS: [10] | MEM: - | LATCH: DS.push,PC | OUT: '' | literal 1
TICK: 001565 | PC: 00124 | STEP: 1 | IR: add | A: 0 | AR: 1 | NZ: 00 | IE: 1 | PENDING: 0 | IN_INTR: 0 | DS: [] | RS: [10] | MEM: - | LATCH: ALU.left,ALU.right | OUT: '' | add.load_operands
TICK: 001566 | PC: 00125 | STEP: 0 | IR: add | A: 0 | AR: 1 | NZ: 00 | IE: 1 | PENDING: 0 | IN_INTR: 0 | DS: [39] | RS: [10] | MEM: - | LATCH: DS.push(ALU),PC | OUT: '' | add.write_result
TICK: 001567 | PC: 00126 | STEP: 0 | IR: dup | A: 0 | AR: 1 | NZ: 00 | IE: 1 | PENDING: 0 | IN_INTR: 0 | DS: [39, 39] | RS: [10] | MEM: - | LATCH: DS.dup,PC | OUT: '' | dup
TICK: 001568 | PC: 00126 | STEP: 1 | IR: store 1 | A: 0 | AR: 1 | NZ: 00 | IE: 1 | PENDING: 0 | IN_INTR: 0 | DS: [39, 39] | RS: [10] | MEM: - | LATCH: AR | OUT: '' | store.addr 1
TICK: 001569 | PC: 00131 | STEP: 0 | IR: store 1 | A: 0 | AR: 1 | NZ: 00 | IE: 1 | PENDING: 0 | IN_INTR: 0 | DS: [39] | RS: [10] | MEM: write mem[1] <- 39 | LATCH: MEM,PC | OUT: '' | store.write
TICK: 001570 | PC: 00132 | STEP: 0 | IR: drop | A: 0 | AR: 1 | NZ: 00 | IE: 1 | PENDING: 0 | IN_INTR: 0 | DS: [] | RS: [10] | MEM: - | LATCH: PC | OUT: '' | drop
TICK: 001571 | PC: 00051 | STEP: 0 | IR: jmp 51 | A: 0 | AR: 1 | NZ: 00 | IE: 1 | PENDING: 0 | IN_INTR: 0 | DS: [] | RS: [10] | MEM: - | LATCH: PC | OUT: '' | jmp 51
TICK: 001572 | PC: 00056 | STEP: 0 | IR: literal 100 | A: 0 | AR: 1 | NZ: 00 | IE: 1 | PENDING: 0 | IN_INTR: 0 | DS: [100] | RS: [10] | MEM: - | LATCH: DS.push,PC | OUT: '' | literal 100
TICK: 001573 | PC: 00056 | STEP: 1 | IR: load 1 | A: 0 | AR: 1 | NZ: 00 | IE: 1 | PENDING: 0 | IN_INTR: 0 | DS: [100] | RS: [10] | MEM: - | LATCH: AR | OUT: '' | load.addr 1
TICK: 001574 | PC: 00061 | STEP: 0 | IR: load 1 | A: 0 | AR: 1 | NZ: 00 | IE: 1 | PENDING: 0 | IN_INTR: 0 | DS: [100, 39] | RS: [10] | MEM: read mem[1] | LATCH: DS.push,PC | OUT: '' | load.read
TICK: 001575 | PC: 00061 | STEP: 1 | IR: sub | A: 0 | AR: 1 | NZ: 00 | IE: 1 | PENDING: 0 | IN_INTR: 0 | DS: [] | RS: [10] | MEM: - | LATCH: ALU.left,ALU.right | OUT: '' | sub.load_operands
TICK: 001576 | PC: 00062 | STEP: 0 | IR: sub | A: 0 | AR: 1 | NZ: 00 | IE: 1 | PENDING: 0 | IN_INTR: 0 | DS: [61] | RS: [10] | MEM: - | LATCH: DS.push(ALU),PC | OUT: '' | sub.write_result
TICK: 001577 | PC: 00062 | STEP: 1 | IR: mif 72 | A: 0 | AR: 1 | NZ: 00 | IE: 1 | PENDING: 0 | IN_INTR: 0 | DS: [] | RS: [10] | MEM: - | LATCH: ALU.left | OUT: '' | mif.test
TICK: 001578 | PC: 00072 | STEP: 0 | IR: mif 72 | A: 0 | AR: 1 | NZ: 00 | IE: 1 | PENDING: 0 | IN_INTR: 0 | DS: [] | RS: [10] | MEM: - | LATCH: PC | OUT: '' | mif.branch
TICK: 001579 | PC: 00072 | STEP: 1 | IR: load 2 | A: 0 | AR: 2 | NZ: 00 | IE: 1 | PENDING: 0 | IN_INTR: 0 | DS: [] | RS: [10] | MEM: - | LATCH: AR | OUT: '' | load.addr 2
TICK: 001580 | PC: 00077 | STEP: 0 | IR: load 2 | A: 0 | AR: 2 | NZ: 00 | IE: 1 | PENDING: 0 | IN_INTR: 0 | DS: [741] | RS: [10] | MEM: read mem[2] | LATCH: DS.push,PC | OUT: '' | load.read
TICK: 001581 | PC: 00077 | STEP: 1 | IR: load 1 | A: 0 | AR: 1 | NZ: 00 | IE: 1 | PENDING: 0 | IN_INTR: 0 | DS: [741] | RS: [10] | MEM: - | LATCH: AR | OUT: '' | load.addr 1
TICK: 001582 | PC: 00082 | STEP: 0 | IR: load 1 | A: 0 | AR: 1 | NZ: 00 | IE: 1 | PENDING: 0 | IN_INTR: 0 | DS: [741, 39] | RS: [10] | MEM: read mem[1] | LATCH: DS.push,PC | OUT: '' | load.read
TICK: 001583 | PC: 00082 | STEP: 1 | IR: add | A: 0 | AR: 1 | NZ: 00 | IE: 1 | PENDING: 0 | IN_INTR: 0 | DS: [] | RS: [10] | MEM: - | LATCH: ALU.left,ALU.right | OUT: '' | add.load_operands
TICK: 001584 | PC: 00083 | STEP: 0 | IR: add | A: 0 | AR: 1 | NZ: 00 | IE: 1 | PENDING: 0 | IN_INTR: 0 | DS: [780] | RS: [10] | MEM: - | LATCH: DS.push(ALU),PC | OUT: '' | add.write_result
TICK: 001585 | PC: 00084 | STEP: 0 | IR: dup | A: 0 | AR: 1 | NZ: 00 | IE: 1 | PENDING: 0 | IN_INTR: 0 | DS: [780, 780] | RS: [10] | MEM: - | LATCH: DS.dup,PC | OUT: '' | dup
TICK: 001586 | PC: 00084 | STEP: 1 | IR: store 2 | A: 0 | AR: 2 | NZ: 00 | IE: 1 | PENDING: 0 | IN_INTR: 0 | DS: [780, 780] | RS: [10] | MEM: - | LATCH: AR | OUT: '' | store.addr 2
TICK: 001587 | PC: 00089 | STEP: 0 | IR: store 2 | A: 0 | AR: 2 | NZ: 00 | IE: 1 | PENDING: 0 | IN_INTR: 0 | DS: [780] | RS: [10] | MEM: write mem[2] <- 780 | LATCH: MEM,PC | OUT: '' | store.write
TICK: 001588 | PC: 00090 | STEP: 0 | IR: drop | A: 0 | AR: 2 | NZ: 00 | IE: 1 | PENDING: 0 | IN_INTR: 0 | DS: [] | RS: [10] | MEM: - | LATCH: PC | OUT: '' | drop
TICK: 001589 | PC: 00090 | STEP: 1 | IR: load 3 | A: 0 | AR: 3 | NZ: 00 | IE: 1 | PENDING: 0 | IN_INTR: 0 | DS: [] | RS: [10] | MEM: - | LATCH: AR | OUT: '' | load.addr 3
TICK: 001590 | PC: 00095 | STEP: 0 | IR: load 3 | A: 0 | AR: 3 | NZ: 00 | IE: 1 | PENDING: 0 | IN_INTR: 0 | DS: [19019] | RS: [10] | MEM: read mem[3] | LATCH: DS.push,PC | OUT: '' | load.read
TICK: 001591 | PC: 00095 | STEP: 1 | IR: load 1 | A: 0 | AR: 1 | NZ: 00 | IE: 1 | PENDING: 0 | IN_INTR: 0 | DS: [19019] | RS: [10] | MEM: - | LATCH: AR | OUT: '' | load.addr 1
TICK: 001592 | PC: 00100 | STEP: 0 | IR: load 1 | A: 0 | AR: 1 | NZ: 00 | IE: 1 | PENDING: 0 | IN_INTR: 0 | DS: [19019, 39] | RS: [10] | MEM: read mem[1] | LATCH: DS.push,PC | OUT: '' | load.read
TICK: 001593 | PC: 00100 | STEP: 1 | IR: load 1 | A: 0 | AR: 1 | NZ: 00 | IE: 1 | PENDING: 0 | IN_INTR: 0 | DS: [19019, 39] | RS: [10] | MEM: - | LATCH: AR | OUT: '' | load.addr 1
TICK: 001594 | PC: 00105 | STEP: 0 | IR: load 1 | A: 0 | AR: 1 | NZ: 00 | IE: 1 | PENDING: 0 | IN_INTR: 0 | DS: [19019, 39, 39] | RS: [10] | MEM: read mem[1] | LATCH: DS.push,PC | OUT: '' | load.read
TICK: 001595 | PC: 00105 | STEP: 1 | IR: mul | A: 0 | AR: 1 | NZ: 00 | IE: 1 | PENDING: 0 | IN_INTR: 0 | DS: [19019] | RS: [10] | MEM: - | LATCH: ALU.left,ALU.right | OUT: '' | mul.load_operands
TICK: 001596 | PC: 00106 | STEP: 0 | IR: mul | A: 0 | AR: 1 | NZ: 00 | IE: 1 | PENDING: 0 | IN_INTR: 0 | DS: [19019, 1521] | RS: [10] | MEM: - | LATCH: DS.push(ALU),PC | OUT: '' | mul.write_result
TICK: 001597 | PC: 00106 | STEP: 1 | IR: add | A: 0 | AR: 1 | NZ: 00 | IE: 1 | PENDING: 0 | IN_INTR: 0 | DS: [] | RS: [10] | MEM: - | LATCH: ALU.left,ALU.right | OUT: '' | add.load_operands
TICK: 001598 | PC: 00107 | STEP: 0 | IR: add | A: 0 | AR: 1 | NZ: 00 | IE: 1 | PENDING: 0 | IN_INTR: 0 | DS: [20540] | RS: [10] | MEM: - | LATCH: DS.push(ALU),PC | OUT: '' | add.write_result
TICK: 001599 | PC: 00108 | STEP: 0 | IR: dup | A: 0 | AR: 1 | NZ: 00 | IE: 1 | PENDING: 0 | IN_INTR: 0 | DS: [20540, 20540] | RS: [10] | MEM: - | LATCH: DS.dup,PC | OUT: '' | dup
TICK: 001600 | PC: 00108 | STEP: 1 | IR: store 3 | A: 0 | AR: 3 | NZ: 00 | IE: 1 | PENDING: 0 | IN_INTR: 0 | DS: [20540, 20540] | RS: [10] | MEM: - | LATCH: AR | OUT: '' | store.addr 3
TICK: 001601 | PC: 00113 | STEP: 0 | IR: store 3 | A: 0 | AR: 3 | NZ: 00 | IE: 1 | PENDING: 0 | IN_INTR: 0 | DS: [20540] | RS: [10] | MEM: write mem[3] <- 20540 | LATCH: MEM,PC | OUT: '' | store.write
TICK: 001602 | PC: 00114 | STEP: 0 | IR: drop | A: 0 | AR: 3 | NZ: 00 | IE: 1 | PENDING: 0 | IN_INTR: 0 | DS: [] | RS: [10] | MEM: - | LATCH: PC | OUT: '' | drop
TICK: 001603 | PC: 00114 | STEP: 1 | IR: load 1 | A: 0 | AR: 1 | NZ: 00 | IE: 1 | PENDING: 0 | IN_INTR: 0 | DS: [] | RS: [10] | MEM: - | LATCH: AR | OUT: '' | load.addr 1
TICK: 001604 | PC: 00119 | STEP: 0 | IR: load 1 | A: 0 | AR: 1 | NZ: 00 | IE: 1 | PENDING: 0 | IN_INTR: 0 | DS: [39] | RS: [10] | MEM: read mem[1] | LATCH: DS.push,PC | OUT: '' | load.read
TICK: 001605 | PC: 00124 | STEP: 0 | IR: literal 1 | A: 0 | AR: 1 | NZ: 00 | IE: 1 | PENDING: 0 | IN_INTR: 0 | DS: [39, 1] | RS: [10] | MEM: - | LATCH: DS.push,PC | OUT: '' | literal 1
TICK: 001606 | PC: 00124 | STEP: 1 | IR: add | A: 0 | AR: 1 | NZ: 00 | IE: 1 | PENDING: 0 | IN_INTR: 0 | DS: [] | RS: [10] | MEM: - | LATCH: ALU.left,ALU.right | OUT: '' | add.load_operands
TICK: 001607 | PC: 00125 | STEP: 0 | IR: add | A: 0 | AR: 1 | NZ: 00 | IE: 1 | PENDING: 0 | IN_INTR: 0 | DS: [40] | RS: [10] | MEM: - | LATCH: DS.push(ALU),PC | OUT: '' | add.write_result
TICK: 001608 | PC: 00126 | STEP: 0 | IR: dup | A: 0 | AR: 1 | NZ: 00 | IE: 1 | PENDING: 0 | IN_INTR: 0 | DS: [40, 40] | RS: [10] | MEM: - | LATCH: DS.dup,PC | OUT: '' | dup
TICK: 001609 | PC: 00126 | STEP: 1 | IR: store 1 | A: 0 | AR: 1 | NZ: 00 | IE: 1 | PENDING: 0 | IN_INTR: 0 | DS: [40, 40] | RS: [10] | MEM: - | LATCH: AR | OUT: '' | store.addr 1
TICK: 001610 | PC: 00131 | STEP: 0 | IR: store 1 | A: 0 | AR: 1 | NZ: 00 | IE: 1 | PENDING: 0 | IN_INTR: 0 | DS: [40] | RS: [10] | MEM: write mem[1] <- 40 | LATCH: MEM,PC | OUT: '' | store.write
TICK: 001611 | PC: 00132 | STEP: 0 | IR: drop | A: 0 | AR: 1 | NZ: 00 | IE: 1 | PENDING: 0 | IN_INTR: 0 | DS: [] | RS: [10] | MEM: - | LATCH: PC | OUT: '' | drop
TICK: 001612 | PC: 00051 | STEP: 0 | IR: jmp 51 | A: 0 | AR: 1 | NZ: 00 | IE: 1 | PENDING: 0 | IN_INTR: 0 | DS: [] | RS: [10] | MEM: - | LATCH: PC | OUT: '' | jmp 51
TICK: 001613 | PC: 00056 | STEP: 0 | IR: literal 100 | A: 0 | AR: 1 | NZ: 00 | IE: 1 | PENDING: 0 | IN_INTR: 0 | DS: [100] | RS: [10] | MEM: - | LATCH: DS.push,PC | OUT: '' | literal 100
TICK: 001614 | PC: 00056 | STEP: 1 | IR: load 1 | A: 0 | AR: 1 | NZ: 00 | IE: 1 | PENDING: 0 | IN_INTR: 0 | DS: [100] | RS: [10] | MEM: - | LATCH: AR | OUT: '' | load.addr 1
TICK: 001615 | PC: 00061 | STEP: 0 | IR: load 1 | A: 0 | AR: 1 | NZ: 00 | IE: 1 | PENDING: 0 | IN_INTR: 0 | DS: [100, 40] | RS: [10] | MEM: read mem[1] | LATCH: DS.push,PC | OUT: '' | load.read
TICK: 001616 | PC: 00061 | STEP: 1 | IR: sub | A: 0 | AR: 1 | NZ: 00 | IE: 1 | PENDING: 0 | IN_INTR: 0 | DS: [] | RS: [10] | MEM: - | LATCH: ALU.left,ALU.right | OUT: '' | sub.load_operands
TICK: 001617 | PC: 00062 | STEP: 0 | IR: sub | A: 0 | AR: 1 | NZ: 00 | IE: 1 | PENDING: 0 | IN_INTR: 0 | DS: [60] | RS: [10] | MEM: - | LATCH: DS.push(ALU),PC | OUT: '' | sub.write_result
TICK: 001618 | PC: 00062 | STEP: 1 | IR: mif 72 | A: 0 | AR: 1 | NZ: 00 | IE: 1 | PENDING: 0 | IN_INTR: 0 | DS: [] | RS: [10] | MEM: - | LATCH: ALU.left | OUT: '' | mif.test
TICK: 001619 | PC: 00072 | STEP: 0 | IR: mif 72 | A: 0 | AR: 1 | NZ: 00 | IE: 1 | PENDING: 0 | IN_INTR: 0 | DS: [] | RS: [10] | MEM: - | LATCH: PC | OUT: '' | mif.branch
TICK: 001620 | PC: 00072 | STEP: 1 | IR: load 2 | A: 0 | AR: 2 | NZ: 00 | IE: 1 | PENDING: 0 | IN_INTR: 0 | DS: [] | RS: [10] | MEM: - | LATCH: AR | OUT: '' | load.addr 2
TICK: 001621 | PC: 00077 | STEP: 0 | IR: load 2 | A: 0 | AR: 2 | NZ: 00 | IE: 1 | PENDING: 0 | IN_INTR: 0 | DS: [780] | RS: [10] | MEM: read mem[2] | LATCH: DS.push,PC | OUT: '' | load.read
TICK: 001622 | PC: 00077 | STEP: 1 | IR: load 1 | A: 0 | AR: 1 | NZ: 00 | IE: 1 | PENDING: 0 | IN_INTR: 0 | DS: [780] | RS: [10] | MEM: - | LATCH: AR | OUT: '' | load.addr 1
TICK: 001623 | PC: 00082 | STEP: 0 | IR: load 1 | A: 0 | AR: 1 | NZ: 00 | IE: 1 | PENDING: 0 | IN_INTR: 0 | DS: [780, 40] | RS: [10] | MEM: read mem[1] | LATCH: DS.push,PC | OUT: '' | load.read
TICK: 001624 | PC: 00082 | STEP: 1 | IR: add | A: 0 | AR: 1 | NZ: 00 | IE: 1 | PENDING: 0 | IN_INTR: 0 | DS: [] | RS: [10] | MEM: - | LATCH: ALU.left,ALU.right | OUT: '' | add.load_operands
TICK: 001625 | PC: 00083 | STEP: 0 | IR: add | A: 0 | AR: 1 | NZ: 00 | IE: 1 | PENDING: 0 | IN_INTR: 0 | DS: [820] | RS: [10] | MEM: - | LATCH: DS.push(ALU),PC | OUT: '' | add.write_result
TICK: 001626 | PC: 00084 | STEP: 0 | IR: dup | A: 0 | AR: 1 | NZ: 00 | IE: 1 | PENDING: 0 | IN_INTR: 0 | DS: [820, 820] | RS: [10] | MEM: - | LATCH: DS.dup,PC | OUT: '' | dup
TICK: 001627 | PC: 00084 | STEP: 1 | IR: store 2 | A: 0 | AR: 2 | NZ: 00 | IE: 1 | PENDING: 0 | IN_INTR: 0 | DS: [820, 820] | RS: [10] | MEM: - | LATCH: AR | OUT: '' | store.addr 2
TICK: 001628 | PC: 00089 | STEP: 0 | IR: store 2 | A: 0 | AR: 2 | NZ: 00 | IE: 1 | PENDING: 0 | IN_INTR: 0 | DS: [820] | RS: [10] | MEM: write mem[2] <- 820 | LATCH: MEM,PC | OUT: '' | store.write
TICK: 001629 | PC: 00090 | STEP: 0 | IR: drop | A: 0 | AR: 2 | NZ: 00 | IE: 1 | PENDING: 0 | IN_INTR: 0 | DS: [] | RS: [10] | MEM: - | LATCH: PC | OUT: '' | drop
TICK: 001630 | PC: 00090 | STEP: 1 | IR: load 3 | A: 0 | AR: 3 | NZ: 00 | IE: 1 | PENDING: 0 | IN_INTR: 0 | DS: [] | RS: [10] | MEM: - | LATCH: AR | OUT: '' | load.addr 3
TICK: 001631 | PC: 00095 | STEP: 0 | IR: load 3 | A: 0 | AR: 3 | NZ: 00 | IE: 1 | PENDING: 0 | IN_INTR: 0 | DS: [20540] | RS: [10] | MEM: read mem[3] | LATCH: DS.push,PC | OUT: '' | load.read
TICK: 001632 | PC: 00095 | STEP: 1 | IR: load 1 | A: 0 | AR: 1 | NZ: 00 | IE: 1 | PENDING: 0 | IN_INTR: 0 | DS: [20540] | RS: [10] | MEM: - | LATCH: AR | OUT: '' | load.addr 1
TICK: 001633 | PC: 00100 | STEP: 0 | IR: load 1 | A: 0 | AR: 1 | NZ: 00 | IE: 1 | PENDING: 0 | IN_INTR: 0 | DS: [20540, 40] | RS: [10] | MEM: read mem[1] | LATCH: DS.push,PC | OUT: '' | load.read
TICK: 001634 | PC: 00100 | STEP: 1 | IR: load 1 | A: 0 | AR: 1 | NZ: 00 | IE: 1 | PENDING: 0 | IN_INTR: 0 | DS: [20540, 40] | RS: [10] | MEM: - | LATCH: AR | OUT: '' | load.addr 1
TICK: 001635 | PC: 00105 | STEP: 0 | IR: load 1 | A: 0 | AR: 1 | NZ: 00 | IE: 1 | PENDING: 0 | IN_INTR: 0 | DS: [20540, 40, 40] | RS: [10] | MEM: read mem[1] | LATCH: DS.push,PC | OUT: '' | load.read
TICK: 001636 | PC: 00105 | STEP: 1 | IR: mul | A: 0 | AR: 1 | NZ: 00 | IE: 1 | PENDING: 0 | IN_INTR: 0 | DS: [20540] | RS: [10] | MEM: - | LATCH: ALU.left,ALU.right | OUT: '' | mul.load_operands
TICK: 001637 | PC: 00106 | STEP: 0 | IR: mul | A: 0 | AR: 1 | NZ: 00 | IE: 1 | PENDING: 0 | IN_INTR: 0 | DS: [20540, 1600] | RS: [10] | MEM: - | LATCH: DS.push(ALU),PC | OUT: '' | mul.write_result
TICK: 001638 | PC: 00106 | STEP: 1 | IR: add | A: 0 | AR: 1 | NZ: 00 | IE: 1 | PENDING: 0 | IN_INTR: 0 | DS: [] | RS: [10] | MEM: - | LATCH: ALU.left,ALU.right | OUT: '' | add.load_operands
TICK: 001639 | PC: 00107 | STEP: 0 | IR: add | A: 0 | AR: 1 | NZ: 00 | IE: 1 | PENDING: 0 | IN_INTR: 0 | DS: [22140] | RS: [10] | MEM: - | LATCH: DS.push(ALU),PC | OUT: '' | add.write_result
TICK: 001640 | PC: 00108 | STEP: 0 | IR: dup | A: 0 | AR: 1 | NZ: 00 | IE: 1 | PENDING: 0 | IN_INTR: 0 | DS: [22140, 22140] | RS: [10] | MEM: - | LATCH: DS.dup,PC | OUT: '' | dup
TICK: 001641 | PC: 00108 | STEP: 1 | IR: store 3 | A: 0 | AR: 3 | NZ: 00 | IE: 1 | PENDING: 0 | IN_INTR: 0 | DS: [22140, 22140] | RS: [10] | MEM: - | LATCH: AR | OUT: '' | store.addr 3
TICK: 001642 | PC: 00113 | STEP: 0 | IR: store 3 | A: 0 | AR: 3 | NZ: 00 | IE: 1 | PENDING: 0 | IN_INTR: 0 | DS: [22140] | RS: [10] | MEM: write mem[3] <- 22140 | LATCH: MEM,PC | OUT: '' | store.write
TICK: 001643 | PC: 00114 | STEP: 0 | IR: drop | A: 0 | AR: 3 | NZ: 00 | IE: 1 | PENDING: 0 | IN_INTR: 0 | DS: [] | RS: [10] | MEM: - | LATCH: PC | OUT: '' | drop
TICK: 001644 | PC: 00114 | STEP: 1 | IR: load 1 | A: 0 | AR: 1 | NZ: 00 | IE: 1 | PENDING: 0 | IN_INTR: 0 | DS: [] | RS: [10] | MEM: - | LATCH: AR | OUT: '' | load.addr 1
TICK: 001645 | PC: 00119 | STEP: 0 | IR: load 1 | A: 0 | AR: 1 | NZ: 00 | IE: 1 | PENDING: 0 | IN_INTR: 0 | DS: [40] | RS: [10] | MEM: read mem[1] | LATCH: DS.push,PC | OUT: '' | load.read
TICK: 001646 | PC: 00124 | STEP: 0 | IR: literal 1 | A: 0 | AR: 1 | NZ: 00 | IE: 1 | PENDING: 0 | IN_INTR: 0 | DS: [40, 1] | RS: [10] | MEM: - | LATCH: DS.push,PC | OUT: '' | literal 1
TICK: 001647 | PC: 00124 | STEP: 1 | IR: add | A: 0 | AR: 1 | NZ: 00 | IE: 1 | PENDING: 0 | IN_INTR: 0 | DS: [] | RS: [10] | MEM: - | LATCH: ALU.left,ALU.right | OUT: '' | add.load_operands
TICK: 001648 | PC: 00125 | STEP: 0 | IR: add | A: 0 | AR: 1 | NZ: 00 | IE: 1 | PENDING: 0 | IN_INTR: 0 | DS: [41] | RS: [10] | MEM: - | LATCH: DS.push(ALU),PC | OUT: '' | add.write_result
TICK: 001649 | PC: 00126 | STEP: 0 | IR: dup | A: 0 | AR: 1 | NZ: 00 | IE: 1 | PENDING: 0 | IN_INTR: 0 | DS: [41, 41] | RS: [10] | MEM: - | LATCH: DS.dup,PC | OUT: '' | dup
TICK: 001650 | PC: 00126 | STEP: 1 | IR: store 1 | A: 0 | AR: 1 | NZ: 00 | IE: 1 | PENDING: 0 | IN_INTR: 0 | DS: [41, 41] | RS: [10] | MEM: - | LATCH: AR | OUT: '' | store.addr 1
TICK: 001651 | PC: 00131 | STEP: 0 | IR: store 1 | A: 0 | AR: 1 | NZ: 00 | IE: 1 | PENDING: 0 | IN_INTR: 0 | DS: [41] | RS: [10] | MEM: write mem[1] <- 41 | LATCH: MEM,PC | OUT: '' | store.write
TICK: 001652 | PC: 00132 | STEP: 0 | IR: drop | A: 0 | AR: 1 | NZ: 00 | IE: 1 | PENDING: 0 | IN_INTR: 0 | DS: [] | RS: [10] | MEM: - | LATCH: PC | OUT: '' | drop
TICK: 001653 | PC: 00051 | STEP: 0 | IR: jmp 51 | A: 0 | AR: 1 | NZ: 00 | IE: 1 | PENDING: 0 | IN_INTR: 0 | DS: [] | RS: [10] | MEM: - | LATCH: PC | OUT: '' | jmp 51
TICK: 001654 | PC: 00056 | STEP: 0 | IR: literal 100 | A: 0 | AR: 1 | NZ: 00 | IE: 1 | PENDING: 0 | IN_INTR: 0 | DS: [100] | RS: [10] | MEM: - | LATCH: DS.push,PC | OUT: '' | literal 100
TICK: 001655 | PC: 00056 | STEP: 1 | IR: load 1 | A: 0 | AR: 1 | NZ: 00 | IE: 1 | PENDING: 0 | IN_INTR: 0 | DS: [100] | RS: [10] | MEM: - | LATCH: AR | OUT: '' | load.addr 1
TICK: 001656 | PC: 00061 | STEP: 0 | IR: load 1 | A: 0 | AR: 1 | NZ: 00 | IE: 1 | PENDING: 0 | IN_INTR: 0 | DS: [100, 41] | RS: [10] | MEM: read mem[1] | LATCH: DS.push,PC | OUT: '' | load.read
TICK: 001657 | PC: 00061 | STEP: 1 | IR: sub | A: 0 | AR: 1 | NZ: 00 | IE: 1 | PENDING: 0 | IN_INTR: 0 | DS: [] | RS: [10] | MEM: - | LATCH: ALU.left,ALU.right | OUT: '' | sub.load_operands
TICK: 001658 | PC: 00062 | STEP: 0 | IR: sub | A: 0 | AR: 1 | NZ: 00 | IE: 1 | PENDING: 0 | IN_INTR: 0 | DS: [59] | RS: [10] | MEM: - | LATCH: DS.push(ALU),PC | OUT: '' | sub.write_result
TICK: 001659 | PC: 00062 | STEP: 1 | IR: mif 72 | A: 0 | AR: 1 | NZ: 00 | IE: 1 | PENDING: 0 | IN_INTR: 0 | DS: [] | RS: [10] | MEM: - | LATCH: ALU.left | OUT: '' | mif.test
TICK: 001660 | PC: 00072 | STEP: 0 | IR: mif 72 | A: 0 | AR: 1 | NZ: 00 | IE: 1 | PENDING: 0 | IN_INTR: 0 | DS: [] | RS: [10] | MEM: - | LATCH: PC | OUT: '' | mif.branch
TICK: 001661 | PC: 00072 | STEP: 1 | IR: load 2 | A: 0 | AR: 2 | NZ: 00 | IE: 1 | PENDING: 0 | IN_INTR: 0 | DS: [] | RS: [10] | MEM: - | LATCH: AR | OUT: '' | load.addr 2
TICK: 001662 | PC: 00077 | STEP: 0 | IR: load 2 | A: 0 | AR: 2 | NZ: 00 | IE: 1 | PENDING: 0 | IN_INTR: 0 | DS: [820] | RS: [10] | MEM: read mem[2] | LATCH: DS.push,PC | OUT: '' | load.read
TICK: 001663 | PC: 00077 | STEP: 1 | IR: load 1 | A: 0 | AR: 1 | NZ: 00 | IE: 1 | PENDING: 0 | IN_INTR: 0 | DS: [820] | RS: [10] | MEM: - | LATCH: AR | OUT: '' | load.addr 1
TICK: 001664 | PC: 00082 | STEP: 0 | IR: load 1 | A: 0 | AR: 1 | NZ: 00 | IE: 1 | PENDING: 0 | IN_INTR: 0 | DS: [820, 41] | RS: [10] | MEM: read mem[1] | LATCH: DS.push,PC | OUT: '' | load.read
TICK: 001665 | PC: 00082 | STEP: 1 | IR: add | A: 0 | AR: 1 | NZ: 00 | IE: 1 | PENDING: 0 | IN_INTR: 0 | DS: [] | RS: [10] | MEM: - | LATCH: ALU.left,ALU.right | OUT: '' | add.load_operands
TICK: 001666 | PC: 00083 | STEP: 0 | IR: add | A: 0 | AR: 1 | NZ: 00 | IE: 1 | PENDING: 0 | IN_INTR: 0 | DS: [861] | RS: [10] | MEM: - | LATCH: DS.push(ALU),PC | OUT: '' | add.write_result
TICK: 001667 | PC: 00084 | STEP: 0 | IR: dup | A: 0 | AR: 1 | NZ: 00 | IE: 1 | PENDING: 0 | IN_INTR: 0 | DS: [861, 861] | RS: [10] | MEM: - | LATCH: DS.dup,PC | OUT: '' | dup
TICK: 001668 | PC: 00084 | STEP: 1 | IR: store 2 | A: 0 | AR: 2 | NZ: 00 | IE: 1 | PENDING: 0 | IN_INTR: 0 | DS: [861, 861] | RS: [10] | MEM: - | LATCH: AR | OUT: '' | store.addr 2
TICK: 001669 | PC: 00089 | STEP: 0 | IR: store 2 | A: 0 | AR: 2 | NZ: 00 | IE: 1 | PENDING: 0 | IN_INTR: 0 | DS: [861] | RS: [10] | MEM: write mem[2] <- 861 | LATCH: MEM,PC | OUT: '' | store.write
TICK: 001670 | PC: 00090 | STEP: 0 | IR: drop | A: 0 | AR: 2 | NZ: 00 | IE: 1 | PENDING: 0 | IN_INTR: 0 | DS: [] | RS: [10] | MEM: - | LATCH: PC | OUT: '' | drop
TICK: 001671 | PC: 00090 | STEP: 1 | IR: load 3 | A: 0 | AR: 3 | NZ: 00 | IE: 1 | PENDING: 0 | IN_INTR: 0 | DS: [] | RS: [10] | MEM: - | LATCH: AR | OUT: '' | load.addr 3
TICK: 001672 | PC: 00095 | STEP: 0 | IR: load 3 | A: 0 | AR: 3 | NZ: 00 | IE: 1 | PENDING: 0 | IN_INTR: 0 | DS: [22140] | RS: [10] | MEM: read mem[3] | LATCH: DS.push,PC | OUT: '' | load.read
TICK: 001673 | PC: 00095 | STEP: 1 | IR: load 1 | A: 0 | AR: 1 | NZ: 00 | IE: 1 | PENDING: 0 | IN_INTR: 0 | DS: [22140] | RS: [10] | MEM: - | LATCH: AR | OUT: '' | load.addr 1
TICK: 001674 | PC: 00100 | STEP: 0 | IR: load 1 | A: 0 | AR: 1 | NZ: 00 | IE: 1 | PENDING: 0 | IN_INTR: 0 | DS: [22140, 41] | RS: [10] | MEM: read mem[1] | LATCH: DS.push,PC | OUT: '' | load.read
TICK: 001675 | PC: 00100 | STEP: 1 | IR: load 1 | A: 0 | AR: 1 | NZ: 00 | IE: 1 | PENDING: 0 | IN_INTR: 0 | DS: [22140, 41] | RS: [10] | MEM: - | LATCH: AR | OUT: '' | load.addr 1
TICK: 001676 | PC: 00105 | STEP: 0 | IR: load 1 | A: 0 | AR: 1 | NZ: 00 | IE: 1 | PENDING: 0 | IN_INTR: 0 | DS: [22140, 41, 41] | RS: [10] | MEM: read mem[1] | LATCH: DS.push,PC | OUT: '' | load.read
TICK: 001677 | PC: 00105 | STEP: 1 | IR: mul | A: 0 | AR: 1 | NZ: 00 | IE: 1 | PENDING: 0 | IN_INTR: 0 | DS: [22140] | RS: [10] | MEM: - | LATCH: ALU.left,ALU.right | OUT: '' | mul.load_operands
TICK: 001678 | PC: 00106 | STEP: 0 | IR: mul | A: 0 | AR: 1 | NZ: 00 | IE: 1 | PENDING: 0 | IN_INTR: 0 | DS: [22140, 1681] | RS: [10] | MEM: - | LATCH: DS.push(ALU),PC | OUT: '' | mul.write_result
TICK: 001679 | PC: 00106 | STEP: 1 | IR: add | A: 0 | AR: 1 | NZ: 00 | IE: 1 | PENDING: 0 | IN_INTR: 0 | DS: [] | RS: [10] | MEM: - | LATCH: ALU.left,ALU.right | OUT: '' | add.load_operands
TICK: 001680 | PC: 00107 | STEP: 0 | IR: add | A: 0 | AR: 1 | NZ: 00 | IE: 1 | PENDING: 0 | IN_INTR: 0 | DS: [23821] | RS: [10] | MEM: - | LATCH: DS.push(ALU),PC | OUT: '' | add.write_result
TICK: 001681 | PC: 00108 | STEP: 0 | IR: dup | A: 0 | AR: 1 | NZ: 00 | IE: 1 | PENDING: 0 | IN_INTR: 0 | DS: [23821, 23821] | RS: [10] | MEM: - | LATCH: DS.dup,PC | OUT: '' | dup
TICK: 001682 | PC: 00108 | STEP: 1 | IR: store 3 | A: 0 | AR: 3 | NZ: 00 | IE: 1 | PENDING: 0 | IN_INTR: 0 | DS: [23821, 23821] | RS: [10] | MEM: - | LATCH: AR | OUT: '' | store.addr 3
TICK: 001683 | PC: 00113 | STEP: 0 | IR: store 3 | A: 0 | AR: 3 | NZ: 00 | IE: 1 | PENDING: 0 | IN_INTR: 0 | DS: [23821] | RS: [10] | MEM: write mem[3] <- 23821 | LATCH: MEM,PC | OUT: '' | store.write
TICK: 001684 | PC: 00114 | STEP: 0 | IR: drop | A: 0 | AR: 3 | NZ: 00 | IE: 1 | PENDING: 0 | IN_INTR: 0 | DS: [] | RS: [10] | MEM: - | LATCH: PC | OUT: '' | drop
TICK: 001685 | PC: 00114 | STEP: 1 | IR: load 1 | A: 0 | AR: 1 | NZ: 00 | IE: 1 | PENDING: 0 | IN_INTR: 0 | DS: [] | RS: [10] | MEM: - | LATCH: AR | OUT: '' | load.addr 1
TICK: 001686 | PC: 00119 | STEP: 0 | IR: load 1 | A: 0 | AR: 1 | NZ: 00 | IE: 1 | PENDING: 0 | IN_INTR: 0 | DS: [41] | RS: [10] | MEM: read mem[1] | LATCH: DS.push,PC | OUT: '' | load.read
TICK: 001687 | PC: 00124 | STEP: 0 | IR: literal 1 | A: 0 | AR: 1 | NZ: 00 | IE: 1 | PENDING: 0 | IN_INTR: 0 | DS: [41, 1] | RS: [10] | MEM: - | LATCH: DS.push,PC | OUT: '' | literal 1
TICK: 001688 | PC: 00124 | STEP: 1 | IR: add | A: 0 | AR: 1 | NZ: 00 | IE: 1 | PENDING: 0 | IN_INTR: 0 | DS: [] | RS: [10] | MEM: - | LATCH: ALU.left,ALU.right | OUT: '' | add.load_operands
TICK: 001689 | PC: 00125 | STEP: 0 | IR: add | A: 0 | AR: 1 | NZ: 00 | IE: 1 | PENDING: 0 | IN_INTR: 0 | DS: [42] | RS: [10] | MEM: - | LATCH: DS.push(ALU),PC | OUT: '' | add.write_result
TICK: 001690 | PC: 00126 | STEP: 0 | IR: dup | A: 0 | AR: 1 | NZ: 00 | IE: 1 | PENDING: 0 | IN_INTR: 0 | DS: [42, 42] | RS: [10] | MEM: - | LATCH: DS.dup,PC | OUT: '' | dup
TICK: 001691 | PC: 00126 | STEP: 1 | IR: store 1 | A: 0 | AR: 1 | NZ: 00 | IE: 1 | PENDING: 0 | IN_INTR: 0 | DS: [42, 42] | RS: [10] | MEM: - | LATCH: AR | OUT: '' | store.addr 1
TICK: 001692 | PC: 00131 | STEP: 0 | IR: store 1 | A: 0 | AR: 1 | NZ: 00 | IE: 1 | PENDING: 0 | IN_INTR: 0 | DS: [42] | RS: [10] | MEM: write mem[1] <- 42 | LATCH: MEM,PC | OUT: '' | store.write
TICK: 001693 | PC: 00132 | STEP: 0 | IR: drop | A: 0 | AR: 1 | NZ: 00 | IE: 1 | PENDING: 0 | IN_INTR: 0 | DS: [] | RS: [10] | MEM: - | LATCH: PC | OUT: '' | drop
TICK: 001694 | PC: 00051 | STEP: 0 | IR: jmp 51 | A: 0 | AR: 1 | NZ: 00 | IE: 1 | PENDING: 0 | IN_INTR: 0 | DS: [] | RS: [10] | MEM: - | LATCH: PC | OUT: '' | jmp 51
TICK: 001695 | PC: 00056 | STEP: 0 | IR: literal 100 | A: 0 | AR: 1 | NZ: 00 | IE: 1 | PENDING: 0 | IN_INTR: 0 | DS: [100] | RS: [10] | MEM: - | LATCH: DS.push,PC | OUT: '' | literal 100
TICK: 001696 | PC: 00056 | STEP: 1 | IR: load 1 | A: 0 | AR: 1 | NZ: 00 | IE: 1 | PENDING: 0 | IN_INTR: 0 | DS: [100] | RS: [10] | MEM: - | LATCH: AR | OUT: '' | load.addr 1
TICK: 001697 | PC: 00061 | STEP: 0 | IR: load 1 | A: 0 | AR: 1 | NZ: 00 | IE: 1 | PENDING: 0 | IN_INTR: 0 | DS: [100, 42] | RS: [10] | MEM: read mem[1] | LATCH: DS.push,PC | OUT: '' | load.read
TICK: 001698 | PC: 00061 | STEP: 1 | IR: sub | A: 0 | AR: 1 | NZ: 00 | IE: 1 | PENDING: 0 | IN_INTR: 0 | DS: [] | RS: [10] | MEM: - | LATCH: ALU.left,ALU.right | OUT: '' | sub.load_operands
TICK: 001699 | PC: 00062 | STEP: 0 | IR: sub | A: 0 | AR: 1 | NZ: 00 | IE: 1 | PENDING: 0 | IN_INTR: 0 | DS: [58] | RS: [10] | MEM: - | LATCH: DS.push(ALU),PC | OUT: '' | sub.write_result
TICK: 001700 | PC: 00062 | STEP: 1 | IR: mif 72 | A: 0 | AR: 1 | NZ: 00 | IE: 1 | PENDING: 0 | IN_INTR: 0 | DS: [] | RS: [10] | MEM: - | LATCH: ALU.left | OUT: '' | mif.test
TICK: 001701 | PC: 00072 | STEP: 0 | IR: mif 72 | A: 0 | AR: 1 | NZ: 00 | IE: 1 | PENDING: 0 | IN_INTR: 0 | DS: [] | RS: [10] | MEM: - | LATCH: PC | OUT: '' | mif.branch
TICK: 001702 | PC: 00072 | STEP: 1 | IR: load 2 | A: 0 | AR: 2 | NZ: 00 | IE: 1 | PENDING: 0 | IN_INTR: 0 | DS: [] | RS: [10] | MEM: - | LATCH: AR | OUT: '' | load.addr 2
TICK: 001703 | PC: 00077 | STEP: 0 | IR: load 2 | A: 0 | AR: 2 | NZ: 00 | IE: 1 | PENDING: 0 | IN_INTR: 0 | DS: [861] | RS: [10] | MEM: read mem[2] | LATCH: DS.push,PC | OUT: '' | load.read
TICK: 001704 | PC: 00077 | STEP: 1 | IR: load 1 | A: 0 | AR: 1 | NZ: 00 | IE: 1 | PENDING: 0 | IN_INTR: 0 | DS: [861] | RS: [10] | MEM: - | LATCH: AR | OUT: '' | load.addr 1
TICK: 001705 | PC: 00082 | STEP: 0 | IR: load 1 | A: 0 | AR: 1 | NZ: 00 | IE: 1 | PENDING: 0 | IN_INTR: 0 | DS: [861, 42] | RS: [10] | MEM: read mem[1] | LATCH: DS.push,PC | OUT: '' | load.read
TICK: 001706 | PC: 00082 | STEP: 1 | IR: add | A: 0 | AR: 1 | NZ: 00 | IE: 1 | PENDING: 0 | IN_INTR: 0 | DS: [] | RS: [10] | MEM: - | LATCH: ALU.left,ALU.right | OUT: '' | add.load_operands
TICK: 001707 | PC: 00083 | STEP: 0 | IR: add | A: 0 | AR: 1 | NZ: 00 | IE: 1 | PENDING: 0 | IN_INTR: 0 | DS: [903] | RS: [10] | MEM: - | LATCH: DS.push(ALU),PC | OUT: '' | add.write_result
TICK: 001708 | PC: 00084 | STEP: 0 | IR: dup | A: 0 | AR: 1 | NZ: 00 | IE: 1 | PENDING: 0 | IN_INTR: 0 | DS: [903, 903] | RS: [10] | MEM: - | LATCH: DS.dup,PC | OUT: '' | dup
TICK: 001709 | PC: 00084 | STEP: 1 | IR: store 2 | A: 0 | AR: 2 | NZ: 00 | IE: 1 | PENDING: 0 | IN_INTR: 0 | DS: [903, 903] | RS: [10] | MEM: - | LATCH: AR | OUT: '' | store.addr 2
TICK: 001710 | PC: 00089 | STEP: 0 | IR: store 2 | A: 0 | AR: 2 | NZ: 00 | IE: 1 | PENDING: 0 | IN_INTR: 0 | DS: [903] | RS: [10] | MEM: write mem[2] <- 903 | LATCH: MEM,PC | OUT: '' | store.write
TICK: 001711 | PC: 00090 | STEP: 0 | IR: drop | A: 0 | AR: 2 | NZ: 00 | IE: 1 | PENDING: 0 | IN_INTR: 0 | DS: [] | RS: [10] | MEM: - | LATCH: PC | OUT: '' | drop
TICK: 001712 | PC: 00090 | STEP: 1 | IR: load 3 | A: 0 | AR: 3 | NZ: 00 | IE: 1 | PENDING: 0 | IN_INTR: 0 | DS: [] | RS: [10] | MEM: - | LATCH: AR | OUT: '' | load.addr 3
TICK: 001713 | PC: 00095 | STEP: 0 | IR: load 3 | A: 0 | AR: 3 | NZ: 00 | IE: 1 | PENDING: 0 | IN_INTR: 0 | DS: [23821] | RS: [10] | MEM: read mem[3] | LATCH: DS.push,PC | OUT: '' | load.read
TICK: 001714 | PC: 00095 | STEP: 1 | IR: load 1 | A: 0 | AR: 1 | NZ: 00 | IE: 1 | PENDING: 0 | IN_INTR: 0 | DS: [23821] | RS: [10] | MEM: - | LATCH: AR | OUT: '' | load.addr 1
TICK: 001715 | PC: 00100 | STEP: 0 | IR: load 1 | A: 0 | AR: 1 | NZ: 00 | IE: 1 | PENDING: 0 | IN_INTR: 0 | DS: [23821, 42] | RS: [10] | MEM: read mem[1] | LATCH: DS.push,PC | OUT: '' | load.read
TICK: 001716 | PC: 00100 | STEP: 1 | IR: load 1 | A: 0 | AR: 1 | NZ: 00 | IE: 1 | PENDING: 0 | IN_INTR: 0 | DS: [23821, 42] | RS: [10] | MEM: - | LATCH: AR | OUT: '' | load.addr 1
TICK: 001717 | PC: 00105 | STEP: 0 | IR: load 1 | A: 0 | AR: 1 | NZ: 00 | IE: 1 | PENDING: 0 | IN_INTR: 0 | DS: [23821, 42, 42] | RS: [10] | MEM: read mem[1] | LATCH: DS.push,PC | OUT: '' | load.read
TICK: 001718 | PC: 00105 | STEP: 1 | IR: mul | A: 0 | AR: 1 | NZ: 00 | IE: 1 | PENDING: 0 | IN_INTR: 0 | DS: [23821] | RS: [10] | MEM: - | LATCH: ALU.left,ALU.right | OUT: '' | mul.load_operands
TICK: 001719 | PC: 00106 | STEP: 0 | IR: mul | A: 0 | AR: 1 | NZ: 00 | IE: 1 | PENDING: 0 | IN_INTR: 0 | DS: [23821, 1764] | RS: [10] | MEM: - | LATCH: DS.push(ALU),PC | OUT: '' | mul.write_result
TICK: 001720 | PC: 00106 | STEP: 1 | IR: add | A: 0 | AR: 1 | NZ: 00 | IE: 1 | PENDING: 0 | IN_INTR: 0 | DS: [] | RS: [10] | MEM: - | LATCH: ALU.left,ALU.right | OUT: '' | add.load_operands
TICK: 001721 | PC: 00107 | STEP: 0 | IR: add | A: 0 | AR: 1 | NZ: 00 | IE: 1 | PENDING: 0 | IN_INTR: 0 | DS: [25585] | RS: [10] | MEM: - | LATCH: DS.push(ALU),PC | OUT: '' | add.write_result
TICK: 001722 | PC: 00108 | STEP: 0 | IR: dup | A: 0 | AR: 1 | NZ: 00 | IE: 1 | PENDING: 0 | IN_INTR: 0 | DS: [25585, 25585] | RS: [10] | MEM: - | LATCH: DS.dup,PC | OUT: '' | dup
TICK: 001723 | PC: 00108 | STEP: 1 | IR: store 3 | A: 0 | AR: 3 | NZ: 00 | IE: 1 | PENDING: 0 | IN_INTR: 0 | DS: [25585, 25585] | RS: [10] | MEM: - | LATCH: AR | OUT: '' | store.addr 3
TICK: 001724 | PC: 00113 | STEP: 0 | IR: store 3 | A: 0 | AR: 3 | NZ: 00 | IE: 1 | PENDING: 0 | IN_INTR: 0 | DS: [25585] | RS: [10] | MEM: write mem[3] <- 25585 | LATCH: MEM,PC | OUT: '' | store.write
TICK: 001725 | PC: 00114 | STEP: 0 | IR: drop | A: 0 | AR: 3 | NZ: 00 | IE: 1 | PENDING: 0 | IN_INTR: 0 | DS: [] | RS: [10] | MEM: - | LATCH: PC | OUT: '' | drop
TICK: 001726 | PC: 00114 | STEP: 1 | IR: load 1 | A: 0 | AR: 1 | NZ: 00 | IE: 1 | PENDING: 0 | IN_INTR: 0 | DS: [] | RS: [10] | MEM: - | LATCH: AR | OUT: '' | load.addr 1
TICK: 001727 | PC: 00119 | STEP: 0 | IR: load 1 | A: 0 | AR: 1 | NZ: 00 | IE: 1 | PENDING: 0 | IN_INTR: 0 | DS: [42] | RS: [10] | MEM: read mem[1] | LATCH: DS.push,PC | OUT: '' | load.read
TICK: 001728 | PC: 00124 | STEP: 0 | IR: literal 1 | A: 0 | AR: 1 | NZ: 00 | IE: 1 | PENDING: 0 | IN_INTR: 0 | DS: [42, 1] | RS: [10] | MEM: - | LATCH: DS.push,PC | OUT: '' | literal 1
TICK: 001729 | PC: 00124 | STEP: 1 | IR: add | A: 0 | AR: 1 | NZ: 00 | IE: 1 | PENDING: 0 | IN_INTR: 0 | DS: [] | RS: [10] | MEM: - | LATCH: ALU.left,ALU.right | OUT: '' | add.load_operands
TICK: 001730 | PC: 00125 | STEP: 0 | IR: add | A: 0 | AR: 1 | NZ: 00 | IE: 1 | PENDING: 0 | IN_INTR: 0 | DS: [43] | RS: [10] | MEM: - | LATCH: DS.push(ALU),PC | OUT: '' | add.write_result
TICK: 001731 | PC: 00126 | STEP: 0 | IR: dup | A: 0 | AR: 1 | NZ: 00 | IE: 1 | PENDING: 0 | IN_INTR: 0 | DS: [43, 43] | RS: [10] | MEM: - | LATCH: DS.dup,PC | OUT: '' | dup
TICK: 001732 | PC: 00126 | STEP: 1 | IR: store 1 | A: 0 | AR: 1 | NZ: 00 | IE: 1 | PENDING: 0 | IN_INTR: 0 | DS: [43, 43] | RS: [10] | MEM: - | LATCH: AR | OUT: '' | store.addr 1
TICK: 001733 | PC: 00131 | STEP: 0 | IR: store 1 | A: 0 | AR: 1 | NZ: 00 | IE: 1 | PENDING: 0 | IN_INTR: 0 | DS: [43] | RS: [10] | MEM: write mem[1] <- 43 | LATCH: MEM,PC | OUT: '' | store.write
TICK: 001734 | PC: 00132 | STEP: 0 | IR: drop | A: 0 | AR: 1 | NZ: 00 | IE: 1 | PENDING: 0 | IN_INTR: 0 | DS: [] | RS: [10] | MEM: - | LATCH: PC | OUT: '' | drop
TICK: 001735 | PC: 00051 | STEP: 0 | IR: jmp 51 | A: 0 | AR: 1 | NZ: 00 | IE: 1 | PENDING: 0 | IN_INTR: 0 | DS: [] | RS: [10] | MEM: - | LATCH: PC | OUT: '' | jmp 51
TICK: 001736 | PC: 00056 | STEP: 0 | IR: literal 100 | A: 0 | AR: 1 | NZ: 00 | IE: 1 | PENDING: 0 | IN_INTR: 0 | DS: [100] | RS: [10] | MEM: - | LATCH: DS.push,PC | OUT: '' | literal 100
TICK: 001737 | PC: 00056 | STEP: 1 | IR: load 1 | A: 0 | AR: 1 | NZ: 00 | IE: 1 | PENDING: 0 | IN_INTR: 0 | DS: [100] | RS: [10] | MEM: - | LATCH: AR | OUT: '' | load.addr 1
TICK: 001738 | PC: 00061 | STEP: 0 | IR: load 1 | A: 0 | AR: 1 | NZ: 00 | IE: 1 | PENDING: 0 | IN_INTR: 0 | DS: [100, 43] | RS: [10] | MEM: read mem[1] | LATCH: DS.push,PC | OUT: '' | load.read
TICK: 001739 | PC: 00061 | STEP: 1 | IR: sub | A: 0 | AR: 1 | NZ: 00 | IE: 1 | PENDING: 0 | IN_INTR: 0 | DS: [] | RS: [10] | MEM: - | LATCH: ALU.left,ALU.right | OUT: '' | sub.load_operands
TICK: 001740 | PC: 00062 | STEP: 0 | IR: sub | A: 0 | AR: 1 | NZ: 00 | IE: 1 | PENDING: 0 | IN_INTR: 0 | DS: [57] | RS: [10] | MEM: - | LATCH: DS.push(ALU),PC | OUT: '' | sub.write_result
TICK: 001741 | PC: 00062 | STEP: 1 | IR: mif 72 | A: 0 | AR: 1 | NZ: 00 | IE: 1 | PENDING: 0 | IN_INTR: 0 | DS: [] | RS: [10] | MEM: - | LATCH: ALU.left | OUT: '' | mif.test
TICK: 001742 | PC: 00072 | STEP: 0 | IR: mif 72 | A: 0 | AR: 1 | NZ: 00 | IE: 1 | PENDING: 0 | IN_INTR: 0 | DS: [] | RS: [10] | MEM: - | LATCH: PC | OUT: '' | mif.branch
TICK: 001743 | PC: 00072 | STEP: 1 | IR: load 2 | A: 0 | AR: 2 | NZ: 00 | IE: 1 | PENDING: 0 | IN_INTR: 0 | DS: [] | RS: [10] | MEM: - | LATCH: AR | OUT: '' | load.addr 2
TICK: 001744 | PC: 00077 | STEP: 0 | IR: load 2 | A: 0 | AR: 2 | NZ: 00 | IE: 1 | PENDING: 0 | IN_INTR: 0 | DS: [903] | RS: [10] | MEM: read mem[2] | LATCH: DS.push,PC | OUT: '' | load.read
TICK: 001745 | PC: 00077 | STEP: 1 | IR: load 1 | A: 0 | AR: 1 | NZ: 00 | IE: 1 | PENDING: 0 | IN_INTR: 0 | DS: [903] | RS: [10] | MEM: - | LATCH: AR | OUT: '' | load.addr 1
TICK: 001746 | PC: 00082 | STEP: 0 | IR: load 1 | A: 0 | AR: 1 | NZ: 00 | IE: 1 | PENDING: 0 | IN_INTR: 0 | DS: [903, 43] | RS: [10] | MEM: read mem[1] | LATCH: DS.push,PC | OUT: '' | load.read
TICK: 001747 | PC: 00082 | STEP: 1 | IR: add | A: 0 | AR: 1 | NZ: 00 | IE: 1 | PENDING: 0 | IN_INTR: 0 | DS: [] | RS: [10] | MEM: - | LATCH: ALU.left,ALU.right | OUT: '' | add.load_operands
TICK: 001748 | PC: 00083 | STEP: 0 | IR: add | A: 0 | AR: 1 | NZ: 00 | IE: 1 | PENDING: 0 | IN_INTR: 0 | DS: [946] | RS: [10] | MEM: - | LATCH: DS.push(ALU),PC | OUT: '' | add.write_result
TICK: 001749 | PC: 00084 | STEP: 0 | IR: dup | A: 0 | AR: 1 | NZ: 00 | IE: 1 | PENDING: 0 | IN_INTR: 0 | DS: [946, 946] | RS: [10] | MEM: - | LATCH: DS.dup,PC | OUT: '' | dup
TICK: 001750 | PC: 00084 | STEP: 1 | IR: store 2 | A: 0 | AR: 2 | NZ: 00 | IE: 1 | PENDING: 0 | IN_INTR: 0 | DS: [946, 946] | RS: [10] | MEM: - | LATCH: AR | OUT: '' | store.addr 2
TICK: 001751 | PC: 00089 | STEP: 0 | IR: store 2 | A: 0 | AR: 2 | NZ: 00 | IE: 1 | PENDING: 0 | IN_INTR: 0 | DS: [946] | RS: [10] | MEM: write mem[2] <- 946 | LATCH: MEM,PC | OUT: '' | store.write
TICK: 001752 | PC: 00090 | STEP: 0 | IR: drop | A: 0 | AR: 2 | NZ: 00 | IE: 1 | PENDING: 0 | IN_INTR: 0 | DS: [] | RS: [10] | MEM: - | LATCH: PC | OUT: '' | drop
TICK: 001753 | PC: 00090 | STEP: 1 | IR: load 3 | A: 0 | AR: 3 | NZ: 00 | IE: 1 | PENDING: 0 | IN_INTR: 0 | DS: [] | RS: [10] | MEM: - | LATCH: AR | OUT: '' | load.addr 3
TICK: 001754 | PC: 00095 | STEP: 0 | IR: load 3 | A: 0 | AR: 3 | NZ: 00 | IE: 1 | PENDING: 0 | IN_INTR: 0 | DS: [25585] | RS: [10] | MEM: read mem[3] | LATCH: DS.push,PC | OUT: '' | load.read
TICK: 001755 | PC: 00095 | STEP: 1 | IR: load 1 | A: 0 | AR: 1 | NZ: 00 | IE: 1 | PENDING: 0 | IN_INTR: 0 | DS: [25585] | RS: [10] | MEM: - | LATCH: AR | OUT: '' | load.addr 1
TICK: 001756 | PC: 00100 | STEP: 0 | IR: load 1 | A: 0 | AR: 1 | NZ: 00 | IE: 1 | PENDING: 0 | IN_INTR: 0 | DS: [25585, 43] | RS: [10] | MEM: read mem[1] | LATCH: DS.push,PC | OUT: '' | load.read
TICK: 001757 | PC: 00100 | STEP: 1 | IR: load 1 | A: 0 | AR: 1 | NZ: 00 | IE: 1 | PENDING: 0 | IN_INTR: 0 | DS: [25585, 43] | RS: [10] | MEM: - | LATCH: AR | OUT: '' | load.addr 1
TICK: 001758 | PC: 00105 | STEP: 0 | IR: load 1 | A: 0 | AR: 1 | NZ: 00 | IE: 1 | PENDING: 0 | IN_INTR: 0 | DS: [25585, 43, 43] | RS: [10] | MEM: read mem[1] | LATCH: DS.push,PC | OUT: '' | load.read
TICK: 001759 | PC: 00105 | STEP: 1 | IR: mul | A: 0 | AR: 1 | NZ: 00 | IE: 1 | PENDING: 0 | IN_INTR: 0 | DS: [25585] | RS: [10] | MEM: - | LATCH: ALU.left,ALU.right | OUT: '' | mul.load_operands
TICK: 001760 | PC: 00106 | STEP: 0 | IR: mul | A: 0 | AR: 1 | NZ: 00 | IE: 1 | PENDING: 0 | IN_INTR: 0 | DS: [25585, 1849] | RS: [10] | MEM: - | LATCH: DS.push(ALU),PC | OUT: '' | mul.write_result
TICK: 001761 | PC: 00106 | STEP: 1 | IR: add | A: 0 | AR: 1 | NZ: 00 | IE: 1 | PENDING: 0 | IN_INTR: 0 | DS: [] | RS: [10] | MEM: - | LATCH: ALU.left,ALU.right | OUT: '' | add.load_operands
TICK: 001762 | PC: 00107 | STEP: 0 | IR: add | A: 0 | AR: 1 | NZ: 00 | IE: 1 | PENDING: 0 | IN_INTR: 0 | DS: [27434] | RS: [10] | MEM: - | LATCH: DS.push(ALU),PC | OUT: '' | add.write_result
TICK: 001763 | PC: 00108 | STEP: 0 | IR: dup | A: 0 | AR: 1 | NZ: 00 | IE: 1 | PENDING: 0 | IN_INTR: 0 | DS: [27434, 27434] | RS: [10] | MEM: - | LATCH: DS.dup,PC | OUT: '' | dup
TICK: 001764 | PC: 00108 | STEP: 1 | IR: store 3 | A: 0 | AR: 3 | NZ: 00 | IE: 1 | PENDING: 0 | IN_INTR: 0 | DS: [27434, 27434] | RS: [10] | MEM: - | LATCH: AR | OUT: '' | store.addr 3
TICK: 001765 | PC: 00113 | STEP: 0 | IR: store 3 | A: 0 | AR: 3 | NZ: 00 | IE: 1 | PENDING: 0 | IN_INTR: 0 | DS: [27434] | RS: [10] | MEM: write mem[3] <- 27434 | LATCH: MEM,PC | OUT: '' | store.write
TICK: 001766 | PC: 00114 | STEP: 0 | IR: drop | A: 0 | AR: 3 | NZ: 00 | IE: 1 | PENDING: 0 | IN_INTR: 0 | DS: [] | RS: [10] | MEM: - | LATCH: PC | OUT: '' | drop
TICK: 001767 | PC: 00114 | STEP: 1 | IR: load 1 | A: 0 | AR: 1 | NZ: 00 | IE: 1 | PENDING: 0 | IN_INTR: 0 | DS: [] | RS: [10] | MEM: - | LATCH: AR | OUT: '' | load.addr 1
TICK: 001768 | PC: 00119 | STEP: 0 | IR: load 1 | A: 0 | AR: 1 | NZ: 00 | IE: 1 | PENDING: 0 | IN_INTR: 0 | DS: [43] | RS: [10] | MEM: read mem[1] | LATCH: DS.push,PC | OUT: '' | load.read
TICK: 001769 | PC: 00124 | STEP: 0 | IR: literal 1 | A: 0 | AR: 1 | NZ: 00 | IE: 1 | PENDING: 0 | IN_INTR: 0 | DS: [43, 1] | RS: [10] | MEM: - | LATCH: DS.push,PC | OUT: '' | literal 1
TICK: 001770 | PC: 00124 | STEP: 1 | IR: add | A: 0 | AR: 1 | NZ: 00 | IE: 1 | PENDING: 0 | IN_INTR: 0 | DS: [] | RS: [10] | MEM: - | LATCH: ALU.left,ALU.right | OUT: '' | add.load_operands
TICK: 001771 | PC: 00125 | STEP: 0 | IR: add | A: 0 | AR: 1 | NZ: 00 | IE: 1 | PENDING: 0 | IN_INTR: 0 | DS: [44] | RS: [10] | MEM: - | LATCH: DS.push(ALU),PC | OUT: '' | add.write_result
TICK: 001772 | PC: 00126 | STEP: 0 | IR: dup | A: 0 | AR: 1 | NZ: 00 | IE: 1 | PENDING: 0 | IN_INTR: 0 | DS: [44, 44] | RS: [10] | MEM: - | LATCH: DS.dup,PC | OUT: '' | dup
TICK: 001773 | PC: 00126 | STEP: 1 | IR: store 1 | A: 0 | AR: 1 | NZ: 00 | IE: 1 | PENDING: 0 | IN_INTR: 0 | DS: [44, 44] | RS: [10] | MEM: - | LATCH: AR | OUT: '' | store.addr 1
TICK: 001774 | PC: 00131 | STEP: 0 | IR: store 1 | A: 0 | AR: 1 | NZ: 00 | IE: 1 | PENDING: 0 | IN_INTR: 0 | DS: [44] | RS: [10] | MEM: write mem[1] <- 44 | LATCH: MEM,PC | OUT: '' | store.write
TICK: 001775 | PC: 00132 | STEP: 0 | IR: drop | A: 0 | AR: 1 | NZ: 00 | IE: 1 | PENDING: 0 | IN_INTR: 0 | DS: [] | RS: [10] | MEM: - | LATCH: PC | OUT: '' | drop
TICK: 001776 | PC: 00051 | STEP: 0 | IR: jmp 51 | A: 0 | AR: 1 | NZ: 00 | IE: 1 | PENDING: 0 | IN_INTR: 0 | DS: [] | RS: [10] | MEM: - | LATCH: PC | OUT: '' | jmp 51
TICK: 001777 | PC: 00056 | STEP: 0 | IR: literal 100 | A: 0 | AR: 1 | NZ: 00 | IE: 1 | PENDING: 0 | IN_INTR: 0 | DS: [100] | RS: [10] | MEM: - | LATCH: DS.push,PC | OUT: '' | literal 100
TICK: 001778 | PC: 00056 | STEP: 1 | IR: load 1 | A: 0 | AR: 1 | NZ: 00 | IE: 1 | PENDING: 0 | IN_INTR: 0 | DS: [100] | RS: [10] | MEM: - | LATCH: AR | OUT: '' | load.addr 1
TICK: 001779 | PC: 00061 | STEP: 0 | IR: load 1 | A: 0 | AR: 1 | NZ: 00 | IE: 1 | PENDING: 0 | IN_INTR: 0 | DS: [100, 44] | RS: [10] | MEM: read mem[1] | LATCH: DS.push,PC | OUT: '' | load.read
TICK: 001780 | PC: 00061 | STEP: 1 | IR: sub | A: 0 | AR: 1 | NZ: 00 | IE: 1 | PENDING: 0 | IN_INTR: 0 | DS: [] | RS: [10] | MEM: - | LATCH: ALU.left,ALU.right | OUT: '' | sub.load_operands
TICK: 001781 | PC: 00062 | STEP: 0 | IR: sub | A: 0 | AR: 1 | NZ: 00 | IE: 1 | PENDING: 0 | IN_INTR: 0 | DS: [56] | RS: [10] | MEM: - | LATCH: DS.push(ALU),PC | OUT: '' | sub.write_result
TICK: 001782 | PC: 00062 | STEP: 1 | IR: mif 72 | A: 0 | AR: 1 | NZ: 00 | IE: 1 | PENDING: 0 | IN_INTR: 0 | DS: [] | RS: [10] | MEM: - | LATCH: ALU.left | OUT: '' | mif.test
TICK: 001783 | PC: 00072 | STEP: 0 | IR: mif 72 | A: 0 | AR: 1 | NZ: 00 | IE: 1 | PENDING: 0 | IN_INTR: 0 | DS: [] | RS: [10] | MEM: - | LATCH: PC | OUT: '' | mif.branch
TICK: 001784 | PC: 00072 | STEP: 1 | IR: load 2 | A: 0 | AR: 2 | NZ: 00 | IE: 1 | PENDING: 0 | IN_INTR: 0 | DS: [] | RS: [10] | MEM: - | LATCH: AR | OUT: '' | load.addr 2
TICK: 001785 | PC: 00077 | STEP: 0 | IR: load 2 | A: 0 | AR: 2 | NZ: 00 | IE: 1 | PENDING: 0 | IN_INTR: 0 | DS: [946] | RS: [10] | MEM: read mem[2] | LATCH: DS.push,PC | OUT: '' | load.read
TICK: 001786 | PC: 00077 | STEP: 1 | IR: load 1 | A: 0 | AR: 1 | NZ: 00 | IE: 1 | PENDING: 0 | IN_INTR: 0 | DS: [946] | RS: [10] | MEM: - | LATCH: AR | OUT: '' | load.addr 1
TICK: 001787 | PC: 00082 | STEP: 0 | IR: load 1 | A: 0 | AR: 1 | NZ: 00 | IE: 1 | PENDING: 0 | IN_INTR: 0 | DS: [946, 44] | RS: [10] | MEM: read mem[1] | LATCH: DS.push,PC | OUT: '' | load.read
TICK: 001788 | PC: 00082 | STEP: 1 | IR: add | A: 0 | AR: 1 | NZ: 00 | IE: 1 | PENDING: 0 | IN_INTR: 0 | DS: [] | RS: [10] | MEM: - | LATCH: ALU.left,ALU.right | OUT: '' | add.load_operands
TICK: 001789 | PC: 00083 | STEP: 0 | IR: add | A: 0 | AR: 1 | NZ: 00 | IE: 1 | PENDING: 0 | IN_INTR: 0 | DS: [990] | RS: [10] | MEM: - | LATCH: DS.push(ALU),PC | OUT: '' | add.write_result
TICK: 001790 | PC: 00084 | STEP: 0 | IR: dup | A: 0 | AR: 1 | NZ: 00 | IE: 1 | PENDING: 0 | IN_INTR: 0 | DS: [990, 990] | RS: [10] | MEM: - | LATCH: DS.dup,PC | OUT: '' | dup
TICK: 001791 | PC: 00084 | STEP: 1 | IR: store 2 | A: 0 | AR: 2 | NZ: 00 | IE: 1 | PENDING: 0 | IN_INTR: 0 | DS: [990, 990] | RS: [10] | MEM: - | LATCH: AR | OUT: '' | store.addr 2
TICK: 001792 | PC: 00089 | STEP: 0 | IR: store 2 | A: 0 | AR: 2 | NZ: 00 | IE: 1 | PENDING: 0 | IN_INTR: 0 | DS: [990] | RS: [10] | MEM: write mem[2] <- 990 | LATCH: MEM,PC | OUT: '' | store.write
TICK: 001793 | PC: 00090 | STEP: 0 | IR: drop | A: 0 | AR: 2 | NZ: 00 | IE: 1 | PENDING: 0 | IN_INTR: 0 | DS: [] | RS: [10] | MEM: - | LATCH: PC | OUT: '' | drop
TICK: 001794 | PC: 00090 | STEP: 1 | IR: load 3 | A: 0 | AR: 3 | NZ: 00 | IE: 1 | PENDING: 0 | IN_INTR: 0 | DS: [] | RS: [10] | MEM: - | LATCH: AR | OUT: '' | load.addr 3
TICK: 001795 | PC: 00095 | STEP: 0 | IR: load 3 | A: 0 | AR: 3 | NZ: 00 | IE: 1 | PENDING: 0 | IN_INTR: 0 | DS: [27434] | RS: [10] | MEM: read mem[3] | LATCH: DS.push,PC | OUT: '' | load.read
TICK: 001796 | PC: 00095 | STEP: 1 | IR: load 1 | A: 0 | AR: 1 | NZ: 00 | IE: 1 | PENDING: 0 | IN_INTR: 0 | DS: [27434] | RS: [10] | MEM: - | LATCH: AR | OUT: '' | load.addr 1
TICK: 001797 | PC: 00100 | STEP: 0 | IR: load 1 | A: 0 | AR: 1 | NZ: 00 | IE: 1 | PENDING: 0 | IN_INTR: 0 | DS: [27434, 44] | RS: [10] | MEM: read mem[1] | LATCH: DS.push,PC | OUT: '' | load.read
TICK: 001798 | PC: 00100 | STEP: 1 | IR: load 1 | A: 0 | AR: 1 | NZ: 00 | IE: 1 | PENDING: 0 | IN_INTR: 0 | DS: [27434, 44] | RS: [10] | MEM: - | LATCH: AR | OUT: '' | load.addr 1
TICK: 001799 | PC: 00105 | STEP: 0 | IR: load 1 | A: 0 | AR: 1 | NZ: 00 | IE: 1 | PENDING: 0 | IN_INTR: 0 | DS: [27434, 44, 44] | RS: [10] | MEM: read mem[1] | LATCH: DS.push,PC | OUT: '' | load.read
TICK: 001800 | PC: 00105 | STEP: 1 | IR: mul | A: 0 | AR: 1 | NZ: 00 | IE: 1 | PENDING: 0 | IN_INTR: 0 | DS: [27434] | RS: [10] | MEM: - | LATCH: ALU.left,ALU.right | OUT: '' | mul.load_operands
TICK: 001801 | PC: 00106 | STEP: 0 | IR: mul | A: 0 | AR: 1 | NZ: 00 | IE: 1 | PENDING: 0 | IN_INTR: 0 | DS: [27434, 1936] | RS: [10] | MEM: - | LATCH: DS.push(ALU),PC | OUT: '' | mul.write_result
TICK: 001802 | PC: 00106 | STEP: 1 | IR: add | A: 0 | AR: 1 | NZ: 00 | IE: 1 | PENDING: 0 | IN_INTR: 0 | DS: [] | RS: [10] | MEM: - | LATCH: ALU.left,ALU.right | OUT: '' | add.load_operands
TICK: 001803 | PC: 00107 | STEP: 0 | IR: add | A: 0 | AR: 1 | NZ: 00 | IE: 1 | PENDING: 0 | IN_INTR: 0 | DS: [29370] | RS: [10] | MEM: - | LATCH: DS.push(ALU),PC | OUT: '' | add.write_result
TICK: 001804 | PC: 00108 | STEP: 0 | IR: dup | A: 0 | AR: 1 | NZ: 00 | IE: 1 | PENDING: 0 | IN_INTR: 0 | DS: [29370, 29370] | RS: [10] | MEM: - | LATCH: DS.dup,PC | OUT: '' | dup
TICK: 001805 | PC: 00108 | STEP: 1 | IR: store 3 | A: 0 | AR: 3 | NZ: 00 | IE: 1 | PENDING: 0 | IN_INTR: 0 | DS: [29370, 29370] | RS: [10] | MEM: - | LATCH: AR | OUT: '' | store.addr 3
TICK: 001806 | PC: 00113 | STEP: 0 | IR: store 3 | A: 0 | AR: 3 | NZ: 00 | IE: 1 | PENDING: 0 | IN_INTR: 0 | DS: [29370] | RS: [10] | MEM: write mem[3] <- 29370 | LATCH: MEM,PC | OUT: '' | store.write
TICK: 001807 | PC: 00114 | STEP: 0 | IR: drop | A: 0 | AR: 3 | NZ: 00 | IE: 1 | PENDING: 0 | IN_INTR: 0 | DS: [] | RS: [10] | MEM: - | LATCH: PC | OUT: '' | drop
TICK: 001808 | PC: 00114 | STEP: 1 | IR: load 1 | A: 0 | AR: 1 | NZ: 00 | IE: 1 | PENDING: 0 | IN_INTR: 0 | DS: [] | RS: [10] | MEM: - | LATCH: AR | OUT: '' | load.addr 1
TICK: 001809 | PC: 00119 | STEP: 0 | IR: load 1 | A: 0 | AR: 1 | NZ: 00 | IE: 1 | PENDING: 0 | IN_INTR: 0 | DS: [44] | RS: [10] | MEM: read mem[1] | LATCH: DS.push,PC | OUT: '' | load.read
TICK: 001810 | PC: 00124 | STEP: 0 | IR: literal 1 | A: 0 | AR: 1 | NZ: 00 | IE: 1 | PENDING: 0 | IN_INTR: 0 | DS: [44, 1] | RS: [10] | MEM: - | LATCH: DS.push,PC | OUT: '' | literal 1
TICK: 001811 | PC: 00124 | STEP: 1 | IR: add | A: 0 | AR: 1 | NZ: 00 | IE: 1 | PENDING: 0 | IN_INTR: 0 | DS: [] | RS: [10] | MEM: - | LATCH: ALU.left,ALU.right | OUT: '' | add.load_operands
TICK: 001812 | PC: 00125 | STEP: 0 | IR: add | A: 0 | AR: 1 | NZ: 00 | IE: 1 | PENDING: 0 | IN_INTR: 0 | DS: [45] | RS: [10] | MEM: - | LATCH: DS.push(ALU),PC | OUT: '' | add.write_result
TICK: 001813 | PC: 00126 | STEP: 0 | IR: dup | A: 0 | AR: 1 | NZ: 00 | IE: 1 | PENDING: 0 | IN_INTR: 0 | DS: [45, 45] | RS: [10] | MEM: - | LATCH: DS.dup,PC | OUT: '' | dup
TICK: 001814 | PC: 00126 | STEP: 1 | IR: store 1 | A: 0 | AR: 1 | NZ: 00 | IE: 1 | PENDING: 0 | IN_INTR: 0 | DS: [45, 45] | RS: [10] | MEM: - | LATCH: AR | OUT: '' | store.addr 1
TICK: 001815 | PC: 00131 | STEP: 0 | IR: store 1 | A: 0 | AR: 1 | NZ: 00 | IE: 1 | PENDING: 0 | IN_INTR: 0 | DS: [45] | RS: [10] | MEM: write mem[1] <- 45 | LATCH: MEM,PC | OUT: '' | store.write
TICK: 001816 | PC: 00132 | STEP: 0 | IR: drop | A: 0 | AR: 1 | NZ: 00 | IE: 1 | PENDING: 0 | IN_INTR: 0 | DS: [] | RS: [10] | MEM: - | LATCH: PC | OUT: '' | drop
TICK: 001817 | PC: 00051 | STEP: 0 | IR: jmp 51 | A: 0 | AR: 1 | NZ: 00 | IE: 1 | PENDING: 0 | IN_INTR: 0 | DS: [] | RS: [10] | MEM: - | LATCH: PC | OUT: '' | jmp 51
TICK: 001818 | PC: 00056 | STEP: 0 | IR: literal 100 | A: 0 | AR: 1 | NZ: 00 | IE: 1 | PENDING: 0 | IN_INTR: 0 | DS: [100] | RS: [10] | MEM: - | LATCH: DS.push,PC | OUT: '' | literal 100
TICK: 001819 | PC: 00056 | STEP: 1 | IR: load 1 | A: 0 | AR: 1 | NZ: 00 | IE: 1 | PENDING: 0 | IN_INTR: 0 | DS: [100] | RS: [10] | MEM: - | LATCH: AR | OUT: '' | load.addr 1
TICK: 001820 | PC: 00061 | STEP: 0 | IR: load 1 | A: 0 | AR: 1 | NZ: 00 | IE: 1 | PENDING: 0 | IN_INTR: 0 | DS: [100, 45] | RS: [10] | MEM: read mem[1] | LATCH: DS.push,PC | OUT: '' | load.read
TICK: 001821 | PC: 00061 | STEP: 1 | IR: sub | A: 0 | AR: 1 | NZ: 00 | IE: 1 | PENDING: 0 | IN_INTR: 0 | DS: [] | RS: [10] | MEM: - | LATCH: ALU.left,ALU.right | OUT: '' | sub.load_operands
TICK: 001822 | PC: 00062 | STEP: 0 | IR: sub | A: 0 | AR: 1 | NZ: 00 | IE: 1 | PENDING: 0 | IN_INTR: 0 | DS: [55] | RS: [10] | MEM: - | LATCH: DS.push(ALU),PC | OUT: '' | sub.write_result
TICK: 001823 | PC: 00062 | STEP: 1 | IR: mif 72 | A: 0 | AR: 1 | NZ: 00 | IE: 1 | PENDING: 0 | IN_INTR: 0 | DS: [] | RS: [10] | MEM: - | LATCH: ALU.left | OUT: '' | mif.test
TICK: 001824 | PC: 00072 | STEP: 0 | IR: mif 72 | A: 0 | AR: 1 | NZ: 00 | IE: 1 | PENDING: 0 | IN_INTR: 0 | DS: [] | RS: [10] | MEM: - | LATCH: PC | OUT: '' | mif.branch
TICK: 001825 | PC: 00072 | STEP: 1 | IR: load 2 | A: 0 | AR: 2 | NZ: 00 | IE: 1 | PENDING: 0 | IN_INTR: 0 | DS: [] | RS: [10] | MEM: - | LATCH: AR | OUT: '' | load.addr 2
TICK: 001826 | PC: 00077 | STEP: 0 | IR: load 2 | A: 0 | AR: 2 | NZ: 00 | IE: 1 | PENDING: 0 | IN_INTR: 0 | DS: [990] | RS: [10] | MEM: read mem[2] | LATCH: DS.push,PC | OUT: '' | load.read
TICK: 001827 | PC: 00077 | STEP: 1 | IR: load 1 | A: 0 | AR: 1 | NZ: 00 | IE: 1 | PENDING: 0 | IN_INTR: 0 | DS: [990] | RS: [10] | MEM: - | LATCH: AR | OUT: '' | load.addr 1
TICK: 001828 | PC: 00082 | STEP: 0 | IR: load 1 | A: 0 | AR: 1 | NZ: 00 | IE: 1 | PENDING: 0 | IN_INTR: 0 | DS: [990, 45] | RS: [10] | MEM: read mem[1] | LATCH: DS.push,PC | OUT: '' | load.read
TICK: 001829 | PC: 00082 | STEP: 1 | IR: add | A: 0 | AR: 1 | NZ: 00 | IE: 1 | PENDING: 0 | IN_INTR: 0 | DS: [] | RS: [10] | MEM: - | LATCH: ALU.left,ALU.right | OUT: '' | add.load_operands
TICK: 001830 | PC: 00083 | STEP: 0 | IR: add | A: 0 | AR: 1 | NZ: 00 | IE: 1 | PENDING: 0 | IN_INTR: 0 | DS: [1035] | RS: [10] | MEM: - | LATCH: DS.push(ALU),PC | OUT: '' | add.write_result
TICK: 001831 | PC: 00084 | STEP: 0 | IR: dup | A: 0 | AR: 1 | NZ: 00 | IE: 1 | PENDING: 0 | IN_INTR: 0 | DS: [1035, 1035] | RS: [10] | MEM: - | LATCH: DS.dup,PC | OUT: '' | dup
TICK: 001832 | PC: 00084 | STEP: 1 | IR: store 2 | A: 0 | AR: 2 | NZ: 00 | IE: 1 | PENDING: 0 | IN_INTR: 0 | DS: [1035, 1035] | RS: [10] | MEM: - | LATCH: AR | OUT: '' | store.addr 2
TICK: 001833 | PC: 00089 | STEP: 0 | IR: store 2 | A: 0 | AR: 2 | NZ: 00 | IE: 1 | PENDING: 0 | IN_INTR: 0 | DS: [1035] | RS: [10] | MEM: write mem[2] <- 1035 | LATCH: MEM,PC | OUT: '' | store.write
TICK: 001834 | PC: 00090 | STEP: 0 | IR: drop | A: 0 | AR: 2 | NZ: 00 | IE: 1 | PENDING: 0 | IN_INTR: 0 | DS: [] | RS: [10] | MEM: - | LATCH: PC | OUT: '' | drop
TICK: 001835 | PC: 00090 | STEP: 1 | IR: load 3 | A: 0 | AR: 3 | NZ: 00 | IE: 1 | PENDING: 0 | IN_INTR: 0 | DS: [] | RS: [10] | MEM: - | LATCH: AR | OUT: '' | load.addr 3
TICK: 001836 | PC: 00095 | STEP: 0 | IR: load 3 | A: 0 | AR: 3 | NZ: 00 | IE: 1 | PENDING: 0 | IN_INTR: 0 | DS: [29370] | RS: [10] | MEM: read mem[3] | LATCH: DS.push,PC | OUT: '' | load.read
TICK: 001837 | PC: 00095 | STEP: 1 | IR: load 1 | A: 0 | AR: 1 | NZ: 00 | IE: 1 | PENDING: 0 | IN_INTR: 0 | DS: [29370] | RS: [10] | MEM: - | LATCH: AR | OUT: '' | load.addr 1
TICK: 001838 | PC: 00100 | STEP: 0 | IR: load 1 | A: 0 | AR: 1 | NZ: 00 | IE: 1 | PENDING: 0 | IN_INTR: 0 | DS: [29370, 45] | RS: [10] | MEM: read mem[1] | LATCH: DS.push,PC | OUT: '' | load.read
TICK: 001839 | PC: 00100 | STEP: 1 | IR: load 1 | A: 0 | AR: 1 | NZ: 00 | IE: 1 | PENDING: 0 | IN_INTR: 0 | DS: [29370, 45] | RS: [10] | MEM: - | LATCH: AR | OUT: '' | load.addr 1
TICK: 001840 | PC: 00105 | STEP: 0 | IR: load 1 | A: 0 | AR: 1 | NZ: 00 | IE: 1 | PENDING: 0 | IN_INTR: 0 | DS: [29370, 45, 45] | RS: [10] | MEM: read mem[1] | LATCH: DS.push,PC | OUT: '' | load.read
TICK: 001841 | PC: 00105 | STEP: 1 | IR: mul | A: 0 | AR: 1 | NZ: 00 | IE: 1 | PENDING: 0 | IN_INTR: 0 | DS: [29370] | RS: [10] | MEM: - | LATCH: ALU.left,ALU.right | OUT: '' | mul.load_operands
TICK: 001842 | PC: 00106 | STEP: 0 | IR: mul | A: 0 | AR: 1 | NZ: 00 | IE: 1 | PENDING: 0 | IN_INTR: 0 | DS: [29370, 2025] | RS: [10] | MEM: - | LATCH: DS.push(ALU),PC | OUT: '' | mul.write_result
TICK: 001843 | PC: 00106 | STEP: 1 | IR: add | A: 0 | AR: 1 | NZ: 00 | IE: 1 | PENDING: 0 | IN_INTR: 0 | DS: [] | RS: [10] | MEM: - | LATCH: ALU.left,ALU.right | OUT: '' | add.load_operands
TICK: 001844 | PC: 00107 | STEP: 0 | IR: add | A: 0 | AR: 1 | NZ: 00 | IE: 1 | PENDING: 0 | IN_INTR: 0 | DS: [31395] | RS: [10] | MEM: - | LATCH: DS.push(ALU),PC | OUT: '' | add.write_result
TICK: 001845 | PC: 00108 | STEP: 0 | IR: dup | A: 0 | AR: 1 | NZ: 00 | IE: 1 | PENDING: 0 | IN_INTR: 0 | DS: [31395, 31395] | RS: [10] | MEM: - | LATCH: DS.dup,PC | OUT: '' | dup
TICK: 001846 | PC: 00108 | STEP: 1 | IR: store 3 | A: 0 | AR: 3 | NZ: 00 | IE: 1 | PENDING: 0 | IN_INTR: 0 | DS: [31395, 31395] | RS: [10] | MEM: - | LATCH: AR | OUT: '' | store.addr 3
TICK: 001847 | PC: 00113 | STEP: 0 | IR: store 3 | A: 0 | AR: 3 | NZ: 00 | IE: 1 | PENDING: 0 | IN_INTR: 0 | DS: [31395] | RS: [10] | MEM: write mem[3] <- 31395 | LATCH: MEM,PC | OUT: '' | store.write
TICK: 001848 | PC: 00114 | STEP: 0 | IR: drop | A: 0 | AR: 3 | NZ: 00 | IE: 1 | PENDING: 0 | IN_INTR: 0 | DS: [] | RS: [10] | MEM: - | LATCH: PC | OUT: '' | drop
TICK: 001849 | PC: 00114 | STEP: 1 | IR: load 1 | A: 0 | AR: 1 | NZ: 00 | IE: 1 | PENDING: 0 | IN_INTR: 0 | DS: [] | RS: [10] | MEM: - | LATCH: AR | OUT: '' | load.addr 1
TICK: 001850 | PC: 00119 | STEP: 0 | IR: load 1 | A: 0 | AR: 1 | NZ: 00 | IE: 1 | PENDING: 0 | IN_INTR: 0 | DS: [45] | RS: [10] | MEM: read mem[1] | LATCH: DS.push,PC | OUT: '' | load.read
TICK: 001851 | PC: 00124 | STEP: 0 | IR: literal 1 | A: 0 | AR: 1 | NZ: 00 | IE: 1 | PENDING: 0 | IN_INTR: 0 | DS: [45, 1] | RS: [10] | MEM: - | LATCH: DS.push,PC | OUT: '' | literal 1
TICK: 001852 | PC: 00124 | STEP: 1 | IR: add | A: 0 | AR: 1 | NZ: 00 | IE: 1 | PENDING: 0 | IN_INTR: 0 | DS: [] | RS: [10] | MEM: - | LATCH: ALU.left,ALU.right | OUT: '' | add.load_operands
TICK: 001853 | PC: 00125 | STEP: 0 | IR: add | A: 0 | AR: 1 | NZ: 00 | IE: 1 | PENDING: 0 | IN_INTR: 0 | DS: [46] | RS: [10] | MEM: - | LATCH: DS.push(ALU),PC | OUT: '' | add.write_result
TICK: 001854 | PC: 00126 | STEP: 0 | IR: dup | A: 0 | AR: 1 | NZ: 00 | IE: 1 | PENDING: 0 | IN_INTR: 0 | DS: [46, 46] | RS: [10] | MEM: - | LATCH: DS.dup,PC | OUT: '' | dup
TICK: 001855 | PC: 00126 | STEP: 1 | IR: store 1 | A: 0 | AR: 1 | NZ: 00 | IE: 1 | PENDING: 0 | IN_INTR: 0 | DS: [46, 46] | RS: [10] | MEM: - | LATCH: AR | OUT: '' | store.addr 1
TICK: 001856 | PC: 00131 | STEP: 0 | IR: store 1 | A: 0 | AR: 1 | NZ: 00 | IE: 1 | PENDING: 0 | IN_INTR: 0 | DS: [46] | RS: [10] | MEM: write mem[1] <- 46 | LATCH: MEM,PC | OUT: '' | store.write
TICK: 001857 | PC: 00132 | STEP: 0 | IR: drop | A: 0 | AR: 1 | NZ: 00 | IE: 1 | PENDING: 0 | IN_INTR: 0 | DS: [] | RS: [10] | MEM: - | LATCH: PC | OUT: '' | drop
TICK: 001858 | PC: 00051 | STEP: 0 | IR: jmp 51 | A: 0 | AR: 1 | NZ: 00 | IE: 1 | PENDING: 0 | IN_INTR: 0 | DS: [] | RS: [10] | MEM: - | LATCH: PC | OUT: '' | jmp 51
TICK: 001859 | PC: 00056 | STEP: 0 | IR: literal 100 | A: 0 | AR: 1 | NZ: 00 | IE: 1 | PENDING: 0 | IN_INTR: 0 | DS: [100] | RS: [10] | MEM: - | LATCH: DS.push,PC | OUT: '' | literal 100
TICK: 001860 | PC: 00056 | STEP: 1 | IR: load 1 | A: 0 | AR: 1 | NZ: 00 | IE: 1 | PENDING: 0 | IN_INTR: 0 | DS: [100] | RS: [10] | MEM: - | LATCH: AR | OUT: '' | load.addr 1
TICK: 001861 | PC: 00061 | STEP: 0 | IR: load 1 | A: 0 | AR: 1 | NZ: 00 | IE: 1 | PENDING: 0 | IN_INTR: 0 | DS: [100, 46] | RS: [10] | MEM: read mem[1] | LATCH: DS.push,PC | OUT: '' | load.read
TICK: 001862 | PC: 00061 | STEP: 1 | IR: sub | A: 0 | AR: 1 | NZ: 00 | IE: 1 | PENDING: 0 | IN_INTR: 0 | DS: [] | RS: [10] | MEM: - | LATCH: ALU.left,ALU.right | OUT: '' | sub.load_operands
TICK: 001863 | PC: 00062 | STEP: 0 | IR: sub | A: 0 | AR: 1 | NZ: 00 | IE: 1 | PENDING: 0 | IN_INTR: 0 | DS: [54] | RS: [10] | MEM: - | LATCH: DS.push(ALU),PC | OUT: '' | sub.write_result
TICK: 001864 | PC: 00062 | STEP: 1 | IR: mif 72 | A: 0 | AR: 1 | NZ: 00 | IE: 1 | PENDING: 0 | IN_INTR: 0 | DS: [] | RS: [10] | MEM: - | LATCH: ALU.left | OUT: '' | mif.test
TICK: 001865 | PC: 00072 | STEP: 0 | IR: mif 72 | A: 0 | AR: 1 | NZ: 00 | IE: 1 | PENDING: 0 | IN_INTR: 0 | DS: [] | RS: [10] | MEM: - | LATCH: PC | OUT: '' | mif.branch
TICK: 001866 | PC: 00072 | STEP: 1 | IR: load 2 | A: 0 | AR: 2 | NZ: 00 | IE: 1 | PENDING: 0 | IN_INTR: 0 | DS: [] | RS: [10] | MEM: - | LATCH: AR | OUT: '' | load.addr 2
TICK: 001867 | PC: 00077 | STEP: 0 | IR: load 2 | A: 0 | AR: 2 | NZ: 00 | IE: 1 | PENDING: 0 | IN_INTR: 0 | DS: [1035] | RS: [10] | MEM: read mem[2] | LATCH: DS.push,PC | OUT: '' | load.read
TICK: 001868 | PC: 00077 | STEP: 1 | IR: load 1 | A: 0 | AR: 1 | NZ: 00 | IE: 1 | PENDING: 0 | IN_INTR: 0 | DS: [1035] | RS: [10] | MEM: - | LATCH: AR | OUT: '' | load.addr 1
TICK: 001869 | PC: 00082 | STEP: 0 | IR: load 1 | A: 0 | AR: 1 | NZ: 00 | IE: 1 | PENDING: 0 | IN_INTR: 0 | DS: [1035, 46] | RS: [10] | MEM: read mem[1] | LATCH: DS.push,PC | OUT: '' | load.read
TICK: 001870 | PC: 00082 | STEP: 1 | IR: add | A: 0 | AR: 1 | NZ: 00 | IE: 1 | PENDING: 0 | IN_INTR: 0 | DS: [] | RS: [10] | MEM: - | LATCH: ALU.left,ALU.right | OUT: '' | add.load_operands
TICK: 001871 | PC: 00083 | STEP: 0 | IR: add | A: 0 | AR: 1 | NZ: 00 | IE: 1 | PENDING: 0 | IN_INTR: 0 | DS: [1081] | RS: [10] | MEM: - | LATCH: DS.push(ALU),PC | OUT: '' | add.write_result
TICK: 001872 | PC: 00084 | STEP: 0 | IR: dup | A: 0 | AR: 1 | NZ: 00 | IE: 1 | PENDING: 0 | IN_INTR: 0 | DS: [1081, 1081] | RS: [10] | MEM: - | LATCH: DS.dup,PC | OUT: '' | dup
TICK: 001873 | PC: 00084 | STEP: 1 | IR: store 2 | A: 0 | AR: 2 | NZ: 00 | IE: 1 | PENDING: 0 | IN_INTR: 0 | DS: [1081, 1081] | RS: [10] | MEM: - | LATCH: AR | OUT: '' | store.addr 2
TICK: 001874 | PC: 00089 | STEP: 0 | IR: store 2 | A: 0 | AR: 2 | NZ: 00 | IE: 1 | PENDING: 0 | IN_INTR: 0 | DS: [1081] | RS: [10] | MEM: write mem[2] <- 1081 | LATCH: MEM,PC | OUT: '' | store.write
TICK: 001875 | PC: 00090 | STEP: 0 | IR: drop | A: 0 | AR: 2 | NZ: 00 | IE: 1 | PENDING: 0 | IN_INTR: 0 | DS: [] | RS: [10] | MEM: - | LATCH: PC | OUT: '' | drop
TICK: 001876 | PC: 00090 | STEP: 1 | IR: load 3 | A: 0 | AR: 3 | NZ: 00 | IE: 1 | PENDING: 0 | IN_INTR: 0 | DS: [] | RS: [10] | MEM: - | LATCH: AR | OUT: '' | load.addr 3
TICK: 001877 | PC: 00095 | STEP: 0 | IR: load 3 | A: 0 | AR: 3 | NZ: 00 | IE: 1 | PENDING: 0 | IN_INTR: 0 | DS: [31395] | RS: [10] | MEM: read mem[3] | LATCH: DS.push,PC | OUT: '' | load.read
TICK: 001878 | PC: 00095 | STEP: 1 | IR: load 1 | A: 0 | AR: 1 | NZ: 00 | IE: 1 | PENDING: 0 | IN_INTR: 0 | DS: [31395] | RS: [10] | MEM: - | LATCH: AR | OUT: '' | load.addr 1
TICK: 001879 | PC: 00100 | STEP: 0 | IR: load 1 | A: 0 | AR: 1 | NZ: 00 | IE: 1 | PENDING: 0 | IN_INTR: 0 | DS: [31395, 46] | RS: [10] | MEM: read mem[1] | LATCH: DS.push,PC | OUT: '' | load.read
TICK: 001880 | PC: 00100 | STEP: 1 | IR: load 1 | A: 0 | AR: 1 | NZ: 00 | IE: 1 | PENDING: 0 | IN_INTR: 0 | DS: [31395, 46] | RS: [10] | MEM: - | LATCH: AR | OUT: '' | load.addr 1
TICK: 001881 | PC: 00105 | STEP: 0 | IR: load 1 | A: 0 | AR: 1 | NZ: 00 | IE: 1 | PENDING: 0 | IN_INTR: 0 | DS: [31395, 46, 46] | RS: [10] | MEM: read mem[1] | LATCH: DS.push,PC | OUT: '' | load.read
TICK: 001882 | PC: 00105 | STEP: 1 | IR: mul | A: 0 | AR: 1 | NZ: 00 | IE: 1 | PENDING: 0 | IN_INTR: 0 | DS: [31395] | RS: [10] | MEM: - | LATCH: ALU.left,ALU.right | OUT: '' | mul.load_operands
TICK: 001883 | PC: 00106 | STEP: 0 | IR: mul | A: 0 | AR: 1 | NZ: 00 | IE: 1 | PENDING: 0 | IN_INTR: 0 | DS: [31395, 2116] | RS: [10] | MEM: - | LATCH: DS.push(ALU),PC | OUT: '' | mul.write_result
TICK: 001884 | PC: 00106 | STEP: 1 | IR: add | A: 0 | AR: 1 | NZ: 00 | IE: 1 | PENDING: 0 | IN_INTR: 0 | DS: [] | RS: [10] | MEM: - | LATCH: ALU.left,ALU.right | OUT: '' | add.load_operands
TICK: 001885 | PC: 00107 | STEP: 0 | IR: add | A: 0 | AR: 1 | NZ: 00 | IE: 1 | PENDING: 0 | IN_INTR: 0 | DS: [33511] | RS: [10] | MEM: - | LATCH: DS.push(ALU),PC | OUT: '' | add.write_result
TICK: 001886 | PC: 00108 | STEP: 0 | IR: dup | A: 0 | AR: 1 | NZ: 00 | IE: 1 | PENDING: 0 | IN_INTR: 0 | DS: [33511, 33511] | RS: [10] | MEM: - | LATCH: DS.dup,PC | OUT: '' | dup
TICK: 001887 | PC: 00108 | STEP: 1 | IR: store 3 | A: 0 | AR: 3 | NZ: 00 | IE: 1 | PENDING: 0 | IN_INTR: 0 | DS: [33511, 33511] | RS: [10] | MEM: - | LATCH: AR | OUT: '' | store.addr 3
TICK: 001888 | PC: 00113 | STEP: 0 | IR: store 3 | A: 0 | AR: 3 | NZ: 00 | IE: 1 | PENDING: 0 | IN_INTR: 0 | DS: [33511] | RS: [10] | MEM: write mem[3] <- 33511 | LATCH: MEM,PC | OUT: '' | store.write
TICK: 001889 | PC: 00114 | STEP: 0 | IR: drop | A: 0 | AR: 3 | NZ: 00 | IE: 1 | PENDING: 0 | IN_INTR: 0 | DS: [] | RS: [10] | MEM: - | LATCH: PC | OUT: '' | drop
TICK: 001890 | PC: 00114 | STEP: 1 | IR: load 1 | A: 0 | AR: 1 | NZ: 00 | IE: 1 | PENDING: 0 | IN_INTR: 0 | DS: [] | RS: [10] | MEM: - | LATCH: AR | OUT: '' | load.addr 1
TICK: 001891 | PC: 00119 | STEP: 0 | IR: load 1 | A: 0 | AR: 1 | NZ: 00 | IE: 1 | PENDING: 0 | IN_INTR: 0 | DS: [46] | RS: [10] | MEM: read mem[1] | LATCH: DS.push,PC | OUT: '' | load.read
TICK: 001892 | PC: 00124 | STEP: 0 | IR: literal 1 | A: 0 | AR: 1 | NZ: 00 | IE: 1 | PENDING: 0 | IN_INTR: 0 | DS: [46, 1] | RS: [10] | MEM: - | LATCH: DS.push,PC | OUT: '' | literal 1
TICK: 001893 | PC: 00124 | STEP: 1 | IR: add | A: 0 | AR: 1 | NZ: 00 | IE: 1 | PENDING: 0 | IN_INTR: 0 | DS: [] | RS: [10] | MEM: - | LATCH: ALU.left,ALU.right | OUT: '' | add.load_operands
TICK: 001894 | PC: 00125 | STEP: 0 | IR: add | A: 0 | AR: 1 | NZ: 00 | IE: 1 | PENDING: 0 | IN_INTR: 0 | DS: [47] | RS: [10] | MEM: - | LATCH: DS.push(ALU),PC | OUT: '' | add.write_result
TICK: 001895 | PC: 00126 | STEP: 0 | IR: dup | A: 0 | AR: 1 | NZ: 00 | IE: 1 | PENDING: 0 | IN_INTR: 0 | DS: [47, 47] | RS: [10] | MEM: - | LATCH: DS.dup,PC | OUT: '' | dup
TICK: 001896 | PC: 00126 | STEP: 1 | IR: store 1 | A: 0 | AR: 1 | NZ: 00 | IE: 1 | PENDING: 0 | IN_INTR: 0 | DS: [47, 47] | RS: [10] | MEM: - | LATCH: AR | OUT: '' | store.addr 1
TICK: 001897 | PC: 00131 | STEP: 0 | IR: store 1 | A: 0 | AR: 1 | NZ: 00 | IE: 1 | PENDING: 0 | IN_INTR: 0 | DS: [47] | RS: [10] | MEM: write mem[1] <- 47 | LATCH: MEM,PC | OUT: '' | store.write
TICK: 001898 | PC: 00132 | STEP: 0 | IR: drop | A: 0 | AR: 1 | NZ: 00 | IE: 1 | PENDING: 0 | IN_INTR: 0 | DS: [] | RS: [10] | MEM: - | LATCH: PC | OUT: '' | drop
TICK: 001899 | PC: 00051 | STEP: 0 | IR: jmp 51 | A: 0 | AR: 1 | NZ: 00 | IE: 1 | PENDING: 0 | IN_INTR: 0 | DS: [] | RS: [10] | MEM: - | LATCH: PC | OUT: '' | jmp 51
TICK: 001900 | PC: 00056 | STEP: 0 | IR: literal 100 | A: 0 | AR: 1 | NZ: 00 | IE: 1 | PENDING: 0 | IN_INTR: 0 | DS: [100] | RS: [10] | MEM: - | LATCH: DS.push,PC | OUT: '' | literal 100
TICK: 001901 | PC: 00056 | STEP: 1 | IR: load 1 | A: 0 | AR: 1 | NZ: 00 | IE: 1 | PENDING: 0 | IN_INTR: 0 | DS: [100] | RS: [10] | MEM: - | LATCH: AR | OUT: '' | load.addr 1
TICK: 001902 | PC: 00061 | STEP: 0 | IR: load 1 | A: 0 | AR: 1 | NZ: 00 | IE: 1 | PENDING: 0 | IN_INTR: 0 | DS: [100, 47] | RS: [10] | MEM: read mem[1] | LATCH: DS.push,PC | OUT: '' | load.read
TICK: 001903 | PC: 00061 | STEP: 1 | IR: sub | A: 0 | AR: 1 | NZ: 00 | IE: 1 | PENDING: 0 | IN_INTR: 0 | DS: [] | RS: [10] | MEM: - | LATCH: ALU.left,ALU.right | OUT: '' | sub.load_operands
TICK: 001904 | PC: 00062 | STEP: 0 | IR: sub | A: 0 | AR: 1 | NZ: 00 | IE: 1 | PENDING: 0 | IN_INTR: 0 | DS: [53] | RS: [10] | MEM: - | LATCH: DS.push(ALU),PC | OUT: '' | sub.write_result
TICK: 001905 | PC: 00062 | STEP: 1 | IR: mif 72 | A: 0 | AR: 1 | NZ: 00 | IE: 1 | PENDING: 0 | IN_INTR: 0 | DS: [] | RS: [10] | MEM: - | LATCH: ALU.left | OUT: '' | mif.test
TICK: 001906 | PC: 00072 | STEP: 0 | IR: mif 72 | A: 0 | AR: 1 | NZ: 00 | IE: 1 | PENDING: 0 | IN_INTR: 0 | DS: [] | RS: [10] | MEM: - | LATCH: PC | OUT: '' | mif.branch
TICK: 001907 | PC: 00072 | STEP: 1 | IR: load 2 | A: 0 | AR: 2 | NZ: 00 | IE: 1 | PENDING: 0 | IN_INTR: 0 | DS: [] | RS: [10] | MEM: - | LATCH: AR | OUT: '' | load.addr 2
TICK: 001908 | PC: 00077 | STEP: 0 | IR: load 2 | A: 0 | AR: 2 | NZ: 00 | IE: 1 | PENDING: 0 | IN_INTR: 0 | DS: [1081] | RS: [10] | MEM: read mem[2] | LATCH: DS.push,PC | OUT: '' | load.read
TICK: 001909 | PC: 00077 | STEP: 1 | IR: load 1 | A: 0 | AR: 1 | NZ: 00 | IE: 1 | PENDING: 0 | IN_INTR: 0 | DS: [1081] | RS: [10] | MEM: - | LATCH: AR | OUT: '' | load.addr 1
TICK: 001910 | PC: 00082 | STEP: 0 | IR: load 1 | A: 0 | AR: 1 | NZ: 00 | IE: 1 | PENDING: 0 | IN_INTR: 0 | DS: [1081, 47] | RS: [10] | MEM: read mem[1] | LATCH: DS.push,PC | OUT: '' | load.read
TICK: 001911 | PC: 00082 | STEP: 1 | IR: add | A: 0 | AR: 1 | NZ: 00 | IE: 1 | PENDING: 0 | IN_INTR: 0 | DS: [] | RS: [10] | MEM: - | LATCH: ALU.left,ALU.right | OUT: '' | add.load_operands
TICK: 001912 | PC: 00083 | STEP: 0 | IR: add | A: 0 | AR: 1 | NZ: 00 | IE: 1 | PENDING: 0 | IN_INTR: 0 | DS: [1128] | RS: [10] | MEM: - | LATCH: DS.push(ALU),PC | OUT: '' | add.write_result
TICK: 001913 | PC: 00084 | STEP: 0 | IR: dup | A: 0 | AR: 1 | NZ: 00 | IE: 1 | PENDING: 0 | IN_INTR: 0 | DS: [1128, 1128] | RS: [10] | MEM: - | LATCH: DS.dup,PC | OUT: '' | dup
TICK: 001914 | PC: 00084 | STEP: 1 | IR: store 2 | A: 0 | AR: 2 | NZ: 00 | IE: 1 | PENDING: 0 | IN_INTR: 0 | DS: [1128, 1128] | RS: [10] | MEM: - | LATCH: AR | OUT: '' | store.addr 2
TICK: 001915 | PC: 00089 | STEP: 0 | IR: store 2 | A: 0 | AR: 2 | NZ: 00 | IE: 1 | PENDING: 0 | IN_INTR: 0 | DS: [1128] | RS: [10] | MEM: write mem[2] <- 1128 | LATCH: MEM,PC | OUT: '' | store.write
TICK: 001916 | PC: 00090 | STEP: 0 | IR: drop | A: 0 | AR: 2 | NZ: 00 | IE: 1 | PENDING: 0 | IN_INTR: 0 | DS: [] | RS: [10] | MEM: - | LATCH: PC | OUT: '' | drop
TICK: 001917 | PC: 00090 | STEP: 1 | IR: load 3 | A: 0 | AR: 3 | NZ: 00 | IE: 1 | PENDING: 0 | IN_INTR: 0 | DS: [] | RS: [10] | MEM: - | LATCH: AR | OUT: '' | load.addr 3
TICK: 001918 | PC: 00095 | STEP: 0 | IR: load 3 | A: 0 | AR: 3 | NZ: 00 | IE: 1 | PENDING: 0 | IN_INTR: 0 | DS: [33511] | RS: [10] | MEM: read mem[3] | LATCH: DS.push,PC | OUT: '' | load.read
TICK: 001919 | PC: 00095 | STEP: 1 | IR: load 1 | A: 0 | AR: 1 | NZ: 00 | IE: 1 | PENDING: 0 | IN_INTR: 0 | DS: [33511] | RS: [10] | MEM: - | LATCH: AR | OUT: '' | load.addr 1
TICK: 001920 | PC: 00100 | STEP: 0 | IR: load 1 | A: 0 | AR: 1 | NZ: 00 | IE: 1 | PENDING: 0 | IN_INTR: 0 | DS: [33511, 47] | RS: [10] | MEM: read mem[1] | LATCH: DS.push,PC | OUT: '' | load.read
TICK: 001921 | PC: 00100 | STEP: 1 | IR: load 1 | A: 0 | AR: 1 | NZ: 00 | IE: 1 | PENDING: 0 | IN_INTR: 0 | DS: [33511, 47] | RS: [10] | MEM: - | LATCH: AR | OUT: '' | load.addr 1
TICK: 001922 | PC: 00105 | STEP: 0 | IR: load 1 | A: 0 | AR: 1 | NZ: 00 | IE: 1 | PENDING: 0 | IN_INTR: 0 | DS: [33511, 47, 47] | RS: [10] | MEM: read mem[1] | LATCH: DS.push,PC | OUT: '' | load.read
TICK: 001923 | PC: 00105 | STEP: 1 | IR: mul | A: 0 | AR: 1 | NZ: 00 | IE: 1 | PENDING: 0 | IN_INTR: 0 | DS: [33511] | RS: [10] | MEM: - | LATCH: ALU.left,ALU.right | OUT: '' | mul.load_operands
TICK: 001924 | PC: 00106 | STEP: 0 | IR: mul | A: 0 | AR: 1 | NZ: 00 | IE: 1 | PENDING: 0 | IN_INTR: 0 | DS: [33511, 2209] | RS: [10] | MEM: - | LATCH: DS.push(ALU),PC | OUT: '' | mul.write_result
TICK: 001925 | PC: 00106 | STEP: 1 | IR: add | A: 0 | AR: 1 | NZ: 00 | IE: 1 | PENDING: 0 | IN_INTR: 0 | DS: [] | RS: [10] | MEM: - | LATCH: ALU.left,ALU.right | OUT: '' | add.load_operands
TICK: 001926 | PC: 00107 | STEP: 0 | IR: add | A: 0 | AR: 1 | NZ: 00 | IE: 1 | PENDING: 0 | IN_INTR: 0 | DS: [35720] | RS: [10] | MEM: - | LATCH: DS.push(ALU),PC | OUT: '' | add.write_result
TICK: 001927 | PC: 00108 | STEP: 0 | IR: dup | A: 0 | AR: 1 | NZ: 00 | IE: 1 | PENDING: 0 | IN_INTR: 0 | DS: [35720, 35720] | RS: [10] | MEM: - | LATCH: DS.dup,PC | OUT: '' | dup
TICK: 001928 | PC: 00108 | STEP: 1 | IR: store 3 | A: 0 | AR: 3 | NZ: 00 | IE: 1 | PENDING: 0 | IN_INTR: 0 | DS: [35720, 35720] | RS: [10] | MEM: - | LATCH: AR | OUT: '' | store.addr 3
TICK: 001929 | PC: 00113 | STEP: 0 | IR: store 3 | A: 0 | AR: 3 | NZ: 00 | IE: 1 | PENDING: 0 | IN_INTR: 0 | DS: [35720] | RS: [10] | MEM: write mem[3] <- 35720 | LATCH: MEM,PC | OUT: '' | store.write
TICK: 001930 | PC: 00114 | STEP: 0 | IR: drop | A: 0 | AR: 3 | NZ: 00 | IE: 1 | PENDING: 0 | IN_INTR: 0 | DS: [] | RS: [10] | MEM: - | LATCH: PC | OUT: '' | drop
TICK: 001931 | PC: 00114 | STEP: 1 | IR: load 1 | A: 0 | AR: 1 | NZ: 00 | IE: 1 | PENDING: 0 | IN_INTR: 0 | DS: [] | RS: [10] | MEM: - | LATCH: AR | OUT: '' | load.addr 1
TICK: 001932 | PC: 00119 | STEP: 0 | IR: load 1 | A: 0 | AR: 1 | NZ: 00 | IE: 1 | PENDING: 0 | IN_INTR: 0 | DS: [47] | RS: [10] | MEM: read mem[1] | LATCH: DS.push,PC | OUT: '' | load.read
TICK: 001933 | PC: 00124 | STEP: 0 | IR: literal 1 | A: 0 | AR: 1 | NZ: 00 | IE: 1 | PENDING: 0 | IN_INTR: 0 | DS: [47, 1] | RS: [10] | MEM: - | LATCH: DS.push,PC | OUT: '' | literal 1
TICK: 001934 | PC: 00124 | STEP: 1 | IR: add | A: 0 | AR: 1 | NZ: 00 | IE: 1 | PENDING: 0 | IN_INTR: 0 | DS: [] | RS: [10] | MEM: - | LATCH: ALU.left,ALU.right | OUT: '' | add.load_operands
TICK: 001935 | PC: 00125 | STEP: 0 | IR: add | A: 0 | AR: 1 | NZ: 00 | IE: 1 | PENDING: 0 | IN_INTR: 0 | DS: [48] | RS: [10] | MEM: - | LATCH: DS.push(ALU),PC | OUT: '' | add.write_result
TICK: 001936 | PC: 00126 | STEP: 0 | IR: dup | A: 0 | AR: 1 | NZ: 00 | IE: 1 | PENDING: 0 | IN_INTR: 0 | DS: [48, 48] | RS: [10] | MEM: - | LATCH: DS.dup,PC | OUT: '' | dup
TICK: 001937 | PC: 00126 | STEP: 1 | IR: store 1 | A: 0 | AR: 1 | NZ: 00 | IE: 1 | PENDING: 0 | IN_INTR: 0 | DS: [48, 48] | RS: [10] | MEM: - | LATCH: AR | OUT: '' | store.addr 1
TICK: 001938 | PC: 00131 | STEP: 0 | IR: store 1 | A: 0 | AR: 1 | NZ: 00 | IE: 1 | PENDING: 0 | IN_INTR: 0 | DS: [48] | RS: [10] | MEM: write mem[1] <- 48 | LATCH: MEM,PC | OUT: '' | store.write
TICK: 001939 | PC: 00132 | STEP: 0 | IR: drop | A: 0 | AR: 1 | NZ: 00 | IE: 1 | PENDING: 0 | IN_INTR: 0 | DS: [] | RS: [10] | MEM: - | LATCH: PC | OUT: '' | drop
TICK: 001940 | PC: 00051 | STEP: 0 | IR: jmp 51 | A: 0 | AR: 1 | NZ: 00 | IE: 1 | PENDING: 0 | IN_INTR: 0 | DS: [] | RS: [10] | MEM: - | LATCH: PC | OUT: '' | jmp 51
TICK: 001941 | PC: 00056 | STEP: 0 | IR: literal 100 | A: 0 | AR: 1 | NZ: 00 | IE: 1 | PENDING: 0 | IN_INTR: 0 | DS: [100] | RS: [10] | MEM: - | LATCH: DS.push,PC | OUT: '' | literal 100
TICK: 001942 | PC: 00056 | STEP: 1 | IR: load 1 | A: 0 | AR: 1 | NZ: 00 | IE: 1 | PENDING: 0 | IN_INTR: 0 | DS: [100] | RS: [10] | MEM: - | LATCH: AR | OUT: '' | load.addr 1
TICK: 001943 | PC: 00061 | STEP: 0 | IR: load 1 | A: 0 | AR: 1 | NZ: 00 | IE: 1 | PENDING: 0 | IN_INTR: 0 | DS: [100, 48] | RS: [10] | MEM: read mem[1] | LATCH: DS.push,PC | OUT: '' | load.read
TICK: 001944 | PC: 00061 | STEP: 1 | IR: sub | A: 0 | AR: 1 | NZ: 00 | IE: 1 | PENDING: 0 | IN_INTR: 0 | DS: [] | RS: [10] | MEM: - | LATCH: ALU.left,ALU.right | OUT: '' | sub.load_operands
TICK: 001945 | PC: 00062 | STEP: 0 | IR: sub | A: 0 | AR: 1 | NZ: 00 | IE: 1 | PENDING: 0 | IN_INTR: 0 | DS: [52] | RS: [10] | MEM: - | LATCH: DS.push(ALU),PC | OUT: '' | sub.write_result
TICK: 001946 | PC: 00062 | STEP: 1 | IR: mif 72 | A: 0 | AR: 1 | NZ: 00 | IE: 1 | PENDING: 0 | IN_INTR: 0 | DS: [] | RS: [10] | MEM: - | LATCH: ALU.left | OUT: '' | mif.test
TICK: 001947 | PC: 00072 | STEP: 0 | IR: mif 72 | A: 0 | AR: 1 | NZ: 00 | IE: 1 | PENDING: 0 | IN_INTR: 0 | DS: [] | RS: [10] | MEM: - | LATCH: PC | OUT: '' | mif.branch
TICK: 001948 | PC: 00072 | STEP: 1 | IR: load 2 | A: 0 | AR: 2 | NZ: 00 | IE: 1 | PENDING: 0 | IN_INTR: 0 | DS: [] | RS: [10] | MEM: - | LATCH: AR | OUT: '' | load.addr 2
TICK: 001949 | PC: 00077 | STEP: 0 | IR: load 2 | A: 0 | AR: 2 | NZ: 00 | IE: 1 | PENDING: 0 | IN_INTR: 0 | DS: [1128] | RS: [10] | MEM: read mem[2] | LATCH: DS.push,PC | OUT: '' | load.read
TICK: 001950 | PC: 00077 | STEP: 1 | IR: load 1 | A: 0 | AR: 1 | NZ: 00 | IE: 1 | PENDING: 0 | IN_INTR: 0 | DS: [1128] | RS: [10] | MEM: - | LATCH: AR | OUT: '' | load.addr 1
TICK: 001951 | PC: 00082 | STEP: 0 | IR: load 1 | A: 0 | AR: 1 | NZ: 00 | IE: 1 | PENDING: 0 | IN_INTR: 0 | DS: [1128, 48] | RS: [10] | MEM: read mem[1] | LATCH: DS.push,PC | OUT: '' | load.read
TICK: 001952 | PC: 00082 | STEP: 1 | IR: add | A: 0 | AR: 1 | NZ: 00 | IE: 1 | PENDING: 0 | IN_INTR: 0 | DS: [] | RS: [10] | MEM: - | LATCH: ALU.left,ALU.right | OUT: '' | add.load_operands
TICK: 001953 | PC: 00083 | STEP: 0 | IR: add | A: 0 | AR: 1 | NZ: 00 | IE: 1 | PENDING: 0 | IN_INTR: 0 | DS: [1176] | RS: [10] | MEM: - | LATCH: DS.push(ALU),PC | OUT: '' | add.write_result
TICK: 001954 | PC: 00084 | STEP: 0 | IR: dup | A: 0 | AR: 1 | NZ: 00 | IE: 1 | PENDING: 0 | IN_INTR: 0 | DS: [1176, 1176] | RS: [10] | MEM: - | LATCH: DS.dup,PC | OUT: '' | dup
TICK: 001955 | PC: 00084 | STEP: 1 | IR: store 2 | A: 0 | AR: 2 | NZ: 00 | IE: 1 | PENDING: 0 | IN_INTR: 0 | DS: [1176, 1176] | RS: [10] | MEM: - | LATCH: AR | OUT: '' | store.addr 2
TICK: 001956 | PC: 00089 | STEP: 0 | IR: store 2 | A: 0 | AR: 2 | NZ: 00 | IE: 1 | PENDING: 0 | IN_INTR: 0 | DS: [1176] | RS: [10] | MEM: write mem[2] <- 1176 | LATCH: MEM,PC | OUT: '' | store.write
TICK: 001957 | PC: 00090 | STEP: 0 | IR: drop | A: 0 | AR: 2 | NZ: 00 | IE: 1 | PENDING: 0 | IN_INTR: 0 | DS: [] | RS: [10] | MEM: - | LATCH: PC | OUT: '' | drop
TICK: 001958 | PC: 00090 | STEP: 1 | IR: load 3 | A: 0 | AR: 3 | NZ: 00 | IE: 1 | PENDING: 0 | IN_INTR: 0 | DS: [] | RS: [10] | MEM: - | LATCH: AR | OUT: '' | load.addr 3
TICK: 001959 | PC: 00095 | STEP: 0 | IR: load 3 | A: 0 | AR: 3 | NZ: 00 | IE: 1 | PENDING: 0 | IN_INTR: 0 | DS: [35720] | RS: [10] | MEM: read mem[3] | LATCH: DS.push,PC | OUT: '' | load.read
TICK: 001960 | PC: 00095 | STEP: 1 | IR: load 1 | A: 0 | AR: 1 | NZ: 00 | IE: 1 | PENDING: 0 | IN_INTR: 0 | DS: [35720] | RS: [10] | MEM: - | LATCH: AR | OUT: '' | load.addr 1
TICK: 001961 | PC: 00100 | STEP: 0 | IR: load 1 | A: 0 | AR: 1 | NZ: 00 | IE: 1 | PENDING: 0 | IN_INTR: 0 | DS: [35720, 48] | RS: [10] | MEM: read mem[1] | LATCH: DS.push,PC | OUT: '' | load.read
TICK: 001962 | PC: 00100 | STEP: 1 | IR: load 1 | A: 0 | AR: 1 | NZ: 00 | IE: 1 | PENDING: 0 | IN_INTR: 0 | DS: [35720, 48] | RS: [10] | MEM: - | LATCH: AR | OUT: '' | load.addr 1
TICK: 001963 | PC: 00105 | STEP: 0 | IR: load 1 | A: 0 | AR: 1 | NZ: 00 | IE: 1 | PENDING: 0 | IN_INTR: 0 | DS: [35720, 48, 48] | RS: [10] | MEM: read mem[1] | LATCH: DS.push,PC | OUT: '' | load.read
TICK: 001964 | PC: 00105 | STEP: 1 | IR: mul | A: 0 | AR: 1 | NZ: 00 | IE: 1 | PENDING: 0 | IN_INTR: 0 | DS: [35720] | RS: [10] | MEM: - | LATCH: ALU.left,ALU.right | OUT: '' | mul.load_operands
TICK: 001965 | PC: 00106 | STEP: 0 | IR: mul | A: 0 | AR: 1 | NZ: 00 | IE: 1 | PENDING: 0 | IN_INTR: 0 | DS: [35720, 2304] | RS: [10] | MEM: - | LATCH: DS.push(ALU),PC | OUT: '' | mul.write_result
TICK: 001966 | PC: 00106 | STEP: 1 | IR: add | A: 0 | AR: 1 | NZ: 00 | IE: 1 | PENDING: 0 | IN_INTR: 0 | DS: [] | RS: [10] | MEM: - | LATCH: ALU.left,ALU.right | OUT: '' | add.load_operands
TICK: 001967 | PC: 00107 | STEP: 0 | IR: add | A: 0 | AR: 1 | NZ: 00 | IE: 1 | PENDING: 0 | IN_INTR: 0 | DS: [38024] | RS: [10] | MEM: - | LATCH: DS.push(ALU),PC | OUT: '' | add.write_result
TICK: 001968 | PC: 00108 | STEP: 0 | IR: dup | A: 0 | AR: 1 | NZ: 00 | IE: 1 | PENDING: 0 | IN_INTR: 0 | DS: [38024, 38024] | RS: [10] | MEM: - | LATCH: DS.dup,PC | OUT: '' | dup
TICK: 001969 | PC: 00108 | STEP: 1 | IR: store 3 | A: 0 | AR: 3 | NZ: 00 | IE: 1 | PENDING: 0 | IN_INTR: 0 | DS: [38024, 38024] | RS: [10] | MEM: - | LATCH: AR | OUT: '' | store.addr 3
TICK: 001970 | PC: 00113 | STEP: 0 | IR: store 3 | A: 0 | AR: 3 | NZ: 00 | IE: 1 | PENDING: 0 | IN_INTR: 0 | DS: [38024] | RS: [10] | MEM: write mem[3] <- 38024 | LATCH: MEM,PC | OUT: '' | store.write
TICK: 001971 | PC: 00114 | STEP: 0 | IR: drop | A: 0 | AR: 3 | NZ: 00 | IE: 1 | PENDING: 0 | IN_INTR: 0 | DS: [] | RS: [10] | MEM: - | LATCH: PC | OUT: '' | drop
TICK: 001972 | PC: 00114 | STEP: 1 | IR: load 1 | A: 0 | AR: 1 | NZ: 00 | IE: 1 | PENDING: 0 | IN_INTR: 0 | DS: [] | RS: [10] | MEM: - | LATCH: AR | OUT: '' | load.addr 1
TICK: 001973 | PC: 00119 | STEP: 0 | IR: load 1 | A: 0 | AR: 1 | NZ: 00 | IE: 1 | PENDING: 0 | IN_INTR: 0 | DS: [48] | RS: [10] | MEM: read mem[1] | LATCH: DS.push,PC | OUT: '' | load.read
TICK: 001974 | PC: 00124 | STEP: 0 | IR: literal 1 | A: 0 | AR: 1 | NZ: 00 | IE: 1 | PENDING: 0 | IN_INTR: 0 | DS: [48, 1] | RS: [10] | MEM: - | LATCH: DS.push,PC | OUT: '' | literal 1
TICK: 001975 | PC: 00124 | STEP: 1 | IR: add | A: 0 | AR: 1 | NZ: 00 | IE: 1 | PENDING: 0 | IN_INTR: 0 | DS: [] | RS: [10] | MEM: - | LATCH: ALU.left,ALU.right | OUT: '' | add.load_operands
TICK: 001976 | PC: 00125 | STEP: 0 | IR: add | A: 0 | AR: 1 | NZ: 00 | IE: 1 | PENDING: 0 | IN_INTR: 0 | DS: [49] | RS: [10] | MEM: - | LATCH: DS.push(ALU),PC | OUT: '' | add.write_result
TICK: 001977 | PC: 00126 | STEP: 0 | IR: dup | A: 0 | AR: 1 | NZ: 00 | IE: 1 | PENDING: 0 | IN_INTR: 0 | DS: [49, 49] | RS: [10] | MEM: - | LATCH: DS.dup,PC | OUT: '' | dup
TICK: 001978 | PC: 00126 | STEP: 1 | IR: store 1 | A: 0 | AR: 1 | NZ: 00 | IE: 1 | PENDING: 0 | IN_INTR: 0 | DS: [49, 49] | RS: [10] | MEM: - | LATCH: AR | OUT: '' | store.addr 1
TICK: 001979 | PC: 00131 | STEP: 0 | IR: store 1 | A: 0 | AR: 1 | NZ: 00 | IE: 1 | PENDING: 0 | IN_INTR: 0 | DS: [49] | RS: [10] | MEM: write mem[1] <- 49 | LATCH: MEM,PC | OUT: '' | store.write
TICK: 001980 | PC: 00132 | STEP: 0 | IR: drop | A: 0 | AR: 1 | NZ: 00 | IE: 1 | PENDING: 0 | IN_INTR: 0 | DS: [] | RS: [10] | MEM: - | LATCH: PC | OUT: '' | drop
TICK: 001981 | PC: 00051 | STEP: 0 | IR: jmp 51 | A: 0 | AR: 1 | NZ: 00 | IE: 1 | PENDING: 0 | IN_INTR: 0 | DS: [] | RS: [10] | MEM: - | LATCH: PC | OUT: '' | jmp 51
TICK: 001982 | PC: 00056 | STEP: 0 | IR: literal 100 | A: 0 | AR: 1 | NZ: 00 | IE: 1 | PENDING: 0 | IN_INTR: 0 | DS: [100] | RS: [10] | MEM: - | LATCH: DS.push,PC | OUT: '' | literal 100
TICK: 001983 | PC: 00056 | STEP: 1 | IR: load 1 | A: 0 | AR: 1 | NZ: 00 | IE: 1 | PENDING: 0 | IN_INTR: 0 | DS: [100] | RS: [10] | MEM: - | LATCH: AR | OUT: '' | load.addr 1
TICK: 001984 | PC: 00061 | STEP: 0 | IR: load 1 | A: 0 | AR: 1 | NZ: 00 | IE: 1 | PENDING: 0 | IN_INTR: 0 | DS: [100, 49] | RS: [10] | MEM: read mem[1] | LATCH: DS.push,PC | OUT: '' | load.read
TICK: 001985 | PC: 00061 | STEP: 1 | IR: sub | A: 0 | AR: 1 | NZ: 00 | IE: 1 | PENDING: 0 | IN_INTR: 0 | DS: [] | RS: [10] | MEM: - | LATCH: ALU.left,ALU.right | OUT: '' | sub.load_operands
TICK: 001986 | PC: 00062 | STEP: 0 | IR: sub | A: 0 | AR: 1 | NZ: 00 | IE: 1 | PENDING: 0 | IN_INTR: 0 | DS: [51] | RS: [10] | MEM: - | LATCH: DS.push(ALU),PC | OUT: '' | sub.write_result
TICK: 001987 | PC: 00062 | STEP: 1 | IR: mif 72 | A: 0 | AR: 1 | NZ: 00 | IE: 1 | PENDING: 0 | IN_INTR: 0 | DS: [] | RS: [10] | MEM: - | LATCH: ALU.left | OUT: '' | mif.test
TICK: 001988 | PC: 00072 | STEP: 0 | IR: mif 72 | A: 0 | AR: 1 | NZ: 00 | IE: 1 | PENDING: 0 | IN_INTR: 0 | DS: [] | RS: [10] | MEM: - | LATCH: PC | OUT: '' | mif.branch
TICK: 001989 | PC: 00072 | STEP: 1 | IR: load 2 | A: 0 | AR: 2 | NZ: 00 | IE: 1 | PENDING: 0 | IN_INTR: 0 | DS: [] | RS: [10] | MEM: - | LATCH: AR | OUT: '' | load.addr 2
TICK: 001990 | PC: 00077 | STEP: 0 | IR: load 2 | A: 0 | AR: 2 | NZ: 00 | IE: 1 | PENDING: 0 | IN_INTR: 0 | DS: [1176] | RS: [10] | MEM: read mem[2] | LATCH: DS.push,PC | OUT: '' | load.read
TICK: 001991 | PC: 00077 | STEP: 1 | IR: load 1 | A: 0 | AR: 1 | NZ: 00 | IE: 1 | PENDING: 0 | IN_INTR: 0 | DS: [1176] | RS: [10] | MEM: - | LATCH: AR | OUT: '' | load.addr 1
TICK: 001992 | PC: 00082 | STEP: 0 | IR: load 1 | A: 0 | AR: 1 | NZ: 00 | IE: 1 | PENDING: 0 | IN_INTR: 0 | DS: [1176, 49] | RS: [10] | MEM: read mem[1] | LATCH: DS.push,PC | OUT: '' | load.read
TICK: 001993 | PC: 00082 | STEP: 1 | IR: add | A: 0 | AR: 1 | NZ: 00 | IE: 1 | PENDING: 0 | IN_INTR: 0 | DS: [] | RS: [10] | MEM: - | LATCH: ALU.left,ALU.right | OUT: '' | add.load_operands
TICK: 001994 | PC: 00083 | STEP: 0 | IR: add | A: 0 | AR: 1 | NZ: 00 | IE: 1 | PENDING: 0 | IN_INTR: 0 | DS: [1225] | RS: [10] | MEM: - | LATCH: DS.push(ALU),PC | OUT: '' | add.write_result
TICK: 001995 | PC: 00084 | STEP: 0 | IR: dup | A: 0 | AR: 1 | NZ: 00 | IE: 1 | PENDING: 0 | IN_INTR: 0 | DS: [1225, 1225] | RS: [10] | MEM: - | LATCH: DS.dup,PC | OUT: '' | dup
TICK: 001996 | PC: 00084 | STEP: 1 | IR: store 2 | A: 0 | AR: 2 | NZ: 00 | IE: 1 | PENDING: 0 | IN_INTR: 0 | DS: [1225, 1225] | RS: [10] | MEM: - | LATCH: AR | OUT: '' | store.addr 2
TICK: 001997 | PC: 00089 | STEP: 0 | IR: store 2 | A: 0 | AR: 2 | NZ: 00 | IE: 1 | PENDING: 0 | IN_INTR: 0 | DS: [1225] | RS: [10] | MEM: write mem[2] <- 1225 | LATCH: MEM,PC | OUT: '' | store.write
TICK: 001998 | PC: 00090 | STEP: 0 | IR: drop | A: 0 | AR: 2 | NZ: 00 | IE: 1 | PENDING: 0 | IN_INTR: 0 | DS: [] | RS: [10] | MEM: - | LATCH: PC | OUT: '' | drop
TICK: 001999 | PC: 00090 | STEP: 1 | IR: load 3 | A: 0 | AR: 3 | NZ: 00 | IE: 1 | PENDING: 0 | IN_INTR: 0 | DS: [] | RS: [10] | MEM: - | LATCH: AR | OUT: '' | load.addr 3
TICK: 002000 | PC: 00095 | STEP: 0 | IR: load 3 | A: 0 | AR: 3 | NZ: 00 | IE: 1 | PENDING: 0 | IN_INTR: 0 | DS: [38024] | RS: [10] | MEM: read mem[3] | LATCH: DS.push,PC | OUT: '' | load.read
TICK: 002001 | PC: 00095 | STEP: 1 | IR: load 1 | A: 0 | AR: 1 | NZ: 00 | IE: 1 | PENDING: 0 | IN_INTR: 0 | DS: [38024] | RS: [10] | MEM: - | LATCH: AR | OUT: '' | load.addr 1
TICK: 002002 | PC: 00100 | STEP: 0 | IR: load 1 | A: 0 | AR: 1 | NZ: 00 | IE: 1 | PENDING: 0 | IN_INTR: 0 | DS: [38024, 49] | RS: [10] | MEM: read mem[1] | LATCH: DS.push,PC | OUT: '' | load.read
TICK: 002003 | PC: 00100 | STEP: 1 | IR: load 1 | A: 0 | AR: 1 | NZ: 00 | IE: 1 | PENDING: 0 | IN_INTR: 0 | DS: [38024, 49] | RS: [10] | MEM: - | LATCH: AR | OUT: '' | load.addr 1
TICK: 002004 | PC: 00105 | STEP: 0 | IR: load 1 | A: 0 | AR: 1 | NZ: 00 | IE: 1 | PENDING: 0 | IN_INTR: 0 | DS: [38024, 49, 49] | RS: [10] | MEM: read mem[1] | LATCH: DS.push,PC | OUT: '' | load.read
TICK: 002005 | PC: 00105 | STEP: 1 | IR: mul | A: 0 | AR: 1 | NZ: 00 | IE: 1 | PENDING: 0 | IN_INTR: 0 | DS: [38024] | RS: [10] | MEM: - | LATCH: ALU.left,ALU.right | OUT: '' | mul.load_operands
TICK: 002006 | PC: 00106 | STEP: 0 | IR: mul | A: 0 | AR: 1 | NZ: 00 | IE: 1 | PENDING: 0 | IN_INTR: 0 | DS: [38024, 2401] | RS: [10] | MEM: - | LATCH: DS.push(ALU),PC | OUT: '' | mul.write_result
TICK: 002007 | PC: 00106 | STEP: 1 | IR: add | A: 0 | AR: 1 | NZ: 00 | IE: 1 | PENDING: 0 | IN_INTR: 0 | DS: [] | RS: [10] | MEM: - | LATCH: ALU.left,ALU.right | OUT: '' | add.load_operands
TICK: 002008 | PC: 00107 | STEP: 0 | IR: add | A: 0 | AR: 1 | NZ: 00 | IE: 1 | PENDING: 0 | IN_INTR: 0 | DS: [40425] | RS: [10] | MEM: - | LATCH: DS.push(ALU),PC | OUT: '' | add.write_result
TICK: 002009 | PC: 00108 | STEP: 0 | IR: dup | A: 0 | AR: 1 | NZ: 00 | IE: 1 | PENDING: 0 | IN_INTR: 0 | DS: [40425, 40425] | RS: [10] | MEM: - | LATCH: DS.dup,PC | OUT: '' | dup
TICK: 002010 | PC: 00108 | STEP: 1 | IR: store 3 | A: 0 | AR: 3 | NZ: 00 | IE: 1 | PENDING: 0 | IN_INTR: 0 | DS: [40425, 40425] | RS: [10] | MEM: - | LATCH: AR | OUT: '' | store.addr 3
TICK: 002011 | PC: 00113 | STEP: 0 | IR: store 3 | A: 0 | AR: 3 | NZ: 00 | IE: 1 | PENDING: 0 | IN_INTR: 0 | DS: [40425] | RS: [10] | MEM: write mem[3] <- 40425 | LATCH: MEM,PC | OUT: '' | store.write
TICK: 002012 | PC: 00114 | STEP: 0 | IR: drop | A: 0 | AR: 3 | NZ: 00 | IE: 1 | PENDING: 0 | IN_INTR: 0 | DS: [] | RS: [10] | MEM: - | LATCH: PC | OUT: '' | drop
TICK: 002013 | PC: 00114 | STEP: 1 | IR: load 1 | A: 0 | AR: 1 | NZ: 00 | IE: 1 | PENDING: 0 | IN_INTR: 0 | DS: [] | RS: [10] | MEM: - | LATCH: AR | OUT: '' | load.addr 1
TICK: 002014 | PC: 00119 | STEP: 0 | IR: load 1 | A: 0 | AR: 1 | NZ: 00 | IE: 1 | PENDING: 0 | IN_INTR: 0 | DS: [49] | RS: [10] | MEM: read mem[1] | LATCH: DS.push,PC | OUT: '' | load.read
TICK: 002015 | PC: 00124 | STEP: 0 | IR: literal 1 | A: 0 | AR: 1 | NZ: 00 | IE: 1 | PENDING: 0 | IN_INTR: 0 | DS: [49, 1] | RS: [10] | MEM: - | LATCH: DS.push,PC | OUT: '' | literal 1
TICK: 002016 | PC: 00124 | STEP: 1 | IR: add | A: 0 | AR: 1 | NZ: 00 | IE: 1 | PENDING: 0 | IN_INTR: 0 | DS: [] | RS: [10] | MEM: - | LATCH: ALU.left,ALU.right | OUT: '' | add.load_operands
TICK: 002017 | PC: 00125 | STEP: 0 | IR: add | A: 0 | AR: 1 | NZ: 00 | IE: 1 | PENDING: 0 | IN_INTR: 0 | DS: [50] | RS: [10] | MEM: - | LATCH: DS.push(ALU),PC | OUT: '' | add.write_result
TICK: 002018 | PC: 00126 | STEP: 0 | IR: dup | A: 0 | AR: 1 | NZ: 00 | IE: 1 | PENDING: 0 | IN_INTR: 0 | DS: [50, 50] | RS: [10] | MEM: - | LATCH: DS.dup,PC | OUT: '' | dup
TICK: 002019 | PC: 00126 | STEP: 1 | IR: store 1 | A: 0 | AR: 1 | NZ: 00 | IE: 1 | PENDING: 0 | IN_INTR: 0 | DS: [50, 50] | RS: [10] | MEM: - | LATCH: AR | OUT: '' | store.addr 1
TICK: 002020 | PC: 00131 | STEP: 0 | IR: store 1 | A: 0 | AR: 1 | NZ: 00 | IE: 1 | PENDING: 0 | IN_INTR: 0 | DS: [50] | RS: [10] | MEM: write mem[1] <- 50 | LATCH: MEM,PC | OUT: '' | store.write
TICK: 002021 | PC: 00132 | STEP: 0 | IR: drop | A: 0 | AR: 1 | NZ: 00 | IE: 1 | PENDING: 0 | IN_INTR: 0 | DS: [] | RS: [10] | MEM: - | LATCH: PC | OUT: '' | drop
TICK: 002022 | PC: 00051 | STEP: 0 | IR: jmp 51 | A: 0 | AR: 1 | NZ: 00 | IE: 1 | PENDING: 0 | IN_INTR: 0 | DS: [] | RS: [10] | MEM: - | LATCH: PC | OUT: '' | jmp 51
TICK: 002023 | PC: 00056 | STEP: 0 | IR: literal 100 | A: 0 | AR: 1 | NZ: 00 | IE: 1 | PENDING: 0 | IN_INTR: 0 | DS: [100] | RS: [10] | MEM: - | LATCH: DS.push,PC | OUT: '' | literal 100
TICK: 002024 | PC: 00056 | STEP: 1 | IR: load 1 | A: 0 | AR: 1 | NZ: 00 | IE: 1 | PENDING: 0 | IN_INTR: 0 | DS: [100] | RS: [10] | MEM: - | LATCH: AR | OUT: '' | load.addr 1
TICK: 002025 | PC: 00061 | STEP: 0 | IR: load 1 | A: 0 | AR: 1 | NZ: 00 | IE: 1 | PENDING: 0 | IN_INTR: 0 | DS: [100, 50] | RS: [10] | MEM: read mem[1] | LATCH: DS.push,PC | OUT: '' | load.read
TICK: 002026 | PC: 00061 | STEP: 1 | IR: sub | A: 0 | AR: 1 | NZ: 00 | IE: 1 | PENDING: 0 | IN_INTR: 0 | DS: [] | RS: [10] | MEM: - | LATCH: ALU.left,ALU.right | OUT: '' | sub.load_operands
TICK: 002027 | PC: 00062 | STEP: 0 | IR: sub | A: 0 | AR: 1 | NZ: 00 | IE: 1 | PENDING: 0 | IN_INTR: 0 | DS: [50] | RS: [10] | MEM: - | LATCH: DS.push(ALU),PC | OUT: '' | sub.write_result
TICK: 002028 | PC: 00062 | STEP: 1 | IR: mif 72 | A: 0 | AR: 1 | NZ: 00 | IE: 1 | PENDING: 0 | IN_INTR: 0 | DS: [] | RS: [10] | MEM: - | LATCH: ALU.left | OUT: '' | mif.test
TICK: 002029 | PC: 00072 | STEP: 0 | IR: mif 72 | A: 0 | AR: 1 | NZ: 00 | IE: 1 | PENDING: 0 | IN_INTR: 0 | DS: [] | RS: [10] | MEM: - | LATCH: PC | OUT: '' | mif.branch
TICK: 002030 | PC: 00072 | STEP: 1 | IR: load 2 | A: 0 | AR: 2 | NZ: 00 | IE: 1 | PENDING: 0 | IN_INTR: 0 | DS: [] | RS: [10] | MEM: - | LATCH: AR | OUT: '' | load.addr 2
TICK: 002031 | PC: 00077 | STEP: 0 | IR: load 2 | A: 0 | AR: 2 | NZ: 00 | IE: 1 | PENDING: 0 | IN_INTR: 0 | DS: [1225] | RS: [10] | MEM: read mem[2] | LATCH: DS.push,PC | OUT: '' | load.read
TICK: 002032 | PC: 00077 | STEP: 1 | IR: load 1 | A: 0 | AR: 1 | NZ: 00 | IE: 1 | PENDING: 0 | IN_INTR: 0 | DS: [1225] | RS: [10] | MEM: - | LATCH: AR | OUT: '' | load.addr 1
TICK: 002033 | PC: 00082 | STEP: 0 | IR: load 1 | A: 0 | AR: 1 | NZ: 00 | IE: 1 | PENDING: 0 | IN_INTR: 0 | DS: [1225, 50] | RS: [10] | MEM: read mem[1] | LATCH: DS.push,PC | OUT: '' | load.read
TICK: 002034 | PC: 00082 | STEP: 1 | IR: add | A: 0 | AR: 1 | NZ: 00 | IE: 1 | PENDING: 0 | IN_INTR: 0 | DS: [] | RS: [10] | MEM: - | LATCH: ALU.left,ALU.right | OUT: '' | add.load_operands
TICK: 002035 | PC: 00083 | STEP: 0 | IR: add | A: 0 | AR: 1 | NZ: 00 | IE: 1 | PENDING: 0 | IN_INTR: 0 | DS: [1275] | RS: [10] | MEM: - | LATCH: DS.push(ALU),PC | OUT: '' | add.write_result
TICK: 002036 | PC: 00084 | STEP: 0 | IR: dup | A: 0 | AR: 1 | NZ: 00 | IE: 1 | PENDING: 0 | IN_INTR: 0 | DS: [1275, 1275] | RS: [10] | MEM: - | LATCH: DS.dup,PC | OUT: '' | dup
TICK: 002037 | PC: 00084 | STEP: 1 | IR: store 2 | A: 0 | AR: 2 | NZ: 00 | IE: 1 | PENDING: 0 | IN_INTR: 0 | DS: [1275, 1275] | RS: [10] | MEM: - | LATCH: AR | OUT: '' | store.addr 2
TICK: 002038 | PC: 00089 | STEP: 0 | IR: store 2 | A: 0 | AR: 2 | NZ: 00 | IE: 1 | PENDING: 0 | IN_INTR: 0 | DS: [1275] | RS: [10] | MEM: write mem[2] <- 1275 | LATCH: MEM,PC | OUT: '' | store.write
TICK: 002039 | PC: 00090 | STEP: 0 | IR: drop | A: 0 | AR: 2 | NZ: 00 | IE: 1 | PENDING: 0 | IN_INTR: 0 | DS: [] | RS: [10] | MEM: - | LATCH: PC | OUT: '' | drop
TICK: 002040 | PC: 00090 | STEP: 1 | IR: load 3 | A: 0 | AR: 3 | NZ: 00 | IE: 1 | PENDING: 0 | IN_INTR: 0 | DS: [] | RS: [10] | MEM: - | LATCH: AR | OUT: '' | load.addr 3
TICK: 002041 | PC: 00095 | STEP: 0 | IR: load 3 | A: 0 | AR: 3 | NZ: 00 | IE: 1 | PENDING: 0 | IN_INTR: 0 | DS: [40425] | RS: [10] | MEM: read mem[3] | LATCH: DS.push,PC | OUT: '' | load.read
TICK: 002042 | PC: 00095 | STEP: 1 | IR: load 1 | A: 0 | AR: 1 | NZ: 00 | IE: 1 | PENDING: 0 | IN_INTR: 0 | DS: [40425] | RS: [10] | MEM: - | LATCH: AR | OUT: '' | load.addr 1
TICK: 002043 | PC: 00100 | STEP: 0 | IR: load 1 | A: 0 | AR: 1 | NZ: 00 | IE: 1 | PENDING: 0 | IN_INTR: 0 | DS: [40425, 50] | RS: [10] | MEM: read mem[1] | LATCH: DS.push,PC | OUT: '' | load.read
TICK: 002044 | PC: 00100 | STEP: 1 | IR: load 1 | A: 0 | AR: 1 | NZ: 00 | IE: 1 | PENDING: 0 | IN_INTR: 0 | DS: [40425, 50] | RS: [10] | MEM: - | LATCH: AR | OUT: '' | load.addr 1
TICK: 002045 | PC: 00105 | STEP: 0 | IR: load 1 | A: 0 | AR: 1 | NZ: 00 | IE: 1 | PENDING: 0 | IN_INTR: 0 | DS: [40425, 50, 50] | RS: [10] | MEM: read mem[1] | LATCH: DS.push,PC | OUT: '' | load.read
TICK: 002046 | PC: 00105 | STEP: 1 | IR: mul | A: 0 | AR: 1 | NZ: 00 | IE: 1 | PENDING: 0 | IN_INTR: 0 | DS: [40425] | RS: [10] | MEM: - | LATCH: ALU.left,ALU.right | OUT: '' | mul.load_operands
TICK: 002047 | PC: 00106 | STEP: 0 | IR: mul | A: 0 | AR: 1 | NZ: 00 | IE: 1 | PENDING: 0 | IN_INTR: 0 | DS: [40425, 2500] | RS: [10] | MEM: - | LATCH: DS.push(ALU),PC | OUT: '' | mul.write_result
TICK: 002048 | PC: 00106 | STEP: 1 | IR: add | A: 0 | AR: 1 | NZ: 00 | IE: 1 | PENDING: 0 | IN_INTR: 0 | DS: [] | RS: [10] | MEM: - | LATCH: ALU.left,ALU.right | OUT: '' | add.load_operands
TICK: 002049 | PC: 00107 | STEP: 0 | IR: add | A: 0 | AR: 1 | NZ: 00 | IE: 1 | PENDING: 0 | IN_INTR: 0 | DS: [42925] | RS: [10] | MEM: - | LATCH: DS.push(ALU),PC | OUT: '' | add.write_result
TICK: 002050 | PC: 00108 | STEP: 0 | IR: dup | A: 0 | AR: 1 | NZ: 00 | IE: 1 | PENDING: 0 | IN_INTR: 0 | DS: [42925, 42925] | RS: [10] | MEM: - | LATCH: DS.dup,PC | OUT: '' | dup
TICK: 002051 | PC: 00108 | STEP: 1 | IR: store 3 | A: 0 | AR: 3 | NZ: 00 | IE: 1 | PENDING: 0 | IN_INTR: 0 | DS: [42925, 42925] | RS: [10] | MEM: - | LATCH: AR | OUT: '' | store.addr 3
TICK: 002052 | PC: 00113 | STEP: 0 | IR: store 3 | A: 0 | AR: 3 | NZ: 00 | IE: 1 | PENDING: 0 | IN_INTR: 0 | DS: [42925] | RS: [10] | MEM: write mem[3] <- 42925 | LATCH: MEM,PC | OUT: '' | store.write
TICK: 002053 | PC: 00114 | STEP: 0 | IR: drop | A: 0 | AR: 3 | NZ: 00 | IE: 1 | PENDING: 0 | IN_INTR: 0 | DS: [] | RS: [10] | MEM: - | LATCH: PC | OUT: '' | drop
TICK: 002054 | PC: 00114 | STEP: 1 | IR: load 1 | A: 0 | AR: 1 | NZ: 00 | IE: 1 | PENDING: 0 | IN_INTR: 0 | DS: [] | RS: [10] | MEM: - | LATCH: AR | OUT: '' | load.addr 1
TICK: 002055 | PC: 00119 | STEP: 0 | IR: load 1 | A: 0 | AR: 1 | NZ: 00 | IE: 1 | PENDING: 0 | IN_INTR: 0 | DS: [50] | RS: [10] | MEM: read mem[1] | LATCH: DS.push,PC | OUT: '' | load.read
TICK: 002056 | PC: 00124 | STEP: 0 | IR: literal 1 | A: 0 | AR: 1 | NZ: 00 | IE: 1 | PENDING: 0 | IN_INTR: 0 | DS: [50, 1] | RS: [10] | MEM: - | LATCH: DS.push,PC | OUT: '' | literal 1
TICK: 002057 | PC: 00124 | STEP: 1 | IR: add | A: 0 | AR: 1 | NZ: 00 | IE: 1 | PENDING: 0 | IN_INTR: 0 | DS: [] | RS: [10] | MEM: - | LATCH: ALU.left,ALU.right | OUT: '' | add.load_operands
TICK: 002058 | PC: 00125 | STEP: 0 | IR: add | A: 0 | AR: 1 | NZ: 00 | IE: 1 | PENDING: 0 | IN_INTR: 0 | DS: [51] | RS: [10] | MEM: - | LATCH: DS.push(ALU),PC | OUT: '' | add.write_result
TICK: 002059 | PC: 00126 | STEP: 0 | IR: dup | A: 0 | AR: 1 | NZ: 00 | IE: 1 | PENDING: 0 | IN_INTR: 0 | DS: [51, 51] | RS: [10] | MEM: - | LATCH: DS.dup,PC | OUT: '' | dup
TICK: 002060 | PC: 00126 | STEP: 1 | IR: store 1 | A: 0 | AR: 1 | NZ: 00 | IE: 1 | PENDING: 0 | IN_INTR: 0 | DS: [51, 51] | RS: [10] | MEM: - | LATCH: AR | OUT: '' | store.addr 1
TICK: 002061 | PC: 00131 | STEP: 0 | IR: store 1 | A: 0 | AR: 1 | NZ: 00 | IE: 1 | PENDING: 0 | IN_INTR: 0 | DS: [51] | RS: [10] | MEM: write mem[1] <- 51 | LATCH: MEM,PC | OUT: '' | store.write
TICK: 002062 | PC: 00132 | STEP: 0 | IR: drop | A: 0 | AR: 1 | NZ: 00 | IE: 1 | PENDING: 0 | IN_INTR: 0 | DS: [] | RS: [10] | MEM: - | LATCH: PC | OUT: '' | drop
TICK: 002063 | PC: 00051 | STEP: 0 | IR: jmp 51 | A: 0 | AR: 1 | NZ: 00 | IE: 1 | PENDING: 0 | IN_INTR: 0 | DS: [] | RS: [10] | MEM: - | LATCH: PC | OUT: '' | jmp 51
TICK: 002064 | PC: 00056 | STEP: 0 | IR: literal 100 | A: 0 | AR: 1 | NZ: 00 | IE: 1 | PENDING: 0 | IN_INTR: 0 | DS: [100] | RS: [10] | MEM: - | LATCH: DS.push,PC | OUT: '' | literal 100
TICK: 002065 | PC: 00056 | STEP: 1 | IR: load 1 | A: 0 | AR: 1 | NZ: 00 | IE: 1 | PENDING: 0 | IN_INTR: 0 | DS: [100] | RS: [10] | MEM: - | LATCH: AR | OUT: '' | load.addr 1
TICK: 002066 | PC: 00061 | STEP: 0 | IR: load 1 | A: 0 | AR: 1 | NZ: 00 | IE: 1 | PENDING: 0 | IN_INTR: 0 | DS: [100, 51] | RS: [10] | MEM: read mem[1] | LATCH: DS.push,PC | OUT: '' | load.read
TICK: 002067 | PC: 00061 | STEP: 1 | IR: sub | A: 0 | AR: 1 | NZ: 00 | IE: 1 | PENDING: 0 | IN_INTR: 0 | DS: [] | RS: [10] | MEM: - | LATCH: ALU.left,ALU.right | OUT: '' | sub.load_operands
TICK: 002068 | PC: 00062 | STEP: 0 | IR: sub | A: 0 | AR: 1 | NZ: 00 | IE: 1 | PENDING: 0 | IN_INTR: 0 | DS: [49] | RS: [10] | MEM: - | LATCH: DS.push(ALU),PC | OUT: '' | sub.write_result
TICK: 002069 | PC: 00062 | STEP: 1 | IR: mif 72 | A: 0 | AR: 1 | NZ: 00 | IE: 1 | PENDING: 0 | IN_INTR: 0 | DS: [] | RS: [10] | MEM: - | LATCH: ALU.left | OUT: '' | mif.test
TICK: 002070 | PC: 00072 | STEP: 0 | IR: mif 72 | A: 0 | AR: 1 | NZ: 00 | IE: 1 | PENDING: 0 | IN_INTR: 0 | DS: [] | RS: [10] | MEM: - | LATCH: PC | OUT: '' | mif.branch
TICK: 002071 | PC: 00072 | STEP: 1 | IR: load 2 | A: 0 | AR: 2 | NZ: 00 | IE: 1 | PENDING: 0 | IN_INTR: 0 | DS: [] | RS: [10] | MEM: - | LATCH: AR | OUT: '' | load.addr 2
TICK: 002072 | PC: 00077 | STEP: 0 | IR: load 2 | A: 0 | AR: 2 | NZ: 00 | IE: 1 | PENDING: 0 | IN_INTR: 0 | DS: [1275] | RS: [10] | MEM: read mem[2] | LATCH: DS.push,PC | OUT: '' | load.read
TICK: 002073 | PC: 00077 | STEP: 1 | IR: load 1 | A: 0 | AR: 1 | NZ: 00 | IE: 1 | PENDING: 0 | IN_INTR: 0 | DS: [1275] | RS: [10] | MEM: - | LATCH: AR | OUT: '' | load.addr 1
TICK: 002074 | PC: 00082 | STEP: 0 | IR: load 1 | A: 0 | AR: 1 | NZ: 00 | IE: 1 | PENDING: 0 | IN_INTR: 0 | DS: [1275, 51] | RS: [10] | MEM: read mem[1] | LATCH: DS.push,PC | OUT: '' | load.read
TICK: 002075 | PC: 00082 | STEP: 1 | IR: add | A: 0 | AR: 1 | NZ: 00 | IE: 1 | PENDING: 0 | IN_INTR: 0 | DS: [] | RS: [10] | MEM: - | LATCH: ALU.left,ALU.right | OUT: '' | add.load_operands
TICK: 002076 | PC: 00083 | STEP: 0 | IR: add | A: 0 | AR: 1 | NZ: 00 | IE: 1 | PENDING: 0 | IN_INTR: 0 | DS: [1326] | RS: [10] | MEM: - | LATCH: DS.push(ALU),PC | OUT: '' | add.write_result
TICK: 002077 | PC: 00084 | STEP: 0 | IR: dup | A: 0 | AR: 1 | NZ: 00 | IE: 1 | PENDING: 0 | IN_INTR: 0 | DS: [1326, 1326] | RS: [10] | MEM: - | LATCH: DS.dup,PC | OUT: '' | dup
TICK: 002078 | PC: 00084 | STEP: 1 | IR: store 2 | A: 0 | AR: 2 | NZ: 00 | IE: 1 | PENDING: 0 | IN_INTR: 0 | DS: [1326, 1326] | RS: [10] | MEM: - | LATCH: AR | OUT: '' | store.addr 2
TICK: 002079 | PC: 00089 | STEP: 0 | IR: store 2 | A: 0 | AR: 2 | NZ: 00 | IE: 1 | PENDING: 0 | IN_INTR: 0 | DS: [1326] | RS: [10] | MEM: write mem[2] <- 1326 | LATCH: MEM,PC | OUT: '' | store.write
TICK: 002080 | PC: 00090 | STEP: 0 | IR: drop | A: 0 | AR: 2 | NZ: 00 | IE: 1 | PENDING: 0 | IN_INTR: 0 | DS: [] | RS: [10] | MEM: - | LATCH: PC | OUT: '' | drop
TICK: 002081 | PC: 00090 | STEP: 1 | IR: load 3 | A: 0 | AR: 3 | NZ: 00 | IE: 1 | PENDING: 0 | IN_INTR: 0 | DS: [] | RS: [10] | MEM: - | LATCH: AR | OUT: '' | load.addr 3
TICK: 002082 | PC: 00095 | STEP: 0 | IR: load 3 | A: 0 | AR: 3 | NZ: 00 | IE: 1 | PENDING: 0 | IN_INTR: 0 | DS: [42925] | RS: [10] | MEM: read mem[3] | LATCH: DS.push,PC | OUT: '' | load.read
TICK: 002083 | PC: 00095 | STEP: 1 | IR: load 1 | A: 0 | AR: 1 | NZ: 00 | IE: 1 | PENDING: 0 | IN_INTR: 0 | DS: [42925] | RS: [10] | MEM: - | LATCH: AR | OUT: '' | load.addr 1
TICK: 002084 | PC: 00100 | STEP: 0 | IR: load 1 | A: 0 | AR: 1 | NZ: 00 | IE: 1 | PENDING: 0 | IN_INTR: 0 | DS: [42925, 51] | RS: [10] | MEM: read mem[1] | LATCH: DS.push,PC | OUT: '' | load.read
TICK: 002085 | PC: 00100 | STEP: 1 | IR: load 1 | A: 0 | AR: 1 | NZ: 00 | IE: 1 | PENDING: 0 | IN_INTR: 0 | DS: [42925, 51] | RS: [10] | MEM: - | LATCH: AR | OUT: '' | load.addr 1
TICK: 002086 | PC: 00105 | STEP: 0 | IR: load 1 | A: 0 | AR: 1 | NZ: 00 | IE: 1 | PENDING: 0 | IN_INTR: 0 | DS: [42925, 51, 51] | RS: [10] | MEM: read mem[1] | LATCH: DS.push,PC | OUT: '' | load.read
TICK: 002087 | PC: 00105 | STEP: 1 | IR: mul | A: 0 | AR: 1 | NZ: 00 | IE: 1 | PENDING: 0 | IN_INTR: 0 | DS: [42925] | RS: [10] | MEM: - | LATCH: ALU.left,ALU.right | OUT: '' | mul.load_operands
TICK: 002088 | PC: 00106 | STEP: 0 | IR: mul | A: 0 | AR: 1 | NZ: 00 | IE: 1 | PENDING: 0 | IN_INTR: 0 | DS: [42925, 2601] | RS: [10] | MEM: - | LATCH: DS.push(ALU),PC | OUT: '' | mul.write_result
TICK: 002089 | PC: 00106 | STEP: 1 | IR: add | A: 0 | AR: 1 | NZ: 00 | IE: 1 | PENDING: 0 | IN_INTR: 0 | DS: [] | RS: [10] | MEM: - | LATCH: ALU.left,ALU.right | OUT: '' | add.load_operands
TICK: 002090 | PC: 00107 | STEP: 0 | IR: add | A: 0 | AR: 1 | NZ: 00 | IE: 1 | PENDING: 0 | IN_INTR: 0 | DS: [45526] | RS: [10] | MEM: - | LATCH: DS.push(ALU),PC | OUT: '' | add.write_result
TICK: 002091 | PC: 00108 | STEP: 0 | IR: dup | A: 0 | AR: 1 | NZ: 00 | IE: 1 | PENDING: 0 | IN_INTR: 0 | DS: [45526, 45526] | RS: [10] | MEM: - | LATCH: DS.dup,PC | OUT: '' | dup
TICK: 002092 | PC: 00108 | STEP: 1 | IR: store 3 | A: 0 | AR: 3 | NZ: 00 | IE: 1 | PENDING: 0 | IN_INTR: 0 | DS: [45526, 45526] | RS: [10] | MEM: - | LATCH: AR | OUT: '' | store.addr 3
TICK: 002093 | PC: 00113 | STEP: 0 | IR: store 3 | A: 0 | AR: 3 | NZ: 00 | IE: 1 | PENDING: 0 | IN_INTR: 0 | DS: [45526] | RS: [10] | MEM: write mem[3] <- 45526 | LATCH: MEM,PC | OUT: '' | store.write
TICK: 002094 | PC: 00114 | STEP: 0 | IR: drop | A: 0 | AR: 3 | NZ: 00 | IE: 1 | PENDING: 0 | IN_INTR: 0 | DS: [] | RS: [10] | MEM: - | LATCH: PC | OUT: '' | drop
TICK: 002095 | PC: 00114 | STEP: 1 | IR: load 1 | A: 0 | AR: 1 | NZ: 00 | IE: 1 | PENDING: 0 | IN_INTR: 0 | DS: [] | RS: [10] | MEM: - | LATCH: AR | OUT: '' | load.addr 1
TICK: 002096 | PC: 00119 | STEP: 0 | IR: load 1 | A: 0 | AR: 1 | NZ: 00 | IE: 1 | PENDING: 0 | IN_INTR: 0 | DS: [51] | RS: [10] | MEM: read mem[1] | LATCH: DS.push,PC | OUT: '' | load.read
TICK: 002097 | PC: 00124 | STEP: 0 | IR: literal 1 | A: 0 | AR: 1 | NZ: 00 | IE: 1 | PENDING: 0 | IN_INTR: 0 | DS: [51, 1] | RS: [10] | MEM: - | LATCH: DS.push,PC | OUT: '' | literal 1
TICK: 002098 | PC: 00124 | STEP: 1 | IR: add | A: 0 | AR: 1 | NZ: 00 | IE: 1 | PENDING: 0 | IN_INTR: 0 | DS: [] | RS: [10] | MEM: - | LATCH: ALU.left,ALU.right | OUT: '' | add.load_operands
TICK: 002099 | PC: 00125 | STEP: 0 | IR: add | A: 0 | AR: 1 | NZ: 00 | IE: 1 | PENDING: 0 | IN_INTR: 0 | DS: [52] | RS: [10] | MEM: - | LATCH: DS.push(ALU),PC | OUT: '' | add.write_result
TICK: 002100 | PC: 00126 | STEP: 0 | IR: dup | A: 0 | AR: 1 | NZ: 00 | IE: 1 | PENDING: 0 | IN_INTR: 0 | DS: [52, 52] | RS: [10] | MEM: - | LATCH: DS.dup,PC | OUT: '' | dup
TICK: 002101 | PC: 00126 | STEP: 1 | IR: store 1 | A: 0 | AR: 1 | NZ: 00 | IE: 1 | PENDING: 0 | IN_INTR: 0 | DS: [52, 52] | RS: [10] | MEM: - | LATCH: AR | OUT: '' | store.addr 1
TICK: 002102 | PC: 00131 | STEP: 0 | IR: store 1 | A: 0 | AR: 1 | NZ: 00 | IE: 1 | PENDING: 0 | IN_INTR: 0 | DS: [52] | RS: [10] | MEM: write mem[1] <- 52 | LATCH: MEM,PC | OUT: '' | store.write
TICK: 002103 | PC: 00132 | STEP: 0 | IR: drop | A: 0 | AR: 1 | NZ: 00 | IE: 1 | PENDING: 0 | IN_INTR: 0 | DS: [] | RS: [10] | MEM: - | LATCH: PC | OUT: '' | drop
TICK: 002104 | PC: 00051 | STEP: 0 | IR: jmp 51 | A: 0 | AR: 1 | NZ: 00 | IE: 1 | PENDING: 0 | IN_INTR: 0 | DS: [] | RS: [10] | MEM: - | LATCH: PC | OUT: '' | jmp 51
TICK: 002105 | PC: 00056 | STEP: 0 | IR: literal 100 | A: 0 | AR: 1 | NZ: 00 | IE: 1 | PENDING: 0 | IN_INTR: 0 | DS: [100] | RS: [10] | MEM: - | LATCH: DS.push,PC | OUT: '' | literal 100
TICK: 002106 | PC: 00056 | STEP: 1 | IR: load 1 | A: 0 | AR: 1 | NZ: 00 | IE: 1 | PENDING: 0 | IN_INTR: 0 | DS: [100] | RS: [10] | MEM: - | LATCH: AR | OUT: '' | load.addr 1
TICK: 002107 | PC: 00061 | STEP: 0 | IR: load 1 | A: 0 | AR: 1 | NZ: 00 | IE: 1 | PENDING: 0 | IN_INTR: 0 | DS: [100, 52] | RS: [10] | MEM: read mem[1] | LATCH: DS.push,PC | OUT: '' | load.read
TICK: 002108 | PC: 00061 | STEP: 1 | IR: sub | A: 0 | AR: 1 | NZ: 00 | IE: 1 | PENDING: 0 | IN_INTR: 0 | DS: [] | RS: [10] | MEM: - | LATCH: ALU.left,ALU.right | OUT: '' | sub.load_operands
TICK: 002109 | PC: 00062 | STEP: 0 | IR: sub | A: 0 | AR: 1 | NZ: 00 | IE: 1 | PENDING: 0 | IN_INTR: 0 | DS: [48] | RS: [10] | MEM: - | LATCH: DS.push(ALU),PC | OUT: '' | sub.write_result
TICK: 002110 | PC: 00062 | STEP: 1 | IR: mif 72 | A: 0 | AR: 1 | NZ: 00 | IE: 1 | PENDING: 0 | IN_INTR: 0 | DS: [] | RS: [10] | MEM: - | LATCH: ALU.left | OUT: '' | mif.test
TICK: 002111 | PC: 00072 | STEP: 0 | IR: mif 72 | A: 0 | AR: 1 | NZ: 00 | IE: 1 | PENDING: 0 | IN_INTR: 0 | DS: [] | RS: [10] | MEM: - | LATCH: PC | OUT: '' | mif.branch
TICK: 002112 | PC: 00072 | STEP: 1 | IR: load 2 | A: 0 | AR: 2 | NZ: 00 | IE: 1 | PENDING: 0 | IN_INTR: 0 | DS: [] | RS: [10] | MEM: - | LATCH: AR | OUT: '' | load.addr 2
TICK: 002113 | PC: 00077 | STEP: 0 | IR: load 2 | A: 0 | AR: 2 | NZ: 00 | IE: 1 | PENDING: 0 | IN_INTR: 0 | DS: [1326] | RS: [10] | MEM: read mem[2] | LATCH: DS.push,PC | OUT: '' | load.read
TICK: 002114 | PC: 00077 | STEP: 1 | IR: load 1 | A: 0 | AR: 1 | NZ: 00 | IE: 1 | PENDING: 0 | IN_INTR: 0 | DS: [1326] | RS: [10] | MEM: - | LATCH: AR | OUT: '' | load.addr 1
TICK: 002115 | PC: 00082 | STEP: 0 | IR: load 1 | A: 0 | AR: 1 | NZ: 00 | IE: 1 | PENDING: 0 | IN_INTR: 0 | DS: [1326, 52] | RS: [10] | MEM: read mem[1] | LATCH: DS.push,PC | OUT: '' | load.read
TICK: 002116 | PC: 00082 | STEP: 1 | IR: add | A: 0 | AR: 1 | NZ: 00 | IE: 1 | PENDING: 0 | IN_INTR: 0 | DS: [] | RS: [10] | MEM: - | LATCH: ALU.left,ALU.right | OUT: '' | add.load_operands
TICK: 002117 | PC: 00083 | STEP: 0 | IR: add | A: 0 | AR: 1 | NZ: 00 | IE: 1 | PENDING: 0 | IN_INTR: 0 | DS: [1378] | RS: [10] | MEM: - | LATCH: DS.push(ALU),PC | OUT: '' | add.write_result
TICK: 002118 | PC: 00084 | STEP: 0 | IR: dup | A: 0 | AR: 1 | NZ: 00 | IE: 1 | PENDING: 0 | IN_INTR: 0 | DS: [1378, 1378] | RS: [10] | MEM: - | LATCH: DS.dup,PC | OUT: '' | dup
TICK: 002119 | PC: 00084 | STEP: 1 | IR: store 2 | A: 0 | AR: 2 | NZ: 00 | IE: 1 | PENDING: 0 | IN_INTR: 0 | DS: [1378, 1378] | RS: [10] | MEM: - | LATCH: AR | OUT: '' | store.addr 2
TICK: 002120 | PC: 00089 | STEP: 0 | IR: store 2 | A: 0 | AR: 2 | NZ: 00 | IE: 1 | PENDING: 0 | IN_INTR: 0 | DS: [1378] | RS: [10] | MEM: write mem[2] <- 1378 | LATCH: MEM,PC | OUT: '' | store.write
TICK: 002121 | PC: 00090 | STEP: 0 | IR: drop | A: 0 | AR: 2 | NZ: 00 | IE: 1 | PENDING: 0 | IN_INTR: 0 | DS: [] | RS: [10] | MEM: - | LATCH: PC | OUT: '' | drop
TICK: 002122 | PC: 00090 | STEP: 1 | IR: load 3 | A: 0 | AR: 3 | NZ: 00 | IE: 1 | PENDING: 0 | IN_INTR: 0 | DS: [] | RS: [10] | MEM: - | LATCH: AR | OUT: '' | load.addr 3
TICK: 002123 | PC: 00095 | STEP: 0 | IR: load 3 | A: 0 | AR: 3 | NZ: 00 | IE: 1 | PENDING: 0 | IN_INTR: 0 | DS: [45526] | RS: [10] | MEM: read mem[3] | LATCH: DS.push,PC | OUT: '' | load.read
TICK: 002124 | PC: 00095 | STEP: 1 | IR: load 1 | A: 0 | AR: 1 | NZ: 00 | IE: 1 | PENDING: 0 | IN_INTR: 0 | DS: [45526] | RS: [10] | MEM: - | LATCH: AR | OUT: '' | load.addr 1
TICK: 002125 | PC: 00100 | STEP: 0 | IR: load 1 | A: 0 | AR: 1 | NZ: 00 | IE: 1 | PENDING: 0 | IN_INTR: 0 | DS: [45526, 52] | RS: [10] | MEM: read mem[1] | LATCH: DS.push,PC | OUT: '' | load.read
TICK: 002126 | PC: 00100 | STEP: 1 | IR: load 1 | A: 0 | AR: 1 | NZ: 00 | IE: 1 | PENDING: 0 | IN_INTR: 0 | DS: [45526, 52] | RS: [10] | MEM: - | LATCH: AR | OUT: '' | load.addr 1
TICK: 002127 | PC: 00105 | STEP: 0 | IR: load 1 | A: 0 | AR: 1 | NZ: 00 | IE: 1 | PENDING: 0 | IN_INTR: 0 | DS: [45526, 52, 52] | RS: [10] | MEM: read mem[1] | LATCH: DS.push,PC | OUT: '' | load.read
TICK: 002128 | PC: 00105 | STEP: 1 | IR: mul | A: 0 | AR: 1 | NZ: 00 | IE: 1 | PENDING: 0 | IN_INTR: 0 | DS: [45526] | RS: [10] | MEM: - | LATCH: ALU.left,ALU.right | OUT: '' | mul.load_operands
TICK: 002129 | PC: 00106 | STEP: 0 | IR: mul | A: 0 | AR: 1 | NZ: 00 | IE: 1 | PENDING: 0 | IN_INTR: 0 | DS: [45526, 2704] | RS: [10] | MEM: - | LATCH: DS.push(ALU),PC | OUT: '' | mul.write_result
TICK: 002130 | PC: 00106 | STEP: 1 | IR: add | A: 0 | AR: 1 | NZ: 00 | IE: 1 | PENDING: 0 | IN_INTR: 0 | DS: [] | RS: [10] | MEM: - | LATCH: ALU.left,ALU.right | OUT: '' | add.load_operands
TICK: 002131 | PC: 00107 | STEP: 0 | IR: add | A: 0 | AR: 1 | NZ: 00 | IE: 1 | PENDING: 0 | IN_INTR: 0 | DS: [48230] | RS: [10] | MEM: - | LATCH: DS.push(ALU),PC | OUT: '' | add.write_result
TICK: 002132 | PC: 00108 | STEP: 0 | IR: dup | A: 0 | AR: 1 | NZ: 00 | IE: 1 | PENDING: 0 | IN_INTR: 0 | DS: [48230, 48230] | RS: [10] | MEM: - | LATCH: DS.dup,PC | OUT: '' | dup
TICK: 002133 | PC: 00108 | STEP: 1 | IR: store 3 | A: 0 | AR: 3 | NZ: 00 | IE: 1 | PENDING: 0 | IN_INTR: 0 | DS: [48230, 48230] | RS: [10] | MEM: - | LATCH: AR | OUT: '' | store.addr 3
TICK: 002134 | PC: 00113 | STEP: 0 | IR: store 3 | A: 0 | AR: 3 | NZ: 00 | IE: 1 | PENDING: 0 | IN_INTR: 0 | DS: [48230] | RS: [10] | MEM: write mem[3] <- 48230 | LATCH: MEM,PC | OUT: '' | store.write
TICK: 002135 | PC: 00114 | STEP: 0 | IR: drop | A: 0 | AR: 3 | NZ: 00 | IE: 1 | PENDING: 0 | IN_INTR: 0 | DS: [] | RS: [10] | MEM: - | LATCH: PC | OUT: '' | drop
TICK: 002136 | PC: 00114 | STEP: 1 | IR: load 1 | A: 0 | AR: 1 | NZ: 00 | IE: 1 | PENDING: 0 | IN_INTR: 0 | DS: [] | RS: [10] | MEM: - | LATCH: AR | OUT: '' | load.addr 1
TICK: 002137 | PC: 00119 | STEP: 0 | IR: load 1 | A: 0 | AR: 1 | NZ: 00 | IE: 1 | PENDING: 0 | IN_INTR: 0 | DS: [52] | RS: [10] | MEM: read mem[1] | LATCH: DS.push,PC | OUT: '' | load.read
TICK: 002138 | PC: 00124 | STEP: 0 | IR: literal 1 | A: 0 | AR: 1 | NZ: 00 | IE: 1 | PENDING: 0 | IN_INTR: 0 | DS: [52, 1] | RS: [10] | MEM: - | LATCH: DS.push,PC | OUT: '' | literal 1
TICK: 002139 | PC: 00124 | STEP: 1 | IR: add | A: 0 | AR: 1 | NZ: 00 | IE: 1 | PENDING: 0 | IN_INTR: 0 | DS: [] | RS: [10] | MEM: - | LATCH: ALU.left,ALU.right | OUT: '' | add.load_operands
TICK: 002140 | PC: 00125 | STEP: 0 | IR: add | A: 0 | AR: 1 | NZ: 00 | IE: 1 | PENDING: 0 | IN_INTR: 0 | DS: [53] | RS: [10] | MEM: - | LATCH: DS.push(ALU),PC | OUT: '' | add.write_result
TICK: 002141 | PC: 00126 | STEP: 0 | IR: dup | A: 0 | AR: 1 | NZ: 00 | IE: 1 | PENDING: 0 | IN_INTR: 0 | DS: [53, 53] | RS: [10] | MEM: - | LATCH: DS.dup,PC | OUT: '' | dup
TICK: 002142 | PC: 00126 | STEP: 1 | IR: store 1 | A: 0 | AR: 1 | NZ: 00 | IE: 1 | PENDING: 0 | IN_INTR: 0 | DS: [53, 53] | RS: [10] | MEM: - | LATCH: AR | OUT: '' | store.addr 1
TICK: 002143 | PC: 00131 | STEP: 0 | IR: store 1 | A: 0 | AR: 1 | NZ: 00 | IE: 1 | PENDING: 0 | IN_INTR: 0 | DS: [53] | RS: [10] | MEM: write mem[1] <- 53 | LATCH: MEM,PC | OUT: '' | store.write
TICK: 002144 | PC: 00132 | STEP: 0 | IR: drop | A: 0 | AR: 1 | NZ: 00 | IE: 1 | PENDING: 0 | IN_INTR: 0 | DS: [] | RS: [10] | MEM: - | LATCH: PC | OUT: '' | drop
TICK: 002145 | PC: 00051 | STEP: 0 | IR: jmp 51 | A: 0 | AR: 1 | NZ: 00 | IE: 1 | PENDING: 0 | IN_INTR: 0 | DS: [] | RS: [10] | MEM: - | LATCH: PC | OUT: '' | jmp 51
TICK: 002146 | PC: 00056 | STEP: 0 | IR: literal 100 | A: 0 | AR: 1 | NZ: 00 | IE: 1 | PENDING: 0 | IN_INTR: 0 | DS: [100] | RS: [10] | MEM: - | LATCH: DS.push,PC | OUT: '' | literal 100
TICK: 002147 | PC: 00056 | STEP: 1 | IR: load 1 | A: 0 | AR: 1 | NZ: 00 | IE: 1 | PENDING: 0 | IN_INTR: 0 | DS: [100] | RS: [10] | MEM: - | LATCH: AR | OUT: '' | load.addr 1
TICK: 002148 | PC: 00061 | STEP: 0 | IR: load 1 | A: 0 | AR: 1 | NZ: 00 | IE: 1 | PENDING: 0 | IN_INTR: 0 | DS: [100, 53] | RS: [10] | MEM: read mem[1] | LATCH: DS.push,PC | OUT: '' | load.read
TICK: 002149 | PC: 00061 | STEP: 1 | IR: sub | A: 0 | AR: 1 | NZ: 00 | IE: 1 | PENDING: 0 | IN_INTR: 0 | DS: [] | RS: [10] | MEM: - | LATCH: ALU.left,ALU.right | OUT: '' | sub.load_operands
TICK: 002150 | PC: 00062 | STEP: 0 | IR: sub | A: 0 | AR: 1 | NZ: 00 | IE: 1 | PENDING: 0 | IN_INTR: 0 | DS: [47] | RS: [10] | MEM: - | LATCH: DS.push(ALU),PC | OUT: '' | sub.write_result
TICK: 002151 | PC: 00062 | STEP: 1 | IR: mif 72 | A: 0 | AR: 1 | NZ: 00 | IE: 1 | PENDING: 0 | IN_INTR: 0 | DS: [] | RS: [10] | MEM: - | LATCH: ALU.left | OUT: '' | mif.test
TICK: 002152 | PC: 00072 | STEP: 0 | IR: mif 72 | A: 0 | AR: 1 | NZ: 00 | IE: 1 | PENDING: 0 | IN_INTR: 0 | DS: [] | RS: [10] | MEM: - | LATCH: PC | OUT: '' | mif.branch
TICK: 002153 | PC: 00072 | STEP: 1 | IR: load 2 | A: 0 | AR: 2 | NZ: 00 | IE: 1 | PENDING: 0 | IN_INTR: 0 | DS: [] | RS: [10] | MEM: - | LATCH: AR | OUT: '' | load.addr 2
TICK: 002154 | PC: 00077 | STEP: 0 | IR: load 2 | A: 0 | AR: 2 | NZ: 00 | IE: 1 | PENDING: 0 | IN_INTR: 0 | DS: [1378] | RS: [10] | MEM: read mem[2] | LATCH: DS.push,PC | OUT: '' | load.read
TICK: 002155 | PC: 00077 | STEP: 1 | IR: load 1 | A: 0 | AR: 1 | NZ: 00 | IE: 1 | PENDING: 0 | IN_INTR: 0 | DS: [1378] | RS: [10] | MEM: - | LATCH: AR | OUT: '' | load.addr 1
TICK: 002156 | PC: 00082 | STEP: 0 | IR: load 1 | A: 0 | AR: 1 | NZ: 00 | IE: 1 | PENDING: 0 | IN_INTR: 0 | DS: [1378, 53] | RS: [10] | MEM: read mem[1] | LATCH: DS.push,PC | OUT: '' | load.read
TICK: 002157 | PC: 00082 | STEP: 1 | IR: add | A: 0 | AR: 1 | NZ: 00 | IE: 1 | PENDING: 0 | IN_INTR: 0 | DS: [] | RS: [10] | MEM: - | LATCH: ALU.left,ALU.right | OUT: '' | add.load_operands
TICK: 002158 | PC: 00083 | STEP: 0 | IR: add | A: 0 | AR: 1 | NZ: 00 | IE: 1 | PENDING: 0 | IN_INTR: 0 | DS: [1431] | RS: [10] | MEM: - | LATCH: DS.push(ALU),PC | OUT: '' | add.write_result
TICK: 002159 | PC: 00084 | STEP: 0 | IR: dup | A: 0 | AR: 1 | NZ: 00 | IE: 1 | PENDING: 0 | IN_INTR: 0 | DS: [1431, 1431] | RS: [10] | MEM: - | LATCH: DS.dup,PC | OUT: '' | dup
TICK: 002160 | PC: 00084 | STEP: 1 | IR: store 2 | A: 0 | AR: 2 | NZ: 00 | IE: 1 | PENDING: 0 | IN_INTR: 0 | DS: [1431, 1431] | RS: [10] | MEM: - | LATCH: AR | OUT: '' | store.addr 2
TICK: 002161 | PC: 00089 | STEP: 0 | IR: store 2 | A: 0 | AR: 2 | NZ: 00 | IE: 1 | PENDING: 0 | IN_INTR: 0 | DS: [1431] | RS: [10] | MEM: write mem[2] <- 1431 | LATCH: MEM,PC | OUT: '' | store.write
TICK: 002162 | PC: 00090 | STEP: 0 | IR: drop | A: 0 | AR: 2 | NZ: 00 | IE: 1 | PENDING: 0 | IN_INTR: 0 | DS: [] | RS: [10] | MEM: - | LATCH: PC | OUT: '' | drop
TICK: 002163 | PC: 00090 | STEP: 1 | IR: load 3 | A: 0 | AR: 3 | NZ: 00 | IE: 1 | PENDING: 0 | IN_INTR: 0 | DS: [] | RS: [10] | MEM: - | LATCH: AR | OUT: '' | load.addr 3
TICK: 002164 | PC: 00095 | STEP: 0 | IR: load 3 | A: 0 | AR: 3 | NZ: 00 | IE: 1 | PENDING: 0 | IN_INTR: 0 | DS: [48230] | RS: [10] | MEM: read mem[3] | LATCH: DS.push,PC | OUT: '' | load.read
TICK: 002165 | PC: 00095 | STEP: 1 | IR: load 1 | A: 0 | AR: 1 | NZ: 00 | IE: 1 | PENDING: 0 | IN_INTR: 0 | DS: [48230] | RS: [10] | MEM: - | LATCH: AR | OUT: '' | load.addr 1
TICK: 002166 | PC: 00100 | STEP: 0 | IR: load 1 | A: 0 | AR: 1 | NZ: 00 | IE: 1 | PENDING: 0 | IN_INTR: 0 | DS: [48230, 53] | RS: [10] | MEM: read mem[1] | LATCH: DS.push,PC | OUT: '' | load.read
TICK: 002167 | PC: 00100 | STEP: 1 | IR: load 1 | A: 0 | AR: 1 | NZ: 00 | IE: 1 | PENDING: 0 | IN_INTR: 0 | DS: [48230, 53] | RS: [10] | MEM: - | LATCH: AR | OUT: '' | load.addr 1
TICK: 002168 | PC: 00105 | STEP: 0 | IR: load 1 | A: 0 | AR: 1 | NZ: 00 | IE: 1 | PENDING: 0 | IN_INTR: 0 | DS: [48230, 53, 53] | RS: [10] | MEM: read mem[1] | LATCH: DS.push,PC | OUT: '' | load.read
TICK: 002169 | PC: 00105 | STEP: 1 | IR: mul | A: 0 | AR: 1 | NZ: 00 | IE: 1 | PENDING: 0 | IN_INTR: 0 | DS: [48230] | RS: [10] | MEM: - | LATCH: ALU.left,ALU.right | OUT: '' | mul.load_operands
TICK: 002170 | PC: 00106 | STEP: 0 | IR: mul | A: 0 | AR: 1 | NZ: 00 | IE: 1 | PENDING: 0 | IN_INTR: 0 | DS: [48230, 2809] | RS: [10] | MEM: - | LATCH: DS.push(ALU),PC | OUT: '' | mul.write_result
TICK: 002171 | PC: 00106 | STEP: 1 | IR: add | A: 0 | AR: 1 | NZ: 00 | IE: 1 | PENDING: 0 | IN_INTR: 0 | DS: [] | RS: [10] | MEM: - | LATCH: ALU.left,ALU.right | OUT: '' | add.load_operands
TICK: 002172 | PC: 00107 | STEP: 0 | IR: add | A: 0 | AR: 1 | NZ: 00 | IE: 1 | PENDING: 0 | IN_INTR: 0 | DS: [51039] | RS: [10] | MEM: - | LATCH: DS.push(ALU),PC | OUT: '' | add.write_result
TICK: 002173 | PC: 00108 | STEP: 0 | IR: dup | A: 0 | AR: 1 | NZ: 00 | IE: 1 | PENDING: 0 | IN_INTR: 0 | DS: [51039, 51039] | RS: [10] | MEM: - | LATCH: DS.dup,PC | OUT: '' | dup
TICK: 002174 | PC: 00108 | STEP: 1 | IR: store 3 | A: 0 | AR: 3 | NZ: 00 | IE: 1 | PENDING: 0 | IN_INTR: 0 | DS: [51039, 51039] | RS: [10] | MEM: - | LATCH: AR | OUT: '' | store.addr 3
TICK: 002175 | PC: 00113 | STEP: 0 | IR: store 3 | A: 0 | AR: 3 | NZ: 00 | IE: 1 | PENDING: 0 | IN_INTR: 0 | DS: [51039] | RS: [10] | MEM: write mem[3] <- 51039 | LATCH: MEM,PC | OUT: '' | store.write
TICK: 002176 | PC: 00114 | STEP: 0 | IR: drop | A: 0 | AR: 3 | NZ: 00 | IE: 1 | PENDING: 0 | IN_INTR: 0 | DS: [] | RS: [10] | MEM: - | LATCH: PC | OUT: '' | drop
TICK: 002177 | PC: 00114 | STEP: 1 | IR: load 1 | A: 0 | AR: 1 | NZ: 00 | IE: 1 | PENDING: 0 | IN_INTR: 0 | DS: [] | RS: [10] | MEM: - | LATCH: AR | OUT: '' | load.addr 1
TICK: 002178 | PC: 00119 | STEP: 0 | IR: load 1 | A: 0 | AR: 1 | NZ: 00 | IE: 1 | PENDING: 0 | IN_INTR: 0 | DS: [53] | RS: [10] | MEM: read mem[1] | LATCH: DS.push,PC | OUT: '' | load.read
TICK: 002179 | PC: 00124 | STEP: 0 | IR: literal 1 | A: 0 | AR: 1 | NZ: 00 | IE: 1 | PENDING: 0 | IN_INTR: 0 | DS: [53, 1] | RS: [10] | MEM: - | LATCH: DS.push,PC | OUT: '' | literal 1
TICK: 002180 | PC: 00124 | STEP: 1 | IR: add | A: 0 | AR: 1 | NZ: 00 | IE: 1 | PENDING: 0 | IN_INTR: 0 | DS: [] | RS: [10] | MEM: - | LATCH: ALU.left,ALU.right | OUT: '' | add.load_operands
TICK: 002181 | PC: 00125 | STEP: 0 | IR: add | A: 0 | AR: 1 | NZ: 00 | IE: 1 | PENDING: 0 | IN_INTR: 0 | DS: [54] | RS: [10] | MEM: - | LATCH: DS.push(ALU),PC | OUT: '' | add.write_result
TICK: 002182 | PC: 00126 | STEP: 0 | IR: dup | A: 0 | AR: 1 | NZ: 00 | IE: 1 | PENDING: 0 | IN_INTR: 0 | DS: [54, 54] | RS: [10] | MEM: - | LATCH: DS.dup,PC | OUT: '' | dup
TICK: 002183 | PC: 00126 | STEP: 1 | IR: store 1 | A: 0 | AR: 1 | NZ: 00 | IE: 1 | PENDING: 0 | IN_INTR: 0 | DS: [54, 54] | RS: [10] | MEM: - | LATCH: AR | OUT: '' | store.addr 1
TICK: 002184 | PC: 00131 | STEP: 0 | IR: store 1 | A: 0 | AR: 1 | NZ: 00 | IE: 1 | PENDING: 0 | IN_INTR: 0 | DS: [54] | RS: [10] | MEM: write mem[1] <- 54 | LATCH: MEM,PC | OUT: '' | store.write
TICK: 002185 | PC: 00132 | STEP: 0 | IR: drop | A: 0 | AR: 1 | NZ: 00 | IE: 1 | PENDING: 0 | IN_INTR: 0 | DS: [] | RS: [10] | MEM: - | LATCH: PC | OUT: '' | drop
TICK: 002186 | PC: 00051 | STEP: 0 | IR: jmp 51 | A: 0 | AR: 1 | NZ: 00 | IE: 1 | PENDING: 0 | IN_INTR: 0 | DS: [] | RS: [10] | MEM: - | LATCH: PC | OUT: '' | jmp 51
TICK: 002187 | PC: 00056 | STEP: 0 | IR: literal 100 | A: 0 | AR: 1 | NZ: 00 | IE: 1 | PENDING: 0 | IN_INTR: 0 | DS: [100] | RS: [10] | MEM: - | LATCH: DS.push,PC | OUT: '' | literal 100
TICK: 002188 | PC: 00056 | STEP: 1 | IR: load 1 | A: 0 | AR: 1 | NZ: 00 | IE: 1 | PENDING: 0 | IN_INTR: 0 | DS: [100] | RS: [10] | MEM: - | LATCH: AR | OUT: '' | load.addr 1
TICK: 002189 | PC: 00061 | STEP: 0 | IR: load 1 | A: 0 | AR: 1 | NZ: 00 | IE: 1 | PENDING: 0 | IN_INTR: 0 | DS: [100, 54] | RS: [10] | MEM: read mem[1] | LATCH: DS.push,PC | OUT: '' | load.read
TICK: 002190 | PC: 00061 | STEP: 1 | IR: sub | A: 0 | AR: 1 | NZ: 00 | IE: 1 | PENDING: 0 | IN_INTR: 0 | DS: [] | RS: [10] | MEM: - | LATCH: ALU.left,ALU.right | OUT: '' | sub.load_operands
TICK: 002191 | PC: 00062 | STEP: 0 | IR: sub | A: 0 | AR: 1 | NZ: 00 | IE: 1 | PENDING: 0 | IN_INTR: 0 | DS: [46] | RS: [10] | MEM: - | LATCH: DS.push(ALU),PC | OUT: '' | sub.write_result
TICK: 002192 | PC: 00062 | STEP: 1 | IR: mif 72 | A: 0 | AR: 1 | NZ: 00 | IE: 1 | PENDING: 0 | IN_INTR: 0 | DS: [] | RS: [10] | MEM: - | LATCH: ALU.left | OUT: '' | mif.test
TICK: 002193 | PC: 00072 | STEP: 0 | IR: mif 72 | A: 0 | AR: 1 | NZ: 00 | IE: 1 | PENDING: 0 | IN_INTR: 0 | DS: [] | RS: [10] | MEM: - | LATCH: PC | OUT: '' | mif.branch
TICK: 002194 | PC: 00072 | STEP: 1 | IR: load 2 | A: 0 | AR: 2 | NZ: 00 | IE: 1 | PENDING: 0 | IN_INTR: 0 | DS: [] | RS: [10] | MEM: - | LATCH: AR | OUT: '' | load.addr 2
TICK: 002195 | PC: 00077 | STEP: 0 | IR: load 2 | A: 0 | AR: 2 | NZ: 00 | IE: 1 | PENDING: 0 | IN_INTR: 0 | DS: [1431] | RS: [10] | MEM: read mem[2] | LATCH: DS.push,PC | OUT: '' | load.read
TICK: 002196 | PC: 00077 | STEP: 1 | IR: load 1 | A: 0 | AR: 1 | NZ: 00 | IE: 1 | PENDING: 0 | IN_INTR: 0 | DS: [1431] | RS: [10] | MEM: - | LATCH: AR | OUT: '' | load.addr 1
TICK: 002197 | PC: 00082 | STEP: 0 | IR: load 1 | A: 0 | AR: 1 | NZ: 00 | IE: 1 | PENDING: 0 | IN_INTR: 0 | DS: [1431, 54] | RS: [10] | MEM: read mem[1] | LATCH: DS.push,PC | OUT: '' | load.read
TICK: 002198 | PC: 00082 | STEP: 1 | IR: add | A: 0 | AR: 1 | NZ: 00 | IE: 1 | PENDING: 0 | IN_INTR: 0 | DS: [] | RS: [10] | MEM: - | LATCH: ALU.left,ALU.right | OUT: '' | add.load_operands
TICK: 002199 | PC: 00083 | STEP: 0 | IR: add | A: 0 | AR: 1 | NZ: 00 | IE: 1 | PENDING: 0 | IN_INTR: 0 | DS: [1485] | RS: [10] | MEM: - | LATCH: DS.push(ALU),PC | OUT: '' | add.write_result
TICK: 002200 | PC: 00084 | STEP: 0 | IR: dup | A: 0 | AR: 1 | NZ: 00 | IE: 1 | PENDING: 0 | IN_INTR: 0 | DS: [1485, 1485] | RS: [10] | MEM: - | LATCH: DS.dup,PC | OUT: '' | dup
TICK: 002201 | PC: 00084 | STEP: 1 | IR: store 2 | A: 0 | AR: 2 | NZ: 00 | IE: 1 | PENDING: 0 | IN_INTR: 0 | DS: [1485, 1485] | RS: [10] | MEM: - | LATCH: AR | OUT: '' | store.addr 2
TICK: 002202 | PC: 00089 | STEP: 0 | IR: store 2 | A: 0 | AR: 2 | NZ: 00 | IE: 1 | PENDING: 0 | IN_INTR: 0 | DS: [1485] | RS: [10] | MEM: write mem[2] <- 1485 | LATCH: MEM,PC | OUT: '' | store.write
TICK: 002203 | PC: 00090 | STEP: 0 | IR: drop | A: 0 | AR: 2 | NZ: 00 | IE: 1 | PENDING: 0 | IN_INTR: 0 | DS: [] | RS: [10] | MEM: - | LATCH: PC | OUT: '' | drop
TICK: 002204 | PC: 00090 | STEP: 1 | IR: load 3 | A: 0 | AR: 3 | NZ: 00 | IE: 1 | PENDING: 0 | IN_INTR: 0 | DS: [] | RS: [10] | MEM: - | LATCH: AR | OUT: '' | load.addr 3
TICK: 002205 | PC: 00095 | STEP: 0 | IR: load 3 | A: 0 | AR: 3 | NZ: 00 | IE: 1 | PENDING: 0 | IN_INTR: 0 | DS: [51039] | RS: [10] | MEM: read mem[3] | LATCH: DS.push,PC | OUT: '' | load.read
TICK: 002206 | PC: 00095 | STEP: 1 | IR: load 1 | A: 0 | AR: 1 | NZ: 00 | IE: 1 | PENDING: 0 | IN_INTR: 0 | DS: [51039] | RS: [10] | MEM: - | LATCH: AR | OUT: '' | load.addr 1
TICK: 002207 | PC: 00100 | STEP: 0 | IR: load 1 | A: 0 | AR: 1 | NZ: 00 | IE: 1 | PENDING: 0 | IN_INTR: 0 | DS: [51039, 54] | RS: [10] | MEM: read mem[1] | LATCH: DS.push,PC | OUT: '' | load.read
TICK: 002208 | PC: 00100 | STEP: 1 | IR: load 1 | A: 0 | AR: 1 | NZ: 00 | IE: 1 | PENDING: 0 | IN_INTR: 0 | DS: [51039, 54] | RS: [10] | MEM: - | LATCH: AR | OUT: '' | load.addr 1
TICK: 002209 | PC: 00105 | STEP: 0 | IR: load 1 | A: 0 | AR: 1 | NZ: 00 | IE: 1 | PENDING: 0 | IN_INTR: 0 | DS: [51039, 54, 54] | RS: [10] | MEM: read mem[1] | LATCH: DS.push,PC | OUT: '' | load.read
TICK: 002210 | PC: 00105 | STEP: 1 | IR: mul | A: 0 | AR: 1 | NZ: 00 | IE: 1 | PENDING: 0 | IN_INTR: 0 | DS: [51039] | RS: [10] | MEM: - | LATCH: ALU.left,ALU.right | OUT: '' | mul.load_operands
TICK: 002211 | PC: 00106 | STEP: 0 | IR: mul | A: 0 | AR: 1 | NZ: 00 | IE: 1 | PENDING: 0 | IN_INTR: 0 | DS: [51039, 2916] | RS: [10] | MEM: - | LATCH: DS.push(ALU),PC | OUT: '' | mul.write_result
TICK: 002212 | PC: 00106 | STEP: 1 | IR: add | A: 0 | AR: 1 | NZ: 00 | IE: 1 | PENDING: 0 | IN_INTR: 0 | DS: [] | RS: [10] | MEM: - | LATCH: ALU.left,ALU.right | OUT: '' | add.load_operands
TICK: 002213 | PC: 00107 | STEP: 0 | IR: add | A: 0 | AR: 1 | NZ: 00 | IE: 1 | PENDING: 0 | IN_INTR: 0 | DS: [53955] | RS: [10] | MEM: - | LATCH: DS.push(ALU),PC | OUT: '' | add.write_result
TICK: 002214 | PC: 00108 | STEP: 0 | IR: dup | A: 0 | AR: 1 | NZ: 00 | IE: 1 | PENDING: 0 | IN_INTR: 0 | DS: [53955, 53955] | RS: [10] | MEM: - | LATCH: DS.dup,PC | OUT: '' | dup
TICK: 002215 | PC: 00108 | STEP: 1 | IR: store 3 | A: 0 | AR: 3 | NZ: 00 | IE: 1 | PENDING: 0 | IN_INTR: 0 | DS: [53955, 53955] | RS: [10] | MEM: - | LATCH: AR | OUT: '' | store.addr 3
TICK: 002216 | PC: 00113 | STEP: 0 | IR: store 3 | A: 0 | AR: 3 | NZ: 00 | IE: 1 | PENDING: 0 | IN_INTR: 0 | DS: [53955] | RS: [10] | MEM: write mem[3] <- 53955 | LATCH: MEM,PC | OUT: '' | store.write
TICK: 002217 | PC: 00114 | STEP: 0 | IR: drop | A: 0 | AR: 3 | NZ: 00 | IE: 1 | PENDING: 0 | IN_INTR: 0 | DS: [] | RS: [10] | MEM: - | LATCH: PC | OUT: '' | drop
TICK: 002218 | PC: 00114 | STEP: 1 | IR: load 1 | A: 0 | AR: 1 | NZ: 00 | IE: 1 | PENDING: 0 | IN_INTR: 0 | DS: [] | RS: [10] | MEM: - | LATCH: AR | OUT: '' | load.addr 1
TICK: 002219 | PC: 00119 | STEP: 0 | IR: load 1 | A: 0 | AR: 1 | NZ: 00 | IE: 1 | PENDING: 0 | IN_INTR: 0 | DS: [54] | RS: [10] | MEM: read mem[1] | LATCH: DS.push,PC | OUT: '' | load.read
TICK: 002220 | PC: 00124 | STEP: 0 | IR: literal 1 | A: 0 | AR: 1 | NZ: 00 | IE: 1 | PENDING: 0 | IN_INTR: 0 | DS: [54, 1] | RS: [10] | MEM: - | LATCH: DS.push,PC | OUT: '' | literal 1
TICK: 002221 | PC: 00124 | STEP: 1 | IR: add | A: 0 | AR: 1 | NZ: 00 | IE: 1 | PENDING: 0 | IN_INTR: 0 | DS: [] | RS: [10] | MEM: - | LATCH: ALU.left,ALU.right | OUT: '' | add.load_operands
TICK: 002222 | PC: 00125 | STEP: 0 | IR: add | A: 0 | AR: 1 | NZ: 00 | IE: 1 | PENDING: 0 | IN_INTR: 0 | DS: [55] | RS: [10] | MEM: - | LATCH: DS.push(ALU),PC | OUT: '' | add.write_result
TICK: 002223 | PC: 00126 | STEP: 0 | IR: dup | A: 0 | AR: 1 | NZ: 00 | IE: 1 | PENDING: 0 | IN_INTR: 0 | DS: [55, 55] | RS: [10] | MEM: - | LATCH: DS.dup,PC | OUT: '' | dup
TICK: 002224 | PC: 00126 | STEP: 1 | IR: store 1 | A: 0 | AR: 1 | NZ: 00 | IE: 1 | PENDING: 0 | IN_INTR: 0 | DS: [55, 55] | RS: [10] | MEM: - | LATCH: AR | OUT: '' | store.addr 1
TICK: 002225 | PC: 00131 | STEP: 0 | IR: store 1 | A: 0 | AR: 1 | NZ: 00 | IE: 1 | PENDING: 0 | IN_INTR: 0 | DS: [55] | RS: [10] | MEM: write mem[1] <- 55 | LATCH: MEM,PC | OUT: '' | store.write
TICK: 002226 | PC: 00132 | STEP: 0 | IR: drop | A: 0 | AR: 1 | NZ: 00 | IE: 1 | PENDING: 0 | IN_INTR: 0 | DS: [] | RS: [10] | MEM: - | LATCH: PC | OUT: '' | drop
TICK: 002227 | PC: 00051 | STEP: 0 | IR: jmp 51 | A: 0 | AR: 1 | NZ: 00 | IE: 1 | PENDING: 0 | IN_INTR: 0 | DS: [] | RS: [10] | MEM: - | LATCH: PC | OUT: '' | jmp 51
TICK: 002228 | PC: 00056 | STEP: 0 | IR: literal 100 | A: 0 | AR: 1 | NZ: 00 | IE: 1 | PENDING: 0 | IN_INTR: 0 | DS: [100] | RS: [10] | MEM: - | LATCH: DS.push,PC | OUT: '' | literal 100
TICK: 002229 | PC: 00056 | STEP: 1 | IR: load 1 | A: 0 | AR: 1 | NZ: 00 | IE: 1 | PENDING: 0 | IN_INTR: 0 | DS: [100] | RS: [10] | MEM: - | LATCH: AR | OUT: '' | load.addr 1
TICK: 002230 | PC: 00061 | STEP: 0 | IR: load 1 | A: 0 | AR: 1 | NZ: 00 | IE: 1 | PENDING: 0 | IN_INTR: 0 | DS: [100, 55] | RS: [10] | MEM: read mem[1] | LATCH: DS.push,PC | OUT: '' | load.read
TICK: 002231 | PC: 00061 | STEP: 1 | IR: sub | A: 0 | AR: 1 | NZ: 00 | IE: 1 | PENDING: 0 | IN_INTR: 0 | DS: [] | RS: [10] | MEM: - | LATCH: ALU.left,ALU.right | OUT: '' | sub.load_operands
TICK: 002232 | PC: 00062 | STEP: 0 | IR: sub | A: 0 | AR: 1 | NZ: 00 | IE: 1 | PENDING: 0 | IN_INTR: 0 | DS: [45] | RS: [10] | MEM: - | LATCH: DS.push(ALU),PC | OUT: '' | sub.write_result
TICK: 002233 | PC: 00062 | STEP: 1 | IR: mif 72 | A: 0 | AR: 1 | NZ: 00 | IE: 1 | PENDING: 0 | IN_INTR: 0 | DS: [] | RS: [10] | MEM: - | LATCH: ALU.left | OUT: '' | mif.test
TICK: 002234 | PC: 00072 | STEP: 0 | IR: mif 72 | A: 0 | AR: 1 | NZ: 00 | IE: 1 | PENDING: 0 | IN_INTR: 0 | DS: [] | RS: [10] | MEM: - | LATCH: PC | OUT: '' | mif.branch
TICK: 002235 | PC: 00072 | STEP: 1 | IR: load 2 | A: 0 | AR: 2 | NZ: 00 | IE: 1 | PENDING: 0 | IN_INTR: 0 | DS: [] | RS: [10] | MEM: - | LATCH: AR | OUT: '' | load.addr 2
TICK: 002236 | PC: 00077 | STEP: 0 | IR: load 2 | A: 0 | AR: 2 | NZ: 00 | IE: 1 | PENDING: 0 | IN_INTR: 0 | DS: [1485] | RS: [10] | MEM: read mem[2] | LATCH: DS.push,PC | OUT: '' | load.read
TICK: 002237 | PC: 00077 | STEP: 1 | IR: load 1 | A: 0 | AR: 1 | NZ: 00 | IE: 1 | PENDING: 0 | IN_INTR: 0 | DS: [1485] | RS: [10] | MEM: - | LATCH: AR | OUT: '' | load.addr 1
TICK: 002238 | PC: 00082 | STEP: 0 | IR: load 1 | A: 0 | AR: 1 | NZ: 00 | IE: 1 | PENDING: 0 | IN_INTR: 0 | DS: [1485, 55] | RS: [10] | MEM: read mem[1] | LATCH: DS.push,PC | OUT: '' | load.read
TICK: 002239 | PC: 00082 | STEP: 1 | IR: add | A: 0 | AR: 1 | NZ: 00 | IE: 1 | PENDING: 0 | IN_INTR: 0 | DS: [] | RS: [10] | MEM: - | LATCH: ALU.left,ALU.right | OUT: '' | add.load_operands
TICK: 002240 | PC: 00083 | STEP: 0 | IR: add | A: 0 | AR: 1 | NZ: 00 | IE: 1 | PENDING: 0 | IN_INTR: 0 | DS: [1540] | RS: [10] | MEM: - | LATCH: DS.push(ALU),PC | OUT: '' | add.write_result
TICK: 002241 | PC: 00084 | STEP: 0 | IR: dup | A: 0 | AR: 1 | NZ: 00 | IE: 1 | PENDING: 0 | IN_INTR: 0 | DS: [1540, 1540] | RS: [10] | MEM: - | LATCH: DS.dup,PC | OUT: '' | dup
TICK: 002242 | PC: 00084 | STEP: 1 | IR: store 2 | A: 0 | AR: 2 | NZ: 00 | IE: 1 | PENDING: 0 | IN_INTR: 0 | DS: [1540, 1540] | RS: [10] | MEM: - | LATCH: AR | OUT: '' | store.addr 2
TICK: 002243 | PC: 00089 | STEP: 0 | IR: store 2 | A: 0 | AR: 2 | NZ: 00 | IE: 1 | PENDING: 0 | IN_INTR: 0 | DS: [1540] | RS: [10] | MEM: write mem[2] <- 1540 | LATCH: MEM,PC | OUT: '' | store.write
TICK: 002244 | PC: 00090 | STEP: 0 | IR: drop | A: 0 | AR: 2 | NZ: 00 | IE: 1 | PENDING: 0 | IN_INTR: 0 | DS: [] | RS: [10] | MEM: - | LATCH: PC | OUT: '' | drop
TICK: 002245 | PC: 00090 | STEP: 1 | IR: load 3 | A: 0 | AR: 3 | NZ: 00 | IE: 1 | PENDING: 0 | IN_INTR: 0 | DS: [] | RS: [10] | MEM: - | LATCH: AR | OUT: '' | load.addr 3
TICK: 002246 | PC: 00095 | STEP: 0 | IR: load 3 | A: 0 | AR: 3 | NZ: 00 | IE: 1 | PENDING: 0 | IN_INTR: 0 | DS: [53955] | RS: [10] | MEM: read mem[3] | LATCH: DS.push,PC | OUT: '' | load.read
TICK: 002247 | PC: 00095 | STEP: 1 | IR: load 1 | A: 0 | AR: 1 | NZ: 00 | IE: 1 | PENDING: 0 | IN_INTR: 0 | DS: [53955] | RS: [10] | MEM: - | LATCH: AR | OUT: '' | load.addr 1
TICK: 002248 | PC: 00100 | STEP: 0 | IR: load 1 | A: 0 | AR: 1 | NZ: 00 | IE: 1 | PENDING: 0 | IN_INTR: 0 | DS: [53955, 55] | RS: [10] | MEM: read mem[1] | LATCH: DS.push,PC | OUT: '' | load.read
TICK: 002249 | PC: 00100 | STEP: 1 | IR: load 1 | A: 0 | AR: 1 | NZ: 00 | IE: 1 | PENDING: 0 | IN_INTR: 0 | DS: [53955, 55] | RS: [10] | MEM: - | LATCH: AR | OUT: '' | load.addr 1
TICK: 002250 | PC: 00105 | STEP: 0 | IR: load 1 | A: 0 | AR: 1 | NZ: 00 | IE: 1 | PENDING: 0 | IN_INTR: 0 | DS: [53955, 55, 55] | RS: [10] | MEM: read mem[1] | LATCH: DS.push,PC | OUT: '' | load.read
TICK: 002251 | PC: 00105 | STEP: 1 | IR: mul | A: 0 | AR: 1 | NZ: 00 | IE: 1 | PENDING: 0 | IN_INTR: 0 | DS: [53955] | RS: [10] | MEM: - | LATCH: ALU.left,ALU.right | OUT: '' | mul.load_operands
TICK: 002252 | PC: 00106 | STEP: 0 | IR: mul | A: 0 | AR: 1 | NZ: 00 | IE: 1 | PENDING: 0 | IN_INTR: 0 | DS: [53955, 3025] | RS: [10] | MEM: - | LATCH: DS.push(ALU),PC | OUT: '' | mul.write_result
TICK: 002253 | PC: 00106 | STEP: 1 | IR: add | A: 0 | AR: 1 | NZ: 00 | IE: 1 | PENDING: 0 | IN_INTR: 0 | DS: [] | RS: [10] | MEM: - | LATCH: ALU.left,ALU.right | OUT: '' | add.load_operands
TICK: 002254 | PC: 00107 | STEP: 0 | IR: add | A: 0 | AR: 1 | NZ: 00 | IE: 1 | PENDING: 0 | IN_INTR: 0 | DS: [56980] | RS: [10] | MEM: - | LATCH: DS.push(ALU),PC | OUT: '' | add.write_result
TICK: 002255 | PC: 00108 | STEP: 0 | IR: dup | A: 0 | AR: 1 | NZ: 00 | IE: 1 | PENDING: 0 | IN_INTR: 0 | DS: [56980, 56980] | RS: [10] | MEM: - | LATCH: DS.dup,PC | OUT: '' | dup
TICK: 002256 | PC: 00108 | STEP: 1 | IR: store 3 | A: 0 | AR: 3 | NZ: 00 | IE: 1 | PENDING: 0 | IN_INTR: 0 | DS: [56980, 56980] | RS: [10] | MEM: - | LATCH: AR | OUT: '' | store.addr 3
TICK: 002257 | PC: 00113 | STEP: 0 | IR: store 3 | A: 0 | AR: 3 | NZ: 00 | IE: 1 | PENDING: 0 | IN_INTR: 0 | DS: [56980] | RS: [10] | MEM: write mem[3] <- 56980 | LATCH: MEM,PC | OUT: '' | store.write
TICK: 002258 | PC: 00114 | STEP: 0 | IR: drop | A: 0 | AR: 3 | NZ: 00 | IE: 1 | PENDING: 0 | IN_INTR: 0 | DS: [] | RS: [10] | MEM: - | LATCH: PC | OUT: '' | drop
TICK: 002259 | PC: 00114 | STEP: 1 | IR: load 1 | A: 0 | AR: 1 | NZ: 00 | IE: 1 | PENDING: 0 | IN_INTR: 0 | DS: [] | RS: [10] | MEM: - | LATCH: AR | OUT: '' | load.addr 1
TICK: 002260 | PC: 00119 | STEP: 0 | IR: load 1 | A: 0 | AR: 1 | NZ: 00 | IE: 1 | PENDING: 0 | IN_INTR: 0 | DS: [55] | RS: [10] | MEM: read mem[1] | LATCH: DS.push,PC | OUT: '' | load.read
TICK: 002261 | PC: 00124 | STEP: 0 | IR: literal 1 | A: 0 | AR: 1 | NZ: 00 | IE: 1 | PENDING: 0 | IN_INTR: 0 | DS: [55, 1] | RS: [10] | MEM: - | LATCH: DS.push,PC | OUT: '' | literal 1
TICK: 002262 | PC: 00124 | STEP: 1 | IR: add | A: 0 | AR: 1 | NZ: 00 | IE: 1 | PENDING: 0 | IN_INTR: 0 | DS: [] | RS: [10] | MEM: - | LATCH: ALU.left,ALU.right | OUT: '' | add.load_operands
TICK: 002263 | PC: 00125 | STEP: 0 | IR: add | A: 0 | AR: 1 | NZ: 00 | IE: 1 | PENDING: 0 | IN_INTR: 0 | DS: [56] | RS: [10] | MEM: - | LATCH: DS.push(ALU),PC | OUT: '' | add.write_result
TICK: 002264 | PC: 00126 | STEP: 0 | IR: dup | A: 0 | AR: 1 | NZ: 00 | IE: 1 | PENDING: 0 | IN_INTR: 0 | DS: [56, 56] | RS: [10] | MEM: - | LATCH: DS.dup,PC | OUT: '' | dup
TICK: 002265 | PC: 00126 | STEP: 1 | IR: store 1 | A: 0 | AR: 1 | NZ: 00 | IE: 1 | PENDING: 0 | IN_INTR: 0 | DS: [56, 56] | RS: [10] | MEM: - | LATCH: AR | OUT: '' | store.addr 1
TICK: 002266 | PC: 00131 | STEP: 0 | IR: store 1 | A: 0 | AR: 1 | NZ: 00 | IE: 1 | PENDING: 0 | IN_INTR: 0 | DS: [56] | RS: [10] | MEM: write mem[1] <- 56 | LATCH: MEM,PC | OUT: '' | store.write
TICK: 002267 | PC: 00132 | STEP: 0 | IR: drop | A: 0 | AR: 1 | NZ: 00 | IE: 1 | PENDING: 0 | IN_INTR: 0 | DS: [] | RS: [10] | MEM: - | LATCH: PC | OUT: '' | drop
TICK: 002268 | PC: 00051 | STEP: 0 | IR: jmp 51 | A: 0 | AR: 1 | NZ: 00 | IE: 1 | PENDING: 0 | IN_INTR: 0 | DS: [] | RS: [10] | MEM: - | LATCH: PC | OUT: '' | jmp 51
TICK: 002269 | PC: 00056 | STEP: 0 | IR: literal 100 | A: 0 | AR: 1 | NZ: 00 | IE: 1 | PENDING: 0 | IN_INTR: 0 | DS: [100] | RS: [10] | MEM: - | LATCH: DS.push,PC | OUT: '' | literal 100
TICK: 002270 | PC: 00056 | STEP: 1 | IR: load 1 | A: 0 | AR: 1 | NZ: 00 | IE: 1 | PENDING: 0 | IN_INTR: 0 | DS: [100] | RS: [10] | MEM: - | LATCH: AR | OUT: '' | load.addr 1
TICK: 002271 | PC: 00061 | STEP: 0 | IR: load 1 | A: 0 | AR: 1 | NZ: 00 | IE: 1 | PENDING: 0 | IN_INTR: 0 | DS: [100, 56] | RS: [10] | MEM: read mem[1] | LATCH: DS.push,PC | OUT: '' | load.read
TICK: 002272 | PC: 00061 | STEP: 1 | IR: sub | A: 0 | AR: 1 | NZ: 00 | IE: 1 | PENDING: 0 | IN_INTR: 0 | DS: [] | RS: [10] | MEM: - | LATCH: ALU.left,ALU.right | OUT: '' | sub.load_operands
TICK: 002273 | PC: 00062 | STEP: 0 | IR: sub | A: 0 | AR: 1 | NZ: 00 | IE: 1 | PENDING: 0 | IN_INTR: 0 | DS: [44] | RS: [10] | MEM: - | LATCH: DS.push(ALU),PC | OUT: '' | sub.write_result
TICK: 002274 | PC: 00062 | STEP: 1 | IR: mif 72 | A: 0 | AR: 1 | NZ: 00 | IE: 1 | PENDING: 0 | IN_INTR: 0 | DS: [] | RS: [10] | MEM: - | LATCH: ALU.left | OUT: '' | mif.test
TICK: 002275 | PC: 00072 | STEP: 0 | IR: mif 72 | A: 0 | AR: 1 | NZ: 00 | IE: 1 | PENDING: 0 | IN_INTR: 0 | DS: [] | RS: [10] | MEM: - | LATCH: PC | OUT: '' | mif.branch
TICK: 002276 | PC: 00072 | STEP: 1 | IR: load 2 | A: 0 | AR: 2 | NZ: 00 | IE: 1 | PENDING: 0 | IN_INTR: 0 | DS: [] | RS: [10] | MEM: - | LATCH: AR | OUT: '' | load.addr 2
TICK: 002277 | PC: 00077 | STEP: 0 | IR: load 2 | A: 0 | AR: 2 | NZ: 00 | IE: 1 | PENDING: 0 | IN_INTR: 0 | DS: [1540] | RS: [10] | MEM: read mem[2] | LATCH: DS.push,PC | OUT: '' | load.read
TICK: 002278 | PC: 00077 | STEP: 1 | IR: load 1 | A: 0 | AR: 1 | NZ: 00 | IE: 1 | PENDING: 0 | IN_INTR: 0 | DS: [1540] | RS: [10] | MEM: - | LATCH: AR | OUT: '' | load.addr 1
TICK: 002279 | PC: 00082 | STEP: 0 | IR: load 1 | A: 0 | AR: 1 | NZ: 00 | IE: 1 | PENDING: 0 | IN_INTR: 0 | DS: [1540, 56] | RS: [10] | MEM: read mem[1] | LATCH: DS.push,PC | OUT: '' | load.read
TICK: 002280 | PC: 00082 | STEP: 1 | IR: add | A: 0 | AR: 1 | NZ: 00 | IE: 1 | PENDING: 0 | IN_INTR: 0 | DS: [] | RS: [10] | MEM: - | LATCH: ALU.left,ALU.right | OUT: '' | add.load_operands
TICK: 002281 | PC: 00083 | STEP: 0 | IR: add | A: 0 | AR: 1 | NZ: 00 | IE: 1 | PENDING: 0 | IN_INTR: 0 | DS: [1596] | RS: [10] | MEM: - | LATCH: DS.push(ALU),PC | OUT: '' | add.write_result
TICK: 002282 | PC: 00084 | STEP: 0 | IR: dup | A: 0 | AR: 1 | NZ: 00 | IE: 1 | PENDING: 0 | IN_INTR: 0 | DS: [1596, 1596] | RS: [10] | MEM: - | LATCH: DS.dup,PC | OUT: '' | dup
TICK: 002283 | PC: 00084 | STEP: 1 | IR: store 2 | A: 0 | AR: 2 | NZ: 00 | IE: 1 | PENDING: 0 | IN_INTR: 0 | DS: [1596, 1596] | RS: [10] | MEM: - | LATCH: AR | OUT: '' | store.addr 2
TICK: 002284 | PC: 00089 | STEP: 0 | IR: store 2 | A: 0 | AR: 2 | NZ: 00 | IE: 1 | PENDING: 0 | IN_INTR: 0 | DS: [1596] | RS: [10] | MEM: write mem[2] <- 1596 | LATCH: MEM,PC | OUT: '' | store.write
TICK: 002285 | PC: 00090 | STEP: 0 | IR: drop | A: 0 | AR: 2 | NZ: 00 | IE: 1 | PENDING: 0 | IN_INTR: 0 | DS: [] | RS: [10] | MEM: - | LATCH: PC | OUT: '' | drop
TICK: 002286 | PC: 00090 | STEP: 1 | IR: load 3 | A: 0 | AR: 3 | NZ: 00 | IE: 1 | PENDING: 0 | IN_INTR: 0 | DS: [] | RS: [10] | MEM: - | LATCH: AR | OUT: '' | load.addr 3
TICK: 002287 | PC: 00095 | STEP: 0 | IR: load 3 | A: 0 | AR: 3 | NZ: 00 | IE: 1 | PENDING: 0 | IN_INTR: 0 | DS: [56980] | RS: [10] | MEM: read mem[3] | LATCH: DS.push,PC | OUT: '' | load.read
TICK: 002288 | PC: 00095 | STEP: 1 | IR: load 1 | A: 0 | AR: 1 | NZ: 00 | IE: 1 | PENDING: 0 | IN_INTR: 0 | DS: [56980] | RS: [10] | MEM: - | LATCH: AR | OUT: '' | load.addr 1
TICK: 002289 | PC: 00100 | STEP: 0 | IR: load 1 | A: 0 | AR: 1 | NZ: 00 | IE: 1 | PENDING: 0 | IN_INTR: 0 | DS: [56980, 56] | RS: [10] | MEM: read mem[1] | LATCH: DS.push,PC | OUT: '' | load.read
TICK: 002290 | PC: 00100 | STEP: 1 | IR: load 1 | A: 0 | AR: 1 | NZ: 00 | IE: 1 | PENDING: 0 | IN_INTR: 0 | DS: [56980, 56] | RS: [10] | MEM: - | LATCH: AR | OUT: '' | load.addr 1
TICK: 002291 | PC: 00105 | STEP: 0 | IR: load 1 | A: 0 | AR: 1 | NZ: 00 | IE: 1 | PENDING: 0 | IN_INTR: 0 | DS: [56980, 56, 56] | RS: [10] | MEM: read mem[1] | LATCH: DS.push,PC | OUT: '' | load.read
TICK: 002292 | PC: 00105 | STEP: 1 | IR: mul | A: 0 | AR: 1 | NZ: 00 | IE: 1 | PENDING: 0 | IN_INTR: 0 | DS: [56980] | RS: [10] | MEM: - | LATCH: ALU.left,ALU.right | OUT: '' | mul.load_operands
TICK: 002293 | PC: 00106 | STEP: 0 | IR: mul | A: 0 | AR: 1 | NZ: 00 | IE: 1 | PENDING: 0 | IN_INTR: 0 | DS: [56980, 3136] | RS: [10] | MEM: - | LATCH: DS.push(ALU),PC | OUT: '' | mul.write_result
TICK: 002294 | PC: 00106 | STEP: 1 | IR: add | A: 0 | AR: 1 | NZ: 00 | IE: 1 | PENDING: 0 | IN_INTR: 0 | DS: [] | RS: [10] | MEM: - | LATCH: ALU.left,ALU.right | OUT: '' | add.load_operands
TICK: 002295 | PC: 00107 | STEP: 0 | IR: add | A: 0 | AR: 1 | NZ: 00 | IE: 1 | PENDING: 0 | IN_INTR: 0 | DS: [60116] | RS: [10] | MEM: - | LATCH: DS.push(ALU),PC | OUT: '' | add.write_result
TICK: 002296 | PC: 00108 | STEP: 0 | IR: dup | A: 0 | AR: 1 | NZ: 00 | IE: 1 | PENDING: 0 | IN_INTR: 0 | DS: [60116, 60116] | RS: [10] | MEM: - | LATCH: DS.dup,PC | OUT: '' | dup
TICK: 002297 | PC: 00108 | STEP: 1 | IR: store 3 | A: 0 | AR: 3 | NZ: 00 | IE: 1 | PENDING: 0 | IN_INTR: 0 | DS: [60116, 60116] | RS: [10] | MEM: - | LATCH: AR | OUT: '' | store.addr 3
TICK: 002298 | PC: 00113 | STEP: 0 | IR: store 3 | A: 0 | AR: 3 | NZ: 00 | IE: 1 | PENDING: 0 | IN_INTR: 0 | DS: [60116] | RS: [10] | MEM: write mem[3] <- 60116 | LATCH: MEM,PC | OUT: '' | store.write
TICK: 002299 | PC: 00114 | STEP: 0 | IR: drop | A: 0 | AR: 3 | NZ: 00 | IE: 1 | PENDING: 0 | IN_INTR: 0 | DS: [] | RS: [10] | MEM: - | LATCH: PC | OUT: '' | drop
TICK: 002300 | PC: 00114 | STEP: 1 | IR: load 1 | A: 0 | AR: 1 | NZ: 00 | IE: 1 | PENDING: 0 | IN_INTR: 0 | DS: [] | RS: [10] | MEM: - | LATCH: AR | OUT: '' | load.addr 1
TICK: 002301 | PC: 00119 | STEP: 0 | IR: load 1 | A: 0 | AR: 1 | NZ: 00 | IE: 1 | PENDING: 0 | IN_INTR: 0 | DS: [56] | RS: [10] | MEM: read mem[1] | LATCH: DS.push,PC | OUT: '' | load.read
TICK: 002302 | PC: 00124 | STEP: 0 | IR: literal 1 | A: 0 | AR: 1 | NZ: 00 | IE: 1 | PENDING: 0 | IN_INTR: 0 | DS: [56, 1] | RS: [10] | MEM: - | LATCH: DS.push,PC | OUT: '' | literal 1
TICK: 002303 | PC: 00124 | STEP: 1 | IR: add | A: 0 | AR: 1 | NZ: 00 | IE: 1 | PENDING: 0 | IN_INTR: 0 | DS: [] | RS: [10] | MEM: - | LATCH: ALU.left,ALU.right | OUT: '' | add.load_operands
TICK: 002304 | PC: 00125 | STEP: 0 | IR: add | A: 0 | AR: 1 | NZ: 00 | IE: 1 | PENDING: 0 | IN_INTR: 0 | DS: [57] | RS: [10] | MEM: - | LATCH: DS.push(ALU),PC | OUT: '' | add.write_result
TICK: 002305 | PC: 00126 | STEP: 0 | IR: dup | A: 0 | AR: 1 | NZ: 00 | IE: 1 | PENDING: 0 | IN_INTR: 0 | DS: [57, 57] | RS: [10] | MEM: - | LATCH: DS.dup,PC | OUT: '' | dup
TICK: 002306 | PC: 00126 | STEP: 1 | IR: store 1 | A: 0 | AR: 1 | NZ: 00 | IE: 1 | PENDING: 0 | IN_INTR: 0 | DS: [57, 57] | RS: [10] | MEM: - | LATCH: AR | OUT: '' | store.addr 1
TICK: 002307 | PC: 00131 | STEP: 0 | IR: store 1 | A: 0 | AR: 1 | NZ: 00 | IE: 1 | PENDING: 0 | IN_INTR: 0 | DS: [57] | RS: [10] | MEM: write mem[1] <- 57 | LATCH: MEM,PC | OUT: '' | store.write
TICK: 002308 | PC: 00132 | STEP: 0 | IR: drop | A: 0 | AR: 1 | NZ: 00 | IE: 1 | PENDING: 0 | IN_INTR: 0 | DS: [] | RS: [10] | MEM: - | LATCH: PC | OUT: '' | drop
TICK: 002309 | PC: 00051 | STEP: 0 | IR: jmp 51 | A: 0 | AR: 1 | NZ: 00 | IE: 1 | PENDING: 0 | IN_INTR: 0 | DS: [] | RS: [10] | MEM: - | LATCH: PC | OUT: '' | jmp 51
TICK: 002310 | PC: 00056 | STEP: 0 | IR: literal 100 | A: 0 | AR: 1 | NZ: 00 | IE: 1 | PENDING: 0 | IN_INTR: 0 | DS: [100] | RS: [10] | MEM: - | LATCH: DS.push,PC | OUT: '' | literal 100
TICK: 002311 | PC: 00056 | STEP: 1 | IR: load 1 | A: 0 | AR: 1 | NZ: 00 | IE: 1 | PENDING: 0 | IN_INTR: 0 | DS: [100] | RS: [10] | MEM: - | LATCH: AR | OUT: '' | load.addr 1
TICK: 002312 | PC: 00061 | STEP: 0 | IR: load 1 | A: 0 | AR: 1 | NZ: 00 | IE: 1 | PENDING: 0 | IN_INTR: 0 | DS: [100, 57] | RS: [10] | MEM: read mem[1] | LATCH: DS.push,PC | OUT: '' | load.read
TICK: 002313 | PC: 00061 | STEP: 1 | IR: sub | A: 0 | AR: 1 | NZ: 00 | IE: 1 | PENDING: 0 | IN_INTR: 0 | DS: [] | RS: [10] | MEM: - | LATCH: ALU.left,ALU.right | OUT: '' | sub.load_operands
TICK: 002314 | PC: 00062 | STEP: 0 | IR: sub | A: 0 | AR: 1 | NZ: 00 | IE: 1 | PENDING: 0 | IN_INTR: 0 | DS: [43] | RS: [10] | MEM: - | LATCH: DS.push(ALU),PC | OUT: '' | sub.write_result
TICK: 002315 | PC: 00062 | STEP: 1 | IR: mif 72 | A: 0 | AR: 1 | NZ: 00 | IE: 1 | PENDING: 0 | IN_INTR: 0 | DS: [] | RS: [10] | MEM: - | LATCH: ALU.left | OUT: '' | mif.test
TICK: 002316 | PC: 00072 | STEP: 0 | IR: mif 72 | A: 0 | AR: 1 | NZ: 00 | IE: 1 | PENDING: 0 | IN_INTR: 0 | DS: [] | RS: [10] | MEM: - | LATCH: PC | OUT: '' | mif.branch
TICK: 002317 | PC: 00072 | STEP: 1 | IR: load 2 | A: 0 | AR: 2 | NZ: 00 | IE: 1 | PENDING: 0 | IN_INTR: 0 | DS: [] | RS: [10] | MEM: - | LATCH: AR | OUT: '' | load.addr 2
TICK: 002318 | PC: 00077 | STEP: 0 | IR: load 2 | A: 0 | AR: 2 | NZ: 00 | IE: 1 | PENDING: 0 | IN_INTR: 0 | DS: [1596] | RS: [10] | MEM: read mem[2] | LATCH: DS.push,PC | OUT: '' | load.read
TICK: 002319 | PC: 00077 | STEP: 1 | IR: load 1 | A: 0 | AR: 1 | NZ: 00 | IE: 1 | PENDING: 0 | IN_INTR: 0 | DS: [1596] | RS: [10] | MEM: - | LATCH: AR | OUT: '' | load.addr 1
TICK: 002320 | PC: 00082 | STEP: 0 | IR: load 1 | A: 0 | AR: 1 | NZ: 00 | IE: 1 | PENDING: 0 | IN_INTR: 0 | DS: [1596, 57] | RS: [10] | MEM: read mem[1] | LATCH: DS.push,PC | OUT: '' | load.read
TICK: 002321 | PC: 00082 | STEP: 1 | IR: add | A: 0 | AR: 1 | NZ: 00 | IE: 1 | PENDING: 0 | IN_INTR: 0 | DS: [] | RS: [10] | MEM: - | LATCH: ALU.left,ALU.right | OUT: '' | add.load_operands
TICK: 002322 | PC: 00083 | STEP: 0 | IR: add | A: 0 | AR: 1 | NZ: 00 | IE: 1 | PENDING: 0 | IN_INTR: 0 | DS: [1653] | RS: [10] | MEM: - | LATCH: DS.push(ALU),PC | OUT: '' | add.write_result
TICK: 002323 | PC: 00084 | STEP: 0 | IR: dup | A: 0 | AR: 1 | NZ: 00 | IE: 1 | PENDING: 0 | IN_INTR: 0 | DS: [1653, 1653] | RS: [10] | MEM: - | LATCH: DS.dup,PC | OUT: '' | dup
TICK: 002324 | PC: 00084 | STEP: 1 | IR: store 2 | A: 0 | AR: 2 | NZ: 00 | IE: 1 | PENDING: 0 | IN_INTR: 0 | DS: [1653, 1653] | RS: [10] | MEM: - | LATCH: AR | OUT: '' | store.addr 2
TICK: 002325 | PC: 00089 | STEP: 0 | IR: store 2 | A: 0 | AR: 2 | NZ: 00 | IE: 1 | PENDING: 0 | IN_INTR: 0 | DS: [1653] | RS: [10] | MEM: write mem[2] <- 1653 | LATCH: MEM,PC | OUT: '' | store.write
TICK: 002326 | PC: 00090 | STEP: 0 | IR: drop | A: 0 | AR: 2 | NZ: 00 | IE: 1 | PENDING: 0 | IN_INTR: 0 | DS: [] | RS: [10] | MEM: - | LATCH: PC | OUT: '' | drop
TICK: 002327 | PC: 00090 | STEP: 1 | IR: load 3 | A: 0 | AR: 3 | NZ: 00 | IE: 1 | PENDING: 0 | IN_INTR: 0 | DS: [] | RS: [10] | MEM: - | LATCH: AR | OUT: '' | load.addr 3
TICK: 002328 | PC: 00095 | STEP: 0 | IR: load 3 | A: 0 | AR: 3 | NZ: 00 | IE: 1 | PENDING: 0 | IN_INTR: 0 | DS: [60116] | RS: [10] | MEM: read mem[3] | LATCH: DS.push,PC | OUT: '' | load.read
TICK: 002329 | PC: 00095 | STEP: 1 | IR: load 1 | A: 0 | AR: 1 | NZ: 00 | IE: 1 | PENDING: 0 | IN_INTR: 0 | DS: [60116] | RS: [10] | MEM: - | LATCH: AR | OUT: '' | load.addr 1
TICK: 002330 | PC: 00100 | STEP: 0 | IR: load 1 | A: 0 | AR: 1 | NZ: 00 | IE: 1 | PENDING: 0 | IN_INTR: 0 | DS: [60116, 57] | RS: [10] | MEM: read mem[1] | LATCH: DS.push,PC | OUT: '' | load.read
TICK: 002331 | PC: 00100 | STEP: 1 | IR: load 1 | A: 0 | AR: 1 | NZ: 00 | IE: 1 | PENDING: 0 | IN_INTR: 0 | DS: [60116, 57] | RS: [10] | MEM: - | LATCH: AR | OUT: '' | load.addr 1
TICK: 002332 | PC: 00105 | STEP: 0 | IR: load 1 | A: 0 | AR: 1 | NZ: 00 | IE: 1 | PENDING: 0 | IN_INTR: 0 | DS: [60116, 57, 57] | RS: [10] | MEM: read mem[1] | LATCH: DS.push,PC | OUT: '' | load.read
TICK: 002333 | PC: 00105 | STEP: 1 | IR: mul | A: 0 | AR: 1 | NZ: 00 | IE: 1 | PENDING: 0 | IN_INTR: 0 | DS: [60116] | RS: [10] | MEM: - | LATCH: ALU.left,ALU.right | OUT: '' | mul.load_operands
TICK: 002334 | PC: 00106 | STEP: 0 | IR: mul | A: 0 | AR: 1 | NZ: 00 | IE: 1 | PENDING: 0 | IN_INTR: 0 | DS: [60116, 3249] | RS: [10] | MEM: - | LATCH: DS.push(ALU),PC | OUT: '' | mul.write_result
TICK: 002335 | PC: 00106 | STEP: 1 | IR: add | A: 0 | AR: 1 | NZ: 00 | IE: 1 | PENDING: 0 | IN_INTR: 0 | DS: [] | RS: [10] | MEM: - | LATCH: ALU.left,ALU.right | OUT: '' | add.load_operands
TICK: 002336 | PC: 00107 | STEP: 0 | IR: add | A: 0 | AR: 1 | NZ: 00 | IE: 1 | PENDING: 0 | IN_INTR: 0 | DS: [63365] | RS: [10] | MEM: - | LATCH: DS.push(ALU),PC | OUT: '' | add.write_result
TICK: 002337 | PC: 00108 | STEP: 0 | IR: dup | A: 0 | AR: 1 | NZ: 00 | IE: 1 | PENDING: 0 | IN_INTR: 0 | DS: [63365, 63365] | RS: [10] | MEM: - | LATCH: DS.dup,PC | OUT: '' | dup
TICK: 002338 | PC: 00108 | STEP: 1 | IR: store 3 | A: 0 | AR: 3 | NZ: 00 | IE: 1 | PENDING: 0 | IN_INTR: 0 | DS: [63365, 63365] | RS: [10] | MEM: - | LATCH: AR | OUT: '' | store.addr 3
TICK: 002339 | PC: 00113 | STEP: 0 | IR: store 3 | A: 0 | AR: 3 | NZ: 00 | IE: 1 | PENDING: 0 | IN_INTR: 0 | DS: [63365] | RS: [10] | MEM: write mem[3] <- 63365 | LATCH: MEM,PC | OUT: '' | store.write
TICK: 002340 | PC: 00114 | STEP: 0 | IR: drop | A: 0 | AR: 3 | NZ: 00 | IE: 1 | PENDING: 0 | IN_INTR: 0 | DS: [] | RS: [10] | MEM: - | LATCH: PC | OUT: '' | drop
TICK: 002341 | PC: 00114 | STEP: 1 | IR: load 1 | A: 0 | AR: 1 | NZ: 00 | IE: 1 | PENDING: 0 | IN_INTR: 0 | DS: [] | RS: [10] | MEM: - | LATCH: AR | OUT: '' | load.addr 1
TICK: 002342 | PC: 00119 | STEP: 0 | IR: load 1 | A: 0 | AR: 1 | NZ: 00 | IE: 1 | PENDING: 0 | IN_INTR: 0 | DS: [57] | RS: [10] | MEM: read mem[1] | LATCH: DS.push,PC | OUT: '' | load.read
TICK: 002343 | PC: 00124 | STEP: 0 | IR: literal 1 | A: 0 | AR: 1 | NZ: 00 | IE: 1 | PENDING: 0 | IN_INTR: 0 | DS: [57, 1] | RS: [10] | MEM: - | LATCH: DS.push,PC | OUT: '' | literal 1
TICK: 002344 | PC: 00124 | STEP: 1 | IR: add | A: 0 | AR: 1 | NZ: 00 | IE: 1 | PENDING: 0 | IN_INTR: 0 | DS: [] | RS: [10] | MEM: - | LATCH: ALU.left,ALU.right | OUT: '' | add.load_operands
TICK: 002345 | PC: 00125 | STEP: 0 | IR: add | A: 0 | AR: 1 | NZ: 00 | IE: 1 | PENDING: 0 | IN_INTR: 0 | DS: [58] | RS: [10] | MEM: - | LATCH: DS.push(ALU),PC | OUT: '' | add.write_result
TICK: 002346 | PC: 00126 | STEP: 0 | IR: dup | A: 0 | AR: 1 | NZ: 00 | IE: 1 | PENDING: 0 | IN_INTR: 0 | DS: [58, 58] | RS: [10] | MEM: - | LATCH: DS.dup,PC | OUT: '' | dup
TICK: 002347 | PC: 00126 | STEP: 1 | IR: store 1 | A: 0 | AR: 1 | NZ: 00 | IE: 1 | PENDING: 0 | IN_INTR: 0 | DS: [58, 58] | RS: [10] | MEM: - | LATCH: AR | OUT: '' | store.addr 1
TICK: 002348 | PC: 00131 | STEP: 0 | IR: store 1 | A: 0 | AR: 1 | NZ: 00 | IE: 1 | PENDING: 0 | IN_INTR: 0 | DS: [58] | RS: [10] | MEM: write mem[1] <- 58 | LATCH: MEM,PC | OUT: '' | store.write
TICK: 002349 | PC: 00132 | STEP: 0 | IR: drop | A: 0 | AR: 1 | NZ: 00 | IE: 1 | PENDING: 0 | IN_INTR: 0 | DS: [] | RS: [10] | MEM: - | LATCH: PC | OUT: '' | drop
TICK: 002350 | PC: 00051 | STEP: 0 | IR: jmp 51 | A: 0 | AR: 1 | NZ: 00 | IE: 1 | PENDING: 0 | IN_INTR: 0 | DS: [] | RS: [10] | MEM: - | LATCH: PC | OUT: '' | jmp 51
TICK: 002351 | PC: 00056 | STEP: 0 | IR: literal 100 | A: 0 | AR: 1 | NZ: 00 | IE: 1 | PENDING: 0 | IN_INTR: 0 | DS: [100] | RS: [10] | MEM: - | LATCH: DS.push,PC | OUT: '' | literal 100
TICK: 002352 | PC: 00056 | STEP: 1 | IR: load 1 | A: 0 | AR: 1 | NZ: 00 | IE: 1 | PENDING: 0 | IN_INTR: 0 | DS: [100] | RS: [10] | MEM: - | LATCH: AR | OUT: '' | load.addr 1
TICK: 002353 | PC: 00061 | STEP: 0 | IR: load 1 | A: 0 | AR: 1 | NZ: 00 | IE: 1 | PENDING: 0 | IN_INTR: 0 | DS: [100, 58] | RS: [10] | MEM: read mem[1] | LATCH: DS.push,PC | OUT: '' | load.read
TICK: 002354 | PC: 00061 | STEP: 1 | IR: sub | A: 0 | AR: 1 | NZ: 00 | IE: 1 | PENDING: 0 | IN_INTR: 0 | DS: [] | RS: [10] | MEM: - | LATCH: ALU.left,ALU.right | OUT: '' | sub.load_operands
TICK: 002355 | PC: 00062 | STEP: 0 | IR: sub | A: 0 | AR: 1 | NZ: 00 | IE: 1 | PENDING: 0 | IN_INTR: 0 | DS: [42] | RS: [10] | MEM: - | LATCH: DS.push(ALU),PC | OUT: '' | sub.write_result
TICK: 002356 | PC: 00062 | STEP: 1 | IR: mif 72 | A: 0 | AR: 1 | NZ: 00 | IE: 1 | PENDING: 0 | IN_INTR: 0 | DS: [] | RS: [10] | MEM: - | LATCH: ALU.left | OUT: '' | mif.test
TICK: 002357 | PC: 00072 | STEP: 0 | IR: mif 72 | A: 0 | AR: 1 | NZ: 00 | IE: 1 | PENDING: 0 | IN_INTR: 0 | DS: [] | RS: [10] | MEM: - | LATCH: PC | OUT: '' | mif.branch
TICK: 002358 | PC: 00072 | STEP: 1 | IR: load 2 | A: 0 | AR: 2 | NZ: 00 | IE: 1 | PENDING: 0 | IN_INTR: 0 | DS: [] | RS: [10] | MEM: - | LATCH: AR | OUT: '' | load.addr 2
TICK: 002359 | PC: 00077 | STEP: 0 | IR: load 2 | A: 0 | AR: 2 | NZ: 00 | IE: 1 | PENDING: 0 | IN_INTR: 0 | DS: [1653] | RS: [10] | MEM: read mem[2] | LATCH: DS.push,PC | OUT: '' | load.read
TICK: 002360 | PC: 00077 | STEP: 1 | IR: load 1 | A: 0 | AR: 1 | NZ: 00 | IE: 1 | PENDING: 0 | IN_INTR: 0 | DS: [1653] | RS: [10] | MEM: - | LATCH: AR | OUT: '' | load.addr 1
TICK: 002361 | PC: 00082 | STEP: 0 | IR: load 1 | A: 0 | AR: 1 | NZ: 00 | IE: 1 | PENDING: 0 | IN_INTR: 0 | DS: [1653, 58] | RS: [10] | MEM: read mem[1] | LATCH: DS.push,PC | OUT: '' | load.read
TICK: 002362 | PC: 00082 | STEP: 1 | IR: add | A: 0 | AR: 1 | NZ: 00 | IE: 1 | PENDING: 0 | IN_INTR: 0 | DS: [] | RS: [10] | MEM: - | LATCH: ALU.left,ALU.right | OUT: '' | add.load_operands
TICK: 002363 | PC: 00083 | STEP: 0 | IR: add | A: 0 | AR: 1 | NZ: 00 | IE: 1 | PENDING: 0 | IN_INTR: 0 | DS: [1711] | RS: [10] | MEM: - | LATCH: DS.push(ALU),PC | OUT: '' | add.write_result
TICK: 002364 | PC: 00084 | STEP: 0 | IR: dup | A: 0 | AR: 1 | NZ: 00 | IE: 1 | PENDING: 0 | IN_INTR: 0 | DS: [1711, 1711] | RS: [10] | MEM: - | LATCH: DS.dup,PC | OUT: '' | dup
TICK: 002365 | PC: 00084 | STEP: 1 | IR: store 2 | A: 0 | AR: 2 | NZ: 00 | IE: 1 | PENDING: 0 | IN_INTR: 0 | DS: [1711, 1711] | RS: [10] | MEM: - | LATCH: AR | OUT: '' | store.addr 2
TICK: 002366 | PC: 00089 | STEP: 0 | IR: store 2 | A: 0 | AR: 2 | NZ: 00 | IE: 1 | PENDING: 0 | IN_INTR: 0 | DS: [1711] | RS: [10] | MEM: write mem[2] <- 1711 | LATCH: MEM,PC | OUT: '' | store.write
TICK: 002367 | PC: 00090 | STEP: 0 | IR: drop | A: 0 | AR: 2 | NZ: 00 | IE: 1 | PENDING: 0 | IN_INTR: 0 | DS: [] | RS: [10] | MEM: - | LATCH: PC | OUT: '' | drop
TICK: 002368 | PC: 00090 | STEP: 1 | IR: load 3 | A: 0 | AR: 3 | NZ: 00 | IE: 1 | PENDING: 0 | IN_INTR: 0 | DS: [] | RS: [10] | MEM: - | LATCH: AR | OUT: '' | load.addr 3
TICK: 002369 | PC: 00095 | STEP: 0 | IR: load 3 | A: 0 | AR: 3 | NZ: 00 | IE: 1 | PENDING: 0 | IN_INTR: 0 | DS: [63365] | RS: [10] | MEM: read mem[3] | LATCH: DS.push,PC | OUT: '' | load.read
TICK: 002370 | PC: 00095 | STEP: 1 | IR: load 1 | A: 0 | AR: 1 | NZ: 00 | IE: 1 | PENDING: 0 | IN_INTR: 0 | DS: [63365] | RS: [10] | MEM: - | LATCH: AR | OUT: '' | load.addr 1
TICK: 002371 | PC: 00100 | STEP: 0 | IR: load 1 | A: 0 | AR: 1 | NZ: 00 | IE: 1 | PENDING: 0 | IN_INTR: 0 | DS: [63365, 58] | RS: [10] | MEM: read mem[1] | LATCH: DS.push,PC | OUT: '' | load.read
TICK: 002372 | PC: 00100 | STEP: 1 | IR: load 1 | A: 0 | AR: 1 | NZ: 00 | IE: 1 | PENDING: 0 | IN_INTR: 0 | DS: [63365, 58] | RS: [10] | MEM: - | LATCH: AR | OUT: '' | load.addr 1
TICK: 002373 | PC: 00105 | STEP: 0 | IR: load 1 | A: 0 | AR: 1 | NZ: 00 | IE: 1 | PENDING: 0 | IN_INTR: 0 | DS: [63365, 58, 58] | RS: [10] | MEM: read mem[1] | LATCH: DS.push,PC | OUT: '' | load.read
TICK: 002374 | PC: 00105 | STEP: 1 | IR: mul | A: 0 | AR: 1 | NZ: 00 | IE: 1 | PENDING: 0 | IN_INTR: 0 | DS: [63365] | RS: [10] | MEM: - | LATCH: ALU.left,ALU.right | OUT: '' | mul.load_operands
TICK: 002375 | PC: 00106 | STEP: 0 | IR: mul | A: 0 | AR: 1 | NZ: 00 | IE: 1 | PENDING: 0 | IN_INTR: 0 | DS: [63365, 3364] | RS: [10] | MEM: - | LATCH: DS.push(ALU),PC | OUT: '' | mul.write_result
TICK: 002376 | PC: 00106 | STEP: 1 | IR: add | A: 0 | AR: 1 | NZ: 00 | IE: 1 | PENDING: 0 | IN_INTR: 0 | DS: [] | RS: [10] | MEM: - | LATCH: ALU.left,ALU.right | OUT: '' | add.load_operands
TICK: 002377 | PC: 00107 | STEP: 0 | IR: add | A: 0 | AR: 1 | NZ: 00 | IE: 1 | PENDING: 0 | IN_INTR: 0 | DS: [66729] | RS: [10] | MEM: - | LATCH: DS.push(ALU),PC | OUT: '' | add.write_result
TICK: 002378 | PC: 00108 | STEP: 0 | IR: dup | A: 0 | AR: 1 | NZ: 00 | IE: 1 | PENDING: 0 | IN_INTR: 0 | DS: [66729, 66729] | RS: [10] | MEM: - | LATCH: DS.dup,PC | OUT: '' | dup
TICK: 002379 | PC: 00108 | STEP: 1 | IR: store 3 | A: 0 | AR: 3 | NZ: 00 | IE: 1 | PENDING: 0 | IN_INTR: 0 | DS: [66729, 66729] | RS: [10] | MEM: - | LATCH: AR | OUT: '' | store.addr 3
TICK: 002380 | PC: 00113 | STEP: 0 | IR: store 3 | A: 0 | AR: 3 | NZ: 00 | IE: 1 | PENDING: 0 | IN_INTR: 0 | DS: [66729] | RS: [10] | MEM: write mem[3] <- 66729 | LATCH: MEM,PC | OUT: '' | store.write
TICK: 002381 | PC: 00114 | STEP: 0 | IR: drop | A: 0 | AR: 3 | NZ: 00 | IE: 1 | PENDING: 0 | IN_INTR: 0 | DS: [] | RS: [10] | MEM: - | LATCH: PC | OUT: '' | drop
TICK: 002382 | PC: 00114 | STEP: 1 | IR: load 1 | A: 0 | AR: 1 | NZ: 00 | IE: 1 | PENDING: 0 | IN_INTR: 0 | DS: [] | RS: [10] | MEM: - | LATCH: AR | OUT: '' | load.addr 1
TICK: 002383 | PC: 00119 | STEP: 0 | IR: load 1 | A: 0 | AR: 1 | NZ: 00 | IE: 1 | PENDING: 0 | IN_INTR: 0 | DS: [58] | RS: [10] | MEM: read mem[1] | LATCH: DS.push,PC | OUT: '' | load.read
TICK: 002384 | PC: 00124 | STEP: 0 | IR: literal 1 | A: 0 | AR: 1 | NZ: 00 | IE: 1 | PENDING: 0 | IN_INTR: 0 | DS: [58, 1] | RS: [10] | MEM: - | LATCH: DS.push,PC | OUT: '' | literal 1
TICK: 002385 | PC: 00124 | STEP: 1 | IR: add | A: 0 | AR: 1 | NZ: 00 | IE: 1 | PENDING: 0 | IN_INTR: 0 | DS: [] | RS: [10] | MEM: - | LATCH: ALU.left,ALU.right | OUT: '' | add.load_operands
TICK: 002386 | PC: 00125 | STEP: 0 | IR: add | A: 0 | AR: 1 | NZ: 00 | IE: 1 | PENDING: 0 | IN_INTR: 0 | DS: [59] | RS: [10] | MEM: - | LATCH: DS.push(ALU),PC | OUT: '' | add.write_result
TICK: 002387 | PC: 00126 | STEP: 0 | IR: dup | A: 0 | AR: 1 | NZ: 00 | IE: 1 | PENDING: 0 | IN_INTR: 0 | DS: [59, 59] | RS: [10] | MEM: - | LATCH: DS.dup,PC | OUT: '' | dup
TICK: 002388 | PC: 00126 | STEP: 1 | IR: store 1 | A: 0 | AR: 1 | NZ: 00 | IE: 1 | PENDING: 0 | IN_INTR: 0 | DS: [59, 59] | RS: [10] | MEM: - | LATCH: AR | OUT: '' | store.addr 1
TICK: 002389 | PC: 00131 | STEP: 0 | IR: store 1 | A: 0 | AR: 1 | NZ: 00 | IE: 1 | PENDING: 0 | IN_INTR: 0 | DS: [59] | RS: [10] | MEM: write mem[1] <- 59 | LATCH: MEM,PC | OUT: '' | store.write
TICK: 002390 | PC: 00132 | STEP: 0 | IR: drop | A: 0 | AR: 1 | NZ: 00 | IE: 1 | PENDING: 0 | IN_INTR: 0 | DS: [] | RS: [10] | MEM: - | LATCH: PC | OUT: '' | drop
TICK: 002391 | PC: 00051 | STEP: 0 | IR: jmp 51 | A: 0 | AR: 1 | NZ: 00 | IE: 1 | PENDING: 0 | IN_INTR: 0 | DS: [] | RS: [10] | MEM: - | LATCH: PC | OUT: '' | jmp 51
TICK: 002392 | PC: 00056 | STEP: 0 | IR: literal 100 | A: 0 | AR: 1 | NZ: 00 | IE: 1 | PENDING: 0 | IN_INTR: 0 | DS: [100] | RS: [10] | MEM: - | LATCH: DS.push,PC | OUT: '' | literal 100
TICK: 002393 | PC: 00056 | STEP: 1 | IR: load 1 | A: 0 | AR: 1 | NZ: 00 | IE: 1 | PENDING: 0 | IN_INTR: 0 | DS: [100] | RS: [10] | MEM: - | LATCH: AR | OUT: '' | load.addr 1
TICK: 002394 | PC: 00061 | STEP: 0 | IR: load 1 | A: 0 | AR: 1 | NZ: 00 | IE: 1 | PENDING: 0 | IN_INTR: 0 | DS: [100, 59] | RS: [10] | MEM: read mem[1] | LATCH: DS.push,PC | OUT: '' | load.read
TICK: 002395 | PC: 00061 | STEP: 1 | IR: sub | A: 0 | AR: 1 | NZ: 00 | IE: 1 | PENDING: 0 | IN_INTR: 0 | DS: [] | RS: [10] | MEM: - | LATCH: ALU.left,ALU.right | OUT: '' | sub.load_operands
TICK: 002396 | PC: 00062 | STEP: 0 | IR: sub | A: 0 | AR: 1 | NZ: 00 | IE: 1 | PENDING: 0 | IN_INTR: 0 | DS: [41] | RS: [10] | MEM: - | LATCH: DS.push(ALU),PC | OUT: '' | sub.write_result
TICK: 002397 | PC: 00062 | STEP: 1 | IR: mif 72 | A: 0 | AR: 1 | NZ: 00 | IE: 1 | PENDING: 0 | IN_INTR: 0 | DS: [] | RS: [10] | MEM: - | LATCH: ALU.left | OUT: '' | mif.test
TICK: 002398 | PC: 00072 | STEP: 0 | IR: mif 72 | A: 0 | AR: 1 | NZ: 00 | IE: 1 | PENDING: 0 | IN_INTR: 0 | DS: [] | RS: [10] | MEM: - | LATCH: PC | OUT: '' | mif.branch
TICK: 002399 | PC: 00072 | STEP: 1 | IR: load 2 | A: 0 | AR: 2 | NZ: 00 | IE: 1 | PENDING: 0 | IN_INTR: 0 | DS: [] | RS: [10] | MEM: - | LATCH: AR | OUT: '' | load.addr 2
TICK: 002400 | PC: 00077 | STEP: 0 | IR: load 2 | A: 0 | AR: 2 | NZ: 00 | IE: 1 | PENDING: 0 | IN_INTR: 0 | DS: [1711] | RS: [10] | MEM: read mem[2] | LATCH: DS.push,PC | OUT: '' | load.read
TICK: 002401 | PC: 00077 | STEP: 1 | IR: load 1 | A: 0 | AR: 1 | NZ: 00 | IE: 1 | PENDING: 0 | IN_INTR: 0 | DS: [1711] | RS: [10] | MEM: - | LATCH: AR | OUT: '' | load.addr 1
TICK: 002402 | PC: 00082 | STEP: 0 | IR: load 1 | A: 0 | AR: 1 | NZ: 00 | IE: 1 | PENDING: 0 | IN_INTR: 0 | DS: [1711, 59] | RS: [10] | MEM: read mem[1] | LATCH: DS.push,PC | OUT: '' | load.read
TICK: 002403 | PC: 00082 | STEP: 1 | IR: add | A: 0 | AR: 1 | NZ: 00 | IE: 1 | PENDING: 0 | IN_INTR: 0 | DS: [] | RS: [10] | MEM: - | LATCH: ALU.left,ALU.right | OUT: '' | add.load_operands
TICK: 002404 | PC: 00083 | STEP: 0 | IR: add | A: 0 | AR: 1 | NZ: 00 | IE: 1 | PENDING: 0 | IN_INTR: 0 | DS: [1770] | RS: [10] | MEM: - | LATCH: DS.push(ALU),PC | OUT: '' | add.write_result
TICK: 002405 | PC: 00084 | STEP: 0 | IR: dup | A: 0 | AR: 1 | NZ: 00 | IE: 1 | PENDING: 0 | IN_INTR: 0 | DS: [1770, 1770] | RS: [10] | MEM: - | LATCH: DS.dup,PC | OUT: '' | dup
TICK: 002406 | PC: 00084 | STEP: 1 | IR: store 2 | A: 0 | AR: 2 | NZ: 00 | IE: 1 | PENDING: 0 | IN_INTR: 0 | DS: [1770, 1770] | RS: [10] | MEM: - | LATCH: AR | OUT: '' | store.addr 2
TICK: 002407 | PC: 00089 | STEP: 0 | IR: store 2 | A: 0 | AR: 2 | NZ: 00 | IE: 1 | PENDING: 0 | IN_INTR: 0 | DS: [1770] | RS: [10] | MEM: write mem[2] <- 1770 | LATCH: MEM,PC | OUT: '' | store.write
TICK: 002408 | PC: 00090 | STEP: 0 | IR: drop | A: 0 | AR: 2 | NZ: 00 | IE: 1 | PENDING: 0 | IN_INTR: 0 | DS: [] | RS: [10] | MEM: - | LATCH: PC | OUT: '' | drop
TICK: 002409 | PC: 00090 | STEP: 1 | IR: load 3 | A: 0 | AR: 3 | NZ: 00 | IE: 1 | PENDING: 0 | IN_INTR: 0 | DS: [] | RS: [10] | MEM: - | LATCH: AR | OUT: '' | load.addr 3
TICK: 002410 | PC: 00095 | STEP: 0 | IR: load 3 | A: 0 | AR: 3 | NZ: 00 | IE: 1 | PENDING: 0 | IN_INTR: 0 | DS: [66729] | RS: [10] | MEM: read mem[3] | LATCH: DS.push,PC | OUT: '' | load.read
TICK: 002411 | PC: 00095 | STEP: 1 | IR: load 1 | A: 0 | AR: 1 | NZ: 00 | IE: 1 | PENDING: 0 | IN_INTR: 0 | DS: [66729] | RS: [10] | MEM: - | LATCH: AR | OUT: '' | load.addr 1
TICK: 002412 | PC: 00100 | STEP: 0 | IR: load 1 | A: 0 | AR: 1 | NZ: 00 | IE: 1 | PENDING: 0 | IN_INTR: 0 | DS: [66729, 59] | RS: [10] | MEM: read mem[1] | LATCH: DS.push,PC | OUT: '' | load.read
TICK: 002413 | PC: 00100 | STEP: 1 | IR: load 1 | A: 0 | AR: 1 | NZ: 00 | IE: 1 | PENDING: 0 | IN_INTR: 0 | DS: [66729, 59] | RS: [10] | MEM: - | LATCH: AR | OUT: '' | load.addr 1
TICK: 002414 | PC: 00105 | STEP: 0 | IR: load 1 | A: 0 | AR: 1 | NZ: 00 | IE: 1 | PENDING: 0 | IN_INTR: 0 | DS: [66729, 59, 59] | RS: [10] | MEM: read mem[1] | LATCH: DS.push,PC | OUT: '' | load.read
TICK: 002415 | PC: 00105 | STEP: 1 | IR: mul | A: 0 | AR: 1 | NZ: 00 | IE: 1 | PENDING: 0 | IN_INTR: 0 | DS: [66729] | RS: [10] | MEM: - | LATCH: ALU.left,ALU.right | OUT: '' | mul.load_operands
TICK: 002416 | PC: 00106 | STEP: 0 | IR: mul | A: 0 | AR: 1 | NZ: 00 | IE: 1 | PENDING: 0 | IN_INTR: 0 | DS: [66729, 3481] | RS: [10] | MEM: - | LATCH: DS.push(ALU),PC | OUT: '' | mul.write_result
TICK: 002417 | PC: 00106 | STEP: 1 | IR: add | A: 0 | AR: 1 | NZ: 00 | IE: 1 | PENDING: 0 | IN_INTR: 0 | DS: [] | RS: [10] | MEM: - | LATCH: ALU.left,ALU.right | OUT: '' | add.load_operands
TICK: 002418 | PC: 00107 | STEP: 0 | IR: add | A: 0 | AR: 1 | NZ: 00 | IE: 1 | PENDING: 0 | IN_INTR: 0 | DS: [70210] | RS: [10] | MEM: - | LATCH: DS.push(ALU),PC | OUT: '' | add.write_result
TICK: 002419 | PC: 00108 | STEP: 0 | IR: dup | A: 0 | AR: 1 | NZ: 00 | IE: 1 | PENDING: 0 | IN_INTR: 0 | DS: [70210, 70210] | RS: [10] | MEM: - | LATCH: DS.dup,PC | OUT: '' | dup
TICK: 002420 | PC: 00108 | STEP: 1 | IR: store 3 | A: 0 | AR: 3 | NZ: 00 | IE: 1 | PENDING: 0 | IN_INTR: 0 | DS: [70210, 70210] | RS: [10] | MEM: - | LATCH: AR | OUT: '' | store.addr 3
TICK: 002421 | PC: 00113 | STEP: 0 | IR: store 3 | A: 0 | AR: 3 | NZ: 00 | IE: 1 | PENDING: 0 | IN_INTR: 0 | DS: [70210] | RS: [10] | MEM: write mem[3] <- 70210 | LATCH: MEM,PC | OUT: '' | store.write
TICK: 002422 | PC: 00114 | STEP: 0 | IR: drop | A: 0 | AR: 3 | NZ: 00 | IE: 1 | PENDING: 0 | IN_INTR: 0 | DS: [] | RS: [10] | MEM: - | LATCH: PC | OUT: '' | drop
TICK: 002423 | PC: 00114 | STEP: 1 | IR: load 1 | A: 0 | AR: 1 | NZ: 00 | IE: 1 | PENDING: 0 | IN_INTR: 0 | DS: [] | RS: [10] | MEM: - | LATCH: AR | OUT: '' | load.addr 1
TICK: 002424 | PC: 00119 | STEP: 0 | IR: load 1 | A: 0 | AR: 1 | NZ: 00 | IE: 1 | PENDING: 0 | IN_INTR: 0 | DS: [59] | RS: [10] | MEM: read mem[1] | LATCH: DS.push,PC | OUT: '' | load.read
TICK: 002425 | PC: 00124 | STEP: 0 | IR: literal 1 | A: 0 | AR: 1 | NZ: 00 | IE: 1 | PENDING: 0 | IN_INTR: 0 | DS: [59, 1] | RS: [10] | MEM: - | LATCH: DS.push,PC | OUT: '' | literal 1
TICK: 002426 | PC: 00124 | STEP: 1 | IR: add | A: 0 | AR: 1 | NZ: 00 | IE: 1 | PENDING: 0 | IN_INTR: 0 | DS: [] | RS: [10] | MEM: - | LATCH: ALU.left,ALU.right | OUT: '' | add.load_operands
TICK: 002427 | PC: 00125 | STEP: 0 | IR: add | A: 0 | AR: 1 | NZ: 00 | IE: 1 | PENDING: 0 | IN_INTR: 0 | DS: [60] | RS: [10] | MEM: - | LATCH: DS.push(ALU),PC | OUT: '' | add.write_result
TICK: 002428 | PC: 00126 | STEP: 0 | IR: dup | A: 0 | AR: 1 | NZ: 00 | IE: 1 | PENDING: 0 | IN_INTR: 0 | DS: [60, 60] | RS: [10] | MEM: - | LATCH: DS.dup,PC | OUT: '' | dup
TICK: 002429 | PC: 00126 | STEP: 1 | IR: store 1 | A: 0 | AR: 1 | NZ: 00 | IE: 1 | PENDING: 0 | IN_INTR: 0 | DS: [60, 60] | RS: [10] | MEM: - | LATCH: AR | OUT: '' | store.addr 1
TICK: 002430 | PC: 00131 | STEP: 0 | IR: store 1 | A: 0 | AR: 1 | NZ: 00 | IE: 1 | PENDING: 0 | IN_INTR: 0 | DS: [60] | RS: [10] | MEM: write mem[1] <- 60 | LATCH: MEM,PC | OUT: '' | store.write
TICK: 002431 | PC: 00132 | STEP: 0 | IR: drop | A: 0 | AR: 1 | NZ: 00 | IE: 1 | PENDING: 0 | IN_INTR: 0 | DS: [] | RS: [10] | MEM: - | LATCH: PC | OUT: '' | drop
TICK: 002432 | PC: 00051 | STEP: 0 | IR: jmp 51 | A: 0 | AR: 1 | NZ: 00 | IE: 1 | PENDING: 0 | IN_INTR: 0 | DS: [] | RS: [10] | MEM: - | LATCH: PC | OUT: '' | jmp 51
TICK: 002433 | PC: 00056 | STEP: 0 | IR: literal 100 | A: 0 | AR: 1 | NZ: 00 | IE: 1 | PENDING: 0 | IN_INTR: 0 | DS: [100] | RS: [10] | MEM: - | LATCH: DS.push,PC | OUT: '' | literal 100
TICK: 002434 | PC: 00056 | STEP: 1 | IR: load 1 | A: 0 | AR: 1 | NZ: 00 | IE: 1 | PENDING: 0 | IN_INTR: 0 | DS: [100] | RS: [10] | MEM: - | LATCH: AR | OUT: '' | load.addr 1
TICK: 002435 | PC: 00061 | STEP: 0 | IR: load 1 | A: 0 | AR: 1 | NZ: 00 | IE: 1 | PENDING: 0 | IN_INTR: 0 | DS: [100, 60] | RS: [10] | MEM: read mem[1] | LATCH: DS.push,PC | OUT: '' | load.read
TICK: 002436 | PC: 00061 | STEP: 1 | IR: sub | A: 0 | AR: 1 | NZ: 00 | IE: 1 | PENDING: 0 | IN_INTR: 0 | DS: [] | RS: [10] | MEM: - | LATCH: ALU.left,ALU.right | OUT: '' | sub.load_operands
TICK: 002437 | PC: 00062 | STEP: 0 | IR: sub | A: 0 | AR: 1 | NZ: 00 | IE: 1 | PENDING: 0 | IN_INTR: 0 | DS: [40] | RS: [10] | MEM: - | LATCH: DS.push(ALU),PC | OUT: '' | sub.write_result
TICK: 002438 | PC: 00062 | STEP: 1 | IR: mif 72 | A: 0 | AR: 1 | NZ: 00 | IE: 1 | PENDING: 0 | IN_INTR: 0 | DS: [] | RS: [10] | MEM: - | LATCH: ALU.left | OUT: '' | mif.test
TICK: 002439 | PC: 00072 | STEP: 0 | IR: mif 72 | A: 0 | AR: 1 | NZ: 00 | IE: 1 | PENDING: 0 | IN_INTR: 0 | DS: [] | RS: [10] | MEM: - | LATCH: PC | OUT: '' | mif.branch
TICK: 002440 | PC: 00072 | STEP: 1 | IR: load 2 | A: 0 | AR: 2 | NZ: 00 | IE: 1 | PENDING: 0 | IN_INTR: 0 | DS: [] | RS: [10] | MEM: - | LATCH: AR | OUT: '' | load.addr 2
TICK: 002441 | PC: 00077 | STEP: 0 | IR: load 2 | A: 0 | AR: 2 | NZ: 00 | IE: 1 | PENDING: 0 | IN_INTR: 0 | DS: [1770] | RS: [10] | MEM: read mem[2] | LATCH: DS.push,PC | OUT: '' | load.read
TICK: 002442 | PC: 00077 | STEP: 1 | IR: load 1 | A: 0 | AR: 1 | NZ: 00 | IE: 1 | PENDING: 0 | IN_INTR: 0 | DS: [1770] | RS: [10] | MEM: - | LATCH: AR | OUT: '' | load.addr 1
TICK: 002443 | PC: 00082 | STEP: 0 | IR: load 1 | A: 0 | AR: 1 | NZ: 00 | IE: 1 | PENDING: 0 | IN_INTR: 0 | DS: [1770, 60] | RS: [10] | MEM: read mem[1] | LATCH: DS.push,PC | OUT: '' | load.read
TICK: 002444 | PC: 00082 | STEP: 1 | IR: add | A: 0 | AR: 1 | NZ: 00 | IE: 1 | PENDING: 0 | IN_INTR: 0 | DS: [] | RS: [10] | MEM: - | LATCH: ALU.left,ALU.right | OUT: '' | add.load_operands
TICK: 002445 | PC: 00083 | STEP: 0 | IR: add | A: 0 | AR: 1 | NZ: 00 | IE: 1 | PENDING: 0 | IN_INTR: 0 | DS: [1830] | RS: [10] | MEM: - | LATCH: DS.push(ALU),PC | OUT: '' | add.write_result
TICK: 002446 | PC: 00084 | STEP: 0 | IR: dup | A: 0 | AR: 1 | NZ: 00 | IE: 1 | PENDING: 0 | IN_INTR: 0 | DS: [1830, 1830] | RS: [10] | MEM: - | LATCH: DS.dup,PC | OUT: '' | dup
TICK: 002447 | PC: 00084 | STEP: 1 | IR: store 2 | A: 0 | AR: 2 | NZ: 00 | IE: 1 | PENDING: 0 | IN_INTR: 0 | DS: [1830, 1830] | RS: [10] | MEM: - | LATCH: AR | OUT: '' | store.addr 2
TICK: 002448 | PC: 00089 | STEP: 0 | IR: store 2 | A: 0 | AR: 2 | NZ: 00 | IE: 1 | PENDING: 0 | IN_INTR: 0 | DS: [1830] | RS: [10] | MEM: write mem[2] <- 1830 | LATCH: MEM,PC | OUT: '' | store.write
TICK: 002449 | PC: 00090 | STEP: 0 | IR: drop | A: 0 | AR: 2 | NZ: 00 | IE: 1 | PENDING: 0 | IN_INTR: 0 | DS: [] | RS: [10] | MEM: - | LATCH: PC | OUT: '' | drop
TICK: 002450 | PC: 00090 | STEP: 1 | IR: load 3 | A: 0 | AR: 3 | NZ: 00 | IE: 1 | PENDING: 0 | IN_INTR: 0 | DS: [] | RS: [10] | MEM: - | LATCH: AR | OUT: '' | load.addr 3
TICK: 002451 | PC: 00095 | STEP: 0 | IR: load 3 | A: 0 | AR: 3 | NZ: 00 | IE: 1 | PENDING: 0 | IN_INTR: 0 | DS: [70210] | RS: [10] | MEM: read mem[3] | LATCH: DS.push,PC | OUT: '' | load.read
TICK: 002452 | PC: 00095 | STEP: 1 | IR: load 1 | A: 0 | AR: 1 | NZ: 00 | IE: 1 | PENDING: 0 | IN_INTR: 0 | DS: [70210] | RS: [10] | MEM: - | LATCH: AR | OUT: '' | load.addr 1
TICK: 002453 | PC: 00100 | STEP: 0 | IR: load 1 | A: 0 | AR: 1 | NZ: 00 | IE: 1 | PENDING: 0 | IN_INTR: 0 | DS: [70210, 60] | RS: [10] | MEM: read mem[1] | LATCH: DS.push,PC | OUT: '' | load.read
TICK: 002454 | PC: 00100 | STEP: 1 | IR: load 1 | A: 0 | AR: 1 | NZ: 00 | IE: 1 | PENDING: 0 | IN_INTR: 0 | DS: [70210, 60] | RS: [10] | MEM: - | LATCH: AR | OUT: '' | load.addr 1
TICK: 002455 | PC: 00105 | STEP: 0 | IR: load 1 | A: 0 | AR: 1 | NZ: 00 | IE: 1 | PENDING: 0 | IN_INTR: 0 | DS: [70210, 60, 60] | RS: [10] | MEM: read mem[1] | LATCH: DS.push,PC | OUT: '' | load.read
TICK: 002456 | PC: 00105 | STEP: 1 | IR: mul | A: 0 | AR: 1 | NZ: 00 | IE: 1 | PENDING: 0 | IN_INTR: 0 | DS: [70210] | RS: [10] | MEM: - | LATCH: ALU.left,ALU.right | OUT: '' | mul.load_operands
TICK: 002457 | PC: 00106 | STEP: 0 | IR: mul | A: 0 | AR: 1 | NZ: 00 | IE: 1 | PENDING: 0 | IN_INTR: 0 | DS: [70210, 3600] | RS: [10] | MEM: - | LATCH: DS.push(ALU),PC | OUT: '' | mul.write_result
TICK: 002458 | PC: 00106 | STEP: 1 | IR: add | A: 0 | AR: 1 | NZ: 00 | IE: 1 | PENDING: 0 | IN_INTR: 0 | DS: [] | RS: [10] | MEM: - | LATCH: ALU.left,ALU.right | OUT: '' | add.load_operands
TICK: 002459 | PC: 00107 | STEP: 0 | IR: add | A: 0 | AR: 1 | NZ: 00 | IE: 1 | PENDING: 0 | IN_INTR: 0 | DS: [73810] | RS: [10] | MEM: - | LATCH: DS.push(ALU),PC | OUT: '' | add.write_result
TICK: 002460 | PC: 00108 | STEP: 0 | IR: dup | A: 0 | AR: 1 | NZ: 00 | IE: 1 | PENDING: 0 | IN_INTR: 0 | DS: [73810, 73810] | RS: [10] | MEM: - | LATCH: DS.dup,PC | OUT: '' | dup
TICK: 002461 | PC: 00108 | STEP: 1 | IR: store 3 | A: 0 | AR: 3 | NZ: 00 | IE: 1 | PENDING: 0 | IN_INTR: 0 | DS: [73810, 73810] | RS: [10] | MEM: - | LATCH: AR | OUT: '' | store.addr 3
TICK: 002462 | PC: 00113 | STEP: 0 | IR: store 3 | A: 0 | AR: 3 | NZ: 00 | IE: 1 | PENDING: 0 | IN_INTR: 0 | DS: [73810] | RS: [10] | MEM: write mem[3] <- 73810 | LATCH: MEM,PC | OUT: '' | store.write
TICK: 002463 | PC: 00114 | STEP: 0 | IR: drop | A: 0 | AR: 3 | NZ: 00 | IE: 1 | PENDING: 0 | IN_INTR: 0 | DS: [] | RS: [10] | MEM: - | LATCH: PC | OUT: '' | drop
TICK: 002464 | PC: 00114 | STEP: 1 | IR: load 1 | A: 0 | AR: 1 | NZ: 00 | IE: 1 | PENDING: 0 | IN_INTR: 0 | DS: [] | RS: [10] | MEM: - | LATCH: AR | OUT: '' | load.addr 1
TICK: 002465 | PC: 00119 | STEP: 0 | IR: load 1 | A: 0 | AR: 1 | NZ: 00 | IE: 1 | PENDING: 0 | IN_INTR: 0 | DS: [60] | RS: [10] | MEM: read mem[1] | LATCH: DS.push,PC | OUT: '' | load.read
TICK: 002466 | PC: 00124 | STEP: 0 | IR: literal 1 | A: 0 | AR: 1 | NZ: 00 | IE: 1 | PENDING: 0 | IN_INTR: 0 | DS: [60, 1] | RS: [10] | MEM: - | LATCH: DS.push,PC | OUT: '' | literal 1
TICK: 002467 | PC: 00124 | STEP: 1 | IR: add | A: 0 | AR: 1 | NZ: 00 | IE: 1 | PENDING: 0 | IN_INTR: 0 | DS: [] | RS: [10] | MEM: - | LATCH: ALU.left,ALU.right | OUT: '' | add.load_operands
TICK: 002468 | PC: 00125 | STEP: 0 | IR: add | A: 0 | AR: 1 | NZ: 00 | IE: 1 | PENDING: 0 | IN_INTR: 0 | DS: [61] | RS: [10] | MEM: - | LATCH: DS.push(ALU),PC | OUT: '' | add.write_result
TICK: 002469 | PC: 00126 | STEP: 0 | IR: dup | A: 0 | AR: 1 | NZ: 00 | IE: 1 | PENDING: 0 | IN_INTR: 0 | DS: [61, 61] | RS: [10] | MEM: - | LATCH: DS.dup,PC | OUT: '' | dup
TICK: 002470 | PC: 00126 | STEP: 1 | IR: store 1 | A: 0 | AR: 1 | NZ: 00 | IE: 1 | PENDING: 0 | IN_INTR: 0 | DS: [61, 61] | RS: [10] | MEM: - | LATCH: AR | OUT: '' | store.addr 1
TICK: 002471 | PC: 00131 | STEP: 0 | IR: store 1 | A: 0 | AR: 1 | NZ: 00 | IE: 1 | PENDING: 0 | IN_INTR: 0 | DS: [61] | RS: [10] | MEM: write mem[1] <- 61 | LATCH: MEM,PC | OUT: '' | store.write
TICK: 002472 | PC: 00132 | STEP: 0 | IR: drop | A: 0 | AR: 1 | NZ: 00 | IE: 1 | PENDING: 0 | IN_INTR: 0 | DS: [] | RS: [10] | MEM: - | LATCH: PC | OUT: '' | drop
TICK: 002473 | PC: 00051 | STEP: 0 | IR: jmp 51 | A: 0 | AR: 1 | NZ: 00 | IE: 1 | PENDING: 0 | IN_INTR: 0 | DS: [] | RS: [10] | MEM: - | LATCH: PC | OUT: '' | jmp 51
TICK: 002474 | PC: 00056 | STEP: 0 | IR: literal 100 | A: 0 | AR: 1 | NZ: 00 | IE: 1 | PENDING: 0 | IN_INTR: 0 | DS: [100] | RS: [10] | MEM: - | LATCH: DS.push,PC | OUT: '' | literal 100
TICK: 002475 | PC: 00056 | STEP: 1 | IR: load 1 | A: 0 | AR: 1 | NZ: 00 | IE: 1 | PENDING: 0 | IN_INTR: 0 | DS: [100] | RS: [10] | MEM: - | LATCH: AR | OUT: '' | load.addr 1
TICK: 002476 | PC: 00061 | STEP: 0 | IR: load 1 | A: 0 | AR: 1 | NZ: 00 | IE: 1 | PENDING: 0 | IN_INTR: 0 | DS: [100, 61] | RS: [10] | MEM: read mem[1] | LATCH: DS.push,PC | OUT: '' | load.read
TICK: 002477 | PC: 00061 | STEP: 1 | IR: sub | A: 0 | AR: 1 | NZ: 00 | IE: 1 | PENDING: 0 | IN_INTR: 0 | DS: [] | RS: [10] | MEM: - | LATCH: ALU.left,ALU.right | OUT: '' | sub.load_operands
TICK: 002478 | PC: 00062 | STEP: 0 | IR: sub | A: 0 | AR: 1 | NZ: 00 | IE: 1 | PENDING: 0 | IN_INTR: 0 | DS: [39] | RS: [10] | MEM: - | LATCH: DS.push(ALU),PC | OUT: '' | sub.write_result
TICK: 002479 | PC: 00062 | STEP: 1 | IR: mif 72 | A: 0 | AR: 1 | NZ: 00 | IE: 1 | PENDING: 0 | IN_INTR: 0 | DS: [] | RS: [10] | MEM: - | LATCH: ALU.left | OUT: '' | mif.test
TICK: 002480 | PC: 00072 | STEP: 0 | IR: mif 72 | A: 0 | AR: 1 | NZ: 00 | IE: 1 | PENDING: 0 | IN_INTR: 0 | DS: [] | RS: [10] | MEM: - | LATCH: PC | OUT: '' | mif.branch
TICK: 002481 | PC: 00072 | STEP: 1 | IR: load 2 | A: 0 | AR: 2 | NZ: 00 | IE: 1 | PENDING: 0 | IN_INTR: 0 | DS: [] | RS: [10] | MEM: - | LATCH: AR | OUT: '' | load.addr 2
TICK: 002482 | PC: 00077 | STEP: 0 | IR: load 2 | A: 0 | AR: 2 | NZ: 00 | IE: 1 | PENDING: 0 | IN_INTR: 0 | DS: [1830] | RS: [10] | MEM: read mem[2] | LATCH: DS.push,PC | OUT: '' | load.read
TICK: 002483 | PC: 00077 | STEP: 1 | IR: load 1 | A: 0 | AR: 1 | NZ: 00 | IE: 1 | PENDING: 0 | IN_INTR: 0 | DS: [1830] | RS: [10] | MEM: - | LATCH: AR | OUT: '' | load.addr 1
TICK: 002484 | PC: 00082 | STEP: 0 | IR: load 1 | A: 0 | AR: 1 | NZ: 00 | IE: 1 | PENDING: 0 | IN_INTR: 0 | DS: [1830, 61] | RS: [10] | MEM: read mem[1] | LATCH: DS.push,PC | OUT: '' | load.read
TICK: 002485 | PC: 00082 | STEP: 1 | IR: add | A: 0 | AR: 1 | NZ: 00 | IE: 1 | PENDING: 0 | IN_INTR: 0 | DS: [] | RS: [10] | MEM: - | LATCH: ALU.left,ALU.right | OUT: '' | add.load_operands
TICK: 002486 | PC: 00083 | STEP: 0 | IR: add | A: 0 | AR: 1 | NZ: 00 | IE: 1 | PENDING: 0 | IN_INTR: 0 | DS: [1891] | RS: [10] | MEM: - | LATCH: DS.push(ALU),PC | OUT: '' | add.write_result
TICK: 002487 | PC: 00084 | STEP: 0 | IR: dup | A: 0 | AR: 1 | NZ: 00 | IE: 1 | PENDING: 0 | IN_INTR: 0 | DS: [1891, 1891] | RS: [10] | MEM: - | LATCH: DS.dup,PC | OUT: '' | dup
TICK: 002488 | PC: 00084 | STEP: 1 | IR: store 2 | A: 0 | AR: 2 | NZ: 00 | IE: 1 | PENDING: 0 | IN_INTR: 0 | DS: [1891, 1891] | RS: [10] | MEM: - | LATCH: AR | OUT: '' | store.addr 2
TICK: 002489 | PC: 00089 | STEP: 0 | IR: store 2 | A: 0 | AR: 2 | NZ: 00 | IE: 1 | PENDING: 0 | IN_INTR: 0 | DS: [1891] | RS: [10] | MEM: write mem[2] <- 1891 | LATCH: MEM,PC | OUT: '' | store.write
TICK: 002490 | PC: 00090 | STEP: 0 | IR: drop | A: 0 | AR: 2 | NZ: 00 | IE: 1 | PENDING: 0 | IN_INTR: 0 | DS: [] | RS: [10] | MEM: - | LATCH: PC | OUT: '' | drop
TICK: 002491 | PC: 00090 | STEP: 1 | IR: load 3 | A: 0 | AR: 3 | NZ: 00 | IE: 1 | PENDING: 0 | IN_INTR: 0 | DS: [] | RS: [10] | MEM: - | LATCH: AR | OUT: '' | load.addr 3
TICK: 002492 | PC: 00095 | STEP: 0 | IR: load 3 | A: 0 | AR: 3 | NZ: 00 | IE: 1 | PENDING: 0 | IN_INTR: 0 | DS: [73810] | RS: [10] | MEM: read mem[3] | LATCH: DS.push,PC | OUT: '' | load.read
TICK: 002493 | PC: 00095 | STEP: 1 | IR: load 1 | A: 0 | AR: 1 | NZ: 00 | IE: 1 | PENDING: 0 | IN_INTR: 0 | DS: [73810] | RS: [10] | MEM: - | LATCH: AR | OUT: '' | load.addr 1
TICK: 002494 | PC: 00100 | STEP: 0 | IR: load 1 | A: 0 | AR: 1 | NZ: 00 | IE: 1 | PENDING: 0 | IN_INTR: 0 | DS: [73810, 61] | RS: [10] | MEM: read mem[1] | LATCH: DS.push,PC | OUT: '' | load.read
TICK: 002495 | PC: 00100 | STEP: 1 | IR: load 1 | A: 0 | AR: 1 | NZ: 00 | IE: 1 | PENDING: 0 | IN_INTR: 0 | DS: [73810, 61] | RS: [10] | MEM: - | LATCH: AR | OUT: '' | load.addr 1
TICK: 002496 | PC: 00105 | STEP: 0 | IR: load 1 | A: 0 | AR: 1 | NZ: 00 | IE: 1 | PENDING: 0 | IN_INTR: 0 | DS: [73810, 61, 61] | RS: [10] | MEM: read mem[1] | LATCH: DS.push,PC | OUT: '' | load.read
TICK: 002497 | PC: 00105 | STEP: 1 | IR: mul | A: 0 | AR: 1 | NZ: 00 | IE: 1 | PENDING: 0 | IN_INTR: 0 | DS: [73810] | RS: [10] | MEM: - | LATCH: ALU.left,ALU.right | OUT: '' | mul.load_operands
TICK: 002498 | PC: 00106 | STEP: 0 | IR: mul | A: 0 | AR: 1 | NZ: 00 | IE: 1 | PENDING: 0 | IN_INTR: 0 | DS: [73810, 3721] | RS: [10] | MEM: - | LATCH: DS.push(ALU),PC | OUT: '' | mul.write_result
TICK: 002499 | PC: 00106 | STEP: 1 | IR: add | A: 0 | AR: 1 | NZ: 00 | IE: 1 | PENDING: 0 | IN_INTR: 0 | DS: [] | RS: [10] | MEM: - | LATCH: ALU.left,ALU.right | OUT: '' | add.load_operands
TICK: 002500 | PC: 00107 | STEP: 0 | IR: add | A: 0 | AR: 1 | NZ: 00 | IE: 1 | PENDING: 0 | IN_INTR: 0 | DS: [77531] | RS: [10] | MEM: - | LATCH: DS.push(ALU),PC | OUT: '' | add.write_result
TICK: 002501 | PC: 00108 | STEP: 0 | IR: dup | A: 0 | AR: 1 | NZ: 00 | IE: 1 | PENDING: 0 | IN_INTR: 0 | DS: [77531, 77531] | RS: [10] | MEM: - | LATCH: DS.dup,PC | OUT: '' | dup
TICK: 002502 | PC: 00108 | STEP: 1 | IR: store 3 | A: 0 | AR: 3 | NZ: 00 | IE: 1 | PENDING: 0 | IN_INTR: 0 | DS: [77531, 77531] | RS: [10] | MEM: - | LATCH: AR | OUT: '' | store.addr 3
TICK: 002503 | PC: 00113 | STEP: 0 | IR: store 3 | A: 0 | AR: 3 | NZ: 00 | IE: 1 | PENDING: 0 | IN_INTR: 0 | DS: [77531] | RS: [10] | MEM: write mem[3] <- 77531 | LATCH: MEM,PC | OUT: '' | store.write
TICK: 002504 | PC: 00114 | STEP: 0 | IR: drop | A: 0 | AR: 3 | NZ: 00 | IE: 1 | PENDING: 0 | IN_INTR: 0 | DS: [] | RS: [10] | MEM: - | LATCH: PC | OUT: '' | drop
TICK: 002505 | PC: 00114 | STEP: 1 | IR: load 1 | A: 0 | AR: 1 | NZ: 00 | IE: 1 | PENDING: 0 | IN_INTR: 0 | DS: [] | RS: [10] | MEM: - | LATCH: AR | OUT: '' | load.addr 1
TICK: 002506 | PC: 00119 | STEP: 0 | IR: load 1 | A: 0 | AR: 1 | NZ: 00 | IE: 1 | PENDING: 0 | IN_INTR: 0 | DS: [61] | RS: [10] | MEM: read mem[1] | LATCH: DS.push,PC | OUT: '' | load.read
TICK: 002507 | PC: 00124 | STEP: 0 | IR: literal 1 | A: 0 | AR: 1 | NZ: 00 | IE: 1 | PENDING: 0 | IN_INTR: 0 | DS: [61, 1] | RS: [10] | MEM: - | LATCH: DS.push,PC | OUT: '' | literal 1
TICK: 002508 | PC: 00124 | STEP: 1 | IR: add | A: 0 | AR: 1 | NZ: 00 | IE: 1 | PENDING: 0 | IN_INTR: 0 | DS: [] | RS: [10] | MEM: - | LATCH: ALU.left,ALU.right | OUT: '' | add.load_operands
TICK: 002509 | PC: 00125 | STEP: 0 | IR: add | A: 0 | AR: 1 | NZ: 00 | IE: 1 | PENDING: 0 | IN_INTR: 0 | DS: [62] | RS: [10] | MEM: - | LATCH: DS.push(ALU),PC | OUT: '' | add.write_result
TICK: 002510 | PC: 00126 | STEP: 0 | IR: dup | A: 0 | AR: 1 | NZ: 00 | IE: 1 | PENDING: 0 | IN_INTR: 0 | DS: [62, 62] | RS: [10] | MEM: - | LATCH: DS.dup,PC | OUT: '' | dup
TICK: 002511 | PC: 00126 | STEP: 1 | IR: store 1 | A: 0 | AR: 1 | NZ: 00 | IE: 1 | PENDING: 0 | IN_INTR: 0 | DS: [62, 62] | RS: [10] | MEM: - | LATCH: AR | OUT: '' | store.addr 1
TICK: 002512 | PC: 00131 | STEP: 0 | IR: store 1 | A: 0 | AR: 1 | NZ: 00 | IE: 1 | PENDING: 0 | IN_INTR: 0 | DS: [62] | RS: [10] | MEM: write mem[1] <- 62 | LATCH: MEM,PC | OUT: '' | store.write
TICK: 002513 | PC: 00132 | STEP: 0 | IR: drop | A: 0 | AR: 1 | NZ: 00 | IE: 1 | PENDING: 0 | IN_INTR: 0 | DS: [] | RS: [10] | MEM: - | LATCH: PC | OUT: '' | drop
TICK: 002514 | PC: 00051 | STEP: 0 | IR: jmp 51 | A: 0 | AR: 1 | NZ: 00 | IE: 1 | PENDING: 0 | IN_INTR: 0 | DS: [] | RS: [10] | MEM: - | LATCH: PC | OUT: '' | jmp 51
TICK: 002515 | PC: 00056 | STEP: 0 | IR: literal 100 | A: 0 | AR: 1 | NZ: 00 | IE: 1 | PENDING: 0 | IN_INTR: 0 | DS: [100] | RS: [10] | MEM: - | LATCH: DS.push,PC | OUT: '' | literal 100
TICK: 002516 | PC: 00056 | STEP: 1 | IR: load 1 | A: 0 | AR: 1 | NZ: 00 | IE: 1 | PENDING: 0 | IN_INTR: 0 | DS: [100] | RS: [10] | MEM: - | LATCH: AR | OUT: '' | load.addr 1
TICK: 002517 | PC: 00061 | STEP: 0 | IR: load 1 | A: 0 | AR: 1 | NZ: 00 | IE: 1 | PENDING: 0 | IN_INTR: 0 | DS: [100, 62] | RS: [10] | MEM: read mem[1] | LATCH: DS.push,PC | OUT: '' | load.read
TICK: 002518 | PC: 00061 | STEP: 1 | IR: sub | A: 0 | AR: 1 | NZ: 00 | IE: 1 | PENDING: 0 | IN_INTR: 0 | DS: [] | RS: [10] | MEM: - | LATCH: ALU.left,ALU.right | OUT: '' | sub.load_operands
TICK: 002519 | PC: 00062 | STEP: 0 | IR: sub | A: 0 | AR: 1 | NZ: 00 | IE: 1 | PENDING: 0 | IN_INTR: 0 | DS: [38] | RS: [10] | MEM: - | LATCH: DS.push(ALU),PC | OUT: '' | sub.write_result
TICK: 002520 | PC: 00062 | STEP: 1 | IR: mif 72 | A: 0 | AR: 1 | NZ: 00 | IE: 1 | PENDING: 0 | IN_INTR: 0 | DS: [] | RS: [10] | MEM: - | LATCH: ALU.left | OUT: '' | mif.test
TICK: 002521 | PC: 00072 | STEP: 0 | IR: mif 72 | A: 0 | AR: 1 | NZ: 00 | IE: 1 | PENDING: 0 | IN_INTR: 0 | DS: [] | RS: [10] | MEM: - | LATCH: PC | OUT: '' | mif.branch
TICK: 002522 | PC: 00072 | STEP: 1 | IR: load 2 | A: 0 | AR: 2 | NZ: 00 | IE: 1 | PENDING: 0 | IN_INTR: 0 | DS: [] | RS: [10] | MEM: - | LATCH: AR | OUT: '' | load.addr 2
TICK: 002523 | PC: 00077 | STEP: 0 | IR: load 2 | A: 0 | AR: 2 | NZ: 00 | IE: 1 | PENDING: 0 | IN_INTR: 0 | DS: [1891] | RS: [10] | MEM: read mem[2] | LATCH: DS.push,PC | OUT: '' | load.read
TICK: 002524 | PC: 00077 | STEP: 1 | IR: load 1 | A: 0 | AR: 1 | NZ: 00 | IE: 1 | PENDING: 0 | IN_INTR: 0 | DS: [1891] | RS: [10] | MEM: - | LATCH: AR | OUT: '' | load.addr 1
TICK: 002525 | PC: 00082 | STEP: 0 | IR: load 1 | A: 0 | AR: 1 | NZ: 00 | IE: 1 | PENDING: 0 | IN_INTR: 0 | DS: [1891, 62] | RS: [10] | MEM: read mem[1] | LATCH: DS.push,PC | OUT: '' | load.read
TICK: 002526 | PC: 00082 | STEP: 1 | IR: add | A: 0 | AR: 1 | NZ: 00 | IE: 1 | PENDING: 0 | IN_INTR: 0 | DS: [] | RS: [10] | MEM: - | LATCH: ALU.left,ALU.right | OUT: '' | add.load_operands
TICK: 002527 | PC: 00083 | STEP: 0 | IR: add | A: 0 | AR: 1 | NZ: 00 | IE: 1 | PENDING: 0 | IN_INTR: 0 | DS: [1953] | RS: [10] | MEM: - | LATCH: DS.push(ALU),PC | OUT: '' | add.write_result
TICK: 002528 | PC: 00084 | STEP: 0 | IR: dup | A: 0 | AR: 1 | NZ: 00 | IE: 1 | PENDING: 0 | IN_INTR: 0 | DS: [1953, 1953] | RS: [10] | MEM: - | LATCH: DS.dup,PC | OUT: '' | dup
TICK: 002529 | PC: 00084 | STEP: 1 | IR: store 2 | A: 0 | AR: 2 | NZ: 00 | IE: 1 | PENDING: 0 | IN_INTR: 0 | DS: [1953, 1953] | RS: [10] | MEM: - | LATCH: AR | OUT: '' | store.addr 2
TICK: 002530 | PC: 00089 | STEP: 0 | IR: store 2 | A: 0 | AR: 2 | NZ: 00 | IE: 1 | PENDING: 0 | IN_INTR: 0 | DS: [1953] | RS: [10] | MEM: write mem[2] <- 1953 | LATCH: MEM,PC | OUT: '' | store.write
TICK: 002531 | PC: 00090 | STEP: 0 | IR: drop | A: 0 | AR: 2 | NZ: 00 | IE: 1 | PENDING: 0 | IN_INTR: 0 | DS: [] | RS: [10] | MEM: - | LATCH: PC | OUT: '' | drop
TICK: 002532 | PC: 00090 | STEP: 1 | IR: load 3 | A: 0 | AR: 3 | NZ: 00 | IE: 1 | PENDING: 0 | IN_INTR: 0 | DS: [] | RS: [10] | MEM: - | LATCH: AR | OUT: '' | load.addr 3
TICK: 002533 | PC: 00095 | STEP: 0 | IR: load 3 | A: 0 | AR: 3 | NZ: 00 | IE: 1 | PENDING: 0 | IN_INTR: 0 | DS: [77531] | RS: [10] | MEM: read mem[3] | LATCH: DS.push,PC | OUT: '' | load.read
TICK: 002534 | PC: 00095 | STEP: 1 | IR: load 1 | A: 0 | AR: 1 | NZ: 00 | IE: 1 | PENDING: 0 | IN_INTR: 0 | DS: [77531] | RS: [10] | MEM: - | LATCH: AR | OUT: '' | load.addr 1
TICK: 002535 | PC: 00100 | STEP: 0 | IR: load 1 | A: 0 | AR: 1 | NZ: 00 | IE: 1 | PENDING: 0 | IN_INTR: 0 | DS: [77531, 62] | RS: [10] | MEM: read mem[1] | LATCH: DS.push,PC | OUT: '' | load.read
TICK: 002536 | PC: 00100 | STEP: 1 | IR: load 1 | A: 0 | AR: 1 | NZ: 00 | IE: 1 | PENDING: 0 | IN_INTR: 0 | DS: [77531, 62] | RS: [10] | MEM: - | LATCH: AR | OUT: '' | load.addr 1
TICK: 002537 | PC: 00105 | STEP: 0 | IR: load 1 | A: 0 | AR: 1 | NZ: 00 | IE: 1 | PENDING: 0 | IN_INTR: 0 | DS: [77531, 62, 62] | RS: [10] | MEM: read mem[1] | LATCH: DS.push,PC | OUT: '' | load.read
TICK: 002538 | PC: 00105 | STEP: 1 | IR: mul | A: 0 | AR: 1 | NZ: 00 | IE: 1 | PENDING: 0 | IN_INTR: 0 | DS: [77531] | RS: [10] | MEM: - | LATCH: ALU.left,ALU.right | OUT: '' | mul.load_operands
TICK: 002539 | PC: 00106 | STEP: 0 | IR: mul | A: 0 | AR: 1 | NZ: 00 | IE: 1 | PENDING: 0 | IN_INTR: 0 | DS: [77531, 3844] | RS: [10] | MEM: - | LATCH: DS.push(ALU),PC | OUT: '' | mul.write_result
TICK: 002540 | PC: 00106 | STEP: 1 | IR: add | A: 0 | AR: 1 | NZ: 00 | IE: 1 | PENDING: 0 | IN_INTR: 0 | DS: [] | RS: [10] | MEM: - | LATCH: ALU.left,ALU.right | OUT: '' | add.load_operands
TICK: 002541 | PC: 00107 | STEP: 0 | IR: add | A: 0 | AR: 1 | NZ: 00 | IE: 1 | PENDING: 0 | IN_INTR: 0 | DS: [81375] | RS: [10] | MEM: - | LATCH: DS.push(ALU),PC | OUT: '' | add.write_result
TICK: 002542 | PC: 00108 | STEP: 0 | IR: dup | A: 0 | AR: 1 | NZ: 00 | IE: 1 | PENDING: 0 | IN_INTR: 0 | DS: [81375, 81375] | RS: [10] | MEM: - | LATCH: DS.dup,PC | OUT: '' | dup
TICK: 002543 | PC: 00108 | STEP: 1 | IR: store 3 | A: 0 | AR: 3 | NZ: 00 | IE: 1 | PENDING: 0 | IN_INTR: 0 | DS: [81375, 81375] | RS: [10] | MEM: - | LATCH: AR | OUT: '' | store.addr 3
TICK: 002544 | PC: 00113 | STEP: 0 | IR: store 3 | A: 0 | AR: 3 | NZ: 00 | IE: 1 | PENDING: 0 | IN_INTR: 0 | DS: [81375] | RS: [10] | MEM: write mem[3] <- 81375 | LATCH: MEM,PC | OUT: '' | store.write
TICK: 002545 | PC: 00114 | STEP: 0 | IR: drop | A: 0 | AR: 3 | NZ: 00 | IE: 1 | PENDING: 0 | IN_INTR: 0 | DS: [] | RS: [10] | MEM: - | LATCH: PC | OUT: '' | drop
TICK: 002546 | PC: 00114 | STEP: 1 | IR: load 1 | A: 0 | AR: 1 | NZ: 00 | IE: 1 | PENDING: 0 | IN_INTR: 0 | DS: [] | RS: [10] | MEM: - | LATCH: AR | OUT: '' | load.addr 1
TICK: 002547 | PC: 00119 | STEP: 0 | IR: load 1 | A: 0 | AR: 1 | NZ: 00 | IE: 1 | PENDING: 0 | IN_INTR: 0 | DS: [62] | RS: [10] | MEM: read mem[1] | LATCH: DS.push,PC | OUT: '' | load.read
TICK: 002548 | PC: 00124 | STEP: 0 | IR: literal 1 | A: 0 | AR: 1 | NZ: 00 | IE: 1 | PENDING: 0 | IN_INTR: 0 | DS: [62, 1] | RS: [10] | MEM: - | LATCH: DS.push,PC | OUT: '' | literal 1
TICK: 002549 | PC: 00124 | STEP: 1 | IR: add | A: 0 | AR: 1 | NZ: 00 | IE: 1 | PENDING: 0 | IN_INTR: 0 | DS: [] | RS: [10] | MEM: - | LATCH: ALU.left,ALU.right | OUT: '' | add.load_operands
TICK: 002550 | PC: 00125 | STEP: 0 | IR: add | A: 0 | AR: 1 | NZ: 00 | IE: 1 | PENDING: 0 | IN_INTR: 0 | DS: [63] | RS: [10] | MEM: - | LATCH: DS.push(ALU),PC | OUT: '' | add.write_result
TICK: 002551 | PC: 00126 | STEP: 0 | IR: dup | A: 0 | AR: 1 | NZ: 00 | IE: 1 | PENDING: 0 | IN_INTR: 0 | DS: [63, 63] | RS: [10] | MEM: - | LATCH: DS.dup,PC | OUT: '' | dup
TICK: 002552 | PC: 00126 | STEP: 1 | IR: store 1 | A: 0 | AR: 1 | NZ: 00 | IE: 1 | PENDING: 0 | IN_INTR: 0 | DS: [63, 63] | RS: [10] | MEM: - | LATCH: AR | OUT: '' | store.addr 1
TICK: 002553 | PC: 00131 | STEP: 0 | IR: store 1 | A: 0 | AR: 1 | NZ: 00 | IE: 1 | PENDING: 0 | IN_INTR: 0 | DS: [63] | RS: [10] | MEM: write mem[1] <- 63 | LATCH: MEM,PC | OUT: '' | store.write
TICK: 002554 | PC: 00132 | STEP: 0 | IR: drop | A: 0 | AR: 1 | NZ: 00 | IE: 1 | PENDING: 0 | IN_INTR: 0 | DS: [] | RS: [10] | MEM: - | LATCH: PC | OUT: '' | drop
TICK: 002555 | PC: 00051 | STEP: 0 | IR: jmp 51 | A: 0 | AR: 1 | NZ: 00 | IE: 1 | PENDING: 0 | IN_INTR: 0 | DS: [] | RS: [10] | MEM: - | LATCH: PC | OUT: '' | jmp 51
TICK: 002556 | PC: 00056 | STEP: 0 | IR: literal 100 | A: 0 | AR: 1 | NZ: 00 | IE: 1 | PENDING: 0 | IN_INTR: 0 | DS: [100] | RS: [10] | MEM: - | LATCH: DS.push,PC | OUT: '' | literal 100
TICK: 002557 | PC: 00056 | STEP: 1 | IR: load 1 | A: 0 | AR: 1 | NZ: 00 | IE: 1 | PENDING: 0 | IN_INTR: 0 | DS: [100] | RS: [10] | MEM: - | LATCH: AR | OUT: '' | load.addr 1
TICK: 002558 | PC: 00061 | STEP: 0 | IR: load 1 | A: 0 | AR: 1 | NZ: 00 | IE: 1 | PENDING: 0 | IN_INTR: 0 | DS: [100, 63] | RS: [10] | MEM: read mem[1] | LATCH: DS.push,PC | OUT: '' | load.read
TICK: 002559 | PC: 00061 | STEP: 1 | IR: sub | A: 0 | AR: 1 | NZ: 00 | IE: 1 | PENDING: 0 | IN_INTR: 0 | DS: [] | RS: [10] | MEM: - | LATCH: ALU.left,ALU.right | OUT: '' | sub.load_operands
TICK: 002560 | PC: 00062 | STEP: 0 | IR: sub | A: 0 | AR: 1 | NZ: 00 | IE: 1 | PENDING: 0 | IN_INTR: 0 | DS: [37] | RS: [10] | MEM: - | LATCH: DS.push(ALU),PC | OUT: '' | sub.write_result
TICK: 002561 | PC: 00062 | STEP: 1 | IR: mif 72 | A: 0 | AR: 1 | NZ: 00 | IE: 1 | PENDING: 0 | IN_INTR: 0 | DS: [] | RS: [10] | MEM: - | LATCH: ALU.left | OUT: '' | mif.test
TICK: 002562 | PC: 00072 | STEP: 0 | IR: mif 72 | A: 0 | AR: 1 | NZ: 00 | IE: 1 | PENDING: 0 | IN_INTR: 0 | DS: [] | RS: [10] | MEM: - | LATCH: PC | OUT: '' | mif.branch
TICK: 002563 | PC: 00072 | STEP: 1 | IR: load 2 | A: 0 | AR: 2 | NZ: 00 | IE: 1 | PENDING: 0 | IN_INTR: 0 | DS: [] | RS: [10] | MEM: - | LATCH: AR | OUT: '' | load.addr 2
TICK: 002564 | PC: 00077 | STEP: 0 | IR: load 2 | A: 0 | AR: 2 | NZ: 00 | IE: 1 | PENDING: 0 | IN_INTR: 0 | DS: [1953] | RS: [10] | MEM: read mem[2] | LATCH: DS.push,PC | OUT: '' | load.read
TICK: 002565 | PC: 00077 | STEP: 1 | IR: load 1 | A: 0 | AR: 1 | NZ: 00 | IE: 1 | PENDING: 0 | IN_INTR: 0 | DS: [1953] | RS: [10] | MEM: - | LATCH: AR | OUT: '' | load.addr 1
TICK: 002566 | PC: 00082 | STEP: 0 | IR: load 1 | A: 0 | AR: 1 | NZ: 00 | IE: 1 | PENDING: 0 | IN_INTR: 0 | DS: [1953, 63] | RS: [10] | MEM: read mem[1] | LATCH: DS.push,PC | OUT: '' | load.read
TICK: 002567 | PC: 00082 | STEP: 1 | IR: add | A: 0 | AR: 1 | NZ: 00 | IE: 1 | PENDING: 0 | IN_INTR: 0 | DS: [] | RS: [10] | MEM: - | LATCH: ALU.left,ALU.right | OUT: '' | add.load_operands
TICK: 002568 | PC: 00083 | STEP: 0 | IR: add | A: 0 | AR: 1 | NZ: 00 | IE: 1 | PENDING: 0 | IN_INTR: 0 | DS: [2016] | RS: [10] | MEM: - | LATCH: DS.push(ALU),PC | OUT: '' | add.write_result
TICK: 002569 | PC: 00084 | STEP: 0 | IR: dup | A: 0 | AR: 1 | NZ: 00 | IE: 1 | PENDING: 0 | IN_INTR: 0 | DS: [2016, 2016] | RS: [10] | MEM: - | LATCH: DS.dup,PC | OUT: '' | dup
TICK: 002570 | PC: 00084 | STEP: 1 | IR: store 2 | A: 0 | AR: 2 | NZ: 00 | IE: 1 | PENDING: 0 | IN_INTR: 0 | DS: [2016, 2016] | RS: [10] | MEM: - | LATCH: AR | OUT: '' | store.addr 2
TICK: 002571 | PC: 00089 | STEP: 0 | IR: store 2 | A: 0 | AR: 2 | NZ: 00 | IE: 1 | PENDING: 0 | IN_INTR: 0 | DS: [2016] | RS: [10] | MEM: write mem[2] <- 2016 | LATCH: MEM,PC | OUT: '' | store.write
TICK: 002572 | PC: 00090 | STEP: 0 | IR: drop | A: 0 | AR: 2 | NZ: 00 | IE: 1 | PENDING: 0 | IN_INTR: 0 | DS: [] | RS: [10] | MEM: - | LATCH: PC | OUT: '' | drop
TICK: 002573 | PC: 00090 | STEP: 1 | IR: load 3 | A: 0 | AR: 3 | NZ: 00 | IE: 1 | PENDING: 0 | IN_INTR: 0 | DS: [] | RS: [10] | MEM: - | LATCH: AR | OUT: '' | load.addr 3
TICK: 002574 | PC: 00095 | STEP: 0 | IR: load 3 | A: 0 | AR: 3 | NZ: 00 | IE: 1 | PENDING: 0 | IN_INTR: 0 | DS: [81375] | RS: [10] | MEM: read mem[3] | LATCH: DS.push,PC | OUT: '' | load.read
TICK: 002575 | PC: 00095 | STEP: 1 | IR: load 1 | A: 0 | AR: 1 | NZ: 00 | IE: 1 | PENDING: 0 | IN_INTR: 0 | DS: [81375] | RS: [10] | MEM: - | LATCH: AR | OUT: '' | load.addr 1
TICK: 002576 | PC: 00100 | STEP: 0 | IR: load 1 | A: 0 | AR: 1 | NZ: 00 | IE: 1 | PENDING: 0 | IN_INTR: 0 | DS: [81375, 63] | RS: [10] | MEM: read mem[1] | LATCH: DS.push,PC | OUT: '' | load.read
TICK: 002577 | PC: 00100 | STEP: 1 | IR: load 1 | A: 0 | AR: 1 | NZ: 00 | IE: 1 | PENDING: 0 | IN_INTR: 0 | DS: [81375, 63] | RS: [10] | MEM: - | LATCH: AR | OUT: '' | load.addr 1
TICK: 002578 | PC: 00105 | STEP: 0 | IR: load 1 | A: 0 | AR: 1 | NZ: 00 | IE: 1 | PENDING: 0 | IN_INTR: 0 | DS: [81375, 63, 63] | RS: [10] | MEM: read mem[1] | LATCH: DS.push,PC | OUT: '' | load.read
TICK: 002579 | PC: 00105 | STEP: 1 | IR: mul | A: 0 | AR: 1 | NZ: 00 | IE: 1 | PENDING: 0 | IN_INTR: 0 | DS: [81375] | RS: [10] | MEM: - | LATCH: ALU.left,ALU.right | OUT: '' | mul.load_operands
TICK: 002580 | PC: 00106 | STEP: 0 | IR: mul | A: 0 | AR: 1 | NZ: 00 | IE: 1 | PENDING: 0 | IN_INTR: 0 | DS: [81375, 3969] | RS: [10] | MEM: - | LATCH: DS.push(ALU),PC | OUT: '' | mul.write_result
TICK: 002581 | PC: 00106 | STEP: 1 | IR: add | A: 0 | AR: 1 | NZ: 00 | IE: 1 | PENDING: 0 | IN_INTR: 0 | DS: [] | RS: [10] | MEM: - | LATCH: ALU.left,ALU.right | OUT: '' | add.load_operands
TICK: 002582 | PC: 00107 | STEP: 0 | IR: add | A: 0 | AR: 1 | NZ: 00 | IE: 1 | PENDING: 0 | IN_INTR: 0 | DS: [85344] | RS: [10] | MEM: - | LATCH: DS.push(ALU),PC | OUT: '' | add.write_result
TICK: 002583 | PC: 00108 | STEP: 0 | IR: dup | A: 0 | AR: 1 | NZ: 00 | IE: 1 | PENDING: 0 | IN_INTR: 0 | DS: [85344, 85344] | RS: [10] | MEM: - | LATCH: DS.dup,PC | OUT: '' | dup
TICK: 002584 | PC: 00108 | STEP: 1 | IR: store 3 | A: 0 | AR: 3 | NZ: 00 | IE: 1 | PENDING: 0 | IN_INTR: 0 | DS: [85344, 85344] | RS: [10] | MEM: - | LATCH: AR | OUT: '' | store.addr 3
TICK: 002585 | PC: 00113 | STEP: 0 | IR: store 3 | A: 0 | AR: 3 | NZ: 00 | IE: 1 | PENDING: 0 | IN_INTR: 0 | DS: [85344] | RS: [10] | MEM: write mem[3] <- 85344 | LATCH: MEM,PC | OUT: '' | store.write
TICK: 002586 | PC: 00114 | STEP: 0 | IR: drop | A: 0 | AR: 3 | NZ: 00 | IE: 1 | PENDING: 0 | IN_INTR: 0 | DS: [] | RS: [10] | MEM: - | LATCH: PC | OUT: '' | drop
TICK: 002587 | PC: 00114 | STEP: 1 | IR: load 1 | A: 0 | AR: 1 | NZ: 00 | IE: 1 | PENDING: 0 | IN_INTR: 0 | DS: [] | RS: [10] | MEM: - | LATCH: AR | OUT: '' | load.addr 1
TICK: 002588 | PC: 00119 | STEP: 0 | IR: load 1 | A: 0 | AR: 1 | NZ: 00 | IE: 1 | PENDING: 0 | IN_INTR: 0 | DS: [63] | RS: [10] | MEM: read mem[1] | LATCH: DS.push,PC | OUT: '' | load.read
TICK: 002589 | PC: 00124 | STEP: 0 | IR: literal 1 | A: 0 | AR: 1 | NZ: 00 | IE: 1 | PENDING: 0 | IN_INTR: 0 | DS: [63, 1] | RS: [10] | MEM: - | LATCH: DS.push,PC | OUT: '' | literal 1
TICK: 002590 | PC: 00124 | STEP: 1 | IR: add | A: 0 | AR: 1 | NZ: 00 | IE: 1 | PENDING: 0 | IN_INTR: 0 | DS: [] | RS: [10] | MEM: - | LATCH: ALU.left,ALU.right | OUT: '' | add.load_operands
TICK: 002591 | PC: 00125 | STEP: 0 | IR: add | A: 0 | AR: 1 | NZ: 00 | IE: 1 | PENDING: 0 | IN_INTR: 0 | DS: [64] | RS: [10] | MEM: - | LATCH: DS.push(ALU),PC | OUT: '' | add.write_result
TICK: 002592 | PC: 00126 | STEP: 0 | IR: dup | A: 0 | AR: 1 | NZ: 00 | IE: 1 | PENDING: 0 | IN_INTR: 0 | DS: [64, 64] | RS: [10] | MEM: - | LATCH: DS.dup,PC | OUT: '' | dup
TICK: 002593 | PC: 00126 | STEP: 1 | IR: store 1 | A: 0 | AR: 1 | NZ: 00 | IE: 1 | PENDING: 0 | IN_INTR: 0 | DS: [64, 64] | RS: [10] | MEM: - | LATCH: AR | OUT: '' | store.addr 1
TICK: 002594 | PC: 00131 | STEP: 0 | IR: store 1 | A: 0 | AR: 1 | NZ: 00 | IE: 1 | PENDING: 0 | IN_INTR: 0 | DS: [64] | RS: [10] | MEM: write mem[1] <- 64 | LATCH: MEM,PC | OUT: '' | store.write
TICK: 002595 | PC: 00132 | STEP: 0 | IR: drop | A: 0 | AR: 1 | NZ: 00 | IE: 1 | PENDING: 0 | IN_INTR: 0 | DS: [] | RS: [10] | MEM: - | LATCH: PC | OUT: '' | drop
TICK: 002596 | PC: 00051 | STEP: 0 | IR: jmp 51 | A: 0 | AR: 1 | NZ: 00 | IE: 1 | PENDING: 0 | IN_INTR: 0 | DS: [] | RS: [10] | MEM: - | LATCH: PC | OUT: '' | jmp 51
TICK: 002597 | PC: 00056 | STEP: 0 | IR: literal 100 | A: 0 | AR: 1 | NZ: 00 | IE: 1 | PENDING: 0 | IN_INTR: 0 | DS: [100] | RS: [10] | MEM: - | LATCH: DS.push,PC | OUT: '' | literal 100
TICK: 002598 | PC: 00056 | STEP: 1 | IR: load 1 | A: 0 | AR: 1 | NZ: 00 | IE: 1 | PENDING: 0 | IN_INTR: 0 | DS: [100] | RS: [10] | MEM: - | LATCH: AR | OUT: '' | load.addr 1
TICK: 002599 | PC: 00061 | STEP: 0 | IR: load 1 | A: 0 | AR: 1 | NZ: 00 | IE: 1 | PENDING: 0 | IN_INTR: 0 | DS: [100, 64] | RS: [10] | MEM: read mem[1] | LATCH: DS.push,PC | OUT: '' | load.read
TICK: 002600 | PC: 00061 | STEP: 1 | IR: sub | A: 0 | AR: 1 | NZ: 00 | IE: 1 | PENDING: 0 | IN_INTR: 0 | DS: [] | RS: [10] | MEM: - | LATCH: ALU.left,ALU.right | OUT: '' | sub.load_operands
TICK: 002601 | PC: 00062 | STEP: 0 | IR: sub | A: 0 | AR: 1 | NZ: 00 | IE: 1 | PENDING: 0 | IN_INTR: 0 | DS: [36] | RS: [10] | MEM: - | LATCH: DS.push(ALU),PC | OUT: '' | sub.write_result
TICK: 002602 | PC: 00062 | STEP: 1 | IR: mif 72 | A: 0 | AR: 1 | NZ: 00 | IE: 1 | PENDING: 0 | IN_INTR: 0 | DS: [] | RS: [10] | MEM: - | LATCH: ALU.left | OUT: '' | mif.test
TICK: 002603 | PC: 00072 | STEP: 0 | IR: mif 72 | A: 0 | AR: 1 | NZ: 00 | IE: 1 | PENDING: 0 | IN_INTR: 0 | DS: [] | RS: [10] | MEM: - | LATCH: PC | OUT: '' | mif.branch
TICK: 002604 | PC: 00072 | STEP: 1 | IR: load 2 | A: 0 | AR: 2 | NZ: 00 | IE: 1 | PENDING: 0 | IN_INTR: 0 | DS: [] | RS: [10] | MEM: - | LATCH: AR | OUT: '' | load.addr 2
TICK: 002605 | PC: 00077 | STEP: 0 | IR: load 2 | A: 0 | AR: 2 | NZ: 00 | IE: 1 | PENDING: 0 | IN_INTR: 0 | DS: [2016] | RS: [10] | MEM: read mem[2] | LATCH: DS.push,PC | OUT: '' | load.read
TICK: 002606 | PC: 00077 | STEP: 1 | IR: load 1 | A: 0 | AR: 1 | NZ: 00 | IE: 1 | PENDING: 0 | IN_INTR: 0 | DS: [2016] | RS: [10] | MEM: - | LATCH: AR | OUT: '' | load.addr 1
TICK: 002607 | PC: 00082 | STEP: 0 | IR: load 1 | A: 0 | AR: 1 | NZ: 00 | IE: 1 | PENDING: 0 | IN_INTR: 0 | DS: [2016, 64] | RS: [10] | MEM: read mem[1] | LATCH: DS.push,PC | OUT: '' | load.read
TICK: 002608 | PC: 00082 | STEP: 1 | IR: add | A: 0 | AR: 1 | NZ: 00 | IE: 1 | PENDING: 0 | IN_INTR: 0 | DS: [] | RS: [10] | MEM: - | LATCH: ALU.left,ALU.right | OUT: '' | add.load_operands
TICK: 002609 | PC: 00083 | STEP: 0 | IR: add | A: 0 | AR: 1 | NZ: 00 | IE: 1 | PENDING: 0 | IN_INTR: 0 | DS: [2080] | RS: [10] | MEM: - | LATCH: DS.push(ALU),PC | OUT: '' | add.write_result
TICK: 002610 | PC: 00084 | STEP: 0 | IR: dup | A: 0 | AR: 1 | NZ: 00 | IE: 1 | PENDING: 0 | IN_INTR: 0 | DS: [2080, 2080] | RS: [10] | MEM: - | LATCH: DS.dup,PC | OUT: '' | dup
TICK: 002611 | PC: 00084 | STEP: 1 | IR: store 2 | A: 0 | AR: 2 | NZ: 00 | IE: 1 | PENDING: 0 | IN_INTR: 0 | DS: [2080, 2080] | RS: [10] | MEM: - | LATCH: AR | OUT: '' | store.addr 2
TICK: 002612 | PC: 00089 | STEP: 0 | IR: store 2 | A: 0 | AR: 2 | NZ: 00 | IE: 1 | PENDING: 0 | IN_INTR: 0 | DS: [2080] | RS: [10] | MEM: write mem[2] <- 2080 | LATCH: MEM,PC | OUT: '' | store.write
TICK: 002613 | PC: 00090 | STEP: 0 | IR: drop | A: 0 | AR: 2 | NZ: 00 | IE: 1 | PENDING: 0 | IN_INTR: 0 | DS: [] | RS: [10] | MEM: - | LATCH: PC | OUT: '' | drop
TICK: 002614 | PC: 00090 | STEP: 1 | IR: load 3 | A: 0 | AR: 3 | NZ: 00 | IE: 1 | PENDING: 0 | IN_INTR: 0 | DS: [] | RS: [10] | MEM: - | LATCH: AR | OUT: '' | load.addr 3
TICK: 002615 | PC: 00095 | STEP: 0 | IR: load 3 | A: 0 | AR: 3 | NZ: 00 | IE: 1 | PENDING: 0 | IN_INTR: 0 | DS: [85344] | RS: [10] | MEM: read mem[3] | LATCH: DS.push,PC | OUT: '' | load.read
TICK: 002616 | PC: 00095 | STEP: 1 | IR: load 1 | A: 0 | AR: 1 | NZ: 00 | IE: 1 | PENDING: 0 | IN_INTR: 0 | DS: [85344] | RS: [10] | MEM: - | LATCH: AR | OUT: '' | load.addr 1
TICK: 002617 | PC: 00100 | STEP: 0 | IR: load 1 | A: 0 | AR: 1 | NZ: 00 | IE: 1 | PENDING: 0 | IN_INTR: 0 | DS: [85344, 64] | RS: [10] | MEM: read mem[1] | LATCH: DS.push,PC | OUT: '' | load.read
TICK: 002618 | PC: 00100 | STEP: 1 | IR: load 1 | A: 0 | AR: 1 | NZ: 00 | IE: 1 | PENDING: 0 | IN_INTR: 0 | DS: [85344, 64] | RS: [10] | MEM: - | LATCH: AR | OUT: '' | load.addr 1
TICK: 002619 | PC: 00105 | STEP: 0 | IR: load 1 | A: 0 | AR: 1 | NZ: 00 | IE: 1 | PENDING: 0 | IN_INTR: 0 | DS: [85344, 64, 64] | RS: [10] | MEM: read mem[1] | LATCH: DS.push,PC | OUT: '' | load.read
TICK: 002620 | PC: 00105 | STEP: 1 | IR: mul | A: 0 | AR: 1 | NZ: 00 | IE: 1 | PENDING: 0 | IN_INTR: 0 | DS: [85344] | RS: [10] | MEM: - | LATCH: ALU.left,ALU.right | OUT: '' | mul.load_operands
TICK: 002621 | PC: 00106 | STEP: 0 | IR: mul | A: 0 | AR: 1 | NZ: 00 | IE: 1 | PENDING: 0 | IN_INTR: 0 | DS: [85344, 4096] | RS: [10] | MEM: - | LATCH: DS.push(ALU),PC | OUT: '' | mul.write_result
TICK: 002622 | PC: 00106 | STEP: 1 | IR: add | A: 0 | AR: 1 | NZ: 00 | IE: 1 | PENDING: 0 | IN_INTR: 0 | DS: [] | RS: [10] | MEM: - | LATCH: ALU.left,ALU.right | OUT: '' | add.load_operands
TICK: 002623 | PC: 00107 | STEP: 0 | IR: add | A: 0 | AR: 1 | NZ: 00 | IE: 1 | PENDING: 0 | IN_INTR: 0 | DS: [89440] | RS: [10] | MEM: - | LATCH: DS.push(ALU),PC | OUT: '' | add.write_result
TICK: 002624 | PC: 00108 | STEP: 0 | IR: dup | A: 0 | AR: 1 | NZ: 00 | IE: 1 | PENDING: 0 | IN_INTR: 0 | DS: [89440, 89440] | RS: [10] | MEM: - | LATCH: DS.dup,PC | OUT: '' | dup
TICK: 002625 | PC: 00108 | STEP: 1 | IR: store 3 | A: 0 | AR: 3 | NZ: 00 | IE: 1 | PENDING: 0 | IN_INTR: 0 | DS: [89440, 89440] | RS: [10] | MEM: - | LATCH: AR | OUT: '' | store.addr 3
TICK: 002626 | PC: 00113 | STEP: 0 | IR: store 3 | A: 0 | AR: 3 | NZ: 00 | IE: 1 | PENDING: 0 | IN_INTR: 0 | DS: [89440] | RS: [10] | MEM: write mem[3] <- 89440 | LATCH: MEM,PC | OUT: '' | store.write
TICK: 002627 | PC: 00114 | STEP: 0 | IR: drop | A: 0 | AR: 3 | NZ: 00 | IE: 1 | PENDING: 0 | IN_INTR: 0 | DS: [] | RS: [10] | MEM: - | LATCH: PC | OUT: '' | drop
TICK: 002628 | PC: 00114 | STEP: 1 | IR: load 1 | A: 0 | AR: 1 | NZ: 00 | IE: 1 | PENDING: 0 | IN_INTR: 0 | DS: [] | RS: [10] | MEM: - | LATCH: AR | OUT: '' | load.addr 1
TICK: 002629 | PC: 00119 | STEP: 0 | IR: load 1 | A: 0 | AR: 1 | NZ: 00 | IE: 1 | PENDING: 0 | IN_INTR: 0 | DS: [64] | RS: [10] | MEM: read mem[1] | LATCH: DS.push,PC | OUT: '' | load.read
TICK: 002630 | PC: 00124 | STEP: 0 | IR: literal 1 | A: 0 | AR: 1 | NZ: 00 | IE: 1 | PENDING: 0 | IN_INTR: 0 | DS: [64, 1] | RS: [10] | MEM: - | LATCH: DS.push,PC | OUT: '' | literal 1
TICK: 002631 | PC: 00124 | STEP: 1 | IR: add | A: 0 | AR: 1 | NZ: 00 | IE: 1 | PENDING: 0 | IN_INTR: 0 | DS: [] | RS: [10] | MEM: - | LATCH: ALU.left,ALU.right | OUT: '' | add.load_operands
TICK: 002632 | PC: 00125 | STEP: 0 | IR: add | A: 0 | AR: 1 | NZ: 00 | IE: 1 | PENDING: 0 | IN_INTR: 0 | DS: [65] | RS: [10] | MEM: - | LATCH: DS.push(ALU),PC | OUT: '' | add.write_result
TICK: 002633 | PC: 00126 | STEP: 0 | IR: dup | A: 0 | AR: 1 | NZ: 00 | IE: 1 | PENDING: 0 | IN_INTR: 0 | DS: [65, 65] | RS: [10] | MEM: - | LATCH: DS.dup,PC | OUT: '' | dup
TICK: 002634 | PC: 00126 | STEP: 1 | IR: store 1 | A: 0 | AR: 1 | NZ: 00 | IE: 1 | PENDING: 0 | IN_INTR: 0 | DS: [65, 65] | RS: [10] | MEM: - | LATCH: AR | OUT: '' | store.addr 1
TICK: 002635 | PC: 00131 | STEP: 0 | IR: store 1 | A: 0 | AR: 1 | NZ: 00 | IE: 1 | PENDING: 0 | IN_INTR: 0 | DS: [65] | RS: [10] | MEM: write mem[1] <- 65 | LATCH: MEM,PC | OUT: '' | store.write
TICK: 002636 | PC: 00132 | STEP: 0 | IR: drop | A: 0 | AR: 1 | NZ: 00 | IE: 1 | PENDING: 0 | IN_INTR: 0 | DS: [] | RS: [10] | MEM: - | LATCH: PC | OUT: '' | drop
TICK: 002637 | PC: 00051 | STEP: 0 | IR: jmp 51 | A: 0 | AR: 1 | NZ: 00 | IE: 1 | PENDING: 0 | IN_INTR: 0 | DS: [] | RS: [10] | MEM: - | LATCH: PC | OUT: '' | jmp 51
TICK: 002638 | PC: 00056 | STEP: 0 | IR: literal 100 | A: 0 | AR: 1 | NZ: 00 | IE: 1 | PENDING: 0 | IN_INTR: 0 | DS: [100] | RS: [10] | MEM: - | LATCH: DS.push,PC | OUT: '' | literal 100
TICK: 002639 | PC: 00056 | STEP: 1 | IR: load 1 | A: 0 | AR: 1 | NZ: 00 | IE: 1 | PENDING: 0 | IN_INTR: 0 | DS: [100] | RS: [10] | MEM: - | LATCH: AR | OUT: '' | load.addr 1
TICK: 002640 | PC: 00061 | STEP: 0 | IR: load 1 | A: 0 | AR: 1 | NZ: 00 | IE: 1 | PENDING: 0 | IN_INTR: 0 | DS: [100, 65] | RS: [10] | MEM: read mem[1] | LATCH: DS.push,PC | OUT: '' | load.read
TICK: 002641 | PC: 00061 | STEP: 1 | IR: sub | A: 0 | AR: 1 | NZ: 00 | IE: 1 | PENDING: 0 | IN_INTR: 0 | DS: [] | RS: [10] | MEM: - | LATCH: ALU.left,ALU.right | OUT: '' | sub.load_operands
TICK: 002642 | PC: 00062 | STEP: 0 | IR: sub | A: 0 | AR: 1 | NZ: 00 | IE: 1 | PENDING: 0 | IN_INTR: 0 | DS: [35] | RS: [10] | MEM: - | LATCH: DS.push(ALU),PC | OUT: '' | sub.write_result
TICK: 002643 | PC: 00062 | STEP: 1 | IR: mif 72 | A: 0 | AR: 1 | NZ: 00 | IE: 1 | PENDING: 0 | IN_INTR: 0 | DS: [] | RS: [10] | MEM: - | LATCH: ALU.left | OUT: '' | mif.test
TICK: 002644 | PC: 00072 | STEP: 0 | IR: mif 72 | A: 0 | AR: 1 | NZ: 00 | IE: 1 | PENDING: 0 | IN_INTR: 0 | DS: [] | RS: [10] | MEM: - | LATCH: PC | OUT: '' | mif.branch
TICK: 002645 | PC: 00072 | STEP: 1 | IR: load 2 | A: 0 | AR: 2 | NZ: 00 | IE: 1 | PENDING: 0 | IN_INTR: 0 | DS: [] | RS: [10] | MEM: - | LATCH: AR | OUT: '' | load.addr 2
TICK: 002646 | PC: 00077 | STEP: 0 | IR: load 2 | A: 0 | AR: 2 | NZ: 00 | IE: 1 | PENDING: 0 | IN_INTR: 0 | DS: [2080] | RS: [10] | MEM: read mem[2] | LATCH: DS.push,PC | OUT: '' | load.read
TICK: 002647 | PC: 00077 | STEP: 1 | IR: load 1 | A: 0 | AR: 1 | NZ: 00 | IE: 1 | PENDING: 0 | IN_INTR: 0 | DS: [2080] | RS: [10] | MEM: - | LATCH: AR | OUT: '' | load.addr 1
TICK: 002648 | PC: 00082 | STEP: 0 | IR: load 1 | A: 0 | AR: 1 | NZ: 00 | IE: 1 | PENDING: 0 | IN_INTR: 0 | DS: [2080, 65] | RS: [10] | MEM: read mem[1] | LATCH: DS.push,PC | OUT: '' | load.read
TICK: 002649 | PC: 00082 | STEP: 1 | IR: add | A: 0 | AR: 1 | NZ: 00 | IE: 1 | PENDING: 0 | IN_INTR: 0 | DS: [] | RS: [10] | MEM: - | LATCH: ALU.left,ALU.right | OUT: '' | add.load_operands
TICK: 002650 | PC: 00083 | STEP: 0 | IR: add | A: 0 | AR: 1 | NZ: 00 | IE: 1 | PENDING: 0 | IN_INTR: 0 | DS: [2145] | RS: [10] | MEM: - | LATCH: DS.push(ALU),PC | OUT: '' | add.write_result
TICK: 002651 | PC: 00084 | STEP: 0 | IR: dup | A: 0 | AR: 1 | NZ: 00 | IE: 1 | PENDING: 0 | IN_INTR: 0 | DS: [2145, 2145] | RS: [10] | MEM: - | LATCH: DS.dup,PC | OUT: '' | dup
TICK: 002652 | PC: 00084 | STEP: 1 | IR: store 2 | A: 0 | AR: 2 | NZ: 00 | IE: 1 | PENDING: 0 | IN_INTR: 0 | DS: [2145, 2145] | RS: [10] | MEM: - | LATCH: AR | OUT: '' | store.addr 2
TICK: 002653 | PC: 00089 | STEP: 0 | IR: store 2 | A: 0 | AR: 2 | NZ: 00 | IE: 1 | PENDING: 0 | IN_INTR: 0 | DS: [2145] | RS: [10] | MEM: write mem[2] <- 2145 | LATCH: MEM,PC | OUT: '' | store.write
TICK: 002654 | PC: 00090 | STEP: 0 | IR: drop | A: 0 | AR: 2 | NZ: 00 | IE: 1 | PENDING: 0 | IN_INTR: 0 | DS: [] | RS: [10] | MEM: - | LATCH: PC | OUT: '' | drop
TICK: 002655 | PC: 00090 | STEP: 1 | IR: load 3 | A: 0 | AR: 3 | NZ: 00 | IE: 1 | PENDING: 0 | IN_INTR: 0 | DS: [] | RS: [10] | MEM: - | LATCH: AR | OUT: '' | load.addr 3
TICK: 002656 | PC: 00095 | STEP: 0 | IR: load 3 | A: 0 | AR: 3 | NZ: 00 | IE: 1 | PENDING: 0 | IN_INTR: 0 | DS: [89440] | RS: [10] | MEM: read mem[3] | LATCH: DS.push,PC | OUT: '' | load.read
TICK: 002657 | PC: 00095 | STEP: 1 | IR: load 1 | A: 0 | AR: 1 | NZ: 00 | IE: 1 | PENDING: 0 | IN_INTR: 0 | DS: [89440] | RS: [10] | MEM: - | LATCH: AR | OUT: '' | load.addr 1
TICK: 002658 | PC: 00100 | STEP: 0 | IR: load 1 | A: 0 | AR: 1 | NZ: 00 | IE: 1 | PENDING: 0 | IN_INTR: 0 | DS: [89440, 65] | RS: [10] | MEM: read mem[1] | LATCH: DS.push,PC | OUT: '' | load.read
TICK: 002659 | PC: 00100 | STEP: 1 | IR: load 1 | A: 0 | AR: 1 | NZ: 00 | IE: 1 | PENDING: 0 | IN_INTR: 0 | DS: [89440, 65] | RS: [10] | MEM: - | LATCH: AR | OUT: '' | load.addr 1
TICK: 002660 | PC: 00105 | STEP: 0 | IR: load 1 | A: 0 | AR: 1 | NZ: 00 | IE: 1 | PENDING: 0 | IN_INTR: 0 | DS: [89440, 65, 65] | RS: [10] | MEM: read mem[1] | LATCH: DS.push,PC | OUT: '' | load.read
TICK: 002661 | PC: 00105 | STEP: 1 | IR: mul | A: 0 | AR: 1 | NZ: 00 | IE: 1 | PENDING: 0 | IN_INTR: 0 | DS: [89440] | RS: [10] | MEM: - | LATCH: ALU.left,ALU.right | OUT: '' | mul.load_operands
TICK: 002662 | PC: 00106 | STEP: 0 | IR: mul | A: 0 | AR: 1 | NZ: 00 | IE: 1 | PENDING: 0 | IN_INTR: 0 | DS: [89440, 4225] | RS: [10] | MEM: - | LATCH: DS.push(ALU),PC | OUT: '' | mul.write_result
TICK: 002663 | PC: 00106 | STEP: 1 | IR: add | A: 0 | AR: 1 | NZ: 00 | IE: 1 | PENDING: 0 | IN_INTR: 0 | DS: [] | RS: [10] | MEM: - | LATCH: ALU.left,ALU.right | OUT: '' | add.load_operands
TICK: 002664 | PC: 00107 | STEP: 0 | IR: add | A: 0 | AR: 1 | NZ: 00 | IE: 1 | PENDING: 0 | IN_INTR: 0 | DS: [93665] | RS: [10] | MEM: - | LATCH: DS.push(ALU),PC | OUT: '' | add.write_result
TICK: 002665 | PC: 00108 | STEP: 0 | IR: dup | A: 0 | AR: 1 | NZ: 00 | IE: 1 | PENDING: 0 | IN_INTR: 0 | DS: [93665, 93665] | RS: [10] | MEM: - | LATCH: DS.dup,PC | OUT: '' | dup
TICK: 002666 | PC: 00108 | STEP: 1 | IR: store 3 | A: 0 | AR: 3 | NZ: 00 | IE: 1 | PENDING: 0 | IN_INTR: 0 | DS: [93665, 93665] | RS: [10] | MEM: - | LATCH: AR | OUT: '' | store.addr 3
TICK: 002667 | PC: 00113 | STEP: 0 | IR: store 3 | A: 0 | AR: 3 | NZ: 00 | IE: 1 | PENDING: 0 | IN_INTR: 0 | DS: [93665] | RS: [10] | MEM: write mem[3] <- 93665 | LATCH: MEM,PC | OUT: '' | store.write
TICK: 002668 | PC: 00114 | STEP: 0 | IR: drop | A: 0 | AR: 3 | NZ: 00 | IE: 1 | PENDING: 0 | IN_INTR: 0 | DS: [] | RS: [10] | MEM: - | LATCH: PC | OUT: '' | drop
TICK: 002669 | PC: 00114 | STEP: 1 | IR: load 1 | A: 0 | AR: 1 | NZ: 00 | IE: 1 | PENDING: 0 | IN_INTR: 0 | DS: [] | RS: [10] | MEM: - | LATCH: AR | OUT: '' | load.addr 1
TICK: 002670 | PC: 00119 | STEP: 0 | IR: load 1 | A: 0 | AR: 1 | NZ: 00 | IE: 1 | PENDING: 0 | IN_INTR: 0 | DS: [65] | RS: [10] | MEM: read mem[1] | LATCH: DS.push,PC | OUT: '' | load.read
TICK: 002671 | PC: 00124 | STEP: 0 | IR: literal 1 | A: 0 | AR: 1 | NZ: 00 | IE: 1 | PENDING: 0 | IN_INTR: 0 | DS: [65, 1] | RS: [10] | MEM: - | LATCH: DS.push,PC | OUT: '' | literal 1
TICK: 002672 | PC: 00124 | STEP: 1 | IR: add | A: 0 | AR: 1 | NZ: 00 | IE: 1 | PENDING: 0 | IN_INTR: 0 | DS: [] | RS: [10] | MEM: - | LATCH: ALU.left,ALU.right | OUT: '' | add.load_operands
TICK: 002673 | PC: 00125 | STEP: 0 | IR: add | A: 0 | AR: 1 | NZ: 00 | IE: 1 | PENDING: 0 | IN_INTR: 0 | DS: [66] | RS: [10] | MEM: - | LATCH: DS.push(ALU),PC | OUT: '' | add.write_result
TICK: 002674 | PC: 00126 | STEP: 0 | IR: dup | A: 0 | AR: 1 | NZ: 00 | IE: 1 | PENDING: 0 | IN_INTR: 0 | DS: [66, 66] | RS: [10] | MEM: - | LATCH: DS.dup,PC | OUT: '' | dup
TICK: 002675 | PC: 00126 | STEP: 1 | IR: store 1 | A: 0 | AR: 1 | NZ: 00 | IE: 1 | PENDING: 0 | IN_INTR: 0 | DS: [66, 66] | RS: [10] | MEM: - | LATCH: AR | OUT: '' | store.addr 1
TICK: 002676 | PC: 00131 | STEP: 0 | IR: store 1 | A: 0 | AR: 1 | NZ: 00 | IE: 1 | PENDING: 0 | IN_INTR: 0 | DS: [66] | RS: [10] | MEM: write mem[1] <- 66 | LATCH: MEM,PC | OUT: '' | store.write
TICK: 002677 | PC: 00132 | STEP: 0 | IR: drop | A: 0 | AR: 1 | NZ: 00 | IE: 1 | PENDING: 0 | IN_INTR: 0 | DS: [] | RS: [10] | MEM: - | LATCH: PC | OUT: '' | drop
TICK: 002678 | PC: 00051 | STEP: 0 | IR: jmp 51 | A: 0 | AR: 1 | NZ: 00 | IE: 1 | PENDING: 0 | IN_INTR: 0 | DS: [] | RS: [10] | MEM: - | LATCH: PC | OUT: '' | jmp 51
TICK: 002679 | PC: 00056 | STEP: 0 | IR: literal 100 | A: 0 | AR: 1 | NZ: 00 | IE: 1 | PENDING: 0 | IN_INTR: 0 | DS: [100] | RS: [10] | MEM: - | LATCH: DS.push,PC | OUT: '' | literal 100
TICK: 002680 | PC: 00056 | STEP: 1 | IR: load 1 | A: 0 | AR: 1 | NZ: 00 | IE: 1 | PENDING: 0 | IN_INTR: 0 | DS: [100] | RS: [10] | MEM: - | LATCH: AR | OUT: '' | load.addr 1
TICK: 002681 | PC: 00061 | STEP: 0 | IR: load 1 | A: 0 | AR: 1 | NZ: 00 | IE: 1 | PENDING: 0 | IN_INTR: 0 | DS: [100, 66] | RS: [10] | MEM: read mem[1] | LATCH: DS.push,PC | OUT: '' | load.read
TICK: 002682 | PC: 00061 | STEP: 1 | IR: sub | A: 0 | AR: 1 | NZ: 00 | IE: 1 | PENDING: 0 | IN_INTR: 0 | DS: [] | RS: [10] | MEM: - | LATCH: ALU.left,ALU.right | OUT: '' | sub.load_operands
TICK: 002683 | PC: 00062 | STEP: 0 | IR: sub | A: 0 | AR: 1 | NZ: 00 | IE: 1 | PENDING: 0 | IN_INTR: 0 | DS: [34] | RS: [10] | MEM: - | LATCH: DS.push(ALU),PC | OUT: '' | sub.write_result
TICK: 002684 | PC: 00062 | STEP: 1 | IR: mif 72 | A: 0 | AR: 1 | NZ: 00 | IE: 1 | PENDING: 0 | IN_INTR: 0 | DS: [] | RS: [10] | MEM: - | LATCH: ALU.left | OUT: '' | mif.test
TICK: 002685 | PC: 00072 | STEP: 0 | IR: mif 72 | A: 0 | AR: 1 | NZ: 00 | IE: 1 | PENDING: 0 | IN_INTR: 0 | DS: [] | RS: [10] | MEM: - | LATCH: PC | OUT: '' | mif.branch
TICK: 002686 | PC: 00072 | STEP: 1 | IR: load 2 | A: 0 | AR: 2 | NZ: 00 | IE: 1 | PENDING: 0 | IN_INTR: 0 | DS: [] | RS: [10] | MEM: - | LATCH: AR | OUT: '' | load.addr 2
TICK: 002687 | PC: 00077 | STEP: 0 | IR: load 2 | A: 0 | AR: 2 | NZ: 00 | IE: 1 | PENDING: 0 | IN_INTR: 0 | DS: [2145] | RS: [10] | MEM: read mem[2] | LATCH: DS.push,PC | OUT: '' | load.read
TICK: 002688 | PC: 00077 | STEP: 1 | IR: load 1 | A: 0 | AR: 1 | NZ: 00 | IE: 1 | PENDING: 0 | IN_INTR: 0 | DS: [2145] | RS: [10] | MEM: - | LATCH: AR | OUT: '' | load.addr 1
TICK: 002689 | PC: 00082 | STEP: 0 | IR: load 1 | A: 0 | AR: 1 | NZ: 00 | IE: 1 | PENDING: 0 | IN_INTR: 0 | DS: [2145, 66] | RS: [10] | MEM: read mem[1] | LATCH: DS.push,PC | OUT: '' | load.read
TICK: 002690 | PC: 00082 | STEP: 1 | IR: add | A: 0 | AR: 1 | NZ: 00 | IE: 1 | PENDING: 0 | IN_INTR: 0 | DS: [] | RS: [10] | MEM: - | LATCH: ALU.left,ALU.right | OUT: '' | add.load_operands
TICK: 002691 | PC: 00083 | STEP: 0 | IR: add | A: 0 | AR: 1 | NZ: 00 | IE: 1 | PENDING: 0 | IN_INTR: 0 | DS: [2211] | RS: [10] | MEM: - | LATCH: DS.push(ALU),PC | OUT: '' | add.write_result
TICK: 002692 | PC: 00084 | STEP: 0 | IR: dup | A: 0 | AR: 1 | NZ: 00 | IE: 1 | PENDING: 0 | IN_INTR: 0 | DS: [2211, 2211] | RS: [10] | MEM: - | LATCH: DS.dup,PC | OUT: '' | dup
TICK: 002693 | PC: 00084 | STEP: 1 | IR: store 2 | A: 0 | AR: 2 | NZ: 00 | IE: 1 | PENDING: 0 | IN_INTR: 0 | DS: [2211, 2211] | RS: [10] | MEM: - | LATCH: AR | OUT: '' | store.addr 2
TICK: 002694 | PC: 00089 | STEP: 0 | IR: store 2 | A: 0 | AR: 2 | NZ: 00 | IE: 1 | PENDING: 0 | IN_INTR: 0 | DS: [2211] | RS: [10] | MEM: write mem[2] <- 2211 | LATCH: MEM,PC | OUT: '' | store.write
TICK: 002695 | PC: 00090 | STEP: 0 | IR: drop | A: 0 | AR: 2 | NZ: 00 | IE: 1 | PENDING: 0 | IN_INTR: 0 | DS: [] | RS: [10] | MEM: - | LATCH: PC | OUT: '' | drop
TICK: 002696 | PC: 00090 | STEP: 1 | IR: load 3 | A: 0 | AR: 3 | NZ: 00 | IE: 1 | PENDING: 0 | IN_INTR: 0 | DS: [] | RS: [10] | MEM: - | LATCH: AR | OUT: '' | load.addr 3
TICK: 002697 | PC: 00095 | STEP: 0 | IR: load 3 | A: 0 | AR: 3 | NZ: 00 | IE: 1 | PENDING: 0 | IN_INTR: 0 | DS: [93665] | RS: [10] | MEM: read mem[3] | LATCH: DS.push,PC | OUT: '' | load.read
TICK: 002698 | PC: 00095 | STEP: 1 | IR: load 1 | A: 0 | AR: 1 | NZ: 00 | IE: 1 | PENDING: 0 | IN_INTR: 0 | DS: [93665] | RS: [10] | MEM: - | LATCH: AR | OUT: '' | load.addr 1
TICK: 002699 | PC: 00100 | STEP: 0 | IR: load 1 | A: 0 | AR: 1 | NZ: 00 | IE: 1 | PENDING: 0 | IN_INTR: 0 | DS: [93665, 66] | RS: [10] | MEM: read mem[1] | LATCH: DS.push,PC | OUT: '' | load.read
TICK: 002700 | PC: 00100 | STEP: 1 | IR: load 1 | A: 0 | AR: 1 | NZ: 00 | IE: 1 | PENDING: 0 | IN_INTR: 0 | DS: [93665, 66] | RS: [10] | MEM: - | LATCH: AR | OUT: '' | load.addr 1
TICK: 002701 | PC: 00105 | STEP: 0 | IR: load 1 | A: 0 | AR: 1 | NZ: 00 | IE: 1 | PENDING: 0 | IN_INTR: 0 | DS: [93665, 66, 66] | RS: [10] | MEM: read mem[1] | LATCH: DS.push,PC | OUT: '' | load.read
TICK: 002702 | PC: 00105 | STEP: 1 | IR: mul | A: 0 | AR: 1 | NZ: 00 | IE: 1 | PENDING: 0 | IN_INTR: 0 | DS: [93665] | RS: [10] | MEM: - | LATCH: ALU.left,ALU.right | OUT: '' | mul.load_operands
TICK: 002703 | PC: 00106 | STEP: 0 | IR: mul | A: 0 | AR: 1 | NZ: 00 | IE: 1 | PENDING: 0 | IN_INTR: 0 | DS: [93665, 4356] | RS: [10] | MEM: - | LATCH: DS.push(ALU),PC | OUT: '' | mul.write_result
TICK: 002704 | PC: 00106 | STEP: 1 | IR: add | A: 0 | AR: 1 | NZ: 00 | IE: 1 | PENDING: 0 | IN_INTR: 0 | DS: [] | RS: [10] | MEM: - | LATCH: ALU.left,ALU.right | OUT: '' | add.load_operands
TICK: 002705 | PC: 00107 | STEP: 0 | IR: add | A: 0 | AR: 1 | NZ: 00 | IE: 1 | PENDING: 0 | IN_INTR: 0 | DS: [98021] | RS: [10] | MEM: - | LATCH: DS.push(ALU),PC | OUT: '' | add.write_result
TICK: 002706 | PC: 00108 | STEP: 0 | IR: dup | A: 0 | AR: 1 | NZ: 00 | IE: 1 | PENDING: 0 | IN_INTR: 0 | DS: [98021, 98021] | RS: [10] | MEM: - | LATCH: DS.dup,PC | OUT: '' | dup
TICK: 002707 | PC: 00108 | STEP: 1 | IR: store 3 | A: 0 | AR: 3 | NZ: 00 | IE: 1 | PENDING: 0 | IN_INTR: 0 | DS: [98021, 98021] | RS: [10] | MEM: - | LATCH: AR | OUT: '' | store.addr 3
TICK: 002708 | PC: 00113 | STEP: 0 | IR: store 3 | A: 0 | AR: 3 | NZ: 00 | IE: 1 | PENDING: 0 | IN_INTR: 0 | DS: [98021] | RS: [10] | MEM: write mem[3] <- 98021 | LATCH: MEM,PC | OUT: '' | store.write
TICK: 002709 | PC: 00114 | STEP: 0 | IR: drop | A: 0 | AR: 3 | NZ: 00 | IE: 1 | PENDING: 0 | IN_INTR: 0 | DS: [] | RS: [10] | MEM: - | LATCH: PC | OUT: '' | drop
TICK: 002710 | PC: 00114 | STEP: 1 | IR: load 1 | A: 0 | AR: 1 | NZ: 00 | IE: 1 | PENDING: 0 | IN_INTR: 0 | DS: [] | RS: [10] | MEM: - | LATCH: AR | OUT: '' | load.addr 1
TICK: 002711 | PC: 00119 | STEP: 0 | IR: load 1 | A: 0 | AR: 1 | NZ: 00 | IE: 1 | PENDING: 0 | IN_INTR: 0 | DS: [66] | RS: [10] | MEM: read mem[1] | LATCH: DS.push,PC | OUT: '' | load.read
TICK: 002712 | PC: 00124 | STEP: 0 | IR: literal 1 | A: 0 | AR: 1 | NZ: 00 | IE: 1 | PENDING: 0 | IN_INTR: 0 | DS: [66, 1] | RS: [10] | MEM: - | LATCH: DS.push,PC | OUT: '' | literal 1
TICK: 002713 | PC: 00124 | STEP: 1 | IR: add | A: 0 | AR: 1 | NZ: 00 | IE: 1 | PENDING: 0 | IN_INTR: 0 | DS: [] | RS: [10] | MEM: - | LATCH: ALU.left,ALU.right | OUT: '' | add.load_operands
TICK: 002714 | PC: 00125 | STEP: 0 | IR: add | A: 0 | AR: 1 | NZ: 00 | IE: 1 | PENDING: 0 | IN_INTR: 0 | DS: [67] | RS: [10] | MEM: - | LATCH: DS.push(ALU),PC | OUT: '' | add.write_result
TICK: 002715 | PC: 00126 | STEP: 0 | IR: dup | A: 0 | AR: 1 | NZ: 00 | IE: 1 | PENDING: 0 | IN_INTR: 0 | DS: [67, 67] | RS: [10] | MEM: - | LATCH: DS.dup,PC | OUT: '' | dup
TICK: 002716 | PC: 00126 | STEP: 1 | IR: store 1 | A: 0 | AR: 1 | NZ: 00 | IE: 1 | PENDING: 0 | IN_INTR: 0 | DS: [67, 67] | RS: [10] | MEM: - | LATCH: AR | OUT: '' | store.addr 1
TICK: 002717 | PC: 00131 | STEP: 0 | IR: store 1 | A: 0 | AR: 1 | NZ: 00 | IE: 1 | PENDING: 0 | IN_INTR: 0 | DS: [67] | RS: [10] | MEM: write mem[1] <- 67 | LATCH: MEM,PC | OUT: '' | store.write
TICK: 002718 | PC: 00132 | STEP: 0 | IR: drop | A: 0 | AR: 1 | NZ: 00 | IE: 1 | PENDING: 0 | IN_INTR: 0 | DS: [] | RS: [10] | MEM: - | LATCH: PC | OUT: '' | drop
TICK: 002719 | PC: 00051 | STEP: 0 | IR: jmp 51 | A: 0 | AR: 1 | NZ: 00 | IE: 1 | PENDING: 0 | IN_INTR: 0 | DS: [] | RS: [10] | MEM: - | LATCH: PC | OUT: '' | jmp 51
TICK: 002720 | PC: 00056 | STEP: 0 | IR: literal 100 | A: 0 | AR: 1 | NZ: 00 | IE: 1 | PENDING: 0 | IN_INTR: 0 | DS: [100] | RS: [10] | MEM: - | LATCH: DS.push,PC | OUT: '' | literal 100
TICK: 002721 | PC: 00056 | STEP: 1 | IR: load 1 | A: 0 | AR: 1 | NZ: 00 | IE: 1 | PENDING: 0 | IN_INTR: 0 | DS: [100] | RS: [10] | MEM: - | LATCH: AR | OUT: '' | load.addr 1
TICK: 002722 | PC: 00061 | STEP: 0 | IR: load 1 | A: 0 | AR: 1 | NZ: 00 | IE: 1 | PENDING: 0 | IN_INTR: 0 | DS: [100, 67] | RS: [10] | MEM: read mem[1] | LATCH: DS.push,PC | OUT: '' | load.read
TICK: 002723 | PC: 00061 | STEP: 1 | IR: sub | A: 0 | AR: 1 | NZ: 00 | IE: 1 | PENDING: 0 | IN_INTR: 0 | DS: [] | RS: [10] | MEM: - | LATCH: ALU.left,ALU.right | OUT: '' | sub.load_operands
TICK: 002724 | PC: 00062 | STEP: 0 | IR: sub | A: 0 | AR: 1 | NZ: 00 | IE: 1 | PENDING: 0 | IN_INTR: 0 | DS: [33] | RS: [10] | MEM: - | LATCH: DS.push(ALU),PC | OUT: '' | sub.write_result
TICK: 002725 | PC: 00062 | STEP: 1 | IR: mif 72 | A: 0 | AR: 1 | NZ: 00 | IE: 1 | PENDING: 0 | IN_INTR: 0 | DS: [] | RS: [10] | MEM: - | LATCH: ALU.left | OUT: '' | mif.test
TICK: 002726 | PC: 00072 | STEP: 0 | IR: mif 72 | A: 0 | AR: 1 | NZ: 00 | IE: 1 | PENDING: 0 | IN_INTR: 0 | DS: [] | RS: [10] | MEM: - | LATCH: PC | OUT: '' | mif.branch
TICK: 002727 | PC: 00072 | STEP: 1 | IR: load 2 | A: 0 | AR: 2 | NZ: 00 | IE: 1 | PENDING: 0 | IN_INTR: 0 | DS: [] | RS: [10] | MEM: - | LATCH: AR | OUT: '' | load.addr 2
TICK: 002728 | PC: 00077 | STEP: 0 | IR: load 2 | A: 0 | AR: 2 | NZ: 00 | IE: 1 | PENDING: 0 | IN_INTR: 0 | DS: [2211] | RS: [10] | MEM: read mem[2] | LATCH: DS.push,PC | OUT: '' | load.read
TICK: 002729 | PC: 00077 | STEP: 1 | IR: load 1 | A: 0 | AR: 1 | NZ: 00 | IE: 1 | PENDING: 0 | IN_INTR: 0 | DS: [2211] | RS: [10] | MEM: - | LATCH: AR | OUT: '' | load.addr 1
TICK: 002730 | PC: 00082 | STEP: 0 | IR: load 1 | A: 0 | AR: 1 | NZ: 00 | IE: 1 | PENDING: 0 | IN_INTR: 0 | DS: [2211, 67] | RS: [10] | MEM: read mem[1] | LATCH: DS.push,PC | OUT: '' | load.read
TICK: 002731 | PC: 00082 | STEP: 1 | IR: add | A: 0 | AR: 1 | NZ: 00 | IE: 1 | PENDING: 0 | IN_INTR: 0 | DS: [] | RS: [10] | MEM: - | LATCH: ALU.left,ALU.right | OUT: '' | add.load_operands
TICK: 002732 | PC: 00083 | STEP: 0 | IR: add | A: 0 | AR: 1 | NZ: 00 | IE: 1 | PENDING: 0 | IN_INTR: 0 | DS: [2278] | RS: [10] | MEM: - | LATCH: DS.push(ALU),PC | OUT: '' | add.write_result
TICK: 002733 | PC: 00084 | STEP: 0 | IR: dup | A: 0 | AR: 1 | NZ: 00 | IE: 1 | PENDING: 0 | IN_INTR: 0 | DS: [2278, 2278] | RS: [10] | MEM: - | LATCH: DS.dup,PC | OUT: '' | dup
TICK: 002734 | PC: 00084 | STEP: 1 | IR: store 2 | A: 0 | AR: 2 | NZ: 00 | IE: 1 | PENDING: 0 | IN_INTR: 0 | DS: [2278, 2278] | RS: [10] | MEM: - | LATCH: AR | OUT: '' | store.addr 2
TICK: 002735 | PC: 00089 | STEP: 0 | IR: store 2 | A: 0 | AR: 2 | NZ: 00 | IE: 1 | PENDING: 0 | IN_INTR: 0 | DS: [2278] | RS: [10] | MEM: write mem[2] <- 2278 | LATCH: MEM,PC | OUT: '' | store.write
TICK: 002736 | PC: 00090 | STEP: 0 | IR: drop | A: 0 | AR: 2 | NZ: 00 | IE: 1 | PENDING: 0 | IN_INTR: 0 | DS: [] | RS: [10] | MEM: - | LATCH: PC | OUT: '' | drop
TICK: 002737 | PC: 00090 | STEP: 1 | IR: load 3 | A: 0 | AR: 3 | NZ: 00 | IE: 1 | PENDING: 0 | IN_INTR: 0 | DS: [] | RS: [10] | MEM: - | LATCH: AR | OUT: '' | load.addr 3
TICK: 002738 | PC: 00095 | STEP: 0 | IR: load 3 | A: 0 | AR: 3 | NZ: 00 | IE: 1 | PENDING: 0 | IN_INTR: 0 | DS: [98021] | RS: [10] | MEM: read mem[3] | LATCH: DS.push,PC | OUT: '' | load.read
TICK: 002739 | PC: 00095 | STEP: 1 | IR: load 1 | A: 0 | AR: 1 | NZ: 00 | IE: 1 | PENDING: 0 | IN_INTR: 0 | DS: [98021] | RS: [10] | MEM: - | LATCH: AR | OUT: '' | load.addr 1
TICK: 002740 | PC: 00100 | STEP: 0 | IR: load 1 | A: 0 | AR: 1 | NZ: 00 | IE: 1 | PENDING: 0 | IN_INTR: 0 | DS: [98021, 67] | RS: [10] | MEM: read mem[1] | LATCH: DS.push,PC | OUT: '' | load.read
TICK: 002741 | PC: 00100 | STEP: 1 | IR: load 1 | A: 0 | AR: 1 | NZ: 00 | IE: 1 | PENDING: 0 | IN_INTR: 0 | DS: [98021, 67] | RS: [10] | MEM: - | LATCH: AR | OUT: '' | load.addr 1
TICK: 002742 | PC: 00105 | STEP: 0 | IR: load 1 | A: 0 | AR: 1 | NZ: 00 | IE: 1 | PENDING: 0 | IN_INTR: 0 | DS: [98021, 67, 67] | RS: [10] | MEM: read mem[1] | LATCH: DS.push,PC | OUT: '' | load.read
TICK: 002743 | PC: 00105 | STEP: 1 | IR: mul | A: 0 | AR: 1 | NZ: 00 | IE: 1 | PENDING: 0 | IN_INTR: 0 | DS: [98021] | RS: [10] | MEM: - | LATCH: ALU.left,ALU.right | OUT: '' | mul.load_operands
TICK: 002744 | PC: 00106 | STEP: 0 | IR: mul | A: 0 | AR: 1 | NZ: 00 | IE: 1 | PENDING: 0 | IN_INTR: 0 | DS: [98021, 4489] | RS: [10] | MEM: - | LATCH: DS.push(ALU),PC | OUT: '' | mul.write_result
TICK: 002745 | PC: 00106 | STEP: 1 | IR: add | A: 0 | AR: 1 | NZ: 00 | IE: 1 | PENDING: 0 | IN_INTR: 0 | DS: [] | RS: [10] | MEM: - | LATCH: ALU.left,ALU.right | OUT: '' | add.load_operands
TICK: 002746 | PC: 00107 | STEP: 0 | IR: add | A: 0 | AR: 1 | NZ: 00 | IE: 1 | PENDING: 0 | IN_INTR: 0 | DS: [102510] | RS: [10] | MEM: - | LATCH: DS.push(ALU),PC | OUT: '' | add.write_result
TICK: 002747 | PC: 00108 | STEP: 0 | IR: dup | A: 0 | AR: 1 | NZ: 00 | IE: 1 | PENDING: 0 | IN_INTR: 0 | DS: [102510, 102510] | RS: [10] | MEM: - | LATCH: DS.dup,PC | OUT: '' | dup
TICK: 002748 | PC: 00108 | STEP: 1 | IR: store 3 | A: 0 | AR: 3 | NZ: 00 | IE: 1 | PENDING: 0 | IN_INTR: 0 | DS: [102510, 102510] | RS: [10] | MEM: - | LATCH: AR | OUT: '' | store.addr 3
TICK: 002749 | PC: 00113 | STEP: 0 | IR: store 3 | A: 0 | AR: 3 | NZ: 00 | IE: 1 | PENDING: 0 | IN_INTR: 0 | DS: [102510] | RS: [10] | MEM: write mem[3] <- 102510 | LATCH: MEM,PC | OUT: '' | store.write
TICK: 002750 | PC: 00114 | STEP: 0 | IR: drop | A: 0 | AR: 3 | NZ: 00 | IE: 1 | PENDING: 0 | IN_INTR: 0 | DS: [] | RS: [10] | MEM: - | LATCH: PC | OUT: '' | drop
TICK: 002751 | PC: 00114 | STEP: 1 | IR: load 1 | A: 0 | AR: 1 | NZ: 00 | IE: 1 | PENDING: 0 | IN_INTR: 0 | DS: [] | RS: [10] | MEM: - | LATCH: AR | OUT: '' | load.addr 1
TICK: 002752 | PC: 00119 | STEP: 0 | IR: load 1 | A: 0 | AR: 1 | NZ: 00 | IE: 1 | PENDING: 0 | IN_INTR: 0 | DS: [67] | RS: [10] | MEM: read mem[1] | LATCH: DS.push,PC | OUT: '' | load.read
TICK: 002753 | PC: 00124 | STEP: 0 | IR: literal 1 | A: 0 | AR: 1 | NZ: 00 | IE: 1 | PENDING: 0 | IN_INTR: 0 | DS: [67, 1] | RS: [10] | MEM: - | LATCH: DS.push,PC | OUT: '' | literal 1
TICK: 002754 | PC: 00124 | STEP: 1 | IR: add | A: 0 | AR: 1 | NZ: 00 | IE: 1 | PENDING: 0 | IN_INTR: 0 | DS: [] | RS: [10] | MEM: - | LATCH: ALU.left,ALU.right | OUT: '' | add.load_operands
TICK: 002755 | PC: 00125 | STEP: 0 | IR: add | A: 0 | AR: 1 | NZ: 00 | IE: 1 | PENDING: 0 | IN_INTR: 0 | DS: [68] | RS: [10] | MEM: - | LATCH: DS.push(ALU),PC | OUT: '' | add.write_result
TICK: 002756 | PC: 00126 | STEP: 0 | IR: dup | A: 0 | AR: 1 | NZ: 00 | IE: 1 | PENDING: 0 | IN_INTR: 0 | DS: [68, 68] | RS: [10] | MEM: - | LATCH: DS.dup,PC | OUT: '' | dup
TICK: 002757 | PC: 00126 | STEP: 1 | IR: store 1 | A: 0 | AR: 1 | NZ: 00 | IE: 1 | PENDING: 0 | IN_INTR: 0 | DS: [68, 68] | RS: [10] | MEM: - | LATCH: AR | OUT: '' | store.addr 1
TICK: 002758 | PC: 00131 | STEP: 0 | IR: store 1 | A: 0 | AR: 1 | NZ: 00 | IE: 1 | PENDING: 0 | IN_INTR: 0 | DS: [68] | RS: [10] | MEM: write mem[1] <- 68 | LATCH: MEM,PC | OUT: '' | store.write
TICK: 002759 | PC: 00132 | STEP: 0 | IR: drop | A: 0 | AR: 1 | NZ: 00 | IE: 1 | PENDING: 0 | IN_INTR: 0 | DS: [] | RS: [10] | MEM: - | LATCH: PC | OUT: '' | drop
TICK: 002760 | PC: 00051 | STEP: 0 | IR: jmp 51 | A: 0 | AR: 1 | NZ: 00 | IE: 1 | PENDING: 0 | IN_INTR: 0 | DS: [] | RS: [10] | MEM: - | LATCH: PC | OUT: '' | jmp 51
TICK: 002761 | PC: 00056 | STEP: 0 | IR: literal 100 | A: 0 | AR: 1 | NZ: 00 | IE: 1 | PENDING: 0 | IN_INTR: 0 | DS: [100] | RS: [10] | MEM: - | LATCH: DS.push,PC | OUT: '' | literal 100
TICK: 002762 | PC: 00056 | STEP: 1 | IR: load 1 | A: 0 | AR: 1 | NZ: 00 | IE: 1 | PENDING: 0 | IN_INTR: 0 | DS: [100] | RS: [10] | MEM: - | LATCH: AR | OUT: '' | load.addr 1
TICK: 002763 | PC: 00061 | STEP: 0 | IR: load 1 | A: 0 | AR: 1 | NZ: 00 | IE: 1 | PENDING: 0 | IN_INTR: 0 | DS: [100, 68] | RS: [10] | MEM: read mem[1] | LATCH: DS.push,PC | OUT: '' | load.read
TICK: 002764 | PC: 00061 | STEP: 1 | IR: sub | A: 0 | AR: 1 | NZ: 00 | IE: 1 | PENDING: 0 | IN_INTR: 0 | DS: [] | RS: [10] | MEM: - | LATCH: ALU.left,ALU.right | OUT: '' | sub.load_operands
TICK: 002765 | PC: 00062 | STEP: 0 | IR: sub | A: 0 | AR: 1 | NZ: 00 | IE: 1 | PENDING: 0 | IN_INTR: 0 | DS: [32] | RS: [10] | MEM: - | LATCH: DS.push(ALU),PC | OUT: '' | sub.write_result
TICK: 002766 | PC: 00062 | STEP: 1 | IR: mif 72 | A: 0 | AR: 1 | NZ: 00 | IE: 1 | PENDING: 0 | IN_INTR: 0 | DS: [] | RS: [10] | MEM: - | LATCH: ALU.left | OUT: '' | mif.test
TICK: 002767 | PC: 00072 | STEP: 0 | IR: mif 72 | A: 0 | AR: 1 | NZ: 00 | IE: 1 | PENDING: 0 | IN_INTR: 0 | DS: [] | RS: [10] | MEM: - | LATCH: PC | OUT: '' | mif.branch
TICK: 002768 | PC: 00072 | STEP: 1 | IR: load 2 | A: 0 | AR: 2 | NZ: 00 | IE: 1 | PENDING: 0 | IN_INTR: 0 | DS: [] | RS: [10] | MEM: - | LATCH: AR | OUT: '' | load.addr 2
TICK: 002769 | PC: 00077 | STEP: 0 | IR: load 2 | A: 0 | AR: 2 | NZ: 00 | IE: 1 | PENDING: 0 | IN_INTR: 0 | DS: [2278] | RS: [10] | MEM: read mem[2] | LATCH: DS.push,PC | OUT: '' | load.read
TICK: 002770 | PC: 00077 | STEP: 1 | IR: load 1 | A: 0 | AR: 1 | NZ: 00 | IE: 1 | PENDING: 0 | IN_INTR: 0 | DS: [2278] | RS: [10] | MEM: - | LATCH: AR | OUT: '' | load.addr 1
TICK: 002771 | PC: 00082 | STEP: 0 | IR: load 1 | A: 0 | AR: 1 | NZ: 00 | IE: 1 | PENDING: 0 | IN_INTR: 0 | DS: [2278, 68] | RS: [10] | MEM: read mem[1] | LATCH: DS.push,PC | OUT: '' | load.read
TICK: 002772 | PC: 00082 | STEP: 1 | IR: add | A: 0 | AR: 1 | NZ: 00 | IE: 1 | PENDING: 0 | IN_INTR: 0 | DS: [] | RS: [10] | MEM: - | LATCH: ALU.left,ALU.right | OUT: '' | add.load_operands
TICK: 002773 | PC: 00083 | STEP: 0 | IR: add | A: 0 | AR: 1 | NZ: 00 | IE: 1 | PENDING: 0 | IN_INTR: 0 | DS: [2346] | RS: [10] | MEM: - | LATCH: DS.push(ALU),PC | OUT: '' | add.write_result
TICK: 002774 | PC: 00084 | STEP: 0 | IR: dup | A: 0 | AR: 1 | NZ: 00 | IE: 1 | PENDING: 0 | IN_INTR: 0 | DS: [2346, 2346] | RS: [10] | MEM: - | LATCH: DS.dup,PC | OUT: '' | dup
TICK: 002775 | PC: 00084 | STEP: 1 | IR: store 2 | A: 0 | AR: 2 | NZ: 00 | IE: 1 | PENDING: 0 | IN_INTR: 0 | DS: [2346, 2346] | RS: [10] | MEM: - | LATCH: AR | OUT: '' | store.addr 2
TICK: 002776 | PC: 00089 | STEP: 0 | IR: store 2 | A: 0 | AR: 2 | NZ: 00 | IE: 1 | PENDING: 0 | IN_INTR: 0 | DS: [2346] | RS: [10] | MEM: write mem[2] <- 2346 | LATCH: MEM,PC | OUT: '' | store.write
TICK: 002777 | PC: 00090 | STEP: 0 | IR: drop | A: 0 | AR: 2 | NZ: 00 | IE: 1 | PENDING: 0 | IN_INTR: 0 | DS: [] | RS: [10] | MEM: - | LATCH: PC | OUT: '' | drop
TICK: 002778 | PC: 00090 | STEP: 1 | IR: load 3 | A: 0 | AR: 3 | NZ: 00 | IE: 1 | PENDING: 0 | IN_INTR: 0 | DS: [] | RS: [10] | MEM: - | LATCH: AR | OUT: '' | load.addr 3
TICK: 002779 | PC: 00095 | STEP: 0 | IR: load 3 | A: 0 | AR: 3 | NZ: 00 | IE: 1 | PENDING: 0 | IN_INTR: 0 | DS: [102510] | RS: [10] | MEM: read mem[3] | LATCH: DS.push,PC | OUT: '' | load.read
TICK: 002780 | PC: 00095 | STEP: 1 | IR: load 1 | A: 0 | AR: 1 | NZ: 00 | IE: 1 | PENDING: 0 | IN_INTR: 0 | DS: [102510] | RS: [10] | MEM: - | LATCH: AR | OUT: '' | load.addr 1
TICK: 002781 | PC: 00100 | STEP: 0 | IR: load 1 | A: 0 | AR: 1 | NZ: 00 | IE: 1 | PENDING: 0 | IN_INTR: 0 | DS: [102510, 68] | RS: [10] | MEM: read mem[1] | LATCH: DS.push,PC | OUT: '' | load.read
TICK: 002782 | PC: 00100 | STEP: 1 | IR: load 1 | A: 0 | AR: 1 | NZ: 00 | IE: 1 | PENDING: 0 | IN_INTR: 0 | DS: [102510, 68] | RS: [10] | MEM: - | LATCH: AR | OUT: '' | load.addr 1
TICK: 002783 | PC: 00105 | STEP: 0 | IR: load 1 | A: 0 | AR: 1 | NZ: 00 | IE: 1 | PENDING: 0 | IN_INTR: 0 | DS: [102510, 68, 68] | RS: [10] | MEM: read mem[1] | LATCH: DS.push,PC | OUT: '' | load.read
TICK: 002784 | PC: 00105 | STEP: 1 | IR: mul | A: 0 | AR: 1 | NZ: 00 | IE: 1 | PENDING: 0 | IN_INTR: 0 | DS: [102510] | RS: [10] | MEM: - | LATCH: ALU.left,ALU.right | OUT: '' | mul.load_operands
TICK: 002785 | PC: 00106 | STEP: 0 | IR: mul | A: 0 | AR: 1 | NZ: 00 | IE: 1 | PENDING: 0 | IN_INTR: 0 | DS: [102510, 4624] | RS: [10] | MEM: - | LATCH: DS.push(ALU),PC | OUT: '' | mul.write_result
TICK: 002786 | PC: 00106 | STEP: 1 | IR: add | A: 0 | AR: 1 | NZ: 00 | IE: 1 | PENDING: 0 | IN_INTR: 0 | DS: [] | RS: [10] | MEM: - | LATCH: ALU.left,ALU.right | OUT: '' | add.load_operands
TICK: 002787 | PC: 00107 | STEP: 0 | IR: add | A: 0 | AR: 1 | NZ: 00 | IE: 1 | PENDING: 0 | IN_INTR: 0 | DS: [107134] | RS: [10] | MEM: - | LATCH: DS.push(ALU),PC | OUT: '' | add.write_result
TICK: 002788 | PC: 00108 | STEP: 0 | IR: dup | A: 0 | AR: 1 | NZ: 00 | IE: 1 | PENDING: 0 | IN_INTR: 0 | DS: [107134, 107134] | RS: [10] | MEM: - | LATCH: DS.dup,PC | OUT: '' | dup
TICK: 002789 | PC: 00108 | STEP: 1 | IR: store 3 | A: 0 | AR: 3 | NZ: 00 | IE: 1 | PENDING: 0 | IN_INTR: 0 | DS: [107134, 107134] | RS: [10] | MEM: - | LATCH: AR | OUT: '' | store.addr 3
TICK: 002790 | PC: 00113 | STEP: 0 | IR: store 3 | A: 0 | AR: 3 | NZ: 00 | IE: 1 | PENDING: 0 | IN_INTR: 0 | DS: [107134] | RS: [10] | MEM: write mem[3] <- 107134 | LATCH: MEM,PC | OUT: '' | store.write
TICK: 002791 | PC: 00114 | STEP: 0 | IR: drop | A: 0 | AR: 3 | NZ: 00 | IE: 1 | PENDING: 0 | IN_INTR: 0 | DS: [] | RS: [10] | MEM: - | LATCH: PC | OUT: '' | drop
TICK: 002792 | PC: 00114 | STEP: 1 | IR: load 1 | A: 0 | AR: 1 | NZ: 00 | IE: 1 | PENDING: 0 | IN_INTR: 0 | DS: [] | RS: [10] | MEM: - | LATCH: AR | OUT: '' | load.addr 1
TICK: 002793 | PC: 00119 | STEP: 0 | IR: load 1 | A: 0 | AR: 1 | NZ: 00 | IE: 1 | PENDING: 0 | IN_INTR: 0 | DS: [68] | RS: [10] | MEM: read mem[1] | LATCH: DS.push,PC | OUT: '' | load.read
TICK: 002794 | PC: 00124 | STEP: 0 | IR: literal 1 | A: 0 | AR: 1 | NZ: 00 | IE: 1 | PENDING: 0 | IN_INTR: 0 | DS: [68, 1] | RS: [10] | MEM: - | LATCH: DS.push,PC | OUT: '' | literal 1
TICK: 002795 | PC: 00124 | STEP: 1 | IR: add | A: 0 | AR: 1 | NZ: 00 | IE: 1 | PENDING: 0 | IN_INTR: 0 | DS: [] | RS: [10] | MEM: - | LATCH: ALU.left,ALU.right | OUT: '' | add.load_operands
TICK: 002796 | PC: 00125 | STEP: 0 | IR: add | A: 0 | AR: 1 | NZ: 00 | IE: 1 | PENDING: 0 | IN_INTR: 0 | DS: [69] | RS: [10] | MEM: - | LATCH: DS.push(ALU),PC | OUT: '' | add.write_result
TICK: 002797 | PC: 00126 | STEP: 0 | IR: dup | A: 0 | AR: 1 | NZ: 00 | IE: 1 | PENDING: 0 | IN_INTR: 0 | DS: [69, 69] | RS: [10] | MEM: - | LATCH: DS.dup,PC | OUT: '' | dup
TICK: 002798 | PC: 00126 | STEP: 1 | IR: store 1 | A: 0 | AR: 1 | NZ: 00 | IE: 1 | PENDING: 0 | IN_INTR: 0 | DS: [69, 69] | RS: [10] | MEM: - | LATCH: AR | OUT: '' | store.addr 1
TICK: 002799 | PC: 00131 | STEP: 0 | IR: store 1 | A: 0 | AR: 1 | NZ: 00 | IE: 1 | PENDING: 0 | IN_INTR: 0 | DS: [69] | RS: [10] | MEM: write mem[1] <- 69 | LATCH: MEM,PC | OUT: '' | store.write
TICK: 002800 | PC: 00132 | STEP: 0 | IR: drop | A: 0 | AR: 1 | NZ: 00 | IE: 1 | PENDING: 0 | IN_INTR: 0 | DS: [] | RS: [10] | MEM: - | LATCH: PC | OUT: '' | drop
TICK: 002801 | PC: 00051 | STEP: 0 | IR: jmp 51 | A: 0 | AR: 1 | NZ: 00 | IE: 1 | PENDING: 0 | IN_INTR: 0 | DS: [] | RS: [10] | MEM: - | LATCH: PC | OUT: '' | jmp 51
TICK: 002802 | PC: 00056 | STEP: 0 | IR: literal 100 | A: 0 | AR: 1 | NZ: 00 | IE: 1 | PENDING: 0 | IN_INTR: 0 | DS: [100] | RS: [10] | MEM: - | LATCH: DS.push,PC | OUT: '' | literal 100
TICK: 002803 | PC: 00056 | STEP: 1 | IR: load 1 | A: 0 | AR: 1 | NZ: 00 | IE: 1 | PENDING: 0 | IN_INTR: 0 | DS: [100] | RS: [10] | MEM: - | LATCH: AR | OUT: '' | load.addr 1
TICK: 002804 | PC: 00061 | STEP: 0 | IR: load 1 | A: 0 | AR: 1 | NZ: 00 | IE: 1 | PENDING: 0 | IN_INTR: 0 | DS: [100, 69] | RS: [10] | MEM: read mem[1] | LATCH: DS.push,PC | OUT: '' | load.read
TICK: 002805 | PC: 00061 | STEP: 1 | IR: sub | A: 0 | AR: 1 | NZ: 00 | IE: 1 | PENDING: 0 | IN_INTR: 0 | DS: [] | RS: [10] | MEM: - | LATCH: ALU.left,ALU.right | OUT: '' | sub.load_operands
TICK: 002806 | PC: 00062 | STEP: 0 | IR: sub | A: 0 | AR: 1 | NZ: 00 | IE: 1 | PENDING: 0 | IN_INTR: 0 | DS: [31] | RS: [10] | MEM: - | LATCH: DS.push(ALU),PC | OUT: '' | sub.write_result
TICK: 002807 | PC: 00062 | STEP: 1 | IR: mif 72 | A: 0 | AR: 1 | NZ: 00 | IE: 1 | PENDING: 0 | IN_INTR: 0 | DS: [] | RS: [10] | MEM: - | LATCH: ALU.left | OUT: '' | mif.test
TICK: 002808 | PC: 00072 | STEP: 0 | IR: mif 72 | A: 0 | AR: 1 | NZ: 00 | IE: 1 | PENDING: 0 | IN_INTR: 0 | DS: [] | RS: [10] | MEM: - | LATCH: PC | OUT: '' | mif.branch
TICK: 002809 | PC: 00072 | STEP: 1 | IR: load 2 | A: 0 | AR: 2 | NZ: 00 | IE: 1 | PENDING: 0 | IN_INTR: 0 | DS: [] | RS: [10] | MEM: - | LATCH: AR | OUT: '' | load.addr 2
TICK: 002810 | PC: 00077 | STEP: 0 | IR: load 2 | A: 0 | AR: 2 | NZ: 00 | IE: 1 | PENDING: 0 | IN_INTR: 0 | DS: [2346] | RS: [10] | MEM: read mem[2] | LATCH: DS.push,PC | OUT: '' | load.read
TICK: 002811 | PC: 00077 | STEP: 1 | IR: load 1 | A: 0 | AR: 1 | NZ: 00 | IE: 1 | PENDING: 0 | IN_INTR: 0 | DS: [2346] | RS: [10] | MEM: - | LATCH: AR | OUT: '' | load.addr 1
TICK: 002812 | PC: 00082 | STEP: 0 | IR: load 1 | A: 0 | AR: 1 | NZ: 00 | IE: 1 | PENDING: 0 | IN_INTR: 0 | DS: [2346, 69] | RS: [10] | MEM: read mem[1] | LATCH: DS.push,PC | OUT: '' | load.read
TICK: 002813 | PC: 00082 | STEP: 1 | IR: add | A: 0 | AR: 1 | NZ: 00 | IE: 1 | PENDING: 0 | IN_INTR: 0 | DS: [] | RS: [10] | MEM: - | LATCH: ALU.left,ALU.right | OUT: '' | add.load_operands
TICK: 002814 | PC: 00083 | STEP: 0 | IR: add | A: 0 | AR: 1 | NZ: 00 | IE: 1 | PENDING: 0 | IN_INTR: 0 | DS: [2415] | RS: [10] | MEM: - | LATCH: DS.push(ALU),PC | OUT: '' | add.write_result
TICK: 002815 | PC: 00084 | STEP: 0 | IR: dup | A: 0 | AR: 1 | NZ: 00 | IE: 1 | PENDING: 0 | IN_INTR: 0 | DS: [2415, 2415] | RS: [10] | MEM: - | LATCH: DS.dup,PC | OUT: '' | dup
TICK: 002816 | PC: 00084 | STEP: 1 | IR: store 2 | A: 0 | AR: 2 | NZ: 00 | IE: 1 | PENDING: 0 | IN_INTR: 0 | DS: [2415, 2415] | RS: [10] | MEM: - | LATCH: AR | OUT: '' | store.addr 2
TICK: 002817 | PC: 00089 | STEP: 0 | IR: store 2 | A: 0 | AR: 2 | NZ: 00 | IE: 1 | PENDING: 0 | IN_INTR: 0 | DS: [2415] | RS: [10] | MEM: write mem[2] <- 2415 | LATCH: MEM,PC | OUT: '' | store.write
TICK: 002818 | PC: 00090 | STEP: 0 | IR: drop | A: 0 | AR: 2 | NZ: 00 | IE: 1 | PENDING: 0 | IN_INTR: 0 | DS: [] | RS: [10] | MEM: - | LATCH: PC | OUT: '' | drop
TICK: 002819 | PC: 00090 | STEP: 1 | IR: load 3 | A: 0 | AR: 3 | NZ: 00 | IE: 1 | PENDING: 0 | IN_INTR: 0 | DS: [] | RS: [10] | MEM: - | LATCH: AR | OUT: '' | load.addr 3
TICK: 002820 | PC: 00095 | STEP: 0 | IR: load 3 | A: 0 | AR: 3 | NZ: 00 | IE: 1 | PENDING: 0 | IN_INTR: 0 | DS: [107134] | RS: [10] | MEM: read mem[3] | LATCH: DS.push,PC | OUT: '' | load.read
TICK: 002821 | PC: 00095 | STEP: 1 | IR: load 1 | A: 0 | AR: 1 | NZ: 00 | IE: 1 | PENDING: 0 | IN_INTR: 0 | DS: [107134] | RS: [10] | MEM: - | LATCH: AR | OUT: '' | load.addr 1
TICK: 002822 | PC: 00100 | STEP: 0 | IR: load 1 | A: 0 | AR: 1 | NZ: 00 | IE: 1 | PENDING: 0 | IN_INTR: 0 | DS: [107134, 69] | RS: [10] | MEM: read mem[1] | LATCH: DS.push,PC | OUT: '' | load.read
TICK: 002823 | PC: 00100 | STEP: 1 | IR: load 1 | A: 0 | AR: 1 | NZ: 00 | IE: 1 | PENDING: 0 | IN_INTR: 0 | DS: [107134, 69] | RS: [10] | MEM: - | LATCH: AR | OUT: '' | load.addr 1
TICK: 002824 | PC: 00105 | STEP: 0 | IR: load 1 | A: 0 | AR: 1 | NZ: 00 | IE: 1 | PENDING: 0 | IN_INTR: 0 | DS: [107134, 69, 69] | RS: [10] | MEM: read mem[1] | LATCH: DS.push,PC | OUT: '' | load.read
TICK: 002825 | PC: 00105 | STEP: 1 | IR: mul | A: 0 | AR: 1 | NZ: 00 | IE: 1 | PENDING: 0 | IN_INTR: 0 | DS: [107134] | RS: [10] | MEM: - | LATCH: ALU.left,ALU.right | OUT: '' | mul.load_operands
TICK: 002826 | PC: 00106 | STEP: 0 | IR: mul | A: 0 | AR: 1 | NZ: 00 | IE: 1 | PENDING: 0 | IN_INTR: 0 | DS: [107134, 4761] | RS: [10] | MEM: - | LATCH: DS.push(ALU),PC | OUT: '' | mul.write_result
TICK: 002827 | PC: 00106 | STEP: 1 | IR: add | A: 0 | AR: 1 | NZ: 00 | IE: 1 | PENDING: 0 | IN_INTR: 0 | DS: [] | RS: [10] | MEM: - | LATCH: ALU.left,ALU.right | OUT: '' | add.load_operands
TICK: 002828 | PC: 00107 | STEP: 0 | IR: add | A: 0 | AR: 1 | NZ: 00 | IE: 1 | PENDING: 0 | IN_INTR: 0 | DS: [111895] | RS: [10] | MEM: - | LATCH: DS.push(ALU),PC | OUT: '' | add.write_result
TICK: 002829 | PC: 00108 | STEP: 0 | IR: dup | A: 0 | AR: 1 | NZ: 00 | IE: 1 | PENDING: 0 | IN_INTR: 0 | DS: [111895, 111895] | RS: [10] | MEM: - | LATCH: DS.dup,PC | OUT: '' | dup
TICK: 002830 | PC: 00108 | STEP: 1 | IR: store 3 | A: 0 | AR: 3 | NZ: 00 | IE: 1 | PENDING: 0 | IN_INTR: 0 | DS: [111895, 111895] | RS: [10] | MEM: - | LATCH: AR | OUT: '' | store.addr 3
TICK: 002831 | PC: 00113 | STEP: 0 | IR: store 3 | A: 0 | AR: 3 | NZ: 00 | IE: 1 | PENDING: 0 | IN_INTR: 0 | DS: [111895] | RS: [10] | MEM: write mem[3] <- 111895 | LATCH: MEM,PC | OUT: '' | store.write
TICK: 002832 | PC: 00114 | STEP: 0 | IR: drop | A: 0 | AR: 3 | NZ: 00 | IE: 1 | PENDING: 0 | IN_INTR: 0 | DS: [] | RS: [10] | MEM: - | LATCH: PC | OUT: '' | drop
TICK: 002833 | PC: 00114 | STEP: 1 | IR: load 1 | A: 0 | AR: 1 | NZ: 00 | IE: 1 | PENDING: 0 | IN_INTR: 0 | DS: [] | RS: [10] | MEM: - | LATCH: AR | OUT: '' | load.addr 1
TICK: 002834 | PC: 00119 | STEP: 0 | IR: load 1 | A: 0 | AR: 1 | NZ: 00 | IE: 1 | PENDING: 0 | IN_INTR: 0 | DS: [69] | RS: [10] | MEM: read mem[1] | LATCH: DS.push,PC | OUT: '' | load.read
TICK: 002835 | PC: 00124 | STEP: 0 | IR: literal 1 | A: 0 | AR: 1 | NZ: 00 | IE: 1 | PENDING: 0 | IN_INTR: 0 | DS: [69, 1] | RS: [10] | MEM: - | LATCH: DS.push,PC | OUT: '' | literal 1
TICK: 002836 | PC: 00124 | STEP: 1 | IR: add | A: 0 | AR: 1 | NZ: 00 | IE: 1 | PENDING: 0 | IN_INTR: 0 | DS: [] | RS: [10] | MEM: - | LATCH: ALU.left,ALU.right | OUT: '' | add.load_operands
TICK: 002837 | PC: 00125 | STEP: 0 | IR: add | A: 0 | AR: 1 | NZ: 00 | IE: 1 | PENDING: 0 | IN_INTR: 0 | DS: [70] | RS: [10] | MEM: - | LATCH: DS.push(ALU),PC | OUT: '' | add.write_result
TICK: 002838 | PC: 00126 | STEP: 0 | IR: dup | A: 0 | AR: 1 | NZ: 00 | IE: 1 | PENDING: 0 | IN_INTR: 0 | DS: [70, 70] | RS: [10] | MEM: - | LATCH: DS.dup,PC | OUT: '' | dup
TICK: 002839 | PC: 00126 | STEP: 1 | IR: store 1 | A: 0 | AR: 1 | NZ: 00 | IE: 1 | PENDING: 0 | IN_INTR: 0 | DS: [70, 70] | RS: [10] | MEM: - | LATCH: AR | OUT: '' | store.addr 1
TICK: 002840 | PC: 00131 | STEP: 0 | IR: store 1 | A: 0 | AR: 1 | NZ: 00 | IE: 1 | PENDING: 0 | IN_INTR: 0 | DS: [70] | RS: [10] | MEM: write mem[1] <- 70 | LATCH: MEM,PC | OUT: '' | store.write
TICK: 002841 | PC: 00132 | STEP: 0 | IR: drop | A: 0 | AR: 1 | NZ: 00 | IE: 1 | PENDING: 0 | IN_INTR: 0 | DS: [] | RS: [10] | MEM: - | LATCH: PC | OUT: '' | drop
TICK: 002842 | PC: 00051 | STEP: 0 | IR: jmp 51 | A: 0 | AR: 1 | NZ: 00 | IE: 1 | PENDING: 0 | IN_INTR: 0 | DS: [] | RS: [10] | MEM: - | LATCH: PC | OUT: '' | jmp 51
TICK: 002843 | PC: 00056 | STEP: 0 | IR: literal 100 | A: 0 | AR: 1 | NZ: 00 | IE: 1 | PENDING: 0 | IN_INTR: 0 | DS: [100] | RS: [10] | MEM: - | LATCH: DS.push,PC | OUT: '' | literal 100
TICK: 002844 | PC: 00056 | STEP: 1 | IR: load 1 | A: 0 | AR: 1 | NZ: 00 | IE: 1 | PENDING: 0 | IN_INTR: 0 | DS: [100] | RS: [10] | MEM: - | LATCH: AR | OUT: '' | load.addr 1
TICK: 002845 | PC: 00061 | STEP: 0 | IR: load 1 | A: 0 | AR: 1 | NZ: 00 | IE: 1 | PENDING: 0 | IN_INTR: 0 | DS: [100, 70] | RS: [10] | MEM: read mem[1] | LATCH: DS.push,PC | OUT: '' | load.read
TICK: 002846 | PC: 00061 | STEP: 1 | IR: sub | A: 0 | AR: 1 | NZ: 00 | IE: 1 | PENDING: 0 | IN_INTR: 0 | DS: [] | RS: [10] | MEM: - | LATCH: ALU.left,ALU.right | OUT: '' | sub.load_operands
TICK: 002847 | PC: 00062 | STEP: 0 | IR: sub | A: 0 | AR: 1 | NZ: 00 | IE: 1 | PENDING: 0 | IN_INTR: 0 | DS: [30] | RS: [10] | MEM: - | LATCH: DS.push(ALU),PC | OUT: '' | sub.write_result
TICK: 002848 | PC: 00062 | STEP: 1 | IR: mif 72 | A: 0 | AR: 1 | NZ: 00 | IE: 1 | PENDING: 0 | IN_INTR: 0 | DS: [] | RS: [10] | MEM: - | LATCH: ALU.left | OUT: '' | mif.test
TICK: 002849 | PC: 00072 | STEP: 0 | IR: mif 72 | A: 0 | AR: 1 | NZ: 00 | IE: 1 | PENDING: 0 | IN_INTR: 0 | DS: [] | RS: [10] | MEM: - | LATCH: PC | OUT: '' | mif.branch
TICK: 002850 | PC: 00072 | STEP: 1 | IR: load 2 | A: 0 | AR: 2 | NZ: 00 | IE: 1 | PENDING: 0 | IN_INTR: 0 | DS: [] | RS: [10] | MEM: - | LATCH: AR | OUT: '' | load.addr 2
TICK: 002851 | PC: 00077 | STEP: 0 | IR: load 2 | A: 0 | AR: 2 | NZ: 00 | IE: 1 | PENDING: 0 | IN_INTR: 0 | DS: [2415] | RS: [10] | MEM: read mem[2] | LATCH: DS.push,PC | OUT: '' | load.read
TICK: 002852 | PC: 00077 | STEP: 1 | IR: load 1 | A: 0 | AR: 1 | NZ: 00 | IE: 1 | PENDING: 0 | IN_INTR: 0 | DS: [2415] | RS: [10] | MEM: - | LATCH: AR | OUT: '' | load.addr 1
TICK: 002853 | PC: 00082 | STEP: 0 | IR: load 1 | A: 0 | AR: 1 | NZ: 00 | IE: 1 | PENDING: 0 | IN_INTR: 0 | DS: [2415, 70] | RS: [10] | MEM: read mem[1] | LATCH: DS.push,PC | OUT: '' | load.read
TICK: 002854 | PC: 00082 | STEP: 1 | IR: add | A: 0 | AR: 1 | NZ: 00 | IE: 1 | PENDING: 0 | IN_INTR: 0 | DS: [] | RS: [10] | MEM: - | LATCH: ALU.left,ALU.right | OUT: '' | add.load_operands
TICK: 002855 | PC: 00083 | STEP: 0 | IR: add | A: 0 | AR: 1 | NZ: 00 | IE: 1 | PENDING: 0 | IN_INTR: 0 | DS: [2485] | RS: [10] | MEM: - | LATCH: DS.push(ALU),PC | OUT: '' | add.write_result
TICK: 002856 | PC: 00084 | STEP: 0 | IR: dup | A: 0 | AR: 1 | NZ: 00 | IE: 1 | PENDING: 0 | IN_INTR: 0 | DS: [2485, 2485] | RS: [10] | MEM: - | LATCH: DS.dup,PC | OUT: '' | dup
TICK: 002857 | PC: 00084 | STEP: 1 | IR: store 2 | A: 0 | AR: 2 | NZ: 00 | IE: 1 | PENDING: 0 | IN_INTR: 0 | DS: [2485, 2485] | RS: [10] | MEM: - | LATCH: AR | OUT: '' | store.addr 2
TICK: 002858 | PC: 00089 | STEP: 0 | IR: store 2 | A: 0 | AR: 2 | NZ: 00 | IE: 1 | PENDING: 0 | IN_INTR: 0 | DS: [2485] | RS: [10] | MEM: write mem[2] <- 2485 | LATCH: MEM,PC | OUT: '' | store.write
TICK: 002859 | PC: 00090 | STEP: 0 | IR: drop | A: 0 | AR: 2 | NZ: 00 | IE: 1 | PENDING: 0 | IN_INTR: 0 | DS: [] | RS: [10] | MEM: - | LATCH: PC | OUT: '' | drop
TICK: 002860 | PC: 00090 | STEP: 1 | IR: load 3 | A: 0 | AR: 3 | NZ: 00 | IE: 1 | PENDING: 0 | IN_INTR: 0 | DS: [] | RS: [10] | MEM: - | LATCH: AR | OUT: '' | load.addr 3
TICK: 002861 | PC: 00095 | STEP: 0 | IR: load 3 | A: 0 | AR: 3 | NZ: 00 | IE: 1 | PENDING: 0 | IN_INTR: 0 | DS: [111895] | RS: [10] | MEM: read mem[3] | LATCH: DS.push,PC | OUT: '' | load.read
TICK: 002862 | PC: 00095 | STEP: 1 | IR: load 1 | A: 0 | AR: 1 | NZ: 00 | IE: 1 | PENDING: 0 | IN_INTR: 0 | DS: [111895] | RS: [10] | MEM: - | LATCH: AR | OUT: '' | load.addr 1
TICK: 002863 | PC: 00100 | STEP: 0 | IR: load 1 | A: 0 | AR: 1 | NZ: 00 | IE: 1 | PENDING: 0 | IN_INTR: 0 | DS: [111895, 70] | RS: [10] | MEM: read mem[1] | LATCH: DS.push,PC | OUT: '' | load.read
TICK: 002864 | PC: 00100 | STEP: 1 | IR: load 1 | A: 0 | AR: 1 | NZ: 00 | IE: 1 | PENDING: 0 | IN_INTR: 0 | DS: [111895, 70] | RS: [10] | MEM: - | LATCH: AR | OUT: '' | load.addr 1
TICK: 002865 | PC: 00105 | STEP: 0 | IR: load 1 | A: 0 | AR: 1 | NZ: 00 | IE: 1 | PENDING: 0 | IN_INTR: 0 | DS: [111895, 70, 70] | RS: [10] | MEM: read mem[1] | LATCH: DS.push,PC | OUT: '' | load.read
TICK: 002866 | PC: 00105 | STEP: 1 | IR: mul | A: 0 | AR: 1 | NZ: 00 | IE: 1 | PENDING: 0 | IN_INTR: 0 | DS: [111895] | RS: [10] | MEM: - | LATCH: ALU.left,ALU.right | OUT: '' | mul.load_operands
TICK: 002867 | PC: 00106 | STEP: 0 | IR: mul | A: 0 | AR: 1 | NZ: 00 | IE: 1 | PENDING: 0 | IN_INTR: 0 | DS: [111895, 4900] | RS: [10] | MEM: - | LATCH: DS.push(ALU),PC | OUT: '' | mul.write_result
TICK: 002868 | PC: 00106 | STEP: 1 | IR: add | A: 0 | AR: 1 | NZ: 00 | IE: 1 | PENDING: 0 | IN_INTR: 0 | DS: [] | RS: [10] | MEM: - | LATCH: ALU.left,ALU.right | OUT: '' | add.load_operands
TICK: 002869 | PC: 00107 | STEP: 0 | IR: add | A: 0 | AR: 1 | NZ: 00 | IE: 1 | PENDING: 0 | IN_INTR: 0 | DS: [116795] | RS: [10] | MEM: - | LATCH: DS.push(ALU),PC | OUT: '' | add.write_result
TICK: 002870 | PC: 00108 | STEP: 0 | IR: dup | A: 0 | AR: 1 | NZ: 00 | IE: 1 | PENDING: 0 | IN_INTR: 0 | DS: [116795, 116795] | RS: [10] | MEM: - | LATCH: DS.dup,PC | OUT: '' | dup
TICK: 002871 | PC: 00108 | STEP: 1 | IR: store 3 | A: 0 | AR: 3 | NZ: 00 | IE: 1 | PENDING: 0 | IN_INTR: 0 | DS: [116795, 116795] | RS: [10] | MEM: - | LATCH: AR | OUT: '' | store.addr 3
TICK: 002872 | PC: 00113 | STEP: 0 | IR: store 3 | A: 0 | AR: 3 | NZ: 00 | IE: 1 | PENDING: 0 | IN_INTR: 0 | DS: [116795] | RS: [10] | MEM: write mem[3] <- 116795 | LATCH: MEM,PC | OUT: '' | store.write
TICK: 002873 | PC: 00114 | STEP: 0 | IR: drop | A: 0 | AR: 3 | NZ: 00 | IE: 1 | PENDING: 0 | IN_INTR: 0 | DS: [] | RS: [10] | MEM: - | LATCH: PC | OUT: '' | drop
TICK: 002874 | PC: 00114 | STEP: 1 | IR: load 1 | A: 0 | AR: 1 | NZ: 00 | IE: 1 | PENDING: 0 | IN_INTR: 0 | DS: [] | RS: [10] | MEM: - | LATCH: AR | OUT: '' | load.addr 1
TICK: 002875 | PC: 00119 | STEP: 0 | IR: load 1 | A: 0 | AR: 1 | NZ: 00 | IE: 1 | PENDING: 0 | IN_INTR: 0 | DS: [70] | RS: [10] | MEM: read mem[1] | LATCH: DS.push,PC | OUT: '' | load.read
TICK: 002876 | PC: 00124 | STEP: 0 | IR: literal 1 | A: 0 | AR: 1 | NZ: 00 | IE: 1 | PENDING: 0 | IN_INTR: 0 | DS: [70, 1] | RS: [10] | MEM: - | LATCH: DS.push,PC | OUT: '' | literal 1
TICK: 002877 | PC: 00124 | STEP: 1 | IR: add | A: 0 | AR: 1 | NZ: 00 | IE: 1 | PENDING: 0 | IN_INTR: 0 | DS: [] | RS: [10] | MEM: - | LATCH: ALU.left,ALU.right | OUT: '' | add.load_operands
TICK: 002878 | PC: 00125 | STEP: 0 | IR: add | A: 0 | AR: 1 | NZ: 00 | IE: 1 | PENDING: 0 | IN_INTR: 0 | DS: [71] | RS: [10] | MEM: - | LATCH: DS.push(ALU),PC | OUT: '' | add.write_result
TICK: 002879 | PC: 00126 | STEP: 0 | IR: dup | A: 0 | AR: 1 | NZ: 00 | IE: 1 | PENDING: 0 | IN_INTR: 0 | DS: [71, 71] | RS: [10] | MEM: - | LATCH: DS.dup,PC | OUT: '' | dup
TICK: 002880 | PC: 00126 | STEP: 1 | IR: store 1 | A: 0 | AR: 1 | NZ: 00 | IE: 1 | PENDING: 0 | IN_INTR: 0 | DS: [71, 71] | RS: [10] | MEM: - | LATCH: AR | OUT: '' | store.addr 1
TICK: 002881 | PC: 00131 | STEP: 0 | IR: store 1 | A: 0 | AR: 1 | NZ: 00 | IE: 1 | PENDING: 0 | IN_INTR: 0 | DS: [71] | RS: [10] | MEM: write mem[1] <- 71 | LATCH: MEM,PC | OUT: '' | store.write
TICK: 002882 | PC: 00132 | STEP: 0 | IR: drop | A: 0 | AR: 1 | NZ: 00 | IE: 1 | PENDING: 0 | IN_INTR: 0 | DS: [] | RS: [10] | MEM: - | LATCH: PC | OUT: '' | drop
TICK: 002883 | PC: 00051 | STEP: 0 | IR: jmp 51 | A: 0 | AR: 1 | NZ: 00 | IE: 1 | PENDING: 0 | IN_INTR: 0 | DS: [] | RS: [10] | MEM: - | LATCH: PC | OUT: '' | jmp 51
TICK: 002884 | PC: 00056 | STEP: 0 | IR: literal 100 | A: 0 | AR: 1 | NZ: 00 | IE: 1 | PENDING: 0 | IN_INTR: 0 | DS: [100] | RS: [10] | MEM: - | LATCH: DS.push,PC | OUT: '' | literal 100
TICK: 002885 | PC: 00056 | STEP: 1 | IR: load 1 | A: 0 | AR: 1 | NZ: 00 | IE: 1 | PENDING: 0 | IN_INTR: 0 | DS: [100] | RS: [10] | MEM: - | LATCH: AR | OUT: '' | load.addr 1
TICK: 002886 | PC: 00061 | STEP: 0 | IR: load 1 | A: 0 | AR: 1 | NZ: 00 | IE: 1 | PENDING: 0 | IN_INTR: 0 | DS: [100, 71] | RS: [10] | MEM: read mem[1] | LATCH: DS.push,PC | OUT: '' | load.read
TICK: 002887 | PC: 00061 | STEP: 1 | IR: sub | A: 0 | AR: 1 | NZ: 00 | IE: 1 | PENDING: 0 | IN_INTR: 0 | DS: [] | RS: [10] | MEM: - | LATCH: ALU.left,ALU.right | OUT: '' | sub.load_operands
TICK: 002888 | PC: 00062 | STEP: 0 | IR: sub | A: 0 | AR: 1 | NZ: 00 | IE: 1 | PENDING: 0 | IN_INTR: 0 | DS: [29] | RS: [10] | MEM: - | LATCH: DS.push(ALU),PC | OUT: '' | sub.write_result
TICK: 002889 | PC: 00062 | STEP: 1 | IR: mif 72 | A: 0 | AR: 1 | NZ: 00 | IE: 1 | PENDING: 0 | IN_INTR: 0 | DS: [] | RS: [10] | MEM: - | LATCH: ALU.left | OUT: '' | mif.test
TICK: 002890 | PC: 00072 | STEP: 0 | IR: mif 72 | A: 0 | AR: 1 | NZ: 00 | IE: 1 | PENDING: 0 | IN_INTR: 0 | DS: [] | RS: [10] | MEM: - | LATCH: PC | OUT: '' | mif.branch
TICK: 002891 | PC: 00072 | STEP: 1 | IR: load 2 | A: 0 | AR: 2 | NZ: 00 | IE: 1 | PENDING: 0 | IN_INTR: 0 | DS: [] | RS: [10] | MEM: - | LATCH: AR | OUT: '' | load.addr 2
TICK: 002892 | PC: 00077 | STEP: 0 | IR: load 2 | A: 0 | AR: 2 | NZ: 00 | IE: 1 | PENDING: 0 | IN_INTR: 0 | DS: [2485] | RS: [10] | MEM: read mem[2] | LATCH: DS.push,PC | OUT: '' | load.read
TICK: 002893 | PC: 00077 | STEP: 1 | IR: load 1 | A: 0 | AR: 1 | NZ: 00 | IE: 1 | PENDING: 0 | IN_INTR: 0 | DS: [2485] | RS: [10] | MEM: - | LATCH: AR | OUT: '' | load.addr 1
TICK: 002894 | PC: 00082 | STEP: 0 | IR: load 1 | A: 0 | AR: 1 | NZ: 00 | IE: 1 | PENDING: 0 | IN_INTR: 0 | DS: [2485, 71] | RS: [10] | MEM: read mem[1] | LATCH: DS.push,PC | OUT: '' | load.read
TICK: 002895 | PC: 00082 | STEP: 1 | IR: add | A: 0 | AR: 1 | NZ: 00 | IE: 1 | PENDING: 0 | IN_INTR: 0 | DS: [] | RS: [10] | MEM: - | LATCH: ALU.left,ALU.right | OUT: '' | add.load_operands
TICK: 002896 | PC: 00083 | STEP: 0 | IR: add | A: 0 | AR: 1 | NZ: 00 | IE: 1 | PENDING: 0 | IN_INTR: 0 | DS: [2556] | RS: [10] | MEM: - | LATCH: DS.push(ALU),PC | OUT: '' | add.write_result
TICK: 002897 | PC: 00084 | STEP: 0 | IR: dup | A: 0 | AR: 1 | NZ: 00 | IE: 1 | PENDING: 0 | IN_INTR: 0 | DS: [2556, 2556] | RS: [10] | MEM: - | LATCH: DS.dup,PC | OUT: '' | dup
TICK: 002898 | PC: 00084 | STEP: 1 | IR: store 2 | A: 0 | AR: 2 | NZ: 00 | IE: 1 | PENDING: 0 | IN_INTR: 0 | DS: [2556, 2556] | RS: [10] | MEM: - | LATCH: AR | OUT: '' | store.addr 2
TICK: 002899 | PC: 00089 | STEP: 0 | IR: store 2 | A: 0 | AR: 2 | NZ: 00 | IE: 1 | PENDING: 0 | IN_INTR: 0 | DS: [2556] | RS: [10] | MEM: write mem[2] <- 2556 | LATCH: MEM,PC | OUT: '' | store.write
TICK: 002900 | PC: 00090 | STEP: 0 | IR: drop | A: 0 | AR: 2 | NZ: 00 | IE: 1 | PENDING: 0 | IN_INTR: 0 | DS: [] | RS: [10] | MEM: - | LATCH: PC | OUT: '' | drop
TICK: 002901 | PC: 00090 | STEP: 1 | IR: load 3 | A: 0 | AR: 3 | NZ: 00 | IE: 1 | PENDING: 0 | IN_INTR: 0 | DS: [] | RS: [10] | MEM: - | LATCH: AR | OUT: '' | load.addr 3
TICK: 002902 | PC: 00095 | STEP: 0 | IR: load 3 | A: 0 | AR: 3 | NZ: 00 | IE: 1 | PENDING: 0 | IN_INTR: 0 | DS: [116795] | RS: [10] | MEM: read mem[3] | LATCH: DS.push,PC | OUT: '' | load.read
TICK: 002903 | PC: 00095 | STEP: 1 | IR: load 1 | A: 0 | AR: 1 | NZ: 00 | IE: 1 | PENDING: 0 | IN_INTR: 0 | DS: [116795] | RS: [10] | MEM: - | LATCH: AR | OUT: '' | load.addr 1
TICK: 002904 | PC: 00100 | STEP: 0 | IR: load 1 | A: 0 | AR: 1 | NZ: 00 | IE: 1 | PENDING: 0 | IN_INTR: 0 | DS: [116795, 71] | RS: [10] | MEM: read mem[1] | LATCH: DS.push,PC | OUT: '' | load.read
TICK: 002905 | PC: 00100 | STEP: 1 | IR: load 1 | A: 0 | AR: 1 | NZ: 00 | IE: 1 | PENDING: 0 | IN_INTR: 0 | DS: [116795, 71] | RS: [10] | MEM: - | LATCH: AR | OUT: '' | load.addr 1
TICK: 002906 | PC: 00105 | STEP: 0 | IR: load 1 | A: 0 | AR: 1 | NZ: 00 | IE: 1 | PENDING: 0 | IN_INTR: 0 | DS: [116795, 71, 71] | RS: [10] | MEM: read mem[1] | LATCH: DS.push,PC | OUT: '' | load.read
TICK: 002907 | PC: 00105 | STEP: 1 | IR: mul | A: 0 | AR: 1 | NZ: 00 | IE: 1 | PENDING: 0 | IN_INTR: 0 | DS: [116795] | RS: [10] | MEM: - | LATCH: ALU.left,ALU.right | OUT: '' | mul.load_operands
TICK: 002908 | PC: 00106 | STEP: 0 | IR: mul | A: 0 | AR: 1 | NZ: 00 | IE: 1 | PENDING: 0 | IN_INTR: 0 | DS: [116795, 5041] | RS: [10] | MEM: - | LATCH: DS.push(ALU),PC | OUT: '' | mul.write_result
TICK: 002909 | PC: 00106 | STEP: 1 | IR: add | A: 0 | AR: 1 | NZ: 00 | IE: 1 | PENDING: 0 | IN_INTR: 0 | DS: [] | RS: [10] | MEM: - | LATCH: ALU.left,ALU.right | OUT: '' | add.load_operands
TICK: 002910 | PC: 00107 | STEP: 0 | IR: add | A: 0 | AR: 1 | NZ: 00 | IE: 1 | PENDING: 0 | IN_INTR: 0 | DS: [121836] | RS: [10] | MEM: - | LATCH: DS.push(ALU),PC | OUT: '' | add.write_result
TICK: 002911 | PC: 00108 | STEP: 0 | IR: dup | A: 0 | AR: 1 | NZ: 00 | IE: 1 | PENDING: 0 | IN_INTR: 0 | DS: [121836, 121836] | RS: [10] | MEM: - | LATCH: DS.dup,PC | OUT: '' | dup
TICK: 002912 | PC: 00108 | STEP: 1 | IR: store 3 | A: 0 | AR: 3 | NZ: 00 | IE: 1 | PENDING: 0 | IN_INTR: 0 | DS: [121836, 121836] | RS: [10] | MEM: - | LATCH: AR | OUT: '' | store.addr 3
TICK: 002913 | PC: 00113 | STEP: 0 | IR: store 3 | A: 0 | AR: 3 | NZ: 00 | IE: 1 | PENDING: 0 | IN_INTR: 0 | DS: [121836] | RS: [10] | MEM: write mem[3] <- 121836 | LATCH: MEM,PC | OUT: '' | store.write
TICK: 002914 | PC: 00114 | STEP: 0 | IR: drop | A: 0 | AR: 3 | NZ: 00 | IE: 1 | PENDING: 0 | IN_INTR: 0 | DS: [] | RS: [10] | MEM: - | LATCH: PC | OUT: '' | drop
TICK: 002915 | PC: 00114 | STEP: 1 | IR: load 1 | A: 0 | AR: 1 | NZ: 00 | IE: 1 | PENDING: 0 | IN_INTR: 0 | DS: [] | RS: [10] | MEM: - | LATCH: AR | OUT: '' | load.addr 1
TICK: 002916 | PC: 00119 | STEP: 0 | IR: load 1 | A: 0 | AR: 1 | NZ: 00 | IE: 1 | PENDING: 0 | IN_INTR: 0 | DS: [71] | RS: [10] | MEM: read mem[1] | LATCH: DS.push,PC | OUT: '' | load.read
TICK: 002917 | PC: 00124 | STEP: 0 | IR: literal 1 | A: 0 | AR: 1 | NZ: 00 | IE: 1 | PENDING: 0 | IN_INTR: 0 | DS: [71, 1] | RS: [10] | MEM: - | LATCH: DS.push,PC | OUT: '' | literal 1
TICK: 002918 | PC: 00124 | STEP: 1 | IR: add | A: 0 | AR: 1 | NZ: 00 | IE: 1 | PENDING: 0 | IN_INTR: 0 | DS: [] | RS: [10] | MEM: - | LATCH: ALU.left,ALU.right | OUT: '' | add.load_operands
TICK: 002919 | PC: 00125 | STEP: 0 | IR: add | A: 0 | AR: 1 | NZ: 00 | IE: 1 | PENDING: 0 | IN_INTR: 0 | DS: [72] | RS: [10] | MEM: - | LATCH: DS.push(ALU),PC | OUT: '' | add.write_result
TICK: 002920 | PC: 00126 | STEP: 0 | IR: dup | A: 0 | AR: 1 | NZ: 00 | IE: 1 | PENDING: 0 | IN_INTR: 0 | DS: [72, 72] | RS: [10] | MEM: - | LATCH: DS.dup,PC | OUT: '' | dup
TICK: 002921 | PC: 00126 | STEP: 1 | IR: store 1 | A: 0 | AR: 1 | NZ: 00 | IE: 1 | PENDING: 0 | IN_INTR: 0 | DS: [72, 72] | RS: [10] | MEM: - | LATCH: AR | OUT: '' | store.addr 1
TICK: 002922 | PC: 00131 | STEP: 0 | IR: store 1 | A: 0 | AR: 1 | NZ: 00 | IE: 1 | PENDING: 0 | IN_INTR: 0 | DS: [72] | RS: [10] | MEM: write mem[1] <- 72 | LATCH: MEM,PC | OUT: '' | store.write
TICK: 002923 | PC: 00132 | STEP: 0 | IR: drop | A: 0 | AR: 1 | NZ: 00 | IE: 1 | PENDING: 0 | IN_INTR: 0 | DS: [] | RS: [10] | MEM: - | LATCH: PC | OUT: '' | drop
TICK: 002924 | PC: 00051 | STEP: 0 | IR: jmp 51 | A: 0 | AR: 1 | NZ: 00 | IE: 1 | PENDING: 0 | IN_INTR: 0 | DS: [] | RS: [10] | MEM: - | LATCH: PC | OUT: '' | jmp 51
TICK: 002925 | PC: 00056 | STEP: 0 | IR: literal 100 | A: 0 | AR: 1 | NZ: 00 | IE: 1 | PENDING: 0 | IN_INTR: 0 | DS: [100] | RS: [10] | MEM: - | LATCH: DS.push,PC | OUT: '' | literal 100
TICK: 002926 | PC: 00056 | STEP: 1 | IR: load 1 | A: 0 | AR: 1 | NZ: 00 | IE: 1 | PENDING: 0 | IN_INTR: 0 | DS: [100] | RS: [10] | MEM: - | LATCH: AR | OUT: '' | load.addr 1
TICK: 002927 | PC: 00061 | STEP: 0 | IR: load 1 | A: 0 | AR: 1 | NZ: 00 | IE: 1 | PENDING: 0 | IN_INTR: 0 | DS: [100, 72] | RS: [10] | MEM: read mem[1] | LATCH: DS.push,PC | OUT: '' | load.read
TICK: 002928 | PC: 00061 | STEP: 1 | IR: sub | A: 0 | AR: 1 | NZ: 00 | IE: 1 | PENDING: 0 | IN_INTR: 0 | DS: [] | RS: [10] | MEM: - | LATCH: ALU.left,ALU.right | OUT: '' | sub.load_operands
TICK: 002929 | PC: 00062 | STEP: 0 | IR: sub | A: 0 | AR: 1 | NZ: 00 | IE: 1 | PENDING: 0 | IN_INTR: 0 | DS: [28] | RS: [10] | MEM: - | LATCH: DS.push(ALU),PC | OUT: '' | sub.write_result
TICK: 002930 | PC: 00062 | STEP: 1 | IR: mif 72 | A: 0 | AR: 1 | NZ: 00 | IE: 1 | PENDING: 0 | IN_INTR: 0 | DS: [] | RS: [10] | MEM: - | LATCH: ALU.left | OUT: '' | mif.test
TICK: 002931 | PC: 00072 | STEP: 0 | IR: mif 72 | A: 0 | AR: 1 | NZ: 00 | IE: 1 | PENDING: 0 | IN_INTR: 0 | DS: [] | RS: [10] | MEM: - | LATCH: PC | OUT: '' | mif.branch
TICK: 002932 | PC: 00072 | STEP: 1 | IR: load 2 | A: 0 | AR: 2 | NZ: 00 | IE: 1 | PENDING: 0 | IN_INTR: 0 | DS: [] | RS: [10] | MEM: - | LATCH: AR | OUT: '' | load.addr 2
TICK: 002933 | PC: 00077 | STEP: 0 | IR: load 2 | A: 0 | AR: 2 | NZ: 00 | IE: 1 | PENDING: 0 | IN_INTR: 0 | DS: [2556] | RS: [10] | MEM: read mem[2] | LATCH: DS.push,PC | OUT: '' | load.read
TICK: 002934 | PC: 00077 | STEP: 1 | IR: load 1 | A: 0 | AR: 1 | NZ: 00 | IE: 1 | PENDING: 0 | IN_INTR: 0 | DS: [2556] | RS: [10] | MEM: - | LATCH: AR | OUT: '' | load.addr 1
TICK: 002935 | PC: 00082 | STEP: 0 | IR: load 1 | A: 0 | AR: 1 | NZ: 00 | IE: 1 | PENDING: 0 | IN_INTR: 0 | DS: [2556, 72] | RS: [10] | MEM: read mem[1] | LATCH: DS.push,PC | OUT: '' | load.read
TICK: 002936 | PC: 00082 | STEP: 1 | IR: add | A: 0 | AR: 1 | NZ: 00 | IE: 1 | PENDING: 0 | IN_INTR: 0 | DS: [] | RS: [10] | MEM: - | LATCH: ALU.left,ALU.right | OUT: '' | add.load_operands
TICK: 002937 | PC: 00083 | STEP: 0 | IR: add | A: 0 | AR: 1 | NZ: 00 | IE: 1 | PENDING: 0 | IN_INTR: 0 | DS: [2628] | RS: [10] | MEM: - | LATCH: DS.push(ALU),PC | OUT: '' | add.write_result
TICK: 002938 | PC: 00084 | STEP: 0 | IR: dup | A: 0 | AR: 1 | NZ: 00 | IE: 1 | PENDING: 0 | IN_INTR: 0 | DS: [2628, 2628] | RS: [10] | MEM: - | LATCH: DS.dup,PC | OUT: '' | dup
TICK: 002939 | PC: 00084 | STEP: 1 | IR: store 2 | A: 0 | AR: 2 | NZ: 00 | IE: 1 | PENDING: 0 | IN_INTR: 0 | DS: [2628, 2628] | RS: [10] | MEM: - | LATCH: AR | OUT: '' | store.addr 2
TICK: 002940 | PC: 00089 | STEP: 0 | IR: store 2 | A: 0 | AR: 2 | NZ: 00 | IE: 1 | PENDING: 0 | IN_INTR: 0 | DS: [2628] | RS: [10] | MEM: write mem[2] <- 2628 | LATCH: MEM,PC | OUT: '' | store.write
TICK: 002941 | PC: 00090 | STEP: 0 | IR: drop | A: 0 | AR: 2 | NZ: 00 | IE: 1 | PENDING: 0 | IN_INTR: 0 | DS: [] | RS: [10] | MEM: - | LATCH: PC | OUT: '' | drop
TICK: 002942 | PC: 00090 | STEP: 1 | IR: load 3 | A: 0 | AR: 3 | NZ: 00 | IE: 1 | PENDING: 0 | IN_INTR: 0 | DS: [] | RS: [10] | MEM: - | LATCH: AR | OUT: '' | load.addr 3
TICK: 002943 | PC: 00095 | STEP: 0 | IR: load 3 | A: 0 | AR: 3 | NZ: 00 | IE: 1 | PENDING: 0 | IN_INTR: 0 | DS: [121836] | RS: [10] | MEM: read mem[3] | LATCH: DS.push,PC | OUT: '' | load.read
TICK: 002944 | PC: 00095 | STEP: 1 | IR: load 1 | A: 0 | AR: 1 | NZ: 00 | IE: 1 | PENDING: 0 | IN_INTR: 0 | DS: [121836] | RS: [10] | MEM: - | LATCH: AR | OUT: '' | load.addr 1
TICK: 002945 | PC: 00100 | STEP: 0 | IR: load 1 | A: 0 | AR: 1 | NZ: 00 | IE: 1 | PENDING: 0 | IN_INTR: 0 | DS: [121836, 72] | RS: [10] | MEM: read mem[1] | LATCH: DS.push,PC | OUT: '' | load.read
TICK: 002946 | PC: 00100 | STEP: 1 | IR: load 1 | A: 0 | AR: 1 | NZ: 00 | IE: 1 | PENDING: 0 | IN_INTR: 0 | DS: [121836, 72] | RS: [10] | MEM: - | LATCH: AR | OUT: '' | load.addr 1
TICK: 002947 | PC: 00105 | STEP: 0 | IR: load 1 | A: 0 | AR: 1 | NZ: 00 | IE: 1 | PENDING: 0 | IN_INTR: 0 | DS: [121836, 72, 72] | RS: [10] | MEM: read mem[1] | LATCH: DS.push,PC | OUT: '' | load.read
TICK: 002948 | PC: 00105 | STEP: 1 | IR: mul | A: 0 | AR: 1 | NZ: 00 | IE: 1 | PENDING: 0 | IN_INTR: 0 | DS: [121836] | RS: [10] | MEM: - | LATCH: ALU.left,ALU.right | OUT: '' | mul.load_operands
TICK: 002949 | PC: 00106 | STEP: 0 | IR: mul | A: 0 | AR: 1 | NZ: 00 | IE: 1 | PENDING: 0 | IN_INTR: 0 | DS: [121836, 5184] | RS: [10] | MEM: - | LATCH: DS.push(ALU),PC | OUT: '' | mul.write_result
TICK: 002950 | PC: 00106 | STEP: 1 | IR: add | A: 0 | AR: 1 | NZ: 00 | IE: 1 | PENDING: 0 | IN_INTR: 0 | DS: [] | RS: [10] | MEM: - | LATCH: ALU.left,ALU.right | OUT: '' | add.load_operands
TICK: 002951 | PC: 00107 | STEP: 0 | IR: add | A: 0 | AR: 1 | NZ: 00 | IE: 1 | PENDING: 0 | IN_INTR: 0 | DS: [127020] | RS: [10] | MEM: - | LATCH: DS.push(ALU),PC | OUT: '' | add.write_result
TICK: 002952 | PC: 00108 | STEP: 0 | IR: dup | A: 0 | AR: 1 | NZ: 00 | IE: 1 | PENDING: 0 | IN_INTR: 0 | DS: [127020, 127020] | RS: [10] | MEM: - | LATCH: DS.dup,PC | OUT: '' | dup
TICK: 002953 | PC: 00108 | STEP: 1 | IR: store 3 | A: 0 | AR: 3 | NZ: 00 | IE: 1 | PENDING: 0 | IN_INTR: 0 | DS: [127020, 127020] | RS: [10] | MEM: - | LATCH: AR | OUT: '' | store.addr 3
TICK: 002954 | PC: 00113 | STEP: 0 | IR: store 3 | A: 0 | AR: 3 | NZ: 00 | IE: 1 | PENDING: 0 | IN_INTR: 0 | DS: [127020] | RS: [10] | MEM: write mem[3] <- 127020 | LATCH: MEM,PC | OUT: '' | store.write
TICK: 002955 | PC: 00114 | STEP: 0 | IR: drop | A: 0 | AR: 3 | NZ: 00 | IE: 1 | PENDING: 0 | IN_INTR: 0 | DS: [] | RS: [10] | MEM: - | LATCH: PC | OUT: '' | drop
TICK: 002956 | PC: 00114 | STEP: 1 | IR: load 1 | A: 0 | AR: 1 | NZ: 00 | IE: 1 | PENDING: 0 | IN_INTR: 0 | DS: [] | RS: [10] | MEM: - | LATCH: AR | OUT: '' | load.addr 1
TICK: 002957 | PC: 00119 | STEP: 0 | IR: load 1 | A: 0 | AR: 1 | NZ: 00 | IE: 1 | PENDING: 0 | IN_INTR: 0 | DS: [72] | RS: [10] | MEM: read mem[1] | LATCH: DS.push,PC | OUT: '' | load.read
TICK: 002958 | PC: 00124 | STEP: 0 | IR: literal 1 | A: 0 | AR: 1 | NZ: 00 | IE: 1 | PENDING: 0 | IN_INTR: 0 | DS: [72, 1] | RS: [10] | MEM: - | LATCH: DS.push,PC | OUT: '' | literal 1
TICK: 002959 | PC: 00124 | STEP: 1 | IR: add | A: 0 | AR: 1 | NZ: 00 | IE: 1 | PENDING: 0 | IN_INTR: 0 | DS: [] | RS: [10] | MEM: - | LATCH: ALU.left,ALU.right | OUT: '' | add.load_operands
TICK: 002960 | PC: 00125 | STEP: 0 | IR: add | A: 0 | AR: 1 | NZ: 00 | IE: 1 | PENDING: 0 | IN_INTR: 0 | DS: [73] | RS: [10] | MEM: - | LATCH: DS.push(ALU),PC | OUT: '' | add.write_result
TICK: 002961 | PC: 00126 | STEP: 0 | IR: dup | A: 0 | AR: 1 | NZ: 00 | IE: 1 | PENDING: 0 | IN_INTR: 0 | DS: [73, 73] | RS: [10] | MEM: - | LATCH: DS.dup,PC | OUT: '' | dup
TICK: 002962 | PC: 00126 | STEP: 1 | IR: store 1 | A: 0 | AR: 1 | NZ: 00 | IE: 1 | PENDING: 0 | IN_INTR: 0 | DS: [73, 73] | RS: [10] | MEM: - | LATCH: AR | OUT: '' | store.addr 1
TICK: 002963 | PC: 00131 | STEP: 0 | IR: store 1 | A: 0 | AR: 1 | NZ: 00 | IE: 1 | PENDING: 0 | IN_INTR: 0 | DS: [73] | RS: [10] | MEM: write mem[1] <- 73 | LATCH: MEM,PC | OUT: '' | store.write
TICK: 002964 | PC: 00132 | STEP: 0 | IR: drop | A: 0 | AR: 1 | NZ: 00 | IE: 1 | PENDING: 0 | IN_INTR: 0 | DS: [] | RS: [10] | MEM: - | LATCH: PC | OUT: '' | drop
TICK: 002965 | PC: 00051 | STEP: 0 | IR: jmp 51 | A: 0 | AR: 1 | NZ: 00 | IE: 1 | PENDING: 0 | IN_INTR: 0 | DS: [] | RS: [10] | MEM: - | LATCH: PC | OUT: '' | jmp 51
TICK: 002966 | PC: 00056 | STEP: 0 | IR: literal 100 | A: 0 | AR: 1 | NZ: 00 | IE: 1 | PENDING: 0 | IN_INTR: 0 | DS: [100] | RS: [10] | MEM: - | LATCH: DS.push,PC | OUT: '' | literal 100
TICK: 002967 | PC: 00056 | STEP: 1 | IR: load 1 | A: 0 | AR: 1 | NZ: 00 | IE: 1 | PENDING: 0 | IN_INTR: 0 | DS: [100] | RS: [10] | MEM: - | LATCH: AR | OUT: '' | load.addr 1
TICK: 002968 | PC: 00061 | STEP: 0 | IR: load 1 | A: 0 | AR: 1 | NZ: 00 | IE: 1 | PENDING: 0 | IN_INTR: 0 | DS: [100, 73] | RS: [10] | MEM: read mem[1] | LATCH: DS.push,PC | OUT: '' | load.read
TICK: 002969 | PC: 00061 | STEP: 1 | IR: sub | A: 0 | AR: 1 | NZ: 00 | IE: 1 | PENDING: 0 | IN_INTR: 0 | DS: [] | RS: [10] | MEM: - | LATCH: ALU.left,ALU.right | OUT: '' | sub.load_operands
TICK: 002970 | PC: 00062 | STEP: 0 | IR: sub | A: 0 | AR: 1 | NZ: 00 | IE: 1 | PENDING: 0 | IN_INTR: 0 | DS: [27] | RS: [10] | MEM: - | LATCH: DS.push(ALU),PC | OUT: '' | sub.write_result
TICK: 002971 | PC: 00062 | STEP: 1 | IR: mif 72 | A: 0 | AR: 1 | NZ: 00 | IE: 1 | PENDING: 0 | IN_INTR: 0 | DS: [] | RS: [10] | MEM: - | LATCH: ALU.left | OUT: '' | mif.test
TICK: 002972 | PC: 00072 | STEP: 0 | IR: mif 72 | A: 0 | AR: 1 | NZ: 00 | IE: 1 | PENDING: 0 | IN_INTR: 0 | DS: [] | RS: [10] | MEM: - | LATCH: PC | OUT: '' | mif.branch
TICK: 002973 | PC: 00072 | STEP: 1 | IR: load 2 | A: 0 | AR: 2 | NZ: 00 | IE: 1 | PENDING: 0 | IN_INTR: 0 | DS: [] | RS: [10] | MEM: - | LATCH: AR | OUT: '' | load.addr 2
TICK: 002974 | PC: 00077 | STEP: 0 | IR: load 2 | A: 0 | AR: 2 | NZ: 00 | IE: 1 | PENDING: 0 | IN_INTR: 0 | DS: [2628] | RS: [10] | MEM: read mem[2] | LATCH: DS.push,PC | OUT: '' | load.read
TICK: 002975 | PC: 00077 | STEP: 1 | IR: load 1 | A: 0 | AR: 1 | NZ: 00 | IE: 1 | PENDING: 0 | IN_INTR: 0 | DS: [2628] | RS: [10] | MEM: - | LATCH: AR | OUT: '' | load.addr 1
TICK: 002976 | PC: 00082 | STEP: 0 | IR: load 1 | A: 0 | AR: 1 | NZ: 00 | IE: 1 | PENDING: 0 | IN_INTR: 0 | DS: [2628, 73] | RS: [10] | MEM: read mem[1] | LATCH: DS.push,PC | OUT: '' | load.read
TICK: 002977 | PC: 00082 | STEP: 1 | IR: add | A: 0 | AR: 1 | NZ: 00 | IE: 1 | PENDING: 0 | IN_INTR: 0 | DS: [] | RS: [10] | MEM: - | LATCH: ALU.left,ALU.right | OUT: '' | add.load_operands
TICK: 002978 | PC: 00083 | STEP: 0 | IR: add | A: 0 | AR: 1 | NZ: 00 | IE: 1 | PENDING: 0 | IN_INTR: 0 | DS: [2701] | RS: [10] | MEM: - | LATCH: DS.push(ALU),PC | OUT: '' | add.write_result
TICK: 002979 | PC: 00084 | STEP: 0 | IR: dup | A: 0 | AR: 1 | NZ: 00 | IE: 1 | PENDING: 0 | IN_INTR: 0 | DS: [2701, 2701] | RS: [10] | MEM: - | LATCH: DS.dup,PC | OUT: '' | dup
TICK: 002980 | PC: 00084 | STEP: 1 | IR: store 2 | A: 0 | AR: 2 | NZ: 00 | IE: 1 | PENDING: 0 | IN_INTR: 0 | DS: [2701, 2701] | RS: [10] | MEM: - | LATCH: AR | OUT: '' | store.addr 2
TICK: 002981 | PC: 00089 | STEP: 0 | IR: store 2 | A: 0 | AR: 2 | NZ: 00 | IE: 1 | PENDING: 0 | IN_INTR: 0 | DS: [2701] | RS: [10] | MEM: write mem[2] <- 2701 | LATCH: MEM,PC | OUT: '' | store.write
TICK: 002982 | PC: 00090 | STEP: 0 | IR: drop | A: 0 | AR: 2 | NZ: 00 | IE: 1 | PENDING: 0 | IN_INTR: 0 | DS: [] | RS: [10] | MEM: - | LATCH: PC | OUT: '' | drop
TICK: 002983 | PC: 00090 | STEP: 1 | IR: load 3 | A: 0 | AR: 3 | NZ: 00 | IE: 1 | PENDING: 0 | IN_INTR: 0 | DS: [] | RS: [10] | MEM: - | LATCH: AR | OUT: '' | load.addr 3
TICK: 002984 | PC: 00095 | STEP: 0 | IR: load 3 | A: 0 | AR: 3 | NZ: 00 | IE: 1 | PENDING: 0 | IN_INTR: 0 | DS: [127020] | RS: [10] | MEM: read mem[3] | LATCH: DS.push,PC | OUT: '' | load.read
TICK: 002985 | PC: 00095 | STEP: 1 | IR: load 1 | A: 0 | AR: 1 | NZ: 00 | IE: 1 | PENDING: 0 | IN_INTR: 0 | DS: [127020] | RS: [10] | MEM: - | LATCH: AR | OUT: '' | load.addr 1
TICK: 002986 | PC: 00100 | STEP: 0 | IR: load 1 | A: 0 | AR: 1 | NZ: 00 | IE: 1 | PENDING: 0 | IN_INTR: 0 | DS: [127020, 73] | RS: [10] | MEM: read mem[1] | LATCH: DS.push,PC | OUT: '' | load.read
TICK: 002987 | PC: 00100 | STEP: 1 | IR: load 1 | A: 0 | AR: 1 | NZ: 00 | IE: 1 | PENDING: 0 | IN_INTR: 0 | DS: [127020, 73] | RS: [10] | MEM: - | LATCH: AR | OUT: '' | load.addr 1
TICK: 002988 | PC: 00105 | STEP: 0 | IR: load 1 | A: 0 | AR: 1 | NZ: 00 | IE: 1 | PENDING: 0 | IN_INTR: 0 | DS: [127020, 73, 73] | RS: [10] | MEM: read mem[1] | LATCH: DS.push,PC | OUT: '' | load.read
TICK: 002989 | PC: 00105 | STEP: 1 | IR: mul | A: 0 | AR: 1 | NZ: 00 | IE: 1 | PENDING: 0 | IN_INTR: 0 | DS: [127020] | RS: [10] | MEM: - | LATCH: ALU.left,ALU.right | OUT: '' | mul.load_operands
TICK: 002990 | PC: 00106 | STEP: 0 | IR: mul | A: 0 | AR: 1 | NZ: 00 | IE: 1 | PENDING: 0 | IN_INTR: 0 | DS: [127020, 5329] | RS: [10] | MEM: - | LATCH: DS.push(ALU),PC | OUT: '' | mul.write_result
TICK: 002991 | PC: 00106 | STEP: 1 | IR: add | A: 0 | AR: 1 | NZ: 00 | IE: 1 | PENDING: 0 | IN_INTR: 0 | DS: [] | RS: [10] | MEM: - | LATCH: ALU.left,ALU.right | OUT: '' | add.load_operands
TICK: 002992 | PC: 00107 | STEP: 0 | IR: add | A: 0 | AR: 1 | NZ: 00 | IE: 1 | PENDING: 0 | IN_INTR: 0 | DS: [132349] | RS: [10] | MEM: - | LATCH: DS.push(ALU),PC | OUT: '' | add.write_result
TICK: 002993 | PC: 00108 | STEP: 0 | IR: dup | A: 0 | AR: 1 | NZ: 00 | IE: 1 | PENDING: 0 | IN_INTR: 0 | DS: [132349, 132349] | RS: [10] | MEM: - | LATCH: DS.dup,PC | OUT: '' | dup
TICK: 002994 | PC: 00108 | STEP: 1 | IR: store 3 | A: 0 | AR: 3 | NZ: 00 | IE: 1 | PENDING: 0 | IN_INTR: 0 | DS: [132349, 132349] | RS: [10] | MEM: - | LATCH: AR | OUT: '' | store.addr 3
TICK: 002995 | PC: 00113 | STEP: 0 | IR: store 3 | A: 0 | AR: 3 | NZ: 00 | IE: 1 | PENDING: 0 | IN_INTR: 0 | DS: [132349] | RS: [10] | MEM: write mem[3] <- 132349 | LATCH: MEM,PC | OUT: '' | store.write
TICK: 002996 | PC: 00114 | STEP: 0 | IR: drop | A: 0 | AR: 3 | NZ: 00 | IE: 1 | PENDING: 0 | IN_INTR: 0 | DS: [] | RS: [10] | MEM: - | LATCH: PC | OUT: '' | drop
TICK: 002997 | PC: 00114 | STEP: 1 | IR: load 1 | A: 0 | AR: 1 | NZ: 00 | IE: 1 | PENDING: 0 | IN_INTR: 0 | DS: [] | RS: [10] | MEM: - | LATCH: AR | OUT: '' | load.addr 1
TICK: 002998 | PC: 00119 | STEP: 0 | IR: load 1 | A: 0 | AR: 1 | NZ: 00 | IE: 1 | PENDING: 0 | IN_INTR: 0 | DS: [73] | RS: [10] | MEM: read mem[1] | LATCH: DS.push,PC | OUT: '' | load.read
TICK: 002999 | PC: 00124 | STEP: 0 | IR: literal 1 | A: 0 | AR: 1 | NZ: 00 | IE: 1 | PENDING: 0 | IN_INTR: 0 | DS: [73, 1] | RS: [10] | MEM: - | LATCH: DS.push,PC | OUT: '' | literal 1
TICK: 003000 | PC: 00124 | STEP: 1 | IR: add | A: 0 | AR: 1 | NZ: 00 | IE: 1 | PENDING: 0 | IN_INTR: 0 | DS: [] | RS: [10] | MEM: - | LATCH: ALU.left,ALU.right | OUT: '' | add.load_operands
TICK: 003001 | PC: 00125 | STEP: 0 | IR: add | A: 0 | AR: 1 | NZ: 00 | IE: 1 | PENDING: 0 | IN_INTR: 0 | DS: [74] | RS: [10] | MEM: - | LATCH: DS.push(ALU),PC | OUT: '' | add.write_result
TICK: 003002 | PC: 00126 | STEP: 0 | IR: dup | A: 0 | AR: 1 | NZ: 00 | IE: 1 | PENDING: 0 | IN_INTR: 0 | DS: [74, 74] | RS: [10] | MEM: - | LATCH: DS.dup,PC | OUT: '' | dup
TICK: 003003 | PC: 00126 | STEP: 1 | IR: store 1 | A: 0 | AR: 1 | NZ: 00 | IE: 1 | PENDING: 0 | IN_INTR: 0 | DS: [74, 74] | RS: [10] | MEM: - | LATCH: AR | OUT: '' | store.addr 1
TICK: 003004 | PC: 00131 | STEP: 0 | IR: store 1 | A: 0 | AR: 1 | NZ: 00 | IE: 1 | PENDING: 0 | IN_INTR: 0 | DS: [74] | RS: [10] | MEM: write mem[1] <- 74 | LATCH: MEM,PC | OUT: '' | store.write
TICK: 003005 | PC: 00132 | STEP: 0 | IR: drop | A: 0 | AR: 1 | NZ: 00 | IE: 1 | PENDING: 0 | IN_INTR: 0 | DS: [] | RS: [10] | MEM: - | LATCH: PC | OUT: '' | drop
TICK: 003006 | PC: 00051 | STEP: 0 | IR: jmp 51 | A: 0 | AR: 1 | NZ: 00 | IE: 1 | PENDING: 0 | IN_INTR: 0 | DS: [] | RS: [10] | MEM: - | LATCH: PC | OUT: '' | jmp 51
TICK: 003007 | PC: 00056 | STEP: 0 | IR: literal 100 | A: 0 | AR: 1 | NZ: 00 | IE: 1 | PENDING: 0 | IN_INTR: 0 | DS: [100] | RS: [10] | MEM: - | LATCH: DS.push,PC | OUT: '' | literal 100
TICK: 003008 | PC: 00056 | STEP: 1 | IR: load 1 | A: 0 | AR: 1 | NZ: 00 | IE: 1 | PENDING: 0 | IN_INTR: 0 | DS: [100] | RS: [10] | MEM: - | LATCH: AR | OUT: '' | load.addr 1
TICK: 003009 | PC: 00061 | STEP: 0 | IR: load 1 | A: 0 | AR: 1 | NZ: 00 | IE: 1 | PENDING: 0 | IN_INTR: 0 | DS: [100, 74] | RS: [10] | MEM: read mem[1] | LATCH: DS.push,PC | OUT: '' | load.read
TICK: 003010 | PC: 00061 | STEP: 1 | IR: sub | A: 0 | AR: 1 | NZ: 00 | IE: 1 | PENDING: 0 | IN_INTR: 0 | DS: [] | RS: [10] | MEM: - | LATCH: ALU.left,ALU.right | OUT: '' | sub.load_operands
TICK: 003011 | PC: 00062 | STEP: 0 | IR: sub | A: 0 | AR: 1 | NZ: 00 | IE: 1 | PENDING: 0 | IN_INTR: 0 | DS: [26] | RS: [10] | MEM: - | LATCH: DS.push(ALU),PC | OUT: '' | sub.write_result
TICK: 003012 | PC: 00062 | STEP: 1 | IR: mif 72 | A: 0 | AR: 1 | NZ: 00 | IE: 1 | PENDING: 0 | IN_INTR: 0 | DS: [] | RS: [10] | MEM: - | LATCH: ALU.left | OUT: '' | mif.test
TICK: 003013 | PC: 00072 | STEP: 0 | IR: mif 72 | A: 0 | AR: 1 | NZ: 00 | IE: 1 | PENDING: 0 | IN_INTR: 0 | DS: [] | RS: [10] | MEM: - | LATCH: PC | OUT: '' | mif.branch
TICK: 003014 | PC: 00072 | STEP: 1 | IR: load 2 | A: 0 | AR: 2 | NZ: 00 | IE: 1 | PENDING: 0 | IN_INTR: 0 | DS: [] | RS: [10] | MEM: - | LATCH: AR | OUT: '' | load.addr 2
TICK: 003015 | PC: 00077 | STEP: 0 | IR: load 2 | A: 0 | AR: 2 | NZ: 00 | IE: 1 | PENDING: 0 | IN_INTR: 0 | DS: [2701] | RS: [10] | MEM: read mem[2] | LATCH: DS.push,PC | OUT: '' | load.read
TICK: 003016 | PC: 00077 | STEP: 1 | IR: load 1 | A: 0 | AR: 1 | NZ: 00 | IE: 1 | PENDING: 0 | IN_INTR: 0 | DS: [2701] | RS: [10] | MEM: - | LATCH: AR | OUT: '' | load.addr 1
TICK: 003017 | PC: 00082 | STEP: 0 | IR: load 1 | A: 0 | AR: 1 | NZ: 00 | IE: 1 | PENDING: 0 | IN_INTR: 0 | DS: [2701, 74] | RS: [10] | MEM: read mem[1] | LATCH: DS.push,PC | OUT: '' | load.read
TICK: 003018 | PC: 00082 | STEP: 1 | IR: add | A: 0 | AR: 1 | NZ: 00 | IE: 1 | PENDING: 0 | IN_INTR: 0 | DS: [] | RS: [10] | MEM: - | LATCH: ALU.left,ALU.right | OUT: '' | add.load_operands
TICK: 003019 | PC: 00083 | STEP: 0 | IR: add | A: 0 | AR: 1 | NZ: 00 | IE: 1 | PENDING: 0 | IN_INTR: 0 | DS: [2775] | RS: [10] | MEM: - | LATCH: DS.push(ALU),PC | OUT: '' | add.write_result
TICK: 003020 | PC: 00084 | STEP: 0 | IR: dup | A: 0 | AR: 1 | NZ: 00 | IE: 1 | PENDING: 0 | IN_INTR: 0 | DS: [2775, 2775] | RS: [10] | MEM: - | LATCH: DS.dup,PC | OUT: '' | dup
TICK: 003021 | PC: 00084 | STEP: 1 | IR: store 2 | A: 0 | AR: 2 | NZ: 00 | IE: 1 | PENDING: 0 | IN_INTR: 0 | DS: [2775, 2775] | RS: [10] | MEM: - | LATCH: AR | OUT: '' | store.addr 2
TICK: 003022 | PC: 00089 | STEP: 0 | IR: store 2 | A: 0 | AR: 2 | NZ: 00 | IE: 1 | PENDING: 0 | IN_INTR: 0 | DS: [2775] | RS: [10] | MEM: write mem[2] <- 2775 | LATCH: MEM,PC | OUT: '' | store.write
TICK: 003023 | PC: 00090 | STEP: 0 | IR: drop | A: 0 | AR: 2 | NZ: 00 | IE: 1 | PENDING: 0 | IN_INTR: 0 | DS: [] | RS: [10] | MEM: - | LATCH: PC | OUT: '' | drop
TICK: 003024 | PC: 00090 | STEP: 1 | IR: load 3 | A: 0 | AR: 3 | NZ: 00 | IE: 1 | PENDING: 0 | IN_INTR: 0 | DS: [] | RS: [10] | MEM: - | LATCH: AR | OUT: '' | load.addr 3
TICK: 003025 | PC: 00095 | STEP: 0 | IR: load 3 | A: 0 | AR: 3 | NZ: 00 | IE: 1 | PENDING: 0 | IN_INTR: 0 | DS: [132349] | RS: [10] | MEM: read mem[3] | LATCH: DS.push,PC | OUT: '' | load.read
TICK: 003026 | PC: 00095 | STEP: 1 | IR: load 1 | A: 0 | AR: 1 | NZ: 00 | IE: 1 | PENDING: 0 | IN_INTR: 0 | DS: [132349] | RS: [10] | MEM: - | LATCH: AR | OUT: '' | load.addr 1
TICK: 003027 | PC: 00100 | STEP: 0 | IR: load 1 | A: 0 | AR: 1 | NZ: 00 | IE: 1 | PENDING: 0 | IN_INTR: 0 | DS: [132349, 74] | RS: [10] | MEM: read mem[1] | LATCH: DS.push,PC | OUT: '' | load.read
TICK: 003028 | PC: 00100 | STEP: 1 | IR: load 1 | A: 0 | AR: 1 | NZ: 00 | IE: 1 | PENDING: 0 | IN_INTR: 0 | DS: [132349, 74] | RS: [10] | MEM: - | LATCH: AR | OUT: '' | load.addr 1
TICK: 003029 | PC: 00105 | STEP: 0 | IR: load 1 | A: 0 | AR: 1 | NZ: 00 | IE: 1 | PENDING: 0 | IN_INTR: 0 | DS: [132349, 74, 74] | RS: [10] | MEM: read mem[1] | LATCH: DS.push,PC | OUT: '' | load.read
TICK: 003030 | PC: 00105 | STEP: 1 | IR: mul | A: 0 | AR: 1 | NZ: 00 | IE: 1 | PENDING: 0 | IN_INTR: 0 | DS: [132349] | RS: [10] | MEM: - | LATCH: ALU.left,ALU.right | OUT: '' | mul.load_operands
TICK: 003031 | PC: 00106 | STEP: 0 | IR: mul | A: 0 | AR: 1 | NZ: 00 | IE: 1 | PENDING: 0 | IN_INTR: 0 | DS: [132349, 5476] | RS: [10] | MEM: - | LATCH: DS.push(ALU),PC | OUT: '' | mul.write_result
TICK: 003032 | PC: 00106 | STEP: 1 | IR: add | A: 0 | AR: 1 | NZ: 00 | IE: 1 | PENDING: 0 | IN_INTR: 0 | DS: [] | RS: [10] | MEM: - | LATCH: ALU.left,ALU.right | OUT: '' | add.load_operands
TICK: 003033 | PC: 00107 | STEP: 0 | IR: add | A: 0 | AR: 1 | NZ: 00 | IE: 1 | PENDING: 0 | IN_INTR: 0 | DS: [137825] | RS: [10] | MEM: - | LATCH: DS.push(ALU),PC | OUT: '' | add.write_result
TICK: 003034 | PC: 00108 | STEP: 0 | IR: dup | A: 0 | AR: 1 | NZ: 00 | IE: 1 | PENDING: 0 | IN_INTR: 0 | DS: [137825, 137825] | RS: [10] | MEM: - | LATCH: DS.dup,PC | OUT: '' | dup
TICK: 003035 | PC: 00108 | STEP: 1 | IR: store 3 | A: 0 | AR: 3 | NZ: 00 | IE: 1 | PENDING: 0 | IN_INTR: 0 | DS: [137825, 137825] | RS: [10] | MEM: - | LATCH: AR | OUT: '' | store.addr 3
TICK: 003036 | PC: 00113 | STEP: 0 | IR: store 3 | A: 0 | AR: 3 | NZ: 00 | IE: 1 | PENDING: 0 | IN_INTR: 0 | DS: [137825] | RS: [10] | MEM: write mem[3] <- 137825 | LATCH: MEM,PC | OUT: '' | store.write
TICK: 003037 | PC: 00114 | STEP: 0 | IR: drop | A: 0 | AR: 3 | NZ: 00 | IE: 1 | PENDING: 0 | IN_INTR: 0 | DS: [] | RS: [10] | MEM: - | LATCH: PC | OUT: '' | drop
TICK: 003038 | PC: 00114 | STEP: 1 | IR: load 1 | A: 0 | AR: 1 | NZ: 00 | IE: 1 | PENDING: 0 | IN_INTR: 0 | DS: [] | RS: [10] | MEM: - | LATCH: AR | OUT: '' | load.addr 1
TICK: 003039 | PC: 00119 | STEP: 0 | IR: load 1 | A: 0 | AR: 1 | NZ: 00 | IE: 1 | PENDING: 0 | IN_INTR: 0 | DS: [74] | RS: [10] | MEM: read mem[1] | LATCH: DS.push,PC | OUT: '' | load.read
TICK: 003040 | PC: 00124 | STEP: 0 | IR: literal 1 | A: 0 | AR: 1 | NZ: 00 | IE: 1 | PENDING: 0 | IN_INTR: 0 | DS: [74, 1] | RS: [10] | MEM: - | LATCH: DS.push,PC | OUT: '' | literal 1
TICK: 003041 | PC: 00124 | STEP: 1 | IR: add | A: 0 | AR: 1 | NZ: 00 | IE: 1 | PENDING: 0 | IN_INTR: 0 | DS: [] | RS: [10] | MEM: - | LATCH: ALU.left,ALU.right | OUT: '' | add.load_operands
TICK: 003042 | PC: 00125 | STEP: 0 | IR: add | A: 0 | AR: 1 | NZ: 00 | IE: 1 | PENDING: 0 | IN_INTR: 0 | DS: [75] | RS: [10] | MEM: - | LATCH: DS.push(ALU),PC | OUT: '' | add.write_result
TICK: 003043 | PC: 00126 | STEP: 0 | IR: dup | A: 0 | AR: 1 | NZ: 00 | IE: 1 | PENDING: 0 | IN_INTR: 0 | DS: [75, 75] | RS: [10] | MEM: - | LATCH: DS.dup,PC | OUT: '' | dup
TICK: 003044 | PC: 00126 | STEP: 1 | IR: store 1 | A: 0 | AR: 1 | NZ: 00 | IE: 1 | PENDING: 0 | IN_INTR: 0 | DS: [75, 75] | RS: [10] | MEM: - | LATCH: AR | OUT: '' | store.addr 1
TICK: 003045 | PC: 00131 | STEP: 0 | IR: store 1 | A: 0 | AR: 1 | NZ: 00 | IE: 1 | PENDING: 0 | IN_INTR: 0 | DS: [75] | RS: [10] | MEM: write mem[1] <- 75 | LATCH: MEM,PC | OUT: '' | store.write
TICK: 003046 | PC: 00132 | STEP: 0 | IR: drop | A: 0 | AR: 1 | NZ: 00 | IE: 1 | PENDING: 0 | IN_INTR: 0 | DS: [] | RS: [10] | MEM: - | LATCH: PC | OUT: '' | drop
TICK: 003047 | PC: 00051 | STEP: 0 | IR: jmp 51 | A: 0 | AR: 1 | NZ: 00 | IE: 1 | PENDING: 0 | IN_INTR: 0 | DS: [] | RS: [10] | MEM: - | LATCH: PC | OUT: '' | jmp 51
TICK: 003048 | PC: 00056 | STEP: 0 | IR: literal 100 | A: 0 | AR: 1 | NZ: 00 | IE: 1 | PENDING: 0 | IN_INTR: 0 | DS: [100] | RS: [10] | MEM: - | LATCH: DS.push,PC | OUT: '' | literal 100
TICK: 003049 | PC: 00056 | STEP: 1 | IR: load 1 | A: 0 | AR: 1 | NZ: 00 | IE: 1 | PENDING: 0 | IN_INTR: 0 | DS: [100] | RS: [10] | MEM: - | LATCH: AR | OUT: '' | load.addr 1
TICK: 003050 | PC: 00061 | STEP: 0 | IR: load 1 | A: 0 | AR: 1 | NZ: 00 | IE: 1 | PENDING: 0 | IN_INTR: 0 | DS: [100, 75] | RS: [10] | MEM: read mem[1] | LATCH: DS.push,PC | OUT: '' | load.read
TICK: 003051 | PC: 00061 | STEP: 1 | IR: sub | A: 0 | AR: 1 | NZ: 00 | IE: 1 | PENDING: 0 | IN_INTR: 0 | DS: [] | RS: [10] | MEM: - | LATCH: ALU.left,ALU.right | OUT: '' | sub.load_operands
TICK: 003052 | PC: 00062 | STEP: 0 | IR: sub | A: 0 | AR: 1 | NZ: 00 | IE: 1 | PENDING: 0 | IN_INTR: 0 | DS: [25] | RS: [10] | MEM: - | LATCH: DS.push(ALU),PC | OUT: '' | sub.write_result
TICK: 003053 | PC: 00062 | STEP: 1 | IR: mif 72 | A: 0 | AR: 1 | NZ: 00 | IE: 1 | PENDING: 0 | IN_INTR: 0 | DS: [] | RS: [10] | MEM: - | LATCH: ALU.left | OUT: '' | mif.test
TICK: 003054 | PC: 00072 | STEP: 0 | IR: mif 72 | A: 0 | AR: 1 | NZ: 00 | IE: 1 | PENDING: 0 | IN_INTR: 0 | DS: [] | RS: [10] | MEM: - | LATCH: PC | OUT: '' | mif.branch
TICK: 003055 | PC: 00072 | STEP: 1 | IR: load 2 | A: 0 | AR: 2 | NZ: 00 | IE: 1 | PENDING: 0 | IN_INTR: 0 | DS: [] | RS: [10] | MEM: - | LATCH: AR | OUT: '' | load.addr 2
TICK: 003056 | PC: 00077 | STEP: 0 | IR: load 2 | A: 0 | AR: 2 | NZ: 00 | IE: 1 | PENDING: 0 | IN_INTR: 0 | DS: [2775] | RS: [10] | MEM: read mem[2] | LATCH: DS.push,PC | OUT: '' | load.read
TICK: 003057 | PC: 00077 | STEP: 1 | IR: load 1 | A: 0 | AR: 1 | NZ: 00 | IE: 1 | PENDING: 0 | IN_INTR: 0 | DS: [2775] | RS: [10] | MEM: - | LATCH: AR | OUT: '' | load.addr 1
TICK: 003058 | PC: 00082 | STEP: 0 | IR: load 1 | A: 0 | AR: 1 | NZ: 00 | IE: 1 | PENDING: 0 | IN_INTR: 0 | DS: [2775, 75] | RS: [10] | MEM: read mem[1] | LATCH: DS.push,PC | OUT: '' | load.read
TICK: 003059 | PC: 00082 | STEP: 1 | IR: add | A: 0 | AR: 1 | NZ: 00 | IE: 1 | PENDING: 0 | IN_INTR: 0 | DS: [] | RS: [10] | MEM: - | LATCH: ALU.left,ALU.right | OUT: '' | add.load_operands
TICK: 003060 | PC: 00083 | STEP: 0 | IR: add | A: 0 | AR: 1 | NZ: 00 | IE: 1 | PENDING: 0 | IN_INTR: 0 | DS: [2850] | RS: [10] | MEM: - | LATCH: DS.push(ALU),PC | OUT: '' | add.write_result
TICK: 003061 | PC: 00084 | STEP: 0 | IR: dup | A: 0 | AR: 1 | NZ: 00 | IE: 1 | PENDING: 0 | IN_INTR: 0 | DS: [2850, 2850] | RS: [10] | MEM: - | LATCH: DS.dup,PC | OUT: '' | dup
TICK: 003062 | PC: 00084 | STEP: 1 | IR: store 2 | A: 0 | AR: 2 | NZ: 00 | IE: 1 | PENDING: 0 | IN_INTR: 0 | DS: [2850, 2850] | RS: [10] | MEM: - | LATCH: AR | OUT: '' | store.addr 2
TICK: 003063 | PC: 00089 | STEP: 0 | IR: store 2 | A: 0 | AR: 2 | NZ: 00 | IE: 1 | PENDING: 0 | IN_INTR: 0 | DS: [2850] | RS: [10] | MEM: write mem[2] <- 2850 | LATCH: MEM,PC | OUT: '' | store.write
TICK: 003064 | PC: 00090 | STEP: 0 | IR: drop | A: 0 | AR: 2 | NZ: 00 | IE: 1 | PENDING: 0 | IN_INTR: 0 | DS: [] | RS: [10] | MEM: - | LATCH: PC | OUT: '' | drop
TICK: 003065 | PC: 00090 | STEP: 1 | IR: load 3 | A: 0 | AR: 3 | NZ: 00 | IE: 1 | PENDING: 0 | IN_INTR: 0 | DS: [] | RS: [10] | MEM: - | LATCH: AR | OUT: '' | load.addr 3
TICK: 003066 | PC: 00095 | STEP: 0 | IR: load 3 | A: 0 | AR: 3 | NZ: 00 | IE: 1 | PENDING: 0 | IN_INTR: 0 | DS: [137825] | RS: [10] | MEM: read mem[3] | LATCH: DS.push,PC | OUT: '' | load.read
TICK: 003067 | PC: 00095 | STEP: 1 | IR: load 1 | A: 0 | AR: 1 | NZ: 00 | IE: 1 | PENDING: 0 | IN_INTR: 0 | DS: [137825] | RS: [10] | MEM: - | LATCH: AR | OUT: '' | load.addr 1
TICK: 003068 | PC: 00100 | STEP: 0 | IR: load 1 | A: 0 | AR: 1 | NZ: 00 | IE: 1 | PENDING: 0 | IN_INTR: 0 | DS: [137825, 75] | RS: [10] | MEM: read mem[1] | LATCH: DS.push,PC | OUT: '' | load.read
TICK: 003069 | PC: 00100 | STEP: 1 | IR: load 1 | A: 0 | AR: 1 | NZ: 00 | IE: 1 | PENDING: 0 | IN_INTR: 0 | DS: [137825, 75] | RS: [10] | MEM: - | LATCH: AR | OUT: '' | load.addr 1
TICK: 003070 | PC: 00105 | STEP: 0 | IR: load 1 | A: 0 | AR: 1 | NZ: 00 | IE: 1 | PENDING: 0 | IN_INTR: 0 | DS: [137825, 75, 75] | RS: [10] | MEM: read mem[1] | LATCH: DS.push,PC | OUT: '' | load.read
TICK: 003071 | PC: 00105 | STEP: 1 | IR: mul | A: 0 | AR: 1 | NZ: 00 | IE: 1 | PENDING: 0 | IN_INTR: 0 | DS: [137825] | RS: [10] | MEM: - | LATCH: ALU.left,ALU.right | OUT: '' | mul.load_operands
TICK: 003072 | PC: 00106 | STEP: 0 | IR: mul | A: 0 | AR: 1 | NZ: 00 | IE: 1 | PENDING: 0 | IN_INTR: 0 | DS: [137825, 5625] | RS: [10] | MEM: - | LATCH: DS.push(ALU),PC | OUT: '' | mul.write_result
TICK: 003073 | PC: 00106 | STEP: 1 | IR: add | A: 0 | AR: 1 | NZ: 00 | IE: 1 | PENDING: 0 | IN_INTR: 0 | DS: [] | RS: [10] | MEM: - | LATCH: ALU.left,ALU.right | OUT: '' | add.load_operands
TICK: 003074 | PC: 00107 | STEP: 0 | IR: add | A: 0 | AR: 1 | NZ: 00 | IE: 1 | PENDING: 0 | IN_INTR: 0 | DS: [143450] | RS: [10] | MEM: - | LATCH: DS.push(ALU),PC | OUT: '' | add.write_result
TICK: 003075 | PC: 00108 | STEP: 0 | IR: dup | A: 0 | AR: 1 | NZ: 00 | IE: 1 | PENDING: 0 | IN_INTR: 0 | DS: [143450, 143450] | RS: [10] | MEM: - | LATCH: DS.dup,PC | OUT: '' | dup
TICK: 003076 | PC: 00108 | STEP: 1 | IR: store 3 | A: 0 | AR: 3 | NZ: 00 | IE: 1 | PENDING: 0 | IN_INTR: 0 | DS: [143450, 143450] | RS: [10] | MEM: - | LATCH: AR | OUT: '' | store.addr 3
TICK: 003077 | PC: 00113 | STEP: 0 | IR: store 3 | A: 0 | AR: 3 | NZ: 00 | IE: 1 | PENDING: 0 | IN_INTR: 0 | DS: [143450] | RS: [10] | MEM: write mem[3] <- 143450 | LATCH: MEM,PC | OUT: '' | store.write
TICK: 003078 | PC: 00114 | STEP: 0 | IR: drop | A: 0 | AR: 3 | NZ: 00 | IE: 1 | PENDING: 0 | IN_INTR: 0 | DS: [] | RS: [10] | MEM: - | LATCH: PC | OUT: '' | drop
TICK: 003079 | PC: 00114 | STEP: 1 | IR: load 1 | A: 0 | AR: 1 | NZ: 00 | IE: 1 | PENDING: 0 | IN_INTR: 0 | DS: [] | RS: [10] | MEM: - | LATCH: AR | OUT: '' | load.addr 1
TICK: 003080 | PC: 00119 | STEP: 0 | IR: load 1 | A: 0 | AR: 1 | NZ: 00 | IE: 1 | PENDING: 0 | IN_INTR: 0 | DS: [75] | RS: [10] | MEM: read mem[1] | LATCH: DS.push,PC | OUT: '' | load.read
TICK: 003081 | PC: 00124 | STEP: 0 | IR: literal 1 | A: 0 | AR: 1 | NZ: 00 | IE: 1 | PENDING: 0 | IN_INTR: 0 | DS: [75, 1] | RS: [10] | MEM: - | LATCH: DS.push,PC | OUT: '' | literal 1
TICK: 003082 | PC: 00124 | STEP: 1 | IR: add | A: 0 | AR: 1 | NZ: 00 | IE: 1 | PENDING: 0 | IN_INTR: 0 | DS: [] | RS: [10] | MEM: - | LATCH: ALU.left,ALU.right | OUT: '' | add.load_operands
TICK: 003083 | PC: 00125 | STEP: 0 | IR: add | A: 0 | AR: 1 | NZ: 00 | IE: 1 | PENDING: 0 | IN_INTR: 0 | DS: [76] | RS: [10] | MEM: - | LATCH: DS.push(ALU),PC | OUT: '' | add.write_result
TICK: 003084 | PC: 00126 | STEP: 0 | IR: dup | A: 0 | AR: 1 | NZ: 00 | IE: 1 | PENDING: 0 | IN_INTR: 0 | DS: [76, 76] | RS: [10] | MEM: - | LATCH: DS.dup,PC | OUT: '' | dup
TICK: 003085 | PC: 00126 | STEP: 1 | IR: store 1 | A: 0 | AR: 1 | NZ: 00 | IE: 1 | PENDING: 0 | IN_INTR: 0 | DS: [76, 76] | RS: [10] | MEM: - | LATCH: AR | OUT: '' | store.addr 1
TICK: 003086 | PC: 00131 | STEP: 0 | IR: store 1 | A: 0 | AR: 1 | NZ: 00 | IE: 1 | PENDING: 0 | IN_INTR: 0 | DS: [76] | RS: [10] | MEM: write mem[1] <- 76 | LATCH: MEM,PC | OUT: '' | store.write
TICK: 003087 | PC: 00132 | STEP: 0 | IR: drop | A: 0 | AR: 1 | NZ: 00 | IE: 1 | PENDING: 0 | IN_INTR: 0 | DS: [] | RS: [10] | MEM: - | LATCH: PC | OUT: '' | drop
TICK: 003088 | PC: 00051 | STEP: 0 | IR: jmp 51 | A: 0 | AR: 1 | NZ: 00 | IE: 1 | PENDING: 0 | IN_INTR: 0 | DS: [] | RS: [10] | MEM: - | LATCH: PC | OUT: '' | jmp 51
TICK: 003089 | PC: 00056 | STEP: 0 | IR: literal 100 | A: 0 | AR: 1 | NZ: 00 | IE: 1 | PENDING: 0 | IN_INTR: 0 | DS: [100] | RS: [10] | MEM: - | LATCH: DS.push,PC | OUT: '' | literal 100
TICK: 003090 | PC: 00056 | STEP: 1 | IR: load 1 | A: 0 | AR: 1 | NZ: 00 | IE: 1 | PENDING: 0 | IN_INTR: 0 | DS: [100] | RS: [10] | MEM: - | LATCH: AR | OUT: '' | load.addr 1
TICK: 003091 | PC: 00061 | STEP: 0 | IR: load 1 | A: 0 | AR: 1 | NZ: 00 | IE: 1 | PENDING: 0 | IN_INTR: 0 | DS: [100, 76] | RS: [10] | MEM: read mem[1] | LATCH: DS.push,PC | OUT: '' | load.read
TICK: 003092 | PC: 00061 | STEP: 1 | IR: sub | A: 0 | AR: 1 | NZ: 00 | IE: 1 | PENDING: 0 | IN_INTR: 0 | DS: [] | RS: [10] | MEM: - | LATCH: ALU.left,ALU.right | OUT: '' | sub.load_operands
TICK: 003093 | PC: 00062 | STEP: 0 | IR: sub | A: 0 | AR: 1 | NZ: 00 | IE: 1 | PENDING: 0 | IN_INTR: 0 | DS: [24] | RS: [10] | MEM: - | LATCH: DS.push(ALU),PC | OUT: '' | sub.write_result
TICK: 003094 | PC: 00062 | STEP: 1 | IR: mif 72 | A: 0 | AR: 1 | NZ: 00 | IE: 1 | PENDING: 0 | IN_INTR: 0 | DS: [] | RS: [10] | MEM: - | LATCH: ALU.left | OUT: '' | mif.test
TICK: 003095 | PC: 00072 | STEP: 0 | IR: mif 72 | A: 0 | AR: 1 | NZ: 00 | IE: 1 | PENDING: 0 | IN_INTR: 0 | DS: [] | RS: [10] | MEM: - | LATCH: PC | OUT: '' | mif.branch
TICK: 003096 | PC: 00072 | STEP: 1 | IR: load 2 | A: 0 | AR: 2 | NZ: 00 | IE: 1 | PENDING: 0 | IN_INTR: 0 | DS: [] | RS: [10] | MEM: - | LATCH: AR | OUT: '' | load.addr 2
TICK: 003097 | PC: 00077 | STEP: 0 | IR: load 2 | A: 0 | AR: 2 | NZ: 00 | IE: 1 | PENDING: 0 | IN_INTR: 0 | DS: [2850] | RS: [10] | MEM: read mem[2] | LATCH: DS.push,PC | OUT: '' | load.read
TICK: 003098 | PC: 00077 | STEP: 1 | IR: load 1 | A: 0 | AR: 1 | NZ: 00 | IE: 1 | PENDING: 0 | IN_INTR: 0 | DS: [2850] | RS: [10] | MEM: - | LATCH: AR | OUT: '' | load.addr 1
TICK: 003099 | PC: 00082 | STEP: 0 | IR: load 1 | A: 0 | AR: 1 | NZ: 00 | IE: 1 | PENDING: 0 | IN_INTR: 0 | DS: [2850, 76] | RS: [10] | MEM: read mem[1] | LATCH: DS.push,PC | OUT: '' | load.read
TICK: 003100 | PC: 00082 | STEP: 1 | IR: add | A: 0 | AR: 1 | NZ: 00 | IE: 1 | PENDING: 0 | IN_INTR: 0 | DS: [] | RS: [10] | MEM: - | LATCH: ALU.left,ALU.right | OUT: '' | add.load_operands
TICK: 003101 | PC: 00083 | STEP: 0 | IR: add | A: 0 | AR: 1 | NZ: 00 | IE: 1 | PENDING: 0 | IN_INTR: 0 | DS: [2926] | RS: [10] | MEM: - | LATCH: DS.push(ALU),PC | OUT: '' | add.write_result
TICK: 003102 | PC: 00084 | STEP: 0 | IR: dup | A: 0 | AR: 1 | NZ: 00 | IE: 1 | PENDING: 0 | IN_INTR: 0 | DS: [2926, 2926] | RS: [10] | MEM: - | LATCH: DS.dup,PC | OUT: '' | dup
TICK: 003103 | PC: 00084 | STEP: 1 | IR: store 2 | A: 0 | AR: 2 | NZ: 00 | IE: 1 | PENDING: 0 | IN_INTR: 0 | DS: [2926, 2926] | RS: [10] | MEM: - | LATCH: AR | OUT: '' | store.addr 2
TICK: 003104 | PC: 00089 | STEP: 0 | IR: store 2 | A: 0 | AR: 2 | NZ: 00 | IE: 1 | PENDING: 0 | IN_INTR: 0 | DS: [2926] | RS: [10] | MEM: write mem[2] <- 2926 | LATCH: MEM,PC | OUT: '' | store.write
TICK: 003105 | PC: 00090 | STEP: 0 | IR: drop | A: 0 | AR: 2 | NZ: 00 | IE: 1 | PENDING: 0 | IN_INTR: 0 | DS: [] | RS: [10] | MEM: - | LATCH: PC | OUT: '' | drop
TICK: 003106 | PC: 00090 | STEP: 1 | IR: load 3 | A: 0 | AR: 3 | NZ: 00 | IE: 1 | PENDING: 0 | IN_INTR: 0 | DS: [] | RS: [10] | MEM: - | LATCH: AR | OUT: '' | load.addr 3
TICK: 003107 | PC: 00095 | STEP: 0 | IR: load 3 | A: 0 | AR: 3 | NZ: 00 | IE: 1 | PENDING: 0 | IN_INTR: 0 | DS: [143450] | RS: [10] | MEM: read mem[3] | LATCH: DS.push,PC | OUT: '' | load.read
TICK: 003108 | PC: 00095 | STEP: 1 | IR: load 1 | A: 0 | AR: 1 | NZ: 00 | IE: 1 | PENDING: 0 | IN_INTR: 0 | DS: [143450] | RS: [10] | MEM: - | LATCH: AR | OUT: '' | load.addr 1
TICK: 003109 | PC: 00100 | STEP: 0 | IR: load 1 | A: 0 | AR: 1 | NZ: 00 | IE: 1 | PENDING: 0 | IN_INTR: 0 | DS: [143450, 76] | RS: [10] | MEM: read mem[1] | LATCH: DS.push,PC | OUT: '' | load.read
TICK: 003110 | PC: 00100 | STEP: 1 | IR: load 1 | A: 0 | AR: 1 | NZ: 00 | IE: 1 | PENDING: 0 | IN_INTR: 0 | DS: [143450, 76] | RS: [10] | MEM: - | LATCH: AR | OUT: '' | load.addr 1
TICK: 003111 | PC: 00105 | STEP: 0 | IR: load 1 | A: 0 | AR: 1 | NZ: 00 | IE: 1 | PENDING: 0 | IN_INTR: 0 | DS: [143450, 76, 76] | RS: [10] | MEM: read mem[1] | LATCH: DS.push,PC | OUT: '' | load.read
TICK: 003112 | PC: 00105 | STEP: 1 | IR: mul | A: 0 | AR: 1 | NZ: 00 | IE: 1 | PENDING: 0 | IN_INTR: 0 | DS: [143450] | RS: [10] | MEM: - | LATCH: ALU.left,ALU.right | OUT: '' | mul.load_operands
TICK: 003113 | PC: 00106 | STEP: 0 | IR: mul | A: 0 | AR: 1 | NZ: 00 | IE: 1 | PENDING: 0 | IN_INTR: 0 | DS: [143450, 5776] | RS: [10] | MEM: - | LATCH: DS.push(ALU),PC | OUT: '' | mul.write_result
TICK: 003114 | PC: 00106 | STEP: 1 | IR: add | A: 0 | AR: 1 | NZ: 00 | IE: 1 | PENDING: 0 | IN_INTR: 0 | DS: [] | RS: [10] | MEM: - | LATCH: ALU.left,ALU.right | OUT: '' | add.load_operands
TICK: 003115 | PC: 00107 | STEP: 0 | IR: add | A: 0 | AR: 1 | NZ: 00 | IE: 1 | PENDING: 0 | IN_INTR: 0 | DS: [149226] | RS: [10] | MEM: - | LATCH: DS.push(ALU),PC | OUT: '' | add.write_result
TICK: 003116 | PC: 00108 | STEP: 0 | IR: dup | A: 0 | AR: 1 | NZ: 00 | IE: 1 | PENDING: 0 | IN_INTR: 0 | DS: [149226, 149226] | RS: [10] | MEM: - | LATCH: DS.dup,PC | OUT: '' | dup
TICK: 003117 | PC: 00108 | STEP: 1 | IR: store 3 | A: 0 | AR: 3 | NZ: 00 | IE: 1 | PENDING: 0 | IN_INTR: 0 | DS: [149226, 149226] | RS: [10] | MEM: - | LATCH: AR | OUT: '' | store.addr 3
TICK: 003118 | PC: 00113 | STEP: 0 | IR: store 3 | A: 0 | AR: 3 | NZ: 00 | IE: 1 | PENDING: 0 | IN_INTR: 0 | DS: [149226] | RS: [10] | MEM: write mem[3] <- 149226 | LATCH: MEM,PC | OUT: '' | store.write
TICK: 003119 | PC: 00114 | STEP: 0 | IR: drop | A: 0 | AR: 3 | NZ: 00 | IE: 1 | PENDING: 0 | IN_INTR: 0 | DS: [] | RS: [10] | MEM: - | LATCH: PC | OUT: '' | drop
TICK: 003120 | PC: 00114 | STEP: 1 | IR: load 1 | A: 0 | AR: 1 | NZ: 00 | IE: 1 | PENDING: 0 | IN_INTR: 0 | DS: [] | RS: [10] | MEM: - | LATCH: AR | OUT: '' | load.addr 1
TICK: 003121 | PC: 00119 | STEP: 0 | IR: load 1 | A: 0 | AR: 1 | NZ: 00 | IE: 1 | PENDING: 0 | IN_INTR: 0 | DS: [76] | RS: [10] | MEM: read mem[1] | LATCH: DS.push,PC | OUT: '' | load.read
TICK: 003122 | PC: 00124 | STEP: 0 | IR: literal 1 | A: 0 | AR: 1 | NZ: 00 | IE: 1 | PENDING: 0 | IN_INTR: 0 | DS: [76, 1] | RS: [10] | MEM: - | LATCH: DS.push,PC | OUT: '' | literal 1
TICK: 003123 | PC: 00124 | STEP: 1 | IR: add | A: 0 | AR: 1 | NZ: 00 | IE: 1 | PENDING: 0 | IN_INTR: 0 | DS: [] | RS: [10] | MEM: - | LATCH: ALU.left,ALU.right | OUT: '' | add.load_operands
TICK: 003124 | PC: 00125 | STEP: 0 | IR: add | A: 0 | AR: 1 | NZ: 00 | IE: 1 | PENDING: 0 | IN_INTR: 0 | DS: [77] | RS: [10] | MEM: - | LATCH: DS.push(ALU),PC | OUT: '' | add.write_result
TICK: 003125 | PC: 00126 | STEP: 0 | IR: dup | A: 0 | AR: 1 | NZ: 00 | IE: 1 | PENDING: 0 | IN_INTR: 0 | DS: [77, 77] | RS: [10] | MEM: - | LATCH: DS.dup,PC | OUT: '' | dup
TICK: 003126 | PC: 00126 | STEP: 1 | IR: store 1 | A: 0 | AR: 1 | NZ: 00 | IE: 1 | PENDING: 0 | IN_INTR: 0 | DS: [77, 77] | RS: [10] | MEM: - | LATCH: AR | OUT: '' | store.addr 1
TICK: 003127 | PC: 00131 | STEP: 0 | IR: store 1 | A: 0 | AR: 1 | NZ: 00 | IE: 1 | PENDING: 0 | IN_INTR: 0 | DS: [77] | RS: [10] | MEM: write mem[1] <- 77 | LATCH: MEM,PC | OUT: '' | store.write
TICK: 003128 | PC: 00132 | STEP: 0 | IR: drop | A: 0 | AR: 1 | NZ: 00 | IE: 1 | PENDING: 0 | IN_INTR: 0 | DS: [] | RS: [10] | MEM: - | LATCH: PC | OUT: '' | drop
TICK: 003129 | PC: 00051 | STEP: 0 | IR: jmp 51 | A: 0 | AR: 1 | NZ: 00 | IE: 1 | PENDING: 0 | IN_INTR: 0 | DS: [] | RS: [10] | MEM: - | LATCH: PC | OUT: '' | jmp 51
TICK: 003130 | PC: 00056 | STEP: 0 | IR: literal 100 | A: 0 | AR: 1 | NZ: 00 | IE: 1 | PENDING: 0 | IN_INTR: 0 | DS: [100] | RS: [10] | MEM: - | LATCH: DS.push,PC | OUT: '' | literal 100
TICK: 003131 | PC: 00056 | STEP: 1 | IR: load 1 | A: 0 | AR: 1 | NZ: 00 | IE: 1 | PENDING: 0 | IN_INTR: 0 | DS: [100] | RS: [10] | MEM: - | LATCH: AR | OUT: '' | load.addr 1
TICK: 003132 | PC: 00061 | STEP: 0 | IR: load 1 | A: 0 | AR: 1 | NZ: 00 | IE: 1 | PENDING: 0 | IN_INTR: 0 | DS: [100, 77] | RS: [10] | MEM: read mem[1] | LATCH: DS.push,PC | OUT: '' | load.read
TICK: 003133 | PC: 00061 | STEP: 1 | IR: sub | A: 0 | AR: 1 | NZ: 00 | IE: 1 | PENDING: 0 | IN_INTR: 0 | DS: [] | RS: [10] | MEM: - | LATCH: ALU.left,ALU.right | OUT: '' | sub.load_operands
TICK: 003134 | PC: 00062 | STEP: 0 | IR: sub | A: 0 | AR: 1 | NZ: 00 | IE: 1 | PENDING: 0 | IN_INTR: 0 | DS: [23] | RS: [10] | MEM: - | LATCH: DS.push(ALU),PC | OUT: '' | sub.write_result
TICK: 003135 | PC: 00062 | STEP: 1 | IR: mif 72 | A: 0 | AR: 1 | NZ: 00 | IE: 1 | PENDING: 0 | IN_INTR: 0 | DS: [] | RS: [10] | MEM: - | LATCH: ALU.left | OUT: '' | mif.test
TICK: 003136 | PC: 00072 | STEP: 0 | IR: mif 72 | A: 0 | AR: 1 | NZ: 00 | IE: 1 | PENDING: 0 | IN_INTR: 0 | DS: [] | RS: [10] | MEM: - | LATCH: PC | OUT: '' | mif.branch
TICK: 003137 | PC: 00072 | STEP: 1 | IR: load 2 | A: 0 | AR: 2 | NZ: 00 | IE: 1 | PENDING: 0 | IN_INTR: 0 | DS: [] | RS: [10] | MEM: - | LATCH: AR | OUT: '' | load.addr 2
TICK: 003138 | PC: 00077 | STEP: 0 | IR: load 2 | A: 0 | AR: 2 | NZ: 00 | IE: 1 | PENDING: 0 | IN_INTR: 0 | DS: [2926] | RS: [10] | MEM: read mem[2] | LATCH: DS.push,PC | OUT: '' | load.read
TICK: 003139 | PC: 00077 | STEP: 1 | IR: load 1 | A: 0 | AR: 1 | NZ: 00 | IE: 1 | PENDING: 0 | IN_INTR: 0 | DS: [2926] | RS: [10] | MEM: - | LATCH: AR | OUT: '' | load.addr 1
TICK: 003140 | PC: 00082 | STEP: 0 | IR: load 1 | A: 0 | AR: 1 | NZ: 00 | IE: 1 | PENDING: 0 | IN_INTR: 0 | DS: [2926, 77] | RS: [10] | MEM: read mem[1] | LATCH: DS.push,PC | OUT: '' | load.read
TICK: 003141 | PC: 00082 | STEP: 1 | IR: add | A: 0 | AR: 1 | NZ: 00 | IE: 1 | PENDING: 0 | IN_INTR: 0 | DS: [] | RS: [10] | MEM: - | LATCH: ALU.left,ALU.right | OUT: '' | add.load_operands
TICK: 003142 | PC: 00083 | STEP: 0 | IR: add | A: 0 | AR: 1 | NZ: 00 | IE: 1 | PENDING: 0 | IN_INTR: 0 | DS: [3003] | RS: [10] | MEM: - | LATCH: DS.push(ALU),PC | OUT: '' | add.write_result
TICK: 003143 | PC: 00084 | STEP: 0 | IR: dup | A: 0 | AR: 1 | NZ: 00 | IE: 1 | PENDING: 0 | IN_INTR: 0 | DS: [3003, 3003] | RS: [10] | MEM: - | LATCH: DS.dup,PC | OUT: '' | dup
TICK: 003144 | PC: 00084 | STEP: 1 | IR: store 2 | A: 0 | AR: 2 | NZ: 00 | IE: 1 | PENDING: 0 | IN_INTR: 0 | DS: [3003, 3003] | RS: [10] | MEM: - | LATCH: AR | OUT: '' | store.addr 2
TICK: 003145 | PC: 00089 | STEP: 0 | IR: store 2 | A: 0 | AR: 2 | NZ: 00 | IE: 1 | PENDING: 0 | IN_INTR: 0 | DS: [3003] | RS: [10] | MEM: write mem[2] <- 3003 | LATCH: MEM,PC | OUT: '' | store.write
TICK: 003146 | PC: 00090 | STEP: 0 | IR: drop | A: 0 | AR: 2 | NZ: 00 | IE: 1 | PENDING: 0 | IN_INTR: 0 | DS: [] | RS: [10] | MEM: - | LATCH: PC | OUT: '' | drop
TICK: 003147 | PC: 00090 | STEP: 1 | IR: load 3 | A: 0 | AR: 3 | NZ: 00 | IE: 1 | PENDING: 0 | IN_INTR: 0 | DS: [] | RS: [10] | MEM: - | LATCH: AR | OUT: '' | load.addr 3
TICK: 003148 | PC: 00095 | STEP: 0 | IR: load 3 | A: 0 | AR: 3 | NZ: 00 | IE: 1 | PENDING: 0 | IN_INTR: 0 | DS: [149226] | RS: [10] | MEM: read mem[3] | LATCH: DS.push,PC | OUT: '' | load.read
TICK: 003149 | PC: 00095 | STEP: 1 | IR: load 1 | A: 0 | AR: 1 | NZ: 00 | IE: 1 | PENDING: 0 | IN_INTR: 0 | DS: [149226] | RS: [10] | MEM: - | LATCH: AR | OUT: '' | load.addr 1
TICK: 003150 | PC: 00100 | STEP: 0 | IR: load 1 | A: 0 | AR: 1 | NZ: 00 | IE: 1 | PENDING: 0 | IN_INTR: 0 | DS: [149226, 77] | RS: [10] | MEM: read mem[1] | LATCH: DS.push,PC | OUT: '' | load.read
TICK: 003151 | PC: 00100 | STEP: 1 | IR: load 1 | A: 0 | AR: 1 | NZ: 00 | IE: 1 | PENDING: 0 | IN_INTR: 0 | DS: [149226, 77] | RS: [10] | MEM: - | LATCH: AR | OUT: '' | load.addr 1
TICK: 003152 | PC: 00105 | STEP: 0 | IR: load 1 | A: 0 | AR: 1 | NZ: 00 | IE: 1 | PENDING: 0 | IN_INTR: 0 | DS: [149226, 77, 77] | RS: [10] | MEM: read mem[1] | LATCH: DS.push,PC | OUT: '' | load.read
TICK: 003153 | PC: 00105 | STEP: 1 | IR: mul | A: 0 | AR: 1 | NZ: 00 | IE: 1 | PENDING: 0 | IN_INTR: 0 | DS: [149226] | RS: [10] | MEM: - | LATCH: ALU.left,ALU.right | OUT: '' | mul.load_operands
TICK: 003154 | PC: 00106 | STEP: 0 | IR: mul | A: 0 | AR: 1 | NZ: 00 | IE: 1 | PENDING: 0 | IN_INTR: 0 | DS: [149226, 5929] | RS: [10] | MEM: - | LATCH: DS.push(ALU),PC | OUT: '' | mul.write_result
TICK: 003155 | PC: 00106 | STEP: 1 | IR: add | A: 0 | AR: 1 | NZ: 00 | IE: 1 | PENDING: 0 | IN_INTR: 0 | DS: [] | RS: [10] | MEM: - | LATCH: ALU.left,ALU.right | OUT: '' | add.load_operands
TICK: 003156 | PC: 00107 | STEP: 0 | IR: add | A: 0 | AR: 1 | NZ: 00 | IE: 1 | PENDING: 0 | IN_INTR: 0 | DS: [155155] | RS: [10] | MEM: - | LATCH: DS.push(ALU),PC | OUT: '' | add.write_result
TICK: 003157 | PC: 00108 | STEP: 0 | IR: dup | A: 0 | AR: 1 | NZ: 00 | IE: 1 | PENDING: 0 | IN_INTR: 0 | DS: [155155, 155155] | RS: [10] | MEM: - | LATCH: DS.dup,PC | OUT: '' | dup
TICK: 003158 | PC: 00108 | STEP: 1 | IR: store 3 | A: 0 | AR: 3 | NZ: 00 | IE: 1 | PENDING: 0 | IN_INTR: 0 | DS: [155155, 155155] | RS: [10] | MEM: - | LATCH: AR | OUT: '' | store.addr 3
TICK: 003159 | PC: 00113 | STEP: 0 | IR: store 3 | A: 0 | AR: 3 | NZ: 00 | IE: 1 | PENDING: 0 | IN_INTR: 0 | DS: [155155] | RS: [10] | MEM: write mem[3] <- 155155 | LATCH: MEM,PC | OUT: '' | store.write
TICK: 003160 | PC: 00114 | STEP: 0 | IR: drop | A: 0 | AR: 3 | NZ: 00 | IE: 1 | PENDING: 0 | IN_INTR: 0 | DS: [] | RS: [10] | MEM: - | LATCH: PC | OUT: '' | drop
TICK: 003161 | PC: 00114 | STEP: 1 | IR: load 1 | A: 0 | AR: 1 | NZ: 00 | IE: 1 | PENDING: 0 | IN_INTR: 0 | DS: [] | RS: [10] | MEM: - | LATCH: AR | OUT: '' | load.addr 1
TICK: 003162 | PC: 00119 | STEP: 0 | IR: load 1 | A: 0 | AR: 1 | NZ: 00 | IE: 1 | PENDING: 0 | IN_INTR: 0 | DS: [77] | RS: [10] | MEM: read mem[1] | LATCH: DS.push,PC | OUT: '' | load.read
TICK: 003163 | PC: 00124 | STEP: 0 | IR: literal 1 | A: 0 | AR: 1 | NZ: 00 | IE: 1 | PENDING: 0 | IN_INTR: 0 | DS: [77, 1] | RS: [10] | MEM: - | LATCH: DS.push,PC | OUT: '' | literal 1
TICK: 003164 | PC: 00124 | STEP: 1 | IR: add | A: 0 | AR: 1 | NZ: 00 | IE: 1 | PENDING: 0 | IN_INTR: 0 | DS: [] | RS: [10] | MEM: - | LATCH: ALU.left,ALU.right | OUT: '' | add.load_operands
TICK: 003165 | PC: 00125 | STEP: 0 | IR: add | A: 0 | AR: 1 | NZ: 00 | IE: 1 | PENDING: 0 | IN_INTR: 0 | DS: [78] | RS: [10] | MEM: - | LATCH: DS.push(ALU),PC | OUT: '' | add.write_result
TICK: 003166 | PC: 00126 | STEP: 0 | IR: dup | A: 0 | AR: 1 | NZ: 00 | IE: 1 | PENDING: 0 | IN_INTR: 0 | DS: [78, 78] | RS: [10] | MEM: - | LATCH: DS.dup,PC | OUT: '' | dup
TICK: 003167 | PC: 00126 | STEP: 1 | IR: store 1 | A: 0 | AR: 1 | NZ: 00 | IE: 1 | PENDING: 0 | IN_INTR: 0 | DS: [78, 78] | RS: [10] | MEM: - | LATCH: AR | OUT: '' | store.addr 1
TICK: 003168 | PC: 00131 | STEP: 0 | IR: store 1 | A: 0 | AR: 1 | NZ: 00 | IE: 1 | PENDING: 0 | IN_INTR: 0 | DS: [78] | RS: [10] | MEM: write mem[1] <- 78 | LATCH: MEM,PC | OUT: '' | store.write
TICK: 003169 | PC: 00132 | STEP: 0 | IR: drop | A: 0 | AR: 1 | NZ: 00 | IE: 1 | PENDING: 0 | IN_INTR: 0 | DS: [] | RS: [10] | MEM: - | LATCH: PC | OUT: '' | drop
TICK: 003170 | PC: 00051 | STEP: 0 | IR: jmp 51 | A: 0 | AR: 1 | NZ: 00 | IE: 1 | PENDING: 0 | IN_INTR: 0 | DS: [] | RS: [10] | MEM: - | LATCH: PC | OUT: '' | jmp 51
TICK: 003171 | PC: 00056 | STEP: 0 | IR: literal 100 | A: 0 | AR: 1 | NZ: 00 | IE: 1 | PENDING: 0 | IN_INTR: 0 | DS: [100] | RS: [10] | MEM: - | LATCH: DS.push,PC | OUT: '' | literal 100
TICK: 003172 | PC: 00056 | STEP: 1 | IR: load 1 | A: 0 | AR: 1 | NZ: 00 | IE: 1 | PENDING: 0 | IN_INTR: 0 | DS: [100] | RS: [10] | MEM: - | LATCH: AR | OUT: '' | load.addr 1
TICK: 003173 | PC: 00061 | STEP: 0 | IR: load 1 | A: 0 | AR: 1 | NZ: 00 | IE: 1 | PENDING: 0 | IN_INTR: 0 | DS: [100, 78] | RS: [10] | MEM: read mem[1] | LATCH: DS.push,PC | OUT: '' | load.read
TICK: 003174 | PC: 00061 | STEP: 1 | IR: sub | A: 0 | AR: 1 | NZ: 00 | IE: 1 | PENDING: 0 | IN_INTR: 0 | DS: [] | RS: [10] | MEM: - | LATCH: ALU.left,ALU.right | OUT: '' | sub.load_operands
TICK: 003175 | PC: 00062 | STEP: 0 | IR: sub | A: 0 | AR: 1 | NZ: 00 | IE: 1 | PENDING: 0 | IN_INTR: 0 | DS: [22] | RS: [10] | MEM: - | LATCH: DS.push(ALU),PC | OUT: '' | sub.write_result
TICK: 003176 | PC: 00062 | STEP: 1 | IR: mif 72 | A: 0 | AR: 1 | NZ: 00 | IE: 1 | PENDING: 0 | IN_INTR: 0 | DS: [] | RS: [10] | MEM: - | LATCH: ALU.left | OUT: '' | mif.test
TICK: 003177 | PC: 00072 | STEP: 0 | IR: mif 72 | A: 0 | AR: 1 | NZ: 00 | IE: 1 | PENDING: 0 | IN_INTR: 0 | DS: [] | RS: [10] | MEM: - | LATCH: PC | OUT: '' | mif.branch
TICK: 003178 | PC: 00072 | STEP: 1 | IR: load 2 | A: 0 | AR: 2 | NZ: 00 | IE: 1 | PENDING: 0 | IN_INTR: 0 | DS: [] | RS: [10] | MEM: - | LATCH: AR | OUT: '' | load.addr 2
TICK: 003179 | PC: 00077 | STEP: 0 | IR: load 2 | A: 0 | AR: 2 | NZ: 00 | IE: 1 | PENDING: 0 | IN_INTR: 0 | DS: [3003] | RS: [10] | MEM: read mem[2] | LATCH: DS.push,PC | OUT: '' | load.read
TICK: 003180 | PC: 00077 | STEP: 1 | IR: load 1 | A: 0 | AR: 1 | NZ: 00 | IE: 1 | PENDING: 0 | IN_INTR: 0 | DS: [3003] | RS: [10] | MEM: - | LATCH: AR | OUT: '' | load.addr 1
TICK: 003181 | PC: 00082 | STEP: 0 | IR: load 1 | A: 0 | AR: 1 | NZ: 00 | IE: 1 | PENDING: 0 | IN_INTR: 0 | DS: [3003, 78] | RS: [10] | MEM: read mem[1] | LATCH: DS.push,PC | OUT: '' | load.read
TICK: 003182 | PC: 00082 | STEP: 1 | IR: add | A: 0 | AR: 1 | NZ: 00 | IE: 1 | PENDING: 0 | IN_INTR: 0 | DS: [] | RS: [10] | MEM: - | LATCH: ALU.left,ALU.right | OUT: '' | add.load_operands
TICK: 003183 | PC: 00083 | STEP: 0 | IR: add | A: 0 | AR: 1 | NZ: 00 | IE: 1 | PENDING: 0 | IN_INTR: 0 | DS: [3081] | RS: [10] | MEM: - | LATCH: DS.push(ALU),PC | OUT: '' | add.write_result
TICK: 003184 | PC: 00084 | STEP: 0 | IR: dup | A: 0 | AR: 1 | NZ: 00 | IE: 1 | PENDING: 0 | IN_INTR: 0 | DS: [3081, 3081] | RS: [10] | MEM: - | LATCH: DS.dup,PC | OUT: '' | dup
TICK: 003185 | PC: 00084 | STEP: 1 | IR: store 2 | A: 0 | AR: 2 | NZ: 00 | IE: 1 | PENDING: 0 | IN_INTR: 0 | DS: [3081, 3081] | RS: [10] | MEM: - | LATCH: AR | OUT: '' | store.addr 2
TICK: 003186 | PC: 00089 | STEP: 0 | IR: store 2 | A: 0 | AR: 2 | NZ: 00 | IE: 1 | PENDING: 0 | IN_INTR: 0 | DS: [3081] | RS: [10] | MEM: write mem[2] <- 3081 | LATCH: MEM,PC | OUT: '' | store.write
TICK: 003187 | PC: 00090 | STEP: 0 | IR: drop | A: 0 | AR: 2 | NZ: 00 | IE: 1 | PENDING: 0 | IN_INTR: 0 | DS: [] | RS: [10] | MEM: - | LATCH: PC | OUT: '' | drop
TICK: 003188 | PC: 00090 | STEP: 1 | IR: load 3 | A: 0 | AR: 3 | NZ: 00 | IE: 1 | PENDING: 0 | IN_INTR: 0 | DS: [] | RS: [10] | MEM: - | LATCH: AR | OUT: '' | load.addr 3
TICK: 003189 | PC: 00095 | STEP: 0 | IR: load 3 | A: 0 | AR: 3 | NZ: 00 | IE: 1 | PENDING: 0 | IN_INTR: 0 | DS: [155155] | RS: [10] | MEM: read mem[3] | LATCH: DS.push,PC | OUT: '' | load.read
TICK: 003190 | PC: 00095 | STEP: 1 | IR: load 1 | A: 0 | AR: 1 | NZ: 00 | IE: 1 | PENDING: 0 | IN_INTR: 0 | DS: [155155] | RS: [10] | MEM: - | LATCH: AR | OUT: '' | load.addr 1
TICK: 003191 | PC: 00100 | STEP: 0 | IR: load 1 | A: 0 | AR: 1 | NZ: 00 | IE: 1 | PENDING: 0 | IN_INTR: 0 | DS: [155155, 78] | RS: [10] | MEM: read mem[1] | LATCH: DS.push,PC | OUT: '' | load.read
TICK: 003192 | PC: 00100 | STEP: 1 | IR: load 1 | A: 0 | AR: 1 | NZ: 00 | IE: 1 | PENDING: 0 | IN_INTR: 0 | DS: [155155, 78] | RS: [10] | MEM: - | LATCH: AR | OUT: '' | load.addr 1
TICK: 003193 | PC: 00105 | STEP: 0 | IR: load 1 | A: 0 | AR: 1 | NZ: 00 | IE: 1 | PENDING: 0 | IN_INTR: 0 | DS: [155155, 78, 78] | RS: [10] | MEM: read mem[1] | LATCH: DS.push,PC | OUT: '' | load.read
TICK: 003194 | PC: 00105 | STEP: 1 | IR: mul | A: 0 | AR: 1 | NZ: 00 | IE: 1 | PENDING: 0 | IN_INTR: 0 | DS: [155155] | RS: [10] | MEM: - | LATCH: ALU.left,ALU.right | OUT: '' | mul.load_operands
TICK: 003195 | PC: 00106 | STEP: 0 | IR: mul | A: 0 | AR: 1 | NZ: 00 | IE: 1 | PENDING: 0 | IN_INTR: 0 | DS: [155155, 6084] | RS: [10] | MEM: - | LATCH: DS.push(ALU),PC | OUT: '' | mul.write_result
TICK: 003196 | PC: 00106 | STEP: 1 | IR: add | A: 0 | AR: 1 | NZ: 00 | IE: 1 | PENDING: 0 | IN_INTR: 0 | DS: [] | RS: [10] | MEM: - | LATCH: ALU.left,ALU.right | OUT: '' | add.load_operands
TICK: 003197 | PC: 00107 | STEP: 0 | IR: add | A: 0 | AR: 1 | NZ: 00 | IE: 1 | PENDING: 0 | IN_INTR: 0 | DS: [161239] | RS: [10] | MEM: - | LATCH: DS.push(ALU),PC | OUT: '' | add.write_result
TICK: 003198 | PC: 00108 | STEP: 0 | IR: dup | A: 0 | AR: 1 | NZ: 00 | IE: 1 | PENDING: 0 | IN_INTR: 0 | DS: [161239, 161239] | RS: [10] | MEM: - | LATCH: DS.dup,PC | OUT: '' | dup
TICK: 003199 | PC: 00108 | STEP: 1 | IR: store 3 | A: 0 | AR: 3 | NZ: 00 | IE: 1 | PENDING: 0 | IN_INTR: 0 | DS: [161239, 161239] | RS: [10] | MEM: - | LATCH: AR | OUT: '' | store.addr 3
TICK: 003200 | PC: 00113 | STEP: 0 | IR: store 3 | A: 0 | AR: 3 | NZ: 00 | IE: 1 | PENDING: 0 | IN_INTR: 0 | DS: [161239] | RS: [10] | MEM: write mem[3] <- 161239 | LATCH: MEM,PC | OUT: '' | store.write
TICK: 003201 | PC: 00114 | STEP: 0 | IR: drop | A: 0 | AR: 3 | NZ: 00 | IE: 1 | PENDING: 0 | IN_INTR: 0 | DS: [] | RS: [10] | MEM: - | LATCH: PC | OUT: '' | drop
TICK: 003202 | PC: 00114 | STEP: 1 | IR: load 1 | A: 0 | AR: 1 | NZ: 00 | IE: 1 | PENDING: 0 | IN_INTR: 0 | DS: [] | RS: [10] | MEM: - | LATCH: AR | OUT: '' | load.addr 1
TICK: 003203 | PC: 00119 | STEP: 0 | IR: load 1 | A: 0 | AR: 1 | NZ: 00 | IE: 1 | PENDING: 0 | IN_INTR: 0 | DS: [78] | RS: [10] | MEM: read mem[1] | LATCH: DS.push,PC | OUT: '' | load.read
TICK: 003204 | PC: 00124 | STEP: 0 | IR: literal 1 | A: 0 | AR: 1 | NZ: 00 | IE: 1 | PENDING: 0 | IN_INTR: 0 | DS: [78, 1] | RS: [10] | MEM: - | LATCH: DS.push,PC | OUT: '' | literal 1
TICK: 003205 | PC: 00124 | STEP: 1 | IR: add | A: 0 | AR: 1 | NZ: 00 | IE: 1 | PENDING: 0 | IN_INTR: 0 | DS: [] | RS: [10] | MEM: - | LATCH: ALU.left,ALU.right | OUT: '' | add.load_operands
TICK: 003206 | PC: 00125 | STEP: 0 | IR: add | A: 0 | AR: 1 | NZ: 00 | IE: 1 | PENDING: 0 | IN_INTR: 0 | DS: [79] | RS: [10] | MEM: - | LATCH: DS.push(ALU),PC | OUT: '' | add.write_result
TICK: 003207 | PC: 00126 | STEP: 0 | IR: dup | A: 0 | AR: 1 | NZ: 00 | IE: 1 | PENDING: 0 | IN_INTR: 0 | DS: [79, 79] | RS: [10] | MEM: - | LATCH: DS.dup,PC | OUT: '' | dup
TICK: 003208 | PC: 00126 | STEP: 1 | IR: store 1 | A: 0 | AR: 1 | NZ: 00 | IE: 1 | PENDING: 0 | IN_INTR: 0 | DS: [79, 79] | RS: [10] | MEM: - | LATCH: AR | OUT: '' | store.addr 1
TICK: 003209 | PC: 00131 | STEP: 0 | IR: store 1 | A: 0 | AR: 1 | NZ: 00 | IE: 1 | PENDING: 0 | IN_INTR: 0 | DS: [79] | RS: [10] | MEM: write mem[1] <- 79 | LATCH: MEM,PC | OUT: '' | store.write
TICK: 003210 | PC: 00132 | STEP: 0 | IR: drop | A: 0 | AR: 1 | NZ: 00 | IE: 1 | PENDING: 0 | IN_INTR: 0 | DS: [] | RS: [10] | MEM: - | LATCH: PC | OUT: '' | drop
TICK: 003211 | PC: 00051 | STEP: 0 | IR: jmp 51 | A: 0 | AR: 1 | NZ: 00 | IE: 1 | PENDING: 0 | IN_INTR: 0 | DS: [] | RS: [10] | MEM: - | LATCH: PC | OUT: '' | jmp 51
TICK: 003212 | PC: 00056 | STEP: 0 | IR: literal 100 | A: 0 | AR: 1 | NZ: 00 | IE: 1 | PENDING: 0 | IN_INTR: 0 | DS: [100] | RS: [10] | MEM: - | LATCH: DS.push,PC | OUT: '' | literal 100
TICK: 003213 | PC: 00056 | STEP: 1 | IR: load 1 | A: 0 | AR: 1 | NZ: 00 | IE: 1 | PENDING: 0 | IN_INTR: 0 | DS: [100] | RS: [10] | MEM: - | LATCH: AR | OUT: '' | load.addr 1
TICK: 003214 | PC: 00061 | STEP: 0 | IR: load 1 | A: 0 | AR: 1 | NZ: 00 | IE: 1 | PENDING: 0 | IN_INTR: 0 | DS: [100, 79] | RS: [10] | MEM: read mem[1] | LATCH: DS.push,PC | OUT: '' | load.read
TICK: 003215 | PC: 00061 | STEP: 1 | IR: sub | A: 0 | AR: 1 | NZ: 00 | IE: 1 | PENDING: 0 | IN_INTR: 0 | DS: [] | RS: [10] | MEM: - | LATCH: ALU.left,ALU.right | OUT: '' | sub.load_operands
TICK: 003216 | PC: 00062 | STEP: 0 | IR: sub | A: 0 | AR: 1 | NZ: 00 | IE: 1 | PENDING: 0 | IN_INTR: 0 | DS: [21] | RS: [10] | MEM: - | LATCH: DS.push(ALU),PC | OUT: '' | sub.write_result
TICK: 003217 | PC: 00062 | STEP: 1 | IR: mif 72 | A: 0 | AR: 1 | NZ: 00 | IE: 1 | PENDING: 0 | IN_INTR: 0 | DS: [] | RS: [10] | MEM: - | LATCH: ALU.left | OUT: '' | mif.test
TICK: 003218 | PC: 00072 | STEP: 0 | IR: mif 72 | A: 0 | AR: 1 | NZ: 00 | IE: 1 | PENDING: 0 | IN_INTR: 0 | DS: [] | RS: [10] | MEM: - | LATCH: PC | OUT: '' | mif.branch
TICK: 003219 | PC: 00072 | STEP: 1 | IR: load 2 | A: 0 | AR: 2 | NZ: 00 | IE: 1 | PENDING: 0 | IN_INTR: 0 | DS: [] | RS: [10] | MEM: - | LATCH: AR | OUT: '' | load.addr 2
TICK: 003220 | PC: 00077 | STEP: 0 | IR: load 2 | A: 0 | AR: 2 | NZ: 00 | IE: 1 | PENDING: 0 | IN_INTR: 0 | DS: [3081] | RS: [10] | MEM: read mem[2] | LATCH: DS.push,PC | OUT: '' | load.read
TICK: 003221 | PC: 00077 | STEP: 1 | IR: load 1 | A: 0 | AR: 1 | NZ: 00 | IE: 1 | PENDING: 0 | IN_INTR: 0 | DS: [3081] | RS: [10] | MEM: - | LATCH: AR | OUT: '' | load.addr 1
TICK: 003222 | PC: 00082 | STEP: 0 | IR: load 1 | A: 0 | AR: 1 | NZ: 00 | IE: 1 | PENDING: 0 | IN_INTR: 0 | DS: [3081, 79] | RS: [10] | MEM: read mem[1] | LATCH: DS.push,PC | OUT: '' | load.read
TICK: 003223 | PC: 00082 | STEP: 1 | IR: add | A: 0 | AR: 1 | NZ: 00 | IE: 1 | PENDING: 0 | IN_INTR: 0 | DS: [] | RS: [10] | MEM: - | LATCH: ALU.left,ALU.right | OUT: '' | add.load_operands
TICK: 003224 | PC: 00083 | STEP: 0 | IR: add | A: 0 | AR: 1 | NZ: 00 | IE: 1 | PENDING: 0 | IN_INTR: 0 | DS: [3160] | RS: [10] | MEM: - | LATCH: DS.push(ALU),PC | OUT: '' | add.write_result
TICK: 003225 | PC: 00084 | STEP: 0 | IR: dup | A: 0 | AR: 1 | NZ: 00 | IE: 1 | PENDING: 0 | IN_INTR: 0 | DS: [3160, 3160] | RS: [10] | MEM: - | LATCH: DS.dup,PC | OUT: '' | dup
TICK: 003226 | PC: 00084 | STEP: 1 | IR: store 2 | A: 0 | AR: 2 | NZ: 00 | IE: 1 | PENDING: 0 | IN_INTR: 0 | DS: [3160, 3160] | RS: [10] | MEM: - | LATCH: AR | OUT: '' | store.addr 2
TICK: 003227 | PC: 00089 | STEP: 0 | IR: store 2 | A: 0 | AR: 2 | NZ: 00 | IE: 1 | PENDING: 0 | IN_INTR: 0 | DS: [3160] | RS: [10] | MEM: write mem[2] <- 3160 | LATCH: MEM,PC | OUT: '' | store.write
TICK: 003228 | PC: 00090 | STEP: 0 | IR: drop | A: 0 | AR: 2 | NZ: 00 | IE: 1 | PENDING: 0 | IN_INTR: 0 | DS: [] | RS: [10] | MEM: - | LATCH: PC | OUT: '' | drop
TICK: 003229 | PC: 00090 | STEP: 1 | IR: load 3 | A: 0 | AR: 3 | NZ: 00 | IE: 1 | PENDING: 0 | IN_INTR: 0 | DS: [] | RS: [10] | MEM: - | LATCH: AR | OUT: '' | load.addr 3
TICK: 003230 | PC: 00095 | STEP: 0 | IR: load 3 | A: 0 | AR: 3 | NZ: 00 | IE: 1 | PENDING: 0 | IN_INTR: 0 | DS: [161239] | RS: [10] | MEM: read mem[3] | LATCH: DS.push,PC | OUT: '' | load.read
TICK: 003231 | PC: 00095 | STEP: 1 | IR: load 1 | A: 0 | AR: 1 | NZ: 00 | IE: 1 | PENDING: 0 | IN_INTR: 0 | DS: [161239] | RS: [10] | MEM: - | LATCH: AR | OUT: '' | load.addr 1
TICK: 003232 | PC: 00100 | STEP: 0 | IR: load 1 | A: 0 | AR: 1 | NZ: 00 | IE: 1 | PENDING: 0 | IN_INTR: 0 | DS: [161239, 79] | RS: [10] | MEM: read mem[1] | LATCH: DS.push,PC | OUT: '' | load.read
TICK: 003233 | PC: 00100 | STEP: 1 | IR: load 1 | A: 0 | AR: 1 | NZ: 00 | IE: 1 | PENDING: 0 | IN_INTR: 0 | DS: [161239, 79] | RS: [10] | MEM: - | LATCH: AR | OUT: '' | load.addr 1
TICK: 003234 | PC: 00105 | STEP: 0 | IR: load 1 | A: 0 | AR: 1 | NZ: 00 | IE: 1 | PENDING: 0 | IN_INTR: 0 | DS: [161239, 79, 79] | RS: [10] | MEM: read mem[1] | LATCH: DS.push,PC | OUT: '' | load.read
TICK: 003235 | PC: 00105 | STEP: 1 | IR: mul | A: 0 | AR: 1 | NZ: 00 | IE: 1 | PENDING: 0 | IN_INTR: 0 | DS: [161239] | RS: [10] | MEM: - | LATCH: ALU.left,ALU.right | OUT: '' | mul.load_operands
TICK: 003236 | PC: 00106 | STEP: 0 | IR: mul | A: 0 | AR: 1 | NZ: 00 | IE: 1 | PENDING: 0 | IN_INTR: 0 | DS: [161239, 6241] | RS: [10] | MEM: - | LATCH: DS.push(ALU),PC | OUT: '' | mul.write_result
TICK: 003237 | PC: 00106 | STEP: 1 | IR: add | A: 0 | AR: 1 | NZ: 00 | IE: 1 | PENDING: 0 | IN_INTR: 0 | DS: [] | RS: [10] | MEM: - | LATCH: ALU.left,ALU.right | OUT: '' | add.load_operands
TICK: 003238 | PC: 00107 | STEP: 0 | IR: add | A: 0 | AR: 1 | NZ: 00 | IE: 1 | PENDING: 0 | IN_INTR: 0 | DS: [167480] | RS: [10] | MEM: - | LATCH: DS.push(ALU),PC | OUT: '' | add.write_result
TICK: 003239 | PC: 00108 | STEP: 0 | IR: dup | A: 0 | AR: 1 | NZ: 00 | IE: 1 | PENDING: 0 | IN_INTR: 0 | DS: [167480, 167480] | RS: [10] | MEM: - | LATCH: DS.dup,PC | OUT: '' | dup
TICK: 003240 | PC: 00108 | STEP: 1 | IR: store 3 | A: 0 | AR: 3 | NZ: 00 | IE: 1 | PENDING: 0 | IN_INTR: 0 | DS: [167480, 167480] | RS: [10] | MEM: - | LATCH: AR | OUT: '' | store.addr 3
TICK: 003241 | PC: 00113 | STEP: 0 | IR: store 3 | A: 0 | AR: 3 | NZ: 00 | IE: 1 | PENDING: 0 | IN_INTR: 0 | DS: [167480] | RS: [10] | MEM: write mem[3] <- 167480 | LATCH: MEM,PC | OUT: '' | store.write
TICK: 003242 | PC: 00114 | STEP: 0 | IR: drop | A: 0 | AR: 3 | NZ: 00 | IE: 1 | PENDING: 0 | IN_INTR: 0 | DS: [] | RS: [10] | MEM: - | LATCH: PC | OUT: '' | drop
TICK: 003243 | PC: 00114 | STEP: 1 | IR: load 1 | A: 0 | AR: 1 | NZ: 00 | IE: 1 | PENDING: 0 | IN_INTR: 0 | DS: [] | RS: [10] | MEM: - | LATCH: AR | OUT: '' | load.addr 1
TICK: 003244 | PC: 00119 | STEP: 0 | IR: load 1 | A: 0 | AR: 1 | NZ: 00 | IE: 1 | PENDING: 0 | IN_INTR: 0 | DS: [79] | RS: [10] | MEM: read mem[1] | LATCH: DS.push,PC | OUT: '' | load.read
TICK: 003245 | PC: 00124 | STEP: 0 | IR: literal 1 | A: 0 | AR: 1 | NZ: 00 | IE: 1 | PENDING: 0 | IN_INTR: 0 | DS: [79, 1] | RS: [10] | MEM: - | LATCH: DS.push,PC | OUT: '' | literal 1
TICK: 003246 | PC: 00124 | STEP: 1 | IR: add | A: 0 | AR: 1 | NZ: 00 | IE: 1 | PENDING: 0 | IN_INTR: 0 | DS: [] | RS: [10] | MEM: - | LATCH: ALU.left,ALU.right | OUT: '' | add.load_operands
TICK: 003247 | PC: 00125 | STEP: 0 | IR: add | A: 0 | AR: 1 | NZ: 00 | IE: 1 | PENDING: 0 | IN_INTR: 0 | DS: [80] | RS: [10] | MEM: - | LATCH: DS.push(ALU),PC | OUT: '' | add.write_result
TICK: 003248 | PC: 00126 | STEP: 0 | IR: dup | A: 0 | AR: 1 | NZ: 00 | IE: 1 | PENDING: 0 | IN_INTR: 0 | DS: [80, 80] | RS: [10] | MEM: - | LATCH: DS.dup,PC | OUT: '' | dup
TICK: 003249 | PC: 00126 | STEP: 1 | IR: store 1 | A: 0 | AR: 1 | NZ: 00 | IE: 1 | PENDING: 0 | IN_INTR: 0 | DS: [80, 80] | RS: [10] | MEM: - | LATCH: AR | OUT: '' | store.addr 1
TICK: 003250 | PC: 00131 | STEP: 0 | IR: store 1 | A: 0 | AR: 1 | NZ: 00 | IE: 1 | PENDING: 0 | IN_INTR: 0 | DS: [80] | RS: [10] | MEM: write mem[1] <- 80 | LATCH: MEM,PC | OUT: '' | store.write
TICK: 003251 | PC: 00132 | STEP: 0 | IR: drop | A: 0 | AR: 1 | NZ: 00 | IE: 1 | PENDING: 0 | IN_INTR: 0 | DS: [] | RS: [10] | MEM: - | LATCH: PC | OUT: '' | drop
TICK: 003252 | PC: 00051 | STEP: 0 | IR: jmp 51 | A: 0 | AR: 1 | NZ: 00 | IE: 1 | PENDING: 0 | IN_INTR: 0 | DS: [] | RS: [10] | MEM: - | LATCH: PC | OUT: '' | jmp 51
TICK: 003253 | PC: 00056 | STEP: 0 | IR: literal 100 | A: 0 | AR: 1 | NZ: 00 | IE: 1 | PENDING: 0 | IN_INTR: 0 | DS: [100] | RS: [10] | MEM: - | LATCH: DS.push,PC | OUT: '' | literal 100
TICK: 003254 | PC: 00056 | STEP: 1 | IR: load 1 | A: 0 | AR: 1 | NZ: 00 | IE: 1 | PENDING: 0 | IN_INTR: 0 | DS: [100] | RS: [10] | MEM: - | LATCH: AR | OUT: '' | load.addr 1
TICK: 003255 | PC: 00061 | STEP: 0 | IR: load 1 | A: 0 | AR: 1 | NZ: 00 | IE: 1 | PENDING: 0 | IN_INTR: 0 | DS: [100, 80] | RS: [10] | MEM: read mem[1] | LATCH: DS.push,PC | OUT: '' | load.read
TICK: 003256 | PC: 00061 | STEP: 1 | IR: sub | A: 0 | AR: 1 | NZ: 00 | IE: 1 | PENDING: 0 | IN_INTR: 0 | DS: [] | RS: [10] | MEM: - | LATCH: ALU.left,ALU.right | OUT: '' | sub.load_operands
TICK: 003257 | PC: 00062 | STEP: 0 | IR: sub | A: 0 | AR: 1 | NZ: 00 | IE: 1 | PENDING: 0 | IN_INTR: 0 | DS: [20] | RS: [10] | MEM: - | LATCH: DS.push(ALU),PC | OUT: '' | sub.write_result
TICK: 003258 | PC: 00062 | STEP: 1 | IR: mif 72 | A: 0 | AR: 1 | NZ: 00 | IE: 1 | PENDING: 0 | IN_INTR: 0 | DS: [] | RS: [10] | MEM: - | LATCH: ALU.left | OUT: '' | mif.test
TICK: 003259 | PC: 00072 | STEP: 0 | IR: mif 72 | A: 0 | AR: 1 | NZ: 00 | IE: 1 | PENDING: 0 | IN_INTR: 0 | DS: [] | RS: [10] | MEM: - | LATCH: PC | OUT: '' | mif.branch
TICK: 003260 | PC: 00072 | STEP: 1 | IR: load 2 | A: 0 | AR: 2 | NZ: 00 | IE: 1 | PENDING: 0 | IN_INTR: 0 | DS: [] | RS: [10] | MEM: - | LATCH: AR | OUT: '' | load.addr 2
TICK: 003261 | PC: 00077 | STEP: 0 | IR: load 2 | A: 0 | AR: 2 | NZ: 00 | IE: 1 | PENDING: 0 | IN_INTR: 0 | DS: [3160] | RS: [10] | MEM: read mem[2] | LATCH: DS.push,PC | OUT: '' | load.read
TICK: 003262 | PC: 00077 | STEP: 1 | IR: load 1 | A: 0 | AR: 1 | NZ: 00 | IE: 1 | PENDING: 0 | IN_INTR: 0 | DS: [3160] | RS: [10] | MEM: - | LATCH: AR | OUT: '' | load.addr 1
TICK: 003263 | PC: 00082 | STEP: 0 | IR: load 1 | A: 0 | AR: 1 | NZ: 00 | IE: 1 | PENDING: 0 | IN_INTR: 0 | DS: [3160, 80] | RS: [10] | MEM: read mem[1] | LATCH: DS.push,PC | OUT: '' | load.read
TICK: 003264 | PC: 00082 | STEP: 1 | IR: add | A: 0 | AR: 1 | NZ: 00 | IE: 1 | PENDING: 0 | IN_INTR: 0 | DS: [] | RS: [10] | MEM: - | LATCH: ALU.left,ALU.right | OUT: '' | add.load_operands
TICK: 003265 | PC: 00083 | STEP: 0 | IR: add | A: 0 | AR: 1 | NZ: 00 | IE: 1 | PENDING: 0 | IN_INTR: 0 | DS: [3240] | RS: [10] | MEM: - | LATCH: DS.push(ALU),PC | OUT: '' | add.write_result
TICK: 003266 | PC: 00084 | STEP: 0 | IR: dup | A: 0 | AR: 1 | NZ: 00 | IE: 1 | PENDING: 0 | IN_INTR: 0 | DS: [3240, 3240] | RS: [10] | MEM: - | LATCH: DS.dup,PC | OUT: '' | dup
TICK: 003267 | PC: 00084 | STEP: 1 | IR: store 2 | A: 0 | AR: 2 | NZ: 00 | IE: 1 | PENDING: 0 | IN_INTR: 0 | DS: [3240, 3240] | RS: [10] | MEM: - | LATCH: AR | OUT: '' | store.addr 2
TICK: 003268 | PC: 00089 | STEP: 0 | IR: store 2 | A: 0 | AR: 2 | NZ: 00 | IE: 1 | PENDING: 0 | IN_INTR: 0 | DS: [3240] | RS: [10] | MEM: write mem[2] <- 3240 | LATCH: MEM,PC | OUT: '' | store.write
TICK: 003269 | PC: 00090 | STEP: 0 | IR: drop | A: 0 | AR: 2 | NZ: 00 | IE: 1 | PENDING: 0 | IN_INTR: 0 | DS: [] | RS: [10] | MEM: - | LATCH: PC | OUT: '' | drop
TICK: 003270 | PC: 00090 | STEP: 1 | IR: load 3 | A: 0 | AR: 3 | NZ: 00 | IE: 1 | PENDING: 0 | IN_INTR: 0 | DS: [] | RS: [10] | MEM: - | LATCH: AR | OUT: '' | load.addr 3
TICK: 003271 | PC: 00095 | STEP: 0 | IR: load 3 | A: 0 | AR: 3 | NZ: 00 | IE: 1 | PENDING: 0 | IN_INTR: 0 | DS: [167480] | RS: [10] | MEM: read mem[3] | LATCH: DS.push,PC | OUT: '' | load.read
TICK: 003272 | PC: 00095 | STEP: 1 | IR: load 1 | A: 0 | AR: 1 | NZ: 00 | IE: 1 | PENDING: 0 | IN_INTR: 0 | DS: [167480] | RS: [10] | MEM: - | LATCH: AR | OUT: '' | load.addr 1
TICK: 003273 | PC: 00100 | STEP: 0 | IR: load 1 | A: 0 | AR: 1 | NZ: 00 | IE: 1 | PENDING: 0 | IN_INTR: 0 | DS: [167480, 80] | RS: [10] | MEM: read mem[1] | LATCH: DS.push,PC | OUT: '' | load.read
TICK: 003274 | PC: 00100 | STEP: 1 | IR: load 1 | A: 0 | AR: 1 | NZ: 00 | IE: 1 | PENDING: 0 | IN_INTR: 0 | DS: [167480, 80] | RS: [10] | MEM: - | LATCH: AR | OUT: '' | load.addr 1
TICK: 003275 | PC: 00105 | STEP: 0 | IR: load 1 | A: 0 | AR: 1 | NZ: 00 | IE: 1 | PENDING: 0 | IN_INTR: 0 | DS: [167480, 80, 80] | RS: [10] | MEM: read mem[1] | LATCH: DS.push,PC | OUT: '' | load.read
TICK: 003276 | PC: 00105 | STEP: 1 | IR: mul | A: 0 | AR: 1 | NZ: 00 | IE: 1 | PENDING: 0 | IN_INTR: 0 | DS: [167480] | RS: [10] | MEM: - | LATCH: ALU.left,ALU.right | OUT: '' | mul.load_operands
TICK: 003277 | PC: 00106 | STEP: 0 | IR: mul | A: 0 | AR: 1 | NZ: 00 | IE: 1 | PENDING: 0 | IN_INTR: 0 | DS: [167480, 6400] | RS: [10] | MEM: - | LATCH: DS.push(ALU),PC | OUT: '' | mul.write_result
TICK: 003278 | PC: 00106 | STEP: 1 | IR: add | A: 0 | AR: 1 | NZ: 00 | IE: 1 | PENDING: 0 | IN_INTR: 0 | DS: [] | RS: [10] | MEM: - | LATCH: ALU.left,ALU.right | OUT: '' | add.load_operands
TICK: 003279 | PC: 00107 | STEP: 0 | IR: add | A: 0 | AR: 1 | NZ: 00 | IE: 1 | PENDING: 0 | IN_INTR: 0 | DS: [173880] | RS: [10] | MEM: - | LATCH: DS.push(ALU),PC | OUT: '' | add.write_result
TICK: 003280 | PC: 00108 | STEP: 0 | IR: dup | A: 0 | AR: 1 | NZ: 00 | IE: 1 | PENDING: 0 | IN_INTR: 0 | DS: [173880, 173880] | RS: [10] | MEM: - | LATCH: DS.dup,PC | OUT: '' | dup
TICK: 003281 | PC: 00108 | STEP: 1 | IR: store 3 | A: 0 | AR: 3 | NZ: 00 | IE: 1 | PENDING: 0 | IN_INTR: 0 | DS: [173880, 173880] | RS: [10] | MEM: - | LATCH: AR | OUT: '' | store.addr 3
TICK: 003282 | PC: 00113 | STEP: 0 | IR: store 3 | A: 0 | AR: 3 | NZ: 00 | IE: 1 | PENDING: 0 | IN_INTR: 0 | DS: [173880] | RS: [10] | MEM: write mem[3] <- 173880 | LATCH: MEM,PC | OUT: '' | store.write
TICK: 003283 | PC: 00114 | STEP: 0 | IR: drop | A: 0 | AR: 3 | NZ: 00 | IE: 1 | PENDING: 0 | IN_INTR: 0 | DS: [] | RS: [10] | MEM: - | LATCH: PC | OUT: '' | drop
TICK: 003284 | PC: 00114 | STEP: 1 | IR: load 1 | A: 0 | AR: 1 | NZ: 00 | IE: 1 | PENDING: 0 | IN_INTR: 0 | DS: [] | RS: [10] | MEM: - | LATCH: AR | OUT: '' | load.addr 1
TICK: 003285 | PC: 00119 | STEP: 0 | IR: load 1 | A: 0 | AR: 1 | NZ: 00 | IE: 1 | PENDING: 0 | IN_INTR: 0 | DS: [80] | RS: [10] | MEM: read mem[1] | LATCH: DS.push,PC | OUT: '' | load.read
TICK: 003286 | PC: 00124 | STEP: 0 | IR: literal 1 | A: 0 | AR: 1 | NZ: 00 | IE: 1 | PENDING: 0 | IN_INTR: 0 | DS: [80, 1] | RS: [10] | MEM: - | LATCH: DS.push,PC | OUT: '' | literal 1
TICK: 003287 | PC: 00124 | STEP: 1 | IR: add | A: 0 | AR: 1 | NZ: 00 | IE: 1 | PENDING: 0 | IN_INTR: 0 | DS: [] | RS: [10] | MEM: - | LATCH: ALU.left,ALU.right | OUT: '' | add.load_operands
TICK: 003288 | PC: 00125 | STEP: 0 | IR: add | A: 0 | AR: 1 | NZ: 00 | IE: 1 | PENDING: 0 | IN_INTR: 0 | DS: [81] | RS: [10] | MEM: - | LATCH: DS.push(ALU),PC | OUT: '' | add.write_result
TICK: 003289 | PC: 00126 | STEP: 0 | IR: dup | A: 0 | AR: 1 | NZ: 00 | IE: 1 | PENDING: 0 | IN_INTR: 0 | DS: [81, 81] | RS: [10] | MEM: - | LATCH: DS.dup,PC | OUT: '' | dup
TICK: 003290 | PC: 00126 | STEP: 1 | IR: store 1 | A: 0 | AR: 1 | NZ: 00 | IE: 1 | PENDING: 0 | IN_INTR: 0 | DS: [81, 81] | RS: [10] | MEM: - | LATCH: AR | OUT: '' | store.addr 1
TICK: 003291 | PC: 00131 | STEP: 0 | IR: store 1 | A: 0 | AR: 1 | NZ: 00 | IE: 1 | PENDING: 0 | IN_INTR: 0 | DS: [81] | RS: [10] | MEM: write mem[1] <- 81 | LATCH: MEM,PC | OUT: '' | store.write
TICK: 003292 | PC: 00132 | STEP: 0 | IR: drop | A: 0 | AR: 1 | NZ: 00 | IE: 1 | PENDING: 0 | IN_INTR: 0 | DS: [] | RS: [10] | MEM: - | LATCH: PC | OUT: '' | drop
TICK: 003293 | PC: 00051 | STEP: 0 | IR: jmp 51 | A: 0 | AR: 1 | NZ: 00 | IE: 1 | PENDING: 0 | IN_INTR: 0 | DS: [] | RS: [10] | MEM: - | LATCH: PC | OUT: '' | jmp 51
TICK: 003294 | PC: 00056 | STEP: 0 | IR: literal 100 | A: 0 | AR: 1 | NZ: 00 | IE: 1 | PENDING: 0 | IN_INTR: 0 | DS: [100] | RS: [10] | MEM: - | LATCH: DS.push,PC | OUT: '' | literal 100
TICK: 003295 | PC: 00056 | STEP: 1 | IR: load 1 | A: 0 | AR: 1 | NZ: 00 | IE: 1 | PENDING: 0 | IN_INTR: 0 | DS: [100] | RS: [10] | MEM: - | LATCH: AR | OUT: '' | load.addr 1
TICK: 003296 | PC: 00061 | STEP: 0 | IR: load 1 | A: 0 | AR: 1 | NZ: 00 | IE: 1 | PENDING: 0 | IN_INTR: 0 | DS: [100, 81] | RS: [10] | MEM: read mem[1] | LATCH: DS.push,PC | OUT: '' | load.read
TICK: 003297 | PC: 00061 | STEP: 1 | IR: sub | A: 0 | AR: 1 | NZ: 00 | IE: 1 | PENDING: 0 | IN_INTR: 0 | DS: [] | RS: [10] | MEM: - | LATCH: ALU.left,ALU.right | OUT: '' | sub.load_operands
TICK: 003298 | PC: 00062 | STEP: 0 | IR: sub | A: 0 | AR: 1 | NZ: 00 | IE: 1 | PENDING: 0 | IN_INTR: 0 | DS: [19] | RS: [10] | MEM: - | LATCH: DS.push(ALU),PC | OUT: '' | sub.write_result
TICK: 003299 | PC: 00062 | STEP: 1 | IR: mif 72 | A: 0 | AR: 1 | NZ: 00 | IE: 1 | PENDING: 0 | IN_INTR: 0 | DS: [] | RS: [10] | MEM: - | LATCH: ALU.left | OUT: '' | mif.test
TICK: 003300 | PC: 00072 | STEP: 0 | IR: mif 72 | A: 0 | AR: 1 | NZ: 00 | IE: 1 | PENDING: 0 | IN_INTR: 0 | DS: [] | RS: [10] | MEM: - | LATCH: PC | OUT: '' | mif.branch
TICK: 003301 | PC: 00072 | STEP: 1 | IR: load 2 | A: 0 | AR: 2 | NZ: 00 | IE: 1 | PENDING: 0 | IN_INTR: 0 | DS: [] | RS: [10] | MEM: - | LATCH: AR | OUT: '' | load.addr 2
TICK: 003302 | PC: 00077 | STEP: 0 | IR: load 2 | A: 0 | AR: 2 | NZ: 00 | IE: 1 | PENDING: 0 | IN_INTR: 0 | DS: [3240] | RS: [10] | MEM: read mem[2] | LATCH: DS.push,PC | OUT: '' | load.read
TICK: 003303 | PC: 00077 | STEP: 1 | IR: load 1 | A: 0 | AR: 1 | NZ: 00 | IE: 1 | PENDING: 0 | IN_INTR: 0 | DS: [3240] | RS: [10] | MEM: - | LATCH: AR | OUT: '' | load.addr 1
TICK: 003304 | PC: 00082 | STEP: 0 | IR: load 1 | A: 0 | AR: 1 | NZ: 00 | IE: 1 | PENDING: 0 | IN_INTR: 0 | DS: [3240, 81] | RS: [10] | MEM: read mem[1] | LATCH: DS.push,PC | OUT: '' | load.read
TICK: 003305 | PC: 00082 | STEP: 1 | IR: add | A: 0 | AR: 1 | NZ: 00 | IE: 1 | PENDING: 0 | IN_INTR: 0 | DS: [] | RS: [10] | MEM: - | LATCH: ALU.left,ALU.right | OUT: '' | add.load_operands
TICK: 003306 | PC: 00083 | STEP: 0 | IR: add | A: 0 | AR: 1 | NZ: 00 | IE: 1 | PENDING: 0 | IN_INTR: 0 | DS: [3321] | RS: [10] | MEM: - | LATCH: DS.push(ALU),PC | OUT: '' | add.write_result
TICK: 003307 | PC: 00084 | STEP: 0 | IR: dup | A: 0 | AR: 1 | NZ: 00 | IE: 1 | PENDING: 0 | IN_INTR: 0 | DS: [3321, 3321] | RS: [10] | MEM: - | LATCH: DS.dup,PC | OUT: '' | dup
TICK: 003308 | PC: 00084 | STEP: 1 | IR: store 2 | A: 0 | AR: 2 | NZ: 00 | IE: 1 | PENDING: 0 | IN_INTR: 0 | DS: [3321, 3321] | RS: [10] | MEM: - | LATCH: AR | OUT: '' | store.addr 2
TICK: 003309 | PC: 00089 | STEP: 0 | IR: store 2 | A: 0 | AR: 2 | NZ: 00 | IE: 1 | PENDING: 0 | IN_INTR: 0 | DS: [3321] | RS: [10] | MEM: write mem[2] <- 3321 | LATCH: MEM,PC | OUT: '' | store.write
TICK: 003310 | PC: 00090 | STEP: 0 | IR: drop | A: 0 | AR: 2 | NZ: 00 | IE: 1 | PENDING: 0 | IN_INTR: 0 | DS: [] | RS: [10] | MEM: - | LATCH: PC | OUT: '' | drop
TICK: 003311 | PC: 00090 | STEP: 1 | IR: load 3 | A: 0 | AR: 3 | NZ: 00 | IE: 1 | PENDING: 0 | IN_INTR: 0 | DS: [] | RS: [10] | MEM: - | LATCH: AR | OUT: '' | load.addr 3
TICK: 003312 | PC: 00095 | STEP: 0 | IR: load 3 | A: 0 | AR: 3 | NZ: 00 | IE: 1 | PENDING: 0 | IN_INTR: 0 | DS: [173880] | RS: [10] | MEM: read mem[3] | LATCH: DS.push,PC | OUT: '' | load.read
TICK: 003313 | PC: 00095 | STEP: 1 | IR: load 1 | A: 0 | AR: 1 | NZ: 00 | IE: 1 | PENDING: 0 | IN_INTR: 0 | DS: [173880] | RS: [10] | MEM: - | LATCH: AR | OUT: '' | load.addr 1
TICK: 003314 | PC: 00100 | STEP: 0 | IR: load 1 | A: 0 | AR: 1 | NZ: 00 | IE: 1 | PENDING: 0 | IN_INTR: 0 | DS: [173880, 81] | RS: [10] | MEM: read mem[1] | LATCH: DS.push,PC | OUT: '' | load.read
TICK: 003315 | PC: 00100 | STEP: 1 | IR: load 1 | A: 0 | AR: 1 | NZ: 00 | IE: 1 | PENDING: 0 | IN_INTR: 0 | DS: [173880, 81] | RS: [10] | MEM: - | LATCH: AR | OUT: '' | load.addr 1
TICK: 003316 | PC: 00105 | STEP: 0 | IR: load 1 | A: 0 | AR: 1 | NZ: 00 | IE: 1 | PENDING: 0 | IN_INTR: 0 | DS: [173880, 81, 81] | RS: [10] | MEM: read mem[1] | LATCH: DS.push,PC | OUT: '' | load.read
TICK: 003317 | PC: 00105 | STEP: 1 | IR: mul | A: 0 | AR: 1 | NZ: 00 | IE: 1 | PENDING: 0 | IN_INTR: 0 | DS: [173880] | RS: [10] | MEM: - | LATCH: ALU.left,ALU.right | OUT: '' | mul.load_operands
TICK: 003318 | PC: 00106 | STEP: 0 | IR: mul | A: 0 | AR: 1 | NZ: 00 | IE: 1 | PENDING: 0 | IN_INTR: 0 | DS: [173880, 6561] | RS: [10] | MEM: - | LATCH: DS.push(ALU),PC | OUT: '' | mul.write_result
TICK: 003319 | PC: 00106 | STEP: 1 | IR: add | A: 0 | AR: 1 | NZ: 00 | IE: 1 | PENDING: 0 | IN_INTR: 0 | DS: [] | RS: [10] | MEM: - | LATCH: ALU.left,ALU.right | OUT: '' | add.load_operands
TICK: 003320 | PC: 00107 | STEP: 0 | IR: add | A: 0 | AR: 1 | NZ: 00 | IE: 1 | PENDING: 0 | IN_INTR: 0 | DS: [180441] | RS: [10] | MEM: - | LATCH: DS.push(ALU),PC | OUT: '' | add.write_result
TICK: 003321 | PC: 00108 | STEP: 0 | IR: dup | A: 0 | AR: 1 | NZ: 00 | IE: 1 | PENDING: 0 | IN_INTR: 0 | DS: [180441, 180441] | RS: [10] | MEM: - | LATCH: DS.dup,PC | OUT: '' | dup
TICK: 003322 | PC: 00108 | STEP: 1 | IR: store 3 | A: 0 | AR: 3 | NZ: 00 | IE: 1 | PENDING: 0 | IN_INTR: 0 | DS: [180441, 180441] | RS: [10] | MEM: - | LATCH: AR | OUT: '' | store.addr 3
TICK: 003323 | PC: 00113 | STEP: 0 | IR: store 3 | A: 0 | AR: 3 | NZ: 00 | IE: 1 | PENDING: 0 | IN_INTR: 0 | DS: [180441] | RS: [10] | MEM: write mem[3] <- 180441 | LATCH: MEM,PC | OUT: '' | store.write
TICK: 003324 | PC: 00114 | STEP: 0 | IR: drop | A: 0 | AR: 3 | NZ: 00 | IE: 1 | PENDING: 0 | IN_INTR: 0 | DS: [] | RS: [10] | MEM: - | LATCH: PC | OUT: '' | drop
TICK: 003325 | PC: 00114 | STEP: 1 | IR: load 1 | A: 0 | AR: 1 | NZ: 00 | IE: 1 | PENDING: 0 | IN_INTR: 0 | DS: [] | RS: [10] | MEM: - | LATCH: AR | OUT: '' | load.addr 1
TICK: 003326 | PC: 00119 | STEP: 0 | IR: load 1 | A: 0 | AR: 1 | NZ: 00 | IE: 1 | PENDING: 0 | IN_INTR: 0 | DS: [81] | RS: [10] | MEM: read mem[1] | LATCH: DS.push,PC | OUT: '' | load.read
TICK: 003327 | PC: 00124 | STEP: 0 | IR: literal 1 | A: 0 | AR: 1 | NZ: 00 | IE: 1 | PENDING: 0 | IN_INTR: 0 | DS: [81, 1] | RS: [10] | MEM: - | LATCH: DS.push,PC | OUT: '' | literal 1
TICK: 003328 | PC: 00124 | STEP: 1 | IR: add | A: 0 | AR: 1 | NZ: 00 | IE: 1 | PENDING: 0 | IN_INTR: 0 | DS: [] | RS: [10] | MEM: - | LATCH: ALU.left,ALU.right | OUT: '' | add.load_operands
TICK: 003329 | PC: 00125 | STEP: 0 | IR: add | A: 0 | AR: 1 | NZ: 00 | IE: 1 | PENDING: 0 | IN_INTR: 0 | DS: [82] | RS: [10] | MEM: - | LATCH: DS.push(ALU),PC | OUT: '' | add.write_result
TICK: 003330 | PC: 00126 | STEP: 0 | IR: dup | A: 0 | AR: 1 | NZ: 00 | IE: 1 | PENDING: 0 | IN_INTR: 0 | DS: [82, 82] | RS: [10] | MEM: - | LATCH: DS.dup,PC | OUT: '' | dup
TICK: 003331 | PC: 00126 | STEP: 1 | IR: store 1 | A: 0 | AR: 1 | NZ: 00 | IE: 1 | PENDING: 0 | IN_INTR: 0 | DS: [82, 82] | RS: [10] | MEM: - | LATCH: AR | OUT: '' | store.addr 1
TICK: 003332 | PC: 00131 | STEP: 0 | IR: store 1 | A: 0 | AR: 1 | NZ: 00 | IE: 1 | PENDING: 0 | IN_INTR: 0 | DS: [82] | RS: [10] | MEM: write mem[1] <- 82 | LATCH: MEM,PC | OUT: '' | store.write
TICK: 003333 | PC: 00132 | STEP: 0 | IR: drop | A: 0 | AR: 1 | NZ: 00 | IE: 1 | PENDING: 0 | IN_INTR: 0 | DS: [] | RS: [10] | MEM: - | LATCH: PC | OUT: '' | drop
TICK: 003334 | PC: 00051 | STEP: 0 | IR: jmp 51 | A: 0 | AR: 1 | NZ: 00 | IE: 1 | PENDING: 0 | IN_INTR: 0 | DS: [] | RS: [10] | MEM: - | LATCH: PC | OUT: '' | jmp 51
TICK: 003335 | PC: 00056 | STEP: 0 | IR: literal 100 | A: 0 | AR: 1 | NZ: 00 | IE: 1 | PENDING: 0 | IN_INTR: 0 | DS: [100] | RS: [10] | MEM: - | LATCH: DS.push,PC | OUT: '' | literal 100
TICK: 003336 | PC: 00056 | STEP: 1 | IR: load 1 | A: 0 | AR: 1 | NZ: 00 | IE: 1 | PENDING: 0 | IN_INTR: 0 | DS: [100] | RS: [10] | MEM: - | LATCH: AR | OUT: '' | load.addr 1
TICK: 003337 | PC: 00061 | STEP: 0 | IR: load 1 | A: 0 | AR: 1 | NZ: 00 | IE: 1 | PENDING: 0 | IN_INTR: 0 | DS: [100, 82] | RS: [10] | MEM: read mem[1] | LATCH: DS.push,PC | OUT: '' | load.read
TICK: 003338 | PC: 00061 | STEP: 1 | IR: sub | A: 0 | AR: 1 | NZ: 00 | IE: 1 | PENDING: 0 | IN_INTR: 0 | DS: [] | RS: [10] | MEM: - | LATCH: ALU.left,ALU.right | OUT: '' | sub.load_operands
TICK: 003339 | PC: 00062 | STEP: 0 | IR: sub | A: 0 | AR: 1 | NZ: 00 | IE: 1 | PENDING: 0 | IN_INTR: 0 | DS: [18] | RS: [10] | MEM: - | LATCH: DS.push(ALU),PC | OUT: '' | sub.write_result
TICK: 003340 | PC: 00062 | STEP: 1 | IR: mif 72 | A: 0 | AR: 1 | NZ: 00 | IE: 1 | PENDING: 0 | IN_INTR: 0 | DS: [] | RS: [10] | MEM: - | LATCH: ALU.left | OUT: '' | mif.test
TICK: 003341 | PC: 00072 | STEP: 0 | IR: mif 72 | A: 0 | AR: 1 | NZ: 00 | IE: 1 | PENDING: 0 | IN_INTR: 0 | DS: [] | RS: [10] | MEM: - | LATCH: PC | OUT: '' | mif.branch
TICK: 003342 | PC: 00072 | STEP: 1 | IR: load 2 | A: 0 | AR: 2 | NZ: 00 | IE: 1 | PENDING: 0 | IN_INTR: 0 | DS: [] | RS: [10] | MEM: - | LATCH: AR | OUT: '' | load.addr 2
TICK: 003343 | PC: 00077 | STEP: 0 | IR: load 2 | A: 0 | AR: 2 | NZ: 00 | IE: 1 | PENDING: 0 | IN_INTR: 0 | DS: [3321] | RS: [10] | MEM: read mem[2] | LATCH: DS.push,PC | OUT: '' | load.read
TICK: 003344 | PC: 00077 | STEP: 1 | IR: load 1 | A: 0 | AR: 1 | NZ: 00 | IE: 1 | PENDING: 0 | IN_INTR: 0 | DS: [3321] | RS: [10] | MEM: - | LATCH: AR | OUT: '' | load.addr 1
TICK: 003345 | PC: 00082 | STEP: 0 | IR: load 1 | A: 0 | AR: 1 | NZ: 00 | IE: 1 | PENDING: 0 | IN_INTR: 0 | DS: [3321, 82] | RS: [10] | MEM: read mem[1] | LATCH: DS.push,PC | OUT: '' | load.read
TICK: 003346 | PC: 00082 | STEP: 1 | IR: add | A: 0 | AR: 1 | NZ: 00 | IE: 1 | PENDING: 0 | IN_INTR: 0 | DS: [] | RS: [10] | MEM: - | LATCH: ALU.left,ALU.right | OUT: '' | add.load_operands
TICK: 003347 | PC: 00083 | STEP: 0 | IR: add | A: 0 | AR: 1 | NZ: 00 | IE: 1 | PENDING: 0 | IN_INTR: 0 | DS: [3403] | RS: [10] | MEM: - | LATCH: DS.push(ALU),PC | OUT: '' | add.write_result
TICK: 003348 | PC: 00084 | STEP: 0 | IR: dup | A: 0 | AR: 1 | NZ: 00 | IE: 1 | PENDING: 0 | IN_INTR: 0 | DS: [3403, 3403] | RS: [10] | MEM: - | LATCH: DS.dup,PC | OUT: '' | dup
TICK: 003349 | PC: 00084 | STEP: 1 | IR: store 2 | A: 0 | AR: 2 | NZ: 00 | IE: 1 | PENDING: 0 | IN_INTR: 0 | DS: [3403, 3403] | RS: [10] | MEM: - | LATCH: AR | OUT: '' | store.addr 2
TICK: 003350 | PC: 00089 | STEP: 0 | IR: store 2 | A: 0 | AR: 2 | NZ: 00 | IE: 1 | PENDING: 0 | IN_INTR: 0 | DS: [3403] | RS: [10] | MEM: write mem[2] <- 3403 | LATCH: MEM,PC | OUT: '' | store.write
TICK: 003351 | PC: 00090 | STEP: 0 | IR: drop | A: 0 | AR: 2 | NZ: 00 | IE: 1 | PENDING: 0 | IN_INTR: 0 | DS: [] | RS: [10] | MEM: - | LATCH: PC | OUT: '' | drop
TICK: 003352 | PC: 00090 | STEP: 1 | IR: load 3 | A: 0 | AR: 3 | NZ: 00 | IE: 1 | PENDING: 0 | IN_INTR: 0 | DS: [] | RS: [10] | MEM: - | LATCH: AR | OUT: '' | load.addr 3
TICK: 003353 | PC: 00095 | STEP: 0 | IR: load 3 | A: 0 | AR: 3 | NZ: 00 | IE: 1 | PENDING: 0 | IN_INTR: 0 | DS: [180441] | RS: [10] | MEM: read mem[3] | LATCH: DS.push,PC | OUT: '' | load.read
TICK: 003354 | PC: 00095 | STEP: 1 | IR: load 1 | A: 0 | AR: 1 | NZ: 00 | IE: 1 | PENDING: 0 | IN_INTR: 0 | DS: [180441] | RS: [10] | MEM: - | LATCH: AR | OUT: '' | load.addr 1
TICK: 003355 | PC: 00100 | STEP: 0 | IR: load 1 | A: 0 | AR: 1 | NZ: 00 | IE: 1 | PENDING: 0 | IN_INTR: 0 | DS: [180441, 82] | RS: [10] | MEM: read mem[1] | LATCH: DS.push,PC | OUT: '' | load.read
TICK: 003356 | PC: 00100 | STEP: 1 | IR: load 1 | A: 0 | AR: 1 | NZ: 00 | IE: 1 | PENDING: 0 | IN_INTR: 0 | DS: [180441, 82] | RS: [10] | MEM: - | LATCH: AR | OUT: '' | load.addr 1
TICK: 003357 | PC: 00105 | STEP: 0 | IR: load 1 | A: 0 | AR: 1 | NZ: 00 | IE: 1 | PENDING: 0 | IN_INTR: 0 | DS: [180441, 82, 82] | RS: [10] | MEM: read mem[1] | LATCH: DS.push,PC | OUT: '' | load.read
TICK: 003358 | PC: 00105 | STEP: 1 | IR: mul | A: 0 | AR: 1 | NZ: 00 | IE: 1 | PENDING: 0 | IN_INTR: 0 | DS: [180441] | RS: [10] | MEM: - | LATCH: ALU.left,ALU.right | OUT: '' | mul.load_operands
TICK: 003359 | PC: 00106 | STEP: 0 | IR: mul | A: 0 | AR: 1 | NZ: 00 | IE: 1 | PENDING: 0 | IN_INTR: 0 | DS: [180441, 6724] | RS: [10] | MEM: - | LATCH: DS.push(ALU),PC | OUT: '' | mul.write_result
TICK: 003360 | PC: 00106 | STEP: 1 | IR: add | A: 0 | AR: 1 | NZ: 00 | IE: 1 | PENDING: 0 | IN_INTR: 0 | DS: [] | RS: [10] | MEM: - | LATCH: ALU.left,ALU.right | OUT: '' | add.load_operands
TICK: 003361 | PC: 00107 | STEP: 0 | IR: add | A: 0 | AR: 1 | NZ: 00 | IE: 1 | PENDING: 0 | IN_INTR: 0 | DS: [187165] | RS: [10] | MEM: - | LATCH: DS.push(ALU),PC | OUT: '' | add.write_result
TICK: 003362 | PC: 00108 | STEP: 0 | IR: dup | A: 0 | AR: 1 | NZ: 00 | IE: 1 | PENDING: 0 | IN_INTR: 0 | DS: [187165, 187165] | RS: [10] | MEM: - | LATCH: DS.dup,PC | OUT: '' | dup
TICK: 003363 | PC: 00108 | STEP: 1 | IR: store 3 | A: 0 | AR: 3 | NZ: 00 | IE: 1 | PENDING: 0 | IN_INTR: 0 | DS: [187165, 187165] | RS: [10] | MEM: - | LATCH: AR | OUT: '' | store.addr 3
TICK: 003364 | PC: 00113 | STEP: 0 | IR: store 3 | A: 0 | AR: 3 | NZ: 00 | IE: 1 | PENDING: 0 | IN_INTR: 0 | DS: [187165] | RS: [10] | MEM: write mem[3] <- 187165 | LATCH: MEM,PC | OUT: '' | store.write
TICK: 003365 | PC: 00114 | STEP: 0 | IR: drop | A: 0 | AR: 3 | NZ: 00 | IE: 1 | PENDING: 0 | IN_INTR: 0 | DS: [] | RS: [10] | MEM: - | LATCH: PC | OUT: '' | drop
TICK: 003366 | PC: 00114 | STEP: 1 | IR: load 1 | A: 0 | AR: 1 | NZ: 00 | IE: 1 | PENDING: 0 | IN_INTR: 0 | DS: [] | RS: [10] | MEM: - | LATCH: AR | OUT: '' | load.addr 1
TICK: 003367 | PC: 00119 | STEP: 0 | IR: load 1 | A: 0 | AR: 1 | NZ: 00 | IE: 1 | PENDING: 0 | IN_INTR: 0 | DS: [82] | RS: [10] | MEM: read mem[1] | LATCH: DS.push,PC | OUT: '' | load.read
TICK: 003368 | PC: 00124 | STEP: 0 | IR: literal 1 | A: 0 | AR: 1 | NZ: 00 | IE: 1 | PENDING: 0 | IN_INTR: 0 | DS: [82, 1] | RS: [10] | MEM: - | LATCH: DS.push,PC | OUT: '' | literal 1
TICK: 003369 | PC: 00124 | STEP: 1 | IR: add | A: 0 | AR: 1 | NZ: 00 | IE: 1 | PENDING: 0 | IN_INTR: 0 | DS: [] | RS: [10] | MEM: - | LATCH: ALU.left,ALU.right | OUT: '' | add.load_operands
TICK: 003370 | PC: 00125 | STEP: 0 | IR: add | A: 0 | AR: 1 | NZ: 00 | IE: 1 | PENDING: 0 | IN_INTR: 0 | DS: [83] | RS: [10] | MEM: - | LATCH: DS.push(ALU),PC | OUT: '' | add.write_result
TICK: 003371 | PC: 00126 | STEP: 0 | IR: dup | A: 0 | AR: 1 | NZ: 00 | IE: 1 | PENDING: 0 | IN_INTR: 0 | DS: [83, 83] | RS: [10] | MEM: - | LATCH: DS.dup,PC | OUT: '' | dup
TICK: 003372 | PC: 00126 | STEP: 1 | IR: store 1 | A: 0 | AR: 1 | NZ: 00 | IE: 1 | PENDING: 0 | IN_INTR: 0 | DS: [83, 83] | RS: [10] | MEM: - | LATCH: AR | OUT: '' | store.addr 1
TICK: 003373 | PC: 00131 | STEP: 0 | IR: store 1 | A: 0 | AR: 1 | NZ: 00 | IE: 1 | PENDING: 0 | IN_INTR: 0 | DS: [83] | RS: [10] | MEM: write mem[1] <- 83 | LATCH: MEM,PC | OUT: '' | store.write
TICK: 003374 | PC: 00132 | STEP: 0 | IR: drop | A: 0 | AR: 1 | NZ: 00 | IE: 1 | PENDING: 0 | IN_INTR: 0 | DS: [] | RS: [10] | MEM: - | LATCH: PC | OUT: '' | drop
TICK: 003375 | PC: 00051 | STEP: 0 | IR: jmp 51 | A: 0 | AR: 1 | NZ: 00 | IE: 1 | PENDING: 0 | IN_INTR: 0 | DS: [] | RS: [10] | MEM: - | LATCH: PC | OUT: '' | jmp 51
TICK: 003376 | PC: 00056 | STEP: 0 | IR: literal 100 | A: 0 | AR: 1 | NZ: 00 | IE: 1 | PENDING: 0 | IN_INTR: 0 | DS: [100] | RS: [10] | MEM: - | LATCH: DS.push,PC | OUT: '' | literal 100
TICK: 003377 | PC: 00056 | STEP: 1 | IR: load 1 | A: 0 | AR: 1 | NZ: 00 | IE: 1 | PENDING: 0 | IN_INTR: 0 | DS: [100] | RS: [10] | MEM: - | LATCH: AR | OUT: '' | load.addr 1
TICK: 003378 | PC: 00061 | STEP: 0 | IR: load 1 | A: 0 | AR: 1 | NZ: 00 | IE: 1 | PENDING: 0 | IN_INTR: 0 | DS: [100, 83] | RS: [10] | MEM: read mem[1] | LATCH: DS.push,PC | OUT: '' | load.read
TICK: 003379 | PC: 00061 | STEP: 1 | IR: sub | A: 0 | AR: 1 | NZ: 00 | IE: 1 | PENDING: 0 | IN_INTR: 0 | DS: [] | RS: [10] | MEM: - | LATCH: ALU.left,ALU.right | OUT: '' | sub.load_operands
TICK: 003380 | PC: 00062 | STEP: 0 | IR: sub | A: 0 | AR: 1 | NZ: 00 | IE: 1 | PENDING: 0 | IN_INTR: 0 | DS: [17] | RS: [10] | MEM: - | LATCH: DS.push(ALU),PC | OUT: '' | sub.write_result
TICK: 003381 | PC: 00062 | STEP: 1 | IR: mif 72 | A: 0 | AR: 1 | NZ: 00 | IE: 1 | PENDING: 0 | IN_INTR: 0 | DS: [] | RS: [10] | MEM: - | LATCH: ALU.left | OUT: '' | mif.test
TICK: 003382 | PC: 00072 | STEP: 0 | IR: mif 72 | A: 0 | AR: 1 | NZ: 00 | IE: 1 | PENDING: 0 | IN_INTR: 0 | DS: [] | RS: [10] | MEM: - | LATCH: PC | OUT: '' | mif.branch
TICK: 003383 | PC: 00072 | STEP: 1 | IR: load 2 | A: 0 | AR: 2 | NZ: 00 | IE: 1 | PENDING: 0 | IN_INTR: 0 | DS: [] | RS: [10] | MEM: - | LATCH: AR | OUT: '' | load.addr 2
TICK: 003384 | PC: 00077 | STEP: 0 | IR: load 2 | A: 0 | AR: 2 | NZ: 00 | IE: 1 | PENDING: 0 | IN_INTR: 0 | DS: [3403] | RS: [10] | MEM: read mem[2] | LATCH: DS.push,PC | OUT: '' | load.read
TICK: 003385 | PC: 00077 | STEP: 1 | IR: load 1 | A: 0 | AR: 1 | NZ: 00 | IE: 1 | PENDING: 0 | IN_INTR: 0 | DS: [3403] | RS: [10] | MEM: - | LATCH: AR | OUT: '' | load.addr 1
TICK: 003386 | PC: 00082 | STEP: 0 | IR: load 1 | A: 0 | AR: 1 | NZ: 00 | IE: 1 | PENDING: 0 | IN_INTR: 0 | DS: [3403, 83] | RS: [10] | MEM: read mem[1] | LATCH: DS.push,PC | OUT: '' | load.read
TICK: 003387 | PC: 00082 | STEP: 1 | IR: add | A: 0 | AR: 1 | NZ: 00 | IE: 1 | PENDING: 0 | IN_INTR: 0 | DS: [] | RS: [10] | MEM: - | LATCH: ALU.left,ALU.right | OUT: '' | add.load_operands
TICK: 003388 | PC: 00083 | STEP: 0 | IR: add | A: 0 | AR: 1 | NZ: 00 | IE: 1 | PENDING: 0 | IN_INTR: 0 | DS: [3486] | RS: [10] | MEM: - | LATCH: DS.push(ALU),PC | OUT: '' | add.write_result
TICK: 003389 | PC: 00084 | STEP: 0 | IR: dup | A: 0 | AR: 1 | NZ: 00 | IE: 1 | PENDING: 0 | IN_INTR: 0 | DS: [3486, 3486] | RS: [10] | MEM: - | LATCH: DS.dup,PC | OUT: '' | dup
TICK: 003390 | PC: 00084 | STEP: 1 | IR: store 2 | A: 0 | AR: 2 | NZ: 00 | IE: 1 | PENDING: 0 | IN_INTR: 0 | DS: [3486, 3486] | RS: [10] | MEM: - | LATCH: AR | OUT: '' | store.addr 2
TICK: 003391 | PC: 00089 | STEP: 0 | IR: store 2 | A: 0 | AR: 2 | NZ: 00 | IE: 1 | PENDING: 0 | IN_INTR: 0 | DS: [3486] | RS: [10] | MEM: write mem[2] <- 3486 | LATCH: MEM,PC | OUT: '' | store.write
TICK: 003392 | PC: 00090 | STEP: 0 | IR: drop | A: 0 | AR: 2 | NZ: 00 | IE: 1 | PENDING: 0 | IN_INTR: 0 | DS: [] | RS: [10] | MEM: - | LATCH: PC | OUT: '' | drop
TICK: 003393 | PC: 00090 | STEP: 1 | IR: load 3 | A: 0 | AR: 3 | NZ: 00 | IE: 1 | PENDING: 0 | IN_INTR: 0 | DS: [] | RS: [10] | MEM: - | LATCH: AR | OUT: '' | load.addr 3
TICK: 003394 | PC: 00095 | STEP: 0 | IR: load 3 | A: 0 | AR: 3 | NZ: 00 | IE: 1 | PENDING: 0 | IN_INTR: 0 | DS: [187165] | RS: [10] | MEM: read mem[3] | LATCH: DS.push,PC | OUT: '' | load.read
TICK: 003395 | PC: 00095 | STEP: 1 | IR: load 1 | A: 0 | AR: 1 | NZ: 00 | IE: 1 | PENDING: 0 | IN_INTR: 0 | DS: [187165] | RS: [10] | MEM: - | LATCH: AR | OUT: '' | load.addr 1
TICK: 003396 | PC: 00100 | STEP: 0 | IR: load 1 | A: 0 | AR: 1 | NZ: 00 | IE: 1 | PENDING: 0 | IN_INTR: 0 | DS: [187165, 83] | RS: [10] | MEM: read mem[1] | LATCH: DS.push,PC | OUT: '' | load.read
TICK: 003397 | PC: 00100 | STEP: 1 | IR: load 1 | A: 0 | AR: 1 | NZ: 00 | IE: 1 | PENDING: 0 | IN_INTR: 0 | DS: [187165, 83] | RS: [10] | MEM: - | LATCH: AR | OUT: '' | load.addr 1
TICK: 003398 | PC: 00105 | STEP: 0 | IR: load 1 | A: 0 | AR: 1 | NZ: 00 | IE: 1 | PENDING: 0 | IN_INTR: 0 | DS: [187165, 83, 83] | RS: [10] | MEM: read mem[1] | LATCH: DS.push,PC | OUT: '' | load.read
TICK: 003399 | PC: 00105 | STEP: 1 | IR: mul | A: 0 | AR: 1 | NZ: 00 | IE: 1 | PENDING: 0 | IN_INTR: 0 | DS: [187165] | RS: [10] | MEM: - | LATCH: ALU.left,ALU.right | OUT: '' | mul.load_operands
TICK: 003400 | PC: 00106 | STEP: 0 | IR: mul | A: 0 | AR: 1 | NZ: 00 | IE: 1 | PENDING: 0 | IN_INTR: 0 | DS: [187165, 6889] | RS: [10] | MEM: - | LATCH: DS.push(ALU),PC | OUT: '' | mul.write_result
TICK: 003401 | PC: 00106 | STEP: 1 | IR: add | A: 0 | AR: 1 | NZ: 00 | IE: 1 | PENDING: 0 | IN_INTR: 0 | DS: [] | RS: [10] | MEM: - | LATCH: ALU.left,ALU.right | OUT: '' | add.load_operands
TICK: 003402 | PC: 00107 | STEP: 0 | IR: add | A: 0 | AR: 1 | NZ: 00 | IE: 1 | PENDING: 0 | IN_INTR: 0 | DS: [194054] | RS: [10] | MEM: - | LATCH: DS.push(ALU),PC | OUT: '' | add.write_result
TICK: 003403 | PC: 00108 | STEP: 0 | IR: dup | A: 0 | AR: 1 | NZ: 00 | IE: 1 | PENDING: 0 | IN_INTR: 0 | DS: [194054, 194054] | RS: [10] | MEM: - | LATCH: DS.dup,PC | OUT: '' | dup
TICK: 003404 | PC: 00108 | STEP: 1 | IR: store 3 | A: 0 | AR: 3 | NZ: 00 | IE: 1 | PENDING: 0 | IN_INTR: 0 | DS: [194054, 194054] | RS: [10] | MEM: - | LATCH: AR | OUT: '' | store.addr 3
TICK: 003405 | PC: 00113 | STEP: 0 | IR: store 3 | A: 0 | AR: 3 | NZ: 00 | IE: 1 | PENDING: 0 | IN_INTR: 0 | DS: [194054] | RS: [10] | MEM: write mem[3] <- 194054 | LATCH: MEM,PC | OUT: '' | store.write
TICK: 003406 | PC: 00114 | STEP: 0 | IR: drop | A: 0 | AR: 3 | NZ: 00 | IE: 1 | PENDING: 0 | IN_INTR: 0 | DS: [] | RS: [10] | MEM: - | LATCH: PC | OUT: '' | drop
TICK: 003407 | PC: 00114 | STEP: 1 | IR: load 1 | A: 0 | AR: 1 | NZ: 00 | IE: 1 | PENDING: 0 | IN_INTR: 0 | DS: [] | RS: [10] | MEM: - | LATCH: AR | OUT: '' | load.addr 1
TICK: 003408 | PC: 00119 | STEP: 0 | IR: load 1 | A: 0 | AR: 1 | NZ: 00 | IE: 1 | PENDING: 0 | IN_INTR: 0 | DS: [83] | RS: [10] | MEM: read mem[1] | LATCH: DS.push,PC | OUT: '' | load.read
TICK: 003409 | PC: 00124 | STEP: 0 | IR: literal 1 | A: 0 | AR: 1 | NZ: 00 | IE: 1 | PENDING: 0 | IN_INTR: 0 | DS: [83, 1] | RS: [10] | MEM: - | LATCH: DS.push,PC | OUT: '' | literal 1
TICK: 003410 | PC: 00124 | STEP: 1 | IR: add | A: 0 | AR: 1 | NZ: 00 | IE: 1 | PENDING: 0 | IN_INTR: 0 | DS: [] | RS: [10] | MEM: - | LATCH: ALU.left,ALU.right | OUT: '' | add.load_operands
TICK: 003411 | PC: 00125 | STEP: 0 | IR: add | A: 0 | AR: 1 | NZ: 00 | IE: 1 | PENDING: 0 | IN_INTR: 0 | DS: [84] | RS: [10] | MEM: - | LATCH: DS.push(ALU),PC | OUT: '' | add.write_result
TICK: 003412 | PC: 00126 | STEP: 0 | IR: dup | A: 0 | AR: 1 | NZ: 00 | IE: 1 | PENDING: 0 | IN_INTR: 0 | DS: [84, 84] | RS: [10] | MEM: - | LATCH: DS.dup,PC | OUT: '' | dup
TICK: 003413 | PC: 00126 | STEP: 1 | IR: store 1 | A: 0 | AR: 1 | NZ: 00 | IE: 1 | PENDING: 0 | IN_INTR: 0 | DS: [84, 84] | RS: [10] | MEM: - | LATCH: AR | OUT: '' | store.addr 1
TICK: 003414 | PC: 00131 | STEP: 0 | IR: store 1 | A: 0 | AR: 1 | NZ: 00 | IE: 1 | PENDING: 0 | IN_INTR: 0 | DS: [84] | RS: [10] | MEM: write mem[1] <- 84 | LATCH: MEM,PC | OUT: '' | store.write
TICK: 003415 | PC: 00132 | STEP: 0 | IR: drop | A: 0 | AR: 1 | NZ: 00 | IE: 1 | PENDING: 0 | IN_INTR: 0 | DS: [] | RS: [10] | MEM: - | LATCH: PC | OUT: '' | drop
TICK: 003416 | PC: 00051 | STEP: 0 | IR: jmp 51 | A: 0 | AR: 1 | NZ: 00 | IE: 1 | PENDING: 0 | IN_INTR: 0 | DS: [] | RS: [10] | MEM: - | LATCH: PC | OUT: '' | jmp 51
TICK: 003417 | PC: 00056 | STEP: 0 | IR: literal 100 | A: 0 | AR: 1 | NZ: 00 | IE: 1 | PENDING: 0 | IN_INTR: 0 | DS: [100] | RS: [10] | MEM: - | LATCH: DS.push,PC | OUT: '' | literal 100
TICK: 003418 | PC: 00056 | STEP: 1 | IR: load 1 | A: 0 | AR: 1 | NZ: 00 | IE: 1 | PENDING: 0 | IN_INTR: 0 | DS: [100] | RS: [10] | MEM: - | LATCH: AR | OUT: '' | load.addr 1
TICK: 003419 | PC: 00061 | STEP: 0 | IR: load 1 | A: 0 | AR: 1 | NZ: 00 | IE: 1 | PENDING: 0 | IN_INTR: 0 | DS: [100, 84] | RS: [10] | MEM: read mem[1] | LATCH: DS.push,PC | OUT: '' | load.read
TICK: 003420 | PC: 00061 | STEP: 1 | IR: sub | A: 0 | AR: 1 | NZ: 00 | IE: 1 | PENDING: 0 | IN_INTR: 0 | DS: [] | RS: [10] | MEM: - | LATCH: ALU.left,ALU.right | OUT: '' | sub.load_operands
TICK: 003421 | PC: 00062 | STEP: 0 | IR: sub | A: 0 | AR: 1 | NZ: 00 | IE: 1 | PENDING: 0 | IN_INTR: 0 | DS: [16] | RS: [10] | MEM: - | LATCH: DS.push(ALU),PC | OUT: '' | sub.write_result
TICK: 003422 | PC: 00062 | STEP: 1 | IR: mif 72 | A: 0 | AR: 1 | NZ: 00 | IE: 1 | PENDING: 0 | IN_INTR: 0 | DS: [] | RS: [10] | MEM: - | LATCH: ALU.left | OUT: '' | mif.test
TICK: 003423 | PC: 00072 | STEP: 0 | IR: mif 72 | A: 0 | AR: 1 | NZ: 00 | IE: 1 | PENDING: 0 | IN_INTR: 0 | DS: [] | RS: [10] | MEM: - | LATCH: PC | OUT: '' | mif.branch
TICK: 003424 | PC: 00072 | STEP: 1 | IR: load 2 | A: 0 | AR: 2 | NZ: 00 | IE: 1 | PENDING: 0 | IN_INTR: 0 | DS: [] | RS: [10] | MEM: - | LATCH: AR | OUT: '' | load.addr 2
TICK: 003425 | PC: 00077 | STEP: 0 | IR: load 2 | A: 0 | AR: 2 | NZ: 00 | IE: 1 | PENDING: 0 | IN_INTR: 0 | DS: [3486] | RS: [10] | MEM: read mem[2] | LATCH: DS.push,PC | OUT: '' | load.read
TICK: 003426 | PC: 00077 | STEP: 1 | IR: load 1 | A: 0 | AR: 1 | NZ: 00 | IE: 1 | PENDING: 0 | IN_INTR: 0 | DS: [3486] | RS: [10] | MEM: - | LATCH: AR | OUT: '' | load.addr 1
TICK: 003427 | PC: 00082 | STEP: 0 | IR: load 1 | A: 0 | AR: 1 | NZ: 00 | IE: 1 | PENDING: 0 | IN_INTR: 0 | DS: [3486, 84] | RS: [10] | MEM: read mem[1] | LATCH: DS.push,PC | OUT: '' | load.read
TICK: 003428 | PC: 00082 | STEP: 1 | IR: add | A: 0 | AR: 1 | NZ: 00 | IE: 1 | PENDING: 0 | IN_INTR: 0 | DS: [] | RS: [10] | MEM: - | LATCH: ALU.left,ALU.right | OUT: '' | add.load_operands
TICK: 003429 | PC: 00083 | STEP: 0 | IR: add | A: 0 | AR: 1 | NZ: 00 | IE: 1 | PENDING: 0 | IN_INTR: 0 | DS: [3570] | RS: [10] | MEM: - | LATCH: DS.push(ALU),PC | OUT: '' | add.write_result
TICK: 003430 | PC: 00084 | STEP: 0 | IR: dup | A: 0 | AR: 1 | NZ: 00 | IE: 1 | PENDING: 0 | IN_INTR: 0 | DS: [3570, 3570] | RS: [10] | MEM: - | LATCH: DS.dup,PC | OUT: '' | dup
TICK: 003431 | PC: 00084 | STEP: 1 | IR: store 2 | A: 0 | AR: 2 | NZ: 00 | IE: 1 | PENDING: 0 | IN_INTR: 0 | DS: [3570, 3570] | RS: [10] | MEM: - | LATCH: AR | OUT: '' | store.addr 2
TICK: 003432 | PC: 00089 | STEP: 0 | IR: store 2 | A: 0 | AR: 2 | NZ: 00 | IE: 1 | PENDING: 0 | IN_INTR: 0 | DS: [3570] | RS: [10] | MEM: write mem[2] <- 3570 | LATCH: MEM,PC | OUT: '' | store.write
TICK: 003433 | PC: 00090 | STEP: 0 | IR: drop | A: 0 | AR: 2 | NZ: 00 | IE: 1 | PENDING: 0 | IN_INTR: 0 | DS: [] | RS: [10] | MEM: - | LATCH: PC | OUT: '' | drop
TICK: 003434 | PC: 00090 | STEP: 1 | IR: load 3 | A: 0 | AR: 3 | NZ: 00 | IE: 1 | PENDING: 0 | IN_INTR: 0 | DS: [] | RS: [10] | MEM: - | LATCH: AR | OUT: '' | load.addr 3
TICK: 003435 | PC: 00095 | STEP: 0 | IR: load 3 | A: 0 | AR: 3 | NZ: 00 | IE: 1 | PENDING: 0 | IN_INTR: 0 | DS: [194054] | RS: [10] | MEM: read mem[3] | LATCH: DS.push,PC | OUT: '' | load.read
TICK: 003436 | PC: 00095 | STEP: 1 | IR: load 1 | A: 0 | AR: 1 | NZ: 00 | IE: 1 | PENDING: 0 | IN_INTR: 0 | DS: [194054] | RS: [10] | MEM: - | LATCH: AR | OUT: '' | load.addr 1
TICK: 003437 | PC: 00100 | STEP: 0 | IR: load 1 | A: 0 | AR: 1 | NZ: 00 | IE: 1 | PENDING: 0 | IN_INTR: 0 | DS: [194054, 84] | RS: [10] | MEM: read mem[1] | LATCH: DS.push,PC | OUT: '' | load.read
TICK: 003438 | PC: 00100 | STEP: 1 | IR: load 1 | A: 0 | AR: 1 | NZ: 00 | IE: 1 | PENDING: 0 | IN_INTR: 0 | DS: [194054, 84] | RS: [10] | MEM: - | LATCH: AR | OUT: '' | load.addr 1
TICK: 003439 | PC: 00105 | STEP: 0 | IR: load 1 | A: 0 | AR: 1 | NZ: 00 | IE: 1 | PENDING: 0 | IN_INTR: 0 | DS: [194054, 84, 84] | RS: [10] | MEM: read mem[1] | LATCH: DS.push,PC | OUT: '' | load.read
TICK: 003440 | PC: 00105 | STEP: 1 | IR: mul | A: 0 | AR: 1 | NZ: 00 | IE: 1 | PENDING: 0 | IN_INTR: 0 | DS: [194054] | RS: [10] | MEM: - | LATCH: ALU.left,ALU.right | OUT: '' | mul.load_operands
TICK: 003441 | PC: 00106 | STEP: 0 | IR: mul | A: 0 | AR: 1 | NZ: 00 | IE: 1 | PENDING: 0 | IN_INTR: 0 | DS: [194054, 7056] | RS: [10] | MEM: - | LATCH: DS.push(ALU),PC | OUT: '' | mul.write_result
TICK: 003442 | PC: 00106 | STEP: 1 | IR: add | A: 0 | AR: 1 | NZ: 00 | IE: 1 | PENDING: 0 | IN_INTR: 0 | DS: [] | RS: [10] | MEM: - | LATCH: ALU.left,ALU.right | OUT: '' | add.load_operands
TICK: 003443 | PC: 00107 | STEP: 0 | IR: add | A: 0 | AR: 1 | NZ: 00 | IE: 1 | PENDING: 0 | IN_INTR: 0 | DS: [201110] | RS: [10] | MEM: - | LATCH: DS.push(ALU),PC | OUT: '' | add.write_result
TICK: 003444 | PC: 00108 | STEP: 0 | IR: dup | A: 0 | AR: 1 | NZ: 00 | IE: 1 | PENDING: 0 | IN_INTR: 0 | DS: [201110, 201110] | RS: [10] | MEM: - | LATCH: DS.dup,PC | OUT: '' | dup
TICK: 003445 | PC: 00108 | STEP: 1 | IR: store 3 | A: 0 | AR: 3 | NZ: 00 | IE: 1 | PENDING: 0 | IN_INTR: 0 | DS: [201110, 201110] | RS: [10] | MEM: - | LATCH: AR | OUT: '' | store.addr 3
TICK: 003446 | PC: 00113 | STEP: 0 | IR: store 3 | A: 0 | AR: 3 | NZ: 00 | IE: 1 | PENDING: 0 | IN_INTR: 0 | DS: [201110] | RS: [10] | MEM: write mem[3] <- 201110 | LATCH: MEM,PC | OUT: '' | store.write
TICK: 003447 | PC: 00114 | STEP: 0 | IR: drop | A: 0 | AR: 3 | NZ: 00 | IE: 1 | PENDING: 0 | IN_INTR: 0 | DS: [] | RS: [10] | MEM: - | LATCH: PC | OUT: '' | drop
TICK: 003448 | PC: 00114 | STEP: 1 | IR: load 1 | A: 0 | AR: 1 | NZ: 00 | IE: 1 | PENDING: 0 | IN_INTR: 0 | DS: [] | RS: [10] | MEM: - | LATCH: AR | OUT: '' | load.addr 1
TICK: 003449 | PC: 00119 | STEP: 0 | IR: load 1 | A: 0 | AR: 1 | NZ: 00 | IE: 1 | PENDING: 0 | IN_INTR: 0 | DS: [84] | RS: [10] | MEM: read mem[1] | LATCH: DS.push,PC | OUT: '' | load.read
TICK: 003450 | PC: 00124 | STEP: 0 | IR: literal 1 | A: 0 | AR: 1 | NZ: 00 | IE: 1 | PENDING: 0 | IN_INTR: 0 | DS: [84, 1] | RS: [10] | MEM: - | LATCH: DS.push,PC | OUT: '' | literal 1
TICK: 003451 | PC: 00124 | STEP: 1 | IR: add | A: 0 | AR: 1 | NZ: 00 | IE: 1 | PENDING: 0 | IN_INTR: 0 | DS: [] | RS: [10] | MEM: - | LATCH: ALU.left,ALU.right | OUT: '' | add.load_operands
TICK: 003452 | PC: 00125 | STEP: 0 | IR: add | A: 0 | AR: 1 | NZ: 00 | IE: 1 | PENDING: 0 | IN_INTR: 0 | DS: [85] | RS: [10] | MEM: - | LATCH: DS.push(ALU),PC | OUT: '' | add.write_result
TICK: 003453 | PC: 00126 | STEP: 0 | IR: dup | A: 0 | AR: 1 | NZ: 00 | IE: 1 | PENDING: 0 | IN_INTR: 0 | DS: [85, 85] | RS: [10] | MEM: - | LATCH: DS.dup,PC | OUT: '' | dup
TICK: 003454 | PC: 00126 | STEP: 1 | IR: store 1 | A: 0 | AR: 1 | NZ: 00 | IE: 1 | PENDING: 0 | IN_INTR: 0 | DS: [85, 85] | RS: [10] | MEM: - | LATCH: AR | OUT: '' | store.addr 1
TICK: 003455 | PC: 00131 | STEP: 0 | IR: store 1 | A: 0 | AR: 1 | NZ: 00 | IE: 1 | PENDING: 0 | IN_INTR: 0 | DS: [85] | RS: [10] | MEM: write mem[1] <- 85 | LATCH: MEM,PC | OUT: '' | store.write
TICK: 003456 | PC: 00132 | STEP: 0 | IR: drop | A: 0 | AR: 1 | NZ: 00 | IE: 1 | PENDING: 0 | IN_INTR: 0 | DS: [] | RS: [10] | MEM: - | LATCH: PC | OUT: '' | drop
TICK: 003457 | PC: 00051 | STEP: 0 | IR: jmp 51 | A: 0 | AR: 1 | NZ: 00 | IE: 1 | PENDING: 0 | IN_INTR: 0 | DS: [] | RS: [10] | MEM: - | LATCH: PC | OUT: '' | jmp 51
TICK: 003458 | PC: 00056 | STEP: 0 | IR: literal 100 | A: 0 | AR: 1 | NZ: 00 | IE: 1 | PENDING: 0 | IN_INTR: 0 | DS: [100] | RS: [10] | MEM: - | LATCH: DS.push,PC | OUT: '' | literal 100
TICK: 003459 | PC: 00056 | STEP: 1 | IR: load 1 | A: 0 | AR: 1 | NZ: 00 | IE: 1 | PENDING: 0 | IN_INTR: 0 | DS: [100] | RS: [10] | MEM: - | LATCH: AR | OUT: '' | load.addr 1
TICK: 003460 | PC: 00061 | STEP: 0 | IR: load 1 | A: 0 | AR: 1 | NZ: 00 | IE: 1 | PENDING: 0 | IN_INTR: 0 | DS: [100, 85] | RS: [10] | MEM: read mem[1] | LATCH: DS.push,PC | OUT: '' | load.read
TICK: 003461 | PC: 00061 | STEP: 1 | IR: sub | A: 0 | AR: 1 | NZ: 00 | IE: 1 | PENDING: 0 | IN_INTR: 0 | DS: [] | RS: [10] | MEM: - | LATCH: ALU.left,ALU.right | OUT: '' | sub.load_operands
TICK: 003462 | PC: 00062 | STEP: 0 | IR: sub | A: 0 | AR: 1 | NZ: 00 | IE: 1 | PENDING: 0 | IN_INTR: 0 | DS: [15] | RS: [10] | MEM: - | LATCH: DS.push(ALU),PC | OUT: '' | sub.write_result
TICK: 003463 | PC: 00062 | STEP: 1 | IR: mif 72 | A: 0 | AR: 1 | NZ: 00 | IE: 1 | PENDING: 0 | IN_INTR: 0 | DS: [] | RS: [10] | MEM: - | LATCH: ALU.left | OUT: '' | mif.test
TICK: 003464 | PC: 00072 | STEP: 0 | IR: mif 72 | A: 0 | AR: 1 | NZ: 00 | IE: 1 | PENDING: 0 | IN_INTR: 0 | DS: [] | RS: [10] | MEM: - | LATCH: PC | OUT: '' | mif.branch
TICK: 003465 | PC: 00072 | STEP: 1 | IR: load 2 | A: 0 | AR: 2 | NZ: 00 | IE: 1 | PENDING: 0 | IN_INTR: 0 | DS: [] | RS: [10] | MEM: - | LATCH: AR | OUT: '' | load.addr 2
TICK: 003466 | PC: 00077 | STEP: 0 | IR: load 2 | A: 0 | AR: 2 | NZ: 00 | IE: 1 | PENDING: 0 | IN_INTR: 0 | DS: [3570] | RS: [10] | MEM: read mem[2] | LATCH: DS.push,PC | OUT: '' | load.read
TICK: 003467 | PC: 00077 | STEP: 1 | IR: load 1 | A: 0 | AR: 1 | NZ: 00 | IE: 1 | PENDING: 0 | IN_INTR: 0 | DS: [3570] | RS: [10] | MEM: - | LATCH: AR | OUT: '' | load.addr 1
TICK: 003468 | PC: 00082 | STEP: 0 | IR: load 1 | A: 0 | AR: 1 | NZ: 00 | IE: 1 | PENDING: 0 | IN_INTR: 0 | DS: [3570, 85] | RS: [10] | MEM: read mem[1] | LATCH: DS.push,PC | OUT: '' | load.read
TICK: 003469 | PC: 00082 | STEP: 1 | IR: add | A: 0 | AR: 1 | NZ: 00 | IE: 1 | PENDING: 0 | IN_INTR: 0 | DS: [] | RS: [10] | MEM: - | LATCH: ALU.left,ALU.right | OUT: '' | add.load_operands
TICK: 003470 | PC: 00083 | STEP: 0 | IR: add | A: 0 | AR: 1 | NZ: 00 | IE: 1 | PENDING: 0 | IN_INTR: 0 | DS: [3655] | RS: [10] | MEM: - | LATCH: DS.push(ALU),PC | OUT: '' | add.write_result
TICK: 003471 | PC: 00084 | STEP: 0 | IR: dup | A: 0 | AR: 1 | NZ: 00 | IE: 1 | PENDING: 0 | IN_INTR: 0 | DS: [3655, 3655] | RS: [10] | MEM: - | LATCH: DS.dup,PC | OUT: '' | dup
TICK: 003472 | PC: 00084 | STEP: 1 | IR: store 2 | A: 0 | AR: 2 | NZ: 00 | IE: 1 | PENDING: 0 | IN_INTR: 0 | DS: [3655, 3655] | RS: [10] | MEM: - | LATCH: AR | OUT: '' | store.addr 2
TICK: 003473 | PC: 00089 | STEP: 0 | IR: store 2 | A: 0 | AR: 2 | NZ: 00 | IE: 1 | PENDING: 0 | IN_INTR: 0 | DS: [3655] | RS: [10] | MEM: write mem[2] <- 3655 | LATCH: MEM,PC | OUT: '' | store.write
TICK: 003474 | PC: 00090 | STEP: 0 | IR: drop | A: 0 | AR: 2 | NZ: 00 | IE: 1 | PENDING: 0 | IN_INTR: 0 | DS: [] | RS: [10] | MEM: - | LATCH: PC | OUT: '' | drop
TICK: 003475 | PC: 00090 | STEP: 1 | IR: load 3 | A: 0 | AR: 3 | NZ: 00 | IE: 1 | PENDING: 0 | IN_INTR: 0 | DS: [] | RS: [10] | MEM: - | LATCH: AR | OUT: '' | load.addr 3
TICK: 003476 | PC: 00095 | STEP: 0 | IR: load 3 | A: 0 | AR: 3 | NZ: 00 | IE: 1 | PENDING: 0 | IN_INTR: 0 | DS: [201110] | RS: [10] | MEM: read mem[3] | LATCH: DS.push,PC | OUT: '' | load.read
TICK: 003477 | PC: 00095 | STEP: 1 | IR: load 1 | A: 0 | AR: 1 | NZ: 00 | IE: 1 | PENDING: 0 | IN_INTR: 0 | DS: [201110] | RS: [10] | MEM: - | LATCH: AR | OUT: '' | load.addr 1
TICK: 003478 | PC: 00100 | STEP: 0 | IR: load 1 | A: 0 | AR: 1 | NZ: 00 | IE: 1 | PENDING: 0 | IN_INTR: 0 | DS: [201110, 85] | RS: [10] | MEM: read mem[1] | LATCH: DS.push,PC | OUT: '' | load.read
TICK: 003479 | PC: 00100 | STEP: 1 | IR: load 1 | A: 0 | AR: 1 | NZ: 00 | IE: 1 | PENDING: 0 | IN_INTR: 0 | DS: [201110, 85] | RS: [10] | MEM: - | LATCH: AR | OUT: '' | load.addr 1
TICK: 003480 | PC: 00105 | STEP: 0 | IR: load 1 | A: 0 | AR: 1 | NZ: 00 | IE: 1 | PENDING: 0 | IN_INTR: 0 | DS: [201110, 85, 85] | RS: [10] | MEM: read mem[1] | LATCH: DS.push,PC | OUT: '' | load.read
TICK: 003481 | PC: 00105 | STEP: 1 | IR: mul | A: 0 | AR: 1 | NZ: 00 | IE: 1 | PENDING: 0 | IN_INTR: 0 | DS: [201110] | RS: [10] | MEM: - | LATCH: ALU.left,ALU.right | OUT: '' | mul.load_operands
TICK: 003482 | PC: 00106 | STEP: 0 | IR: mul | A: 0 | AR: 1 | NZ: 00 | IE: 1 | PENDING: 0 | IN_INTR: 0 | DS: [201110, 7225] | RS: [10] | MEM: - | LATCH: DS.push(ALU),PC | OUT: '' | mul.write_result
TICK: 003483 | PC: 00106 | STEP: 1 | IR: add | A: 0 | AR: 1 | NZ: 00 | IE: 1 | PENDING: 0 | IN_INTR: 0 | DS: [] | RS: [10] | MEM: - | LATCH: ALU.left,ALU.right | OUT: '' | add.load_operands
TICK: 003484 | PC: 00107 | STEP: 0 | IR: add | A: 0 | AR: 1 | NZ: 00 | IE: 1 | PENDING: 0 | IN_INTR: 0 | DS: [208335] | RS: [10] | MEM: - | LATCH: DS.push(ALU),PC | OUT: '' | add.write_result
TICK: 003485 | PC: 00108 | STEP: 0 | IR: dup | A: 0 | AR: 1 | NZ: 00 | IE: 1 | PENDING: 0 | IN_INTR: 0 | DS: [208335, 208335] | RS: [10] | MEM: - | LATCH: DS.dup,PC | OUT: '' | dup
TICK: 003486 | PC: 00108 | STEP: 1 | IR: store 3 | A: 0 | AR: 3 | NZ: 00 | IE: 1 | PENDING: 0 | IN_INTR: 0 | DS: [208335, 208335] | RS: [10] | MEM: - | LATCH: AR | OUT: '' | store.addr 3
TICK: 003487 | PC: 00113 | STEP: 0 | IR: store 3 | A: 0 | AR: 3 | NZ: 00 | IE: 1 | PENDING: 0 | IN_INTR: 0 | DS: [208335] | RS: [10] | MEM: write mem[3] <- 208335 | LATCH: MEM,PC | OUT: '' | store.write
TICK: 003488 | PC: 00114 | STEP: 0 | IR: drop | A: 0 | AR: 3 | NZ: 00 | IE: 1 | PENDING: 0 | IN_INTR: 0 | DS: [] | RS: [10] | MEM: - | LATCH: PC | OUT: '' | drop
TICK: 003489 | PC: 00114 | STEP: 1 | IR: load 1 | A: 0 | AR: 1 | NZ: 00 | IE: 1 | PENDING: 0 | IN_INTR: 0 | DS: [] | RS: [10] | MEM: - | LATCH: AR | OUT: '' | load.addr 1
TICK: 003490 | PC: 00119 | STEP: 0 | IR: load 1 | A: 0 | AR: 1 | NZ: 00 | IE: 1 | PENDING: 0 | IN_INTR: 0 | DS: [85] | RS: [10] | MEM: read mem[1] | LATCH: DS.push,PC | OUT: '' | load.read
TICK: 003491 | PC: 00124 | STEP: 0 | IR: literal 1 | A: 0 | AR: 1 | NZ: 00 | IE: 1 | PENDING: 0 | IN_INTR: 0 | DS: [85, 1] | RS: [10] | MEM: - | LATCH: DS.push,PC | OUT: '' | literal 1
TICK: 003492 | PC: 00124 | STEP: 1 | IR: add | A: 0 | AR: 1 | NZ: 00 | IE: 1 | PENDING: 0 | IN_INTR: 0 | DS: [] | RS: [10] | MEM: - | LATCH: ALU.left,ALU.right | OUT: '' | add.load_operands
TICK: 003493 | PC: 00125 | STEP: 0 | IR: add | A: 0 | AR: 1 | NZ: 00 | IE: 1 | PENDING: 0 | IN_INTR: 0 | DS: [86] | RS: [10] | MEM: - | LATCH: DS.push(ALU),PC | OUT: '' | add.write_result
TICK: 003494 | PC: 00126 | STEP: 0 | IR: dup | A: 0 | AR: 1 | NZ: 00 | IE: 1 | PENDING: 0 | IN_INTR: 0 | DS: [86, 86] | RS: [10] | MEM: - | LATCH: DS.dup,PC | OUT: '' | dup
TICK: 003495 | PC: 00126 | STEP: 1 | IR: store 1 | A: 0 | AR: 1 | NZ: 00 | IE: 1 | PENDING: 0 | IN_INTR: 0 | DS: [86, 86] | RS: [10] | MEM: - | LATCH: AR | OUT: '' | store.addr 1
TICK: 003496 | PC: 00131 | STEP: 0 | IR: store 1 | A: 0 | AR: 1 | NZ: 00 | IE: 1 | PENDING: 0 | IN_INTR: 0 | DS: [86] | RS: [10] | MEM: write mem[1] <- 86 | LATCH: MEM,PC | OUT: '' | store.write
TICK: 003497 | PC: 00132 | STEP: 0 | IR: drop | A: 0 | AR: 1 | NZ: 00 | IE: 1 | PENDING: 0 | IN_INTR: 0 | DS: [] | RS: [10] | MEM: - | LATCH: PC | OUT: '' | drop
TICK: 003498 | PC: 00051 | STEP: 0 | IR: jmp 51 | A: 0 | AR: 1 | NZ: 00 | IE: 1 | PENDING: 0 | IN_INTR: 0 | DS: [] | RS: [10] | MEM: - | LATCH: PC | OUT: '' | jmp 51
TICK: 003499 | PC: 00056 | STEP: 0 | IR: literal 100 | A: 0 | AR: 1 | NZ: 00 | IE: 1 | PENDING: 0 | IN_INTR: 0 | DS: [100] | RS: [10] | MEM: - | LATCH: DS.push,PC | OUT: '' | literal 100
TICK: 003500 | PC: 00056 | STEP: 1 | IR: load 1 | A: 0 | AR: 1 | NZ: 00 | IE: 1 | PENDING: 0 | IN_INTR: 0 | DS: [100] | RS: [10] | MEM: - | LATCH: AR | OUT: '' | load.addr 1
TICK: 003501 | PC: 00061 | STEP: 0 | IR: load 1 | A: 0 | AR: 1 | NZ: 00 | IE: 1 | PENDING: 0 | IN_INTR: 0 | DS: [100, 86] | RS: [10] | MEM: read mem[1] | LATCH: DS.push,PC | OUT: '' | load.read
TICK: 003502 | PC: 00061 | STEP: 1 | IR: sub | A: 0 | AR: 1 | NZ: 00 | IE: 1 | PENDING: 0 | IN_INTR: 0 | DS: [] | RS: [10] | MEM: - | LATCH: ALU.left,ALU.right | OUT: '' | sub.load_operands
TICK: 003503 | PC: 00062 | STEP: 0 | IR: sub | A: 0 | AR: 1 | NZ: 00 | IE: 1 | PENDING: 0 | IN_INTR: 0 | DS: [14] | RS: [10] | MEM: - | LATCH: DS.push(ALU),PC | OUT: '' | sub.write_result
TICK: 003504 | PC: 00062 | STEP: 1 | IR: mif 72 | A: 0 | AR: 1 | NZ: 00 | IE: 1 | PENDING: 0 | IN_INTR: 0 | DS: [] | RS: [10] | MEM: - | LATCH: ALU.left | OUT: '' | mif.test
TICK: 003505 | PC: 00072 | STEP: 0 | IR: mif 72 | A: 0 | AR: 1 | NZ: 00 | IE: 1 | PENDING: 0 | IN_INTR: 0 | DS: [] | RS: [10] | MEM: - | LATCH: PC | OUT: '' | mif.branch
TICK: 003506 | PC: 00072 | STEP: 1 | IR: load 2 | A: 0 | AR: 2 | NZ: 00 | IE: 1 | PENDING: 0 | IN_INTR: 0 | DS: [] | RS: [10] | MEM: - | LATCH: AR | OUT: '' | load.addr 2
TICK: 003507 | PC: 00077 | STEP: 0 | IR: load 2 | A: 0 | AR: 2 | NZ: 00 | IE: 1 | PENDING: 0 | IN_INTR: 0 | DS: [3655] | RS: [10] | MEM: read mem[2] | LATCH: DS.push,PC | OUT: '' | load.read
TICK: 003508 | PC: 00077 | STEP: 1 | IR: load 1 | A: 0 | AR: 1 | NZ: 00 | IE: 1 | PENDING: 0 | IN_INTR: 0 | DS: [3655] | RS: [10] | MEM: - | LATCH: AR | OUT: '' | load.addr 1
TICK: 003509 | PC: 00082 | STEP: 0 | IR: load 1 | A: 0 | AR: 1 | NZ: 00 | IE: 1 | PENDING: 0 | IN_INTR: 0 | DS: [3655, 86] | RS: [10] | MEM: read mem[1] | LATCH: DS.push,PC | OUT: '' | load.read
TICK: 003510 | PC: 00082 | STEP: 1 | IR: add | A: 0 | AR: 1 | NZ: 00 | IE: 1 | PENDING: 0 | IN_INTR: 0 | DS: [] | RS: [10] | MEM: - | LATCH: ALU.left,ALU.right | OUT: '' | add.load_operands
TICK: 003511 | PC: 00083 | STEP: 0 | IR: add | A: 0 | AR: 1 | NZ: 00 | IE: 1 | PENDING: 0 | IN_INTR: 0 | DS: [3741] | RS: [10] | MEM: - | LATCH: DS.push(ALU),PC | OUT: '' | add.write_result
TICK: 003512 | PC: 00084 | STEP: 0 | IR: dup | A: 0 | AR: 1 | NZ: 00 | IE: 1 | PENDING: 0 | IN_INTR: 0 | DS: [3741, 3741] | RS: [10] | MEM: - | LATCH: DS.dup,PC | OUT: '' | dup
TICK: 003513 | PC: 00084 | STEP: 1 | IR: store 2 | A: 0 | AR: 2 | NZ: 00 | IE: 1 | PENDING: 0 | IN_INTR: 0 | DS: [3741, 3741] | RS: [10] | MEM: - | LATCH: AR | OUT: '' | store.addr 2
TICK: 003514 | PC: 00089 | STEP: 0 | IR: store 2 | A: 0 | AR: 2 | NZ: 00 | IE: 1 | PENDING: 0 | IN_INTR: 0 | DS: [3741] | RS: [10] | MEM: write mem[2] <- 3741 | LATCH: MEM,PC | OUT: '' | store.write
TICK: 003515 | PC: 00090 | STEP: 0 | IR: drop | A: 0 | AR: 2 | NZ: 00 | IE: 1 | PENDING: 0 | IN_INTR: 0 | DS: [] | RS: [10] | MEM: - | LATCH: PC | OUT: '' | drop
TICK: 003516 | PC: 00090 | STEP: 1 | IR: load 3 | A: 0 | AR: 3 | NZ: 00 | IE: 1 | PENDING: 0 | IN_INTR: 0 | DS: [] | RS: [10] | MEM: - | LATCH: AR | OUT: '' | load.addr 3
TICK: 003517 | PC: 00095 | STEP: 0 | IR: load 3 | A: 0 | AR: 3 | NZ: 00 | IE: 1 | PENDING: 0 | IN_INTR: 0 | DS: [208335] | RS: [10] | MEM: read mem[3] | LATCH: DS.push,PC | OUT: '' | load.read
TICK: 003518 | PC: 00095 | STEP: 1 | IR: load 1 | A: 0 | AR: 1 | NZ: 00 | IE: 1 | PENDING: 0 | IN_INTR: 0 | DS: [208335] | RS: [10] | MEM: - | LATCH: AR | OUT: '' | load.addr 1
TICK: 003519 | PC: 00100 | STEP: 0 | IR: load 1 | A: 0 | AR: 1 | NZ: 00 | IE: 1 | PENDING: 0 | IN_INTR: 0 | DS: [208335, 86] | RS: [10] | MEM: read mem[1] | LATCH: DS.push,PC | OUT: '' | load.read
TICK: 003520 | PC: 00100 | STEP: 1 | IR: load 1 | A: 0 | AR: 1 | NZ: 00 | IE: 1 | PENDING: 0 | IN_INTR: 0 | DS: [208335, 86] | RS: [10] | MEM: - | LATCH: AR | OUT: '' | load.addr 1
TICK: 003521 | PC: 00105 | STEP: 0 | IR: load 1 | A: 0 | AR: 1 | NZ: 00 | IE: 1 | PENDING: 0 | IN_INTR: 0 | DS: [208335, 86, 86] | RS: [10] | MEM: read mem[1] | LATCH: DS.push,PC | OUT: '' | load.read
TICK: 003522 | PC: 00105 | STEP: 1 | IR: mul | A: 0 | AR: 1 | NZ: 00 | IE: 1 | PENDING: 0 | IN_INTR: 0 | DS: [208335] | RS: [10] | MEM: - | LATCH: ALU.left,ALU.right | OUT: '' | mul.load_operands
TICK: 003523 | PC: 00106 | STEP: 0 | IR: mul | A: 0 | AR: 1 | NZ: 00 | IE: 1 | PENDING: 0 | IN_INTR: 0 | DS: [208335, 7396] | RS: [10] | MEM: - | LATCH: DS.push(ALU),PC | OUT: '' | mul.write_result
TICK: 003524 | PC: 00106 | STEP: 1 | IR: add | A: 0 | AR: 1 | NZ: 00 | IE: 1 | PENDING: 0 | IN_INTR: 0 | DS: [] | RS: [10] | MEM: - | LATCH: ALU.left,ALU.right | OUT: '' | add.load_operands
TICK: 003525 | PC: 00107 | STEP: 0 | IR: add | A: 0 | AR: 1 | NZ: 00 | IE: 1 | PENDING: 0 | IN_INTR: 0 | DS: [215731] | RS: [10] | MEM: - | LATCH: DS.push(ALU),PC | OUT: '' | add.write_result
TICK: 003526 | PC: 00108 | STEP: 0 | IR: dup | A: 0 | AR: 1 | NZ: 00 | IE: 1 | PENDING: 0 | IN_INTR: 0 | DS: [215731, 215731] | RS: [10] | MEM: - | LATCH: DS.dup,PC | OUT: '' | dup
TICK: 003527 | PC: 00108 | STEP: 1 | IR: store 3 | A: 0 | AR: 3 | NZ: 00 | IE: 1 | PENDING: 0 | IN_INTR: 0 | DS: [215731, 215731] | RS: [10] | MEM: - | LATCH: AR | OUT: '' | store.addr 3
TICK: 003528 | PC: 00113 | STEP: 0 | IR: store 3 | A: 0 | AR: 3 | NZ: 00 | IE: 1 | PENDING: 0 | IN_INTR: 0 | DS: [215731] | RS: [10] | MEM: write mem[3] <- 215731 | LATCH: MEM,PC | OUT: '' | store.write
TICK: 003529 | PC: 00114 | STEP: 0 | IR: drop | A: 0 | AR: 3 | NZ: 00 | IE: 1 | PENDING: 0 | IN_INTR: 0 | DS: [] | RS: [10] | MEM: - | LATCH: PC | OUT: '' | drop
TICK: 003530 | PC: 00114 | STEP: 1 | IR: load 1 | A: 0 | AR: 1 | NZ: 00 | IE: 1 | PENDING: 0 | IN_INTR: 0 | DS: [] | RS: [10] | MEM: - | LATCH: AR | OUT: '' | load.addr 1
TICK: 003531 | PC: 00119 | STEP: 0 | IR: load 1 | A: 0 | AR: 1 | NZ: 00 | IE: 1 | PENDING: 0 | IN_INTR: 0 | DS: [86] | RS: [10] | MEM: read mem[1] | LATCH: DS.push,PC | OUT: '' | load.read
TICK: 003532 | PC: 00124 | STEP: 0 | IR: literal 1 | A: 0 | AR: 1 | NZ: 00 | IE: 1 | PENDING: 0 | IN_INTR: 0 | DS: [86, 1] | RS: [10] | MEM: - | LATCH: DS.push,PC | OUT: '' | literal 1
TICK: 003533 | PC: 00124 | STEP: 1 | IR: add | A: 0 | AR: 1 | NZ: 00 | IE: 1 | PENDING: 0 | IN_INTR: 0 | DS: [] | RS: [10] | MEM: - | LATCH: ALU.left,ALU.right | OUT: '' | add.load_operands
TICK: 003534 | PC: 00125 | STEP: 0 | IR: add | A: 0 | AR: 1 | NZ: 00 | IE: 1 | PENDING: 0 | IN_INTR: 0 | DS: [87] | RS: [10] | MEM: - | LATCH: DS.push(ALU),PC | OUT: '' | add.write_result
TICK: 003535 | PC: 00126 | STEP: 0 | IR: dup | A: 0 | AR: 1 | NZ: 00 | IE: 1 | PENDING: 0 | IN_INTR: 0 | DS: [87, 87] | RS: [10] | MEM: - | LATCH: DS.dup,PC | OUT: '' | dup
TICK: 003536 | PC: 00126 | STEP: 1 | IR: store 1 | A: 0 | AR: 1 | NZ: 00 | IE: 1 | PENDING: 0 | IN_INTR: 0 | DS: [87, 87] | RS: [10] | MEM: - | LATCH: AR | OUT: '' | store.addr 1
TICK: 003537 | PC: 00131 | STEP: 0 | IR: store 1 | A: 0 | AR: 1 | NZ: 00 | IE: 1 | PENDING: 0 | IN_INTR: 0 | DS: [87] | RS: [10] | MEM: write mem[1] <- 87 | LATCH: MEM,PC | OUT: '' | store.write
TICK: 003538 | PC: 00132 | STEP: 0 | IR: drop | A: 0 | AR: 1 | NZ: 00 | IE: 1 | PENDING: 0 | IN_INTR: 0 | DS: [] | RS: [10] | MEM: - | LATCH: PC | OUT: '' | drop
TICK: 003539 | PC: 00051 | STEP: 0 | IR: jmp 51 | A: 0 | AR: 1 | NZ: 00 | IE: 1 | PENDING: 0 | IN_INTR: 0 | DS: [] | RS: [10] | MEM: - | LATCH: PC | OUT: '' | jmp 51
TICK: 003540 | PC: 00056 | STEP: 0 | IR: literal 100 | A: 0 | AR: 1 | NZ: 00 | IE: 1 | PENDING: 0 | IN_INTR: 0 | DS: [100] | RS: [10] | MEM: - | LATCH: DS.push,PC | OUT: '' | literal 100
TICK: 003541 | PC: 00056 | STEP: 1 | IR: load 1 | A: 0 | AR: 1 | NZ: 00 | IE: 1 | PENDING: 0 | IN_INTR: 0 | DS: [100] | RS: [10] | MEM: - | LATCH: AR | OUT: '' | load.addr 1
TICK: 003542 | PC: 00061 | STEP: 0 | IR: load 1 | A: 0 | AR: 1 | NZ: 00 | IE: 1 | PENDING: 0 | IN_INTR: 0 | DS: [100, 87] | RS: [10] | MEM: read mem[1] | LATCH: DS.push,PC | OUT: '' | load.read
TICK: 003543 | PC: 00061 | STEP: 1 | IR: sub | A: 0 | AR: 1 | NZ: 00 | IE: 1 | PENDING: 0 | IN_INTR: 0 | DS: [] | RS: [10] | MEM: - | LATCH: ALU.left,ALU.right | OUT: '' | sub.load_operands
TICK: 003544 | PC: 00062 | STEP: 0 | IR: sub | A: 0 | AR: 1 | NZ: 00 | IE: 1 | PENDING: 0 | IN_INTR: 0 | DS: [13] | RS: [10] | MEM: - | LATCH: DS.push(ALU),PC | OUT: '' | sub.write_result
TICK: 003545 | PC: 00062 | STEP: 1 | IR: mif 72 | A: 0 | AR: 1 | NZ: 00 | IE: 1 | PENDING: 0 | IN_INTR: 0 | DS: [] | RS: [10] | MEM: - | LATCH: ALU.left | OUT: '' | mif.test
TICK: 003546 | PC: 00072 | STEP: 0 | IR: mif 72 | A: 0 | AR: 1 | NZ: 00 | IE: 1 | PENDING: 0 | IN_INTR: 0 | DS: [] | RS: [10] | MEM: - | LATCH: PC | OUT: '' | mif.branch
TICK: 003547 | PC: 00072 | STEP: 1 | IR: load 2 | A: 0 | AR: 2 | NZ: 00 | IE: 1 | PENDING: 0 | IN_INTR: 0 | DS: [] | RS: [10] | MEM: - | LATCH: AR | OUT: '' | load.addr 2
TICK: 003548 | PC: 00077 | STEP: 0 | IR: load 2 | A: 0 | AR: 2 | NZ: 00 | IE: 1 | PENDING: 0 | IN_INTR: 0 | DS: [3741] | RS: [10] | MEM: read mem[2] | LATCH: DS.push,PC | OUT: '' | load.read
TICK: 003549 | PC: 00077 | STEP: 1 | IR: load 1 | A: 0 | AR: 1 | NZ: 00 | IE: 1 | PENDING: 0 | IN_INTR: 0 | DS: [3741] | RS: [10] | MEM: - | LATCH: AR | OUT: '' | load.addr 1
TICK: 003550 | PC: 00082 | STEP: 0 | IR: load 1 | A: 0 | AR: 1 | NZ: 00 | IE: 1 | PENDING: 0 | IN_INTR: 0 | DS: [3741, 87] | RS: [10] | MEM: read mem[1] | LATCH: DS.push,PC | OUT: '' | load.read
TICK: 003551 | PC: 00082 | STEP: 1 | IR: add | A: 0 | AR: 1 | NZ: 00 | IE: 1 | PENDING: 0 | IN_INTR: 0 | DS: [] | RS: [10] | MEM: - | LATCH: ALU.left,ALU.right | OUT: '' | add.load_operands
TICK: 003552 | PC: 00083 | STEP: 0 | IR: add | A: 0 | AR: 1 | NZ: 00 | IE: 1 | PENDING: 0 | IN_INTR: 0 | DS: [3828] | RS: [10] | MEM: - | LATCH: DS.push(ALU),PC | OUT: '' | add.write_result
TICK: 003553 | PC: 00084 | STEP: 0 | IR: dup | A: 0 | AR: 1 | NZ: 00 | IE: 1 | PENDING: 0 | IN_INTR: 0 | DS: [3828, 3828] | RS: [10] | MEM: - | LATCH: DS.dup,PC | OUT: '' | dup
TICK: 003554 | PC: 00084 | STEP: 1 | IR: store 2 | A: 0 | AR: 2 | NZ: 00 | IE: 1 | PENDING: 0 | IN_INTR: 0 | DS: [3828, 3828] | RS: [10] | MEM: - | LATCH: AR | OUT: '' | store.addr 2
TICK: 003555 | PC: 00089 | STEP: 0 | IR: store 2 | A: 0 | AR: 2 | NZ: 00 | IE: 1 | PENDING: 0 | IN_INTR: 0 | DS: [3828] | RS: [10] | MEM: write mem[2] <- 3828 | LATCH: MEM,PC | OUT: '' | store.write
TICK: 003556 | PC: 00090 | STEP: 0 | IR: drop | A: 0 | AR: 2 | NZ: 00 | IE: 1 | PENDING: 0 | IN_INTR: 0 | DS: [] | RS: [10] | MEM: - | LATCH: PC | OUT: '' | drop
TICK: 003557 | PC: 00090 | STEP: 1 | IR: load 3 | A: 0 | AR: 3 | NZ: 00 | IE: 1 | PENDING: 0 | IN_INTR: 0 | DS: [] | RS: [10] | MEM: - | LATCH: AR | OUT: '' | load.addr 3
TICK: 003558 | PC: 00095 | STEP: 0 | IR: load 3 | A: 0 | AR: 3 | NZ: 00 | IE: 1 | PENDING: 0 | IN_INTR: 0 | DS: [215731] | RS: [10] | MEM: read mem[3] | LATCH: DS.push,PC | OUT: '' | load.read
TICK: 003559 | PC: 00095 | STEP: 1 | IR: load 1 | A: 0 | AR: 1 | NZ: 00 | IE: 1 | PENDING: 0 | IN_INTR: 0 | DS: [215731] | RS: [10] | MEM: - | LATCH: AR | OUT: '' | load.addr 1
TICK: 003560 | PC: 00100 | STEP: 0 | IR: load 1 | A: 0 | AR: 1 | NZ: 00 | IE: 1 | PENDING: 0 | IN_INTR: 0 | DS: [215731, 87] | RS: [10] | MEM: read mem[1] | LATCH: DS.push,PC | OUT: '' | load.read
TICK: 003561 | PC: 00100 | STEP: 1 | IR: load 1 | A: 0 | AR: 1 | NZ: 00 | IE: 1 | PENDING: 0 | IN_INTR: 0 | DS: [215731, 87] | RS: [10] | MEM: - | LATCH: AR | OUT: '' | load.addr 1
TICK: 003562 | PC: 00105 | STEP: 0 | IR: load 1 | A: 0 | AR: 1 | NZ: 00 | IE: 1 | PENDING: 0 | IN_INTR: 0 | DS: [215731, 87, 87] | RS: [10] | MEM: read mem[1] | LATCH: DS.push,PC | OUT: '' | load.read
TICK: 003563 | PC: 00105 | STEP: 1 | IR: mul | A: 0 | AR: 1 | NZ: 00 | IE: 1 | PENDING: 0 | IN_INTR: 0 | DS: [215731] | RS: [10] | MEM: - | LATCH: ALU.left,ALU.right | OUT: '' | mul.load_operands
TICK: 003564 | PC: 00106 | STEP: 0 | IR: mul | A: 0 | AR: 1 | NZ: 00 | IE: 1 | PENDING: 0 | IN_INTR: 0 | DS: [215731, 7569] | RS: [10] | MEM: - | LATCH: DS.push(ALU),PC | OUT: '' | mul.write_result
TICK: 003565 | PC: 00106 | STEP: 1 | IR: add | A: 0 | AR: 1 | NZ: 00 | IE: 1 | PENDING: 0 | IN_INTR: 0 | DS: [] | RS: [10] | MEM: - | LATCH: ALU.left,ALU.right | OUT: '' | add.load_operands
TICK: 003566 | PC: 00107 | STEP: 0 | IR: add | A: 0 | AR: 1 | NZ: 00 | IE: 1 | PENDING: 0 | IN_INTR: 0 | DS: [223300] | RS: [10] | MEM: - | LATCH: DS.push(ALU),PC | OUT: '' | add.write_result
TICK: 003567 | PC: 00108 | STEP: 0 | IR: dup | A: 0 | AR: 1 | NZ: 00 | IE: 1 | PENDING: 0 | IN_INTR: 0 | DS: [223300, 223300] | RS: [10] | MEM: - | LATCH: DS.dup,PC | OUT: '' | dup
TICK: 003568 | PC: 00108 | STEP: 1 | IR: store 3 | A: 0 | AR: 3 | NZ: 00 | IE: 1 | PENDING: 0 | IN_INTR: 0 | DS: [223300, 223300] | RS: [10] | MEM: - | LATCH: AR | OUT: '' | store.addr 3
TICK: 003569 | PC: 00113 | STEP: 0 | IR: store 3 | A: 0 | AR: 3 | NZ: 00 | IE: 1 | PENDING: 0 | IN_INTR: 0 | DS: [223300] | RS: [10] | MEM: write mem[3] <- 223300 | LATCH: MEM,PC | OUT: '' | store.write
TICK: 003570 | PC: 00114 | STEP: 0 | IR: drop | A: 0 | AR: 3 | NZ: 00 | IE: 1 | PENDING: 0 | IN_INTR: 0 | DS: [] | RS: [10] | MEM: - | LATCH: PC | OUT: '' | drop
TICK: 003571 | PC: 00114 | STEP: 1 | IR: load 1 | A: 0 | AR: 1 | NZ: 00 | IE: 1 | PENDING: 0 | IN_INTR: 0 | DS: [] | RS: [10] | MEM: - | LATCH: AR | OUT: '' | load.addr 1
TICK: 003572 | PC: 00119 | STEP: 0 | IR: load 1 | A: 0 | AR: 1 | NZ: 00 | IE: 1 | PENDING: 0 | IN_INTR: 0 | DS: [87] | RS: [10] | MEM: read mem[1] | LATCH: DS.push,PC | OUT: '' | load.read
TICK: 003573 | PC: 00124 | STEP: 0 | IR: literal 1 | A: 0 | AR: 1 | NZ: 00 | IE: 1 | PENDING: 0 | IN_INTR: 0 | DS: [87, 1] | RS: [10] | MEM: - | LATCH: DS.push,PC | OUT: '' | literal 1
TICK: 003574 | PC: 00124 | STEP: 1 | IR: add | A: 0 | AR: 1 | NZ: 00 | IE: 1 | PENDING: 0 | IN_INTR: 0 | DS: [] | RS: [10] | MEM: - | LATCH: ALU.left,ALU.right | OUT: '' | add.load_operands
TICK: 003575 | PC: 00125 | STEP: 0 | IR: add | A: 0 | AR: 1 | NZ: 00 | IE: 1 | PENDING: 0 | IN_INTR: 0 | DS: [88] | RS: [10] | MEM: - | LATCH: DS.push(ALU),PC | OUT: '' | add.write_result
TICK: 003576 | PC: 00126 | STEP: 0 | IR: dup | A: 0 | AR: 1 | NZ: 00 | IE: 1 | PENDING: 0 | IN_INTR: 0 | DS: [88, 88] | RS: [10] | MEM: - | LATCH: DS.dup,PC | OUT: '' | dup
TICK: 003577 | PC: 00126 | STEP: 1 | IR: store 1 | A: 0 | AR: 1 | NZ: 00 | IE: 1 | PENDING: 0 | IN_INTR: 0 | DS: [88, 88] | RS: [10] | MEM: - | LATCH: AR | OUT: '' | store.addr 1
TICK: 003578 | PC: 00131 | STEP: 0 | IR: store 1 | A: 0 | AR: 1 | NZ: 00 | IE: 1 | PENDING: 0 | IN_INTR: 0 | DS: [88] | RS: [10] | MEM: write mem[1] <- 88 | LATCH: MEM,PC | OUT: '' | store.write
TICK: 003579 | PC: 00132 | STEP: 0 | IR: drop | A: 0 | AR: 1 | NZ: 00 | IE: 1 | PENDING: 0 | IN_INTR: 0 | DS: [] | RS: [10] | MEM: - | LATCH: PC | OUT: '' | drop
TICK: 003580 | PC: 00051 | STEP: 0 | IR: jmp 51 | A: 0 | AR: 1 | NZ: 00 | IE: 1 | PENDING: 0 | IN_INTR: 0 | DS: [] | RS: [10] | MEM: - | LATCH: PC | OUT: '' | jmp 51
TICK: 003581 | PC: 00056 | STEP: 0 | IR: literal 100 | A: 0 | AR: 1 | NZ: 00 | IE: 1 | PENDING: 0 | IN_INTR: 0 | DS: [100] | RS: [10] | MEM: - | LATCH: DS.push,PC | OUT: '' | literal 100
TICK: 003582 | PC: 00056 | STEP: 1 | IR: load 1 | A: 0 | AR: 1 | NZ: 00 | IE: 1 | PENDING: 0 | IN_INTR: 0 | DS: [100] | RS: [10] | MEM: - | LATCH: AR | OUT: '' | load.addr 1
TICK: 003583 | PC: 00061 | STEP: 0 | IR: load 1 | A: 0 | AR: 1 | NZ: 00 | IE: 1 | PENDING: 0 | IN_INTR: 0 | DS: [100, 88] | RS: [10] | MEM: read mem[1] | LATCH: DS.push,PC | OUT: '' | load.read
TICK: 003584 | PC: 00061 | STEP: 1 | IR: sub | A: 0 | AR: 1 | NZ: 00 | IE: 1 | PENDING: 0 | IN_INTR: 0 | DS: [] | RS: [10] | MEM: - | LATCH: ALU.left,ALU.right | OUT: '' | sub.load_operands
TICK: 003585 | PC: 00062 | STEP: 0 | IR: sub | A: 0 | AR: 1 | NZ: 00 | IE: 1 | PENDING: 0 | IN_INTR: 0 | DS: [12] | RS: [10] | MEM: - | LATCH: DS.push(ALU),PC | OUT: '' | sub.write_result
TICK: 003586 | PC: 00062 | STEP: 1 | IR: mif 72 | A: 0 | AR: 1 | NZ: 00 | IE: 1 | PENDING: 0 | IN_INTR: 0 | DS: [] | RS: [10] | MEM: - | LATCH: ALU.left | OUT: '' | mif.test
TICK: 003587 | PC: 00072 | STEP: 0 | IR: mif 72 | A: 0 | AR: 1 | NZ: 00 | IE: 1 | PENDING: 0 | IN_INTR: 0 | DS: [] | RS: [10] | MEM: - | LATCH: PC | OUT: '' | mif.branch
TICK: 003588 | PC: 00072 | STEP: 1 | IR: load 2 | A: 0 | AR: 2 | NZ: 00 | IE: 1 | PENDING: 0 | IN_INTR: 0 | DS: [] | RS: [10] | MEM: - | LATCH: AR | OUT: '' | load.addr 2
TICK: 003589 | PC: 00077 | STEP: 0 | IR: load 2 | A: 0 | AR: 2 | NZ: 00 | IE: 1 | PENDING: 0 | IN_INTR: 0 | DS: [3828] | RS: [10] | MEM: read mem[2] | LATCH: DS.push,PC | OUT: '' | load.read
TICK: 003590 | PC: 00077 | STEP: 1 | IR: load 1 | A: 0 | AR: 1 | NZ: 00 | IE: 1 | PENDING: 0 | IN_INTR: 0 | DS: [3828] | RS: [10] | MEM: - | LATCH: AR | OUT: '' | load.addr 1
TICK: 003591 | PC: 00082 | STEP: 0 | IR: load 1 | A: 0 | AR: 1 | NZ: 00 | IE: 1 | PENDING: 0 | IN_INTR: 0 | DS: [3828, 88] | RS: [10] | MEM: read mem[1] | LATCH: DS.push,PC | OUT: '' | load.read
TICK: 003592 | PC: 00082 | STEP: 1 | IR: add | A: 0 | AR: 1 | NZ: 00 | IE: 1 | PENDING: 0 | IN_INTR: 0 | DS: [] | RS: [10] | MEM: - | LATCH: ALU.left,ALU.right | OUT: '' | add.load_operands
TICK: 003593 | PC: 00083 | STEP: 0 | IR: add | A: 0 | AR: 1 | NZ: 00 | IE: 1 | PENDING: 0 | IN_INTR: 0 | DS: [3916] | RS: [10] | MEM: - | LATCH: DS.push(ALU),PC | OUT: '' | add.write_result
TICK: 003594 | PC: 00084 | STEP: 0 | IR: dup | A: 0 | AR: 1 | NZ: 00 | IE: 1 | PENDING: 0 | IN_INTR: 0 | DS: [3916, 3916] | RS: [10] | MEM: - | LATCH: DS.dup,PC | OUT: '' | dup
TICK: 003595 | PC: 00084 | STEP: 1 | IR: store 2 | A: 0 | AR: 2 | NZ: 00 | IE: 1 | PENDING: 0 | IN_INTR: 0 | DS: [3916, 3916] | RS: [10] | MEM: - | LATCH: AR | OUT: '' | store.addr 2
TICK: 003596 | PC: 00089 | STEP: 0 | IR: store 2 | A: 0 | AR: 2 | NZ: 00 | IE: 1 | PENDING: 0 | IN_INTR: 0 | DS: [3916] | RS: [10] | MEM: write mem[2] <- 3916 | LATCH: MEM,PC | OUT: '' | store.write
TICK: 003597 | PC: 00090 | STEP: 0 | IR: drop | A: 0 | AR: 2 | NZ: 00 | IE: 1 | PENDING: 0 | IN_INTR: 0 | DS: [] | RS: [10] | MEM: - | LATCH: PC | OUT: '' | drop
TICK: 003598 | PC: 00090 | STEP: 1 | IR: load 3 | A: 0 | AR: 3 | NZ: 00 | IE: 1 | PENDING: 0 | IN_INTR: 0 | DS: [] | RS: [10] | MEM: - | LATCH: AR | OUT: '' | load.addr 3
TICK: 003599 | PC: 00095 | STEP: 0 | IR: load 3 | A: 0 | AR: 3 | NZ: 00 | IE: 1 | PENDING: 0 | IN_INTR: 0 | DS: [223300] | RS: [10] | MEM: read mem[3] | LATCH: DS.push,PC | OUT: '' | load.read
TICK: 003600 | PC: 00095 | STEP: 1 | IR: load 1 | A: 0 | AR: 1 | NZ: 00 | IE: 1 | PENDING: 0 | IN_INTR: 0 | DS: [223300] | RS: [10] | MEM: - | LATCH: AR | OUT: '' | load.addr 1
TICK: 003601 | PC: 00100 | STEP: 0 | IR: load 1 | A: 0 | AR: 1 | NZ: 00 | IE: 1 | PENDING: 0 | IN_INTR: 0 | DS: [223300, 88] | RS: [10] | MEM: read mem[1] | LATCH: DS.push,PC | OUT: '' | load.read
TICK: 003602 | PC: 00100 | STEP: 1 | IR: load 1 | A: 0 | AR: 1 | NZ: 00 | IE: 1 | PENDING: 0 | IN_INTR: 0 | DS: [223300, 88] | RS: [10] | MEM: - | LATCH: AR | OUT: '' | load.addr 1
TICK: 003603 | PC: 00105 | STEP: 0 | IR: load 1 | A: 0 | AR: 1 | NZ: 00 | IE: 1 | PENDING: 0 | IN_INTR: 0 | DS: [223300, 88, 88] | RS: [10] | MEM: read mem[1] | LATCH: DS.push,PC | OUT: '' | load.read
TICK: 003604 | PC: 00105 | STEP: 1 | IR: mul | A: 0 | AR: 1 | NZ: 00 | IE: 1 | PENDING: 0 | IN_INTR: 0 | DS: [223300] | RS: [10] | MEM: - | LATCH: ALU.left,ALU.right | OUT: '' | mul.load_operands
TICK: 003605 | PC: 00106 | STEP: 0 | IR: mul | A: 0 | AR: 1 | NZ: 00 | IE: 1 | PENDING: 0 | IN_INTR: 0 | DS: [223300, 7744] | RS: [10] | MEM: - | LATCH: DS.push(ALU),PC | OUT: '' | mul.write_result
TICK: 003606 | PC: 00106 | STEP: 1 | IR: add | A: 0 | AR: 1 | NZ: 00 | IE: 1 | PENDING: 0 | IN_INTR: 0 | DS: [] | RS: [10] | MEM: - | LATCH: ALU.left,ALU.right | OUT: '' | add.load_operands
TICK: 003607 | PC: 00107 | STEP: 0 | IR: add | A: 0 | AR: 1 | NZ: 00 | IE: 1 | PENDING: 0 | IN_INTR: 0 | DS: [231044] | RS: [10] | MEM: - | LATCH: DS.push(ALU),PC | OUT: '' | add.write_result
TICK: 003608 | PC: 00108 | STEP: 0 | IR: dup | A: 0 | AR: 1 | NZ: 00 | IE: 1 | PENDING: 0 | IN_INTR: 0 | DS: [231044, 231044] | RS: [10] | MEM: - | LATCH: DS.dup,PC | OUT: '' | dup
TICK: 003609 | PC: 00108 | STEP: 1 | IR: store 3 | A: 0 | AR: 3 | NZ: 00 | IE: 1 | PENDING: 0 | IN_INTR: 0 | DS: [231044, 231044] | RS: [10] | MEM: - | LATCH: AR | OUT: '' | store.addr 3
TICK: 003610 | PC: 00113 | STEP: 0 | IR: store 3 | A: 0 | AR: 3 | NZ: 00 | IE: 1 | PENDING: 0 | IN_INTR: 0 | DS: [231044] | RS: [10] | MEM: write mem[3] <- 231044 | LATCH: MEM,PC | OUT: '' | store.write
TICK: 003611 | PC: 00114 | STEP: 0 | IR: drop | A: 0 | AR: 3 | NZ: 00 | IE: 1 | PENDING: 0 | IN_INTR: 0 | DS: [] | RS: [10] | MEM: - | LATCH: PC | OUT: '' | drop
TICK: 003612 | PC: 00114 | STEP: 1 | IR: load 1 | A: 0 | AR: 1 | NZ: 00 | IE: 1 | PENDING: 0 | IN_INTR: 0 | DS: [] | RS: [10] | MEM: - | LATCH: AR | OUT: '' | load.addr 1
TICK: 003613 | PC: 00119 | STEP: 0 | IR: load 1 | A: 0 | AR: 1 | NZ: 00 | IE: 1 | PENDING: 0 | IN_INTR: 0 | DS: [88] | RS: [10] | MEM: read mem[1] | LATCH: DS.push,PC | OUT: '' | load.read
TICK: 003614 | PC: 00124 | STEP: 0 | IR: literal 1 | A: 0 | AR: 1 | NZ: 00 | IE: 1 | PENDING: 0 | IN_INTR: 0 | DS: [88, 1] | RS: [10] | MEM: - | LATCH: DS.push,PC | OUT: '' | literal 1
TICK: 003615 | PC: 00124 | STEP: 1 | IR: add | A: 0 | AR: 1 | NZ: 00 | IE: 1 | PENDING: 0 | IN_INTR: 0 | DS: [] | RS: [10] | MEM: - | LATCH: ALU.left,ALU.right | OUT: '' | add.load_operands
TICK: 003616 | PC: 00125 | STEP: 0 | IR: add | A: 0 | AR: 1 | NZ: 00 | IE: 1 | PENDING: 0 | IN_INTR: 0 | DS: [89] | RS: [10] | MEM: - | LATCH: DS.push(ALU),PC | OUT: '' | add.write_result
TICK: 003617 | PC: 00126 | STEP: 0 | IR: dup | A: 0 | AR: 1 | NZ: 00 | IE: 1 | PENDING: 0 | IN_INTR: 0 | DS: [89, 89] | RS: [10] | MEM: - | LATCH: DS.dup,PC | OUT: '' | dup
TICK: 003618 | PC: 00126 | STEP: 1 | IR: store 1 | A: 0 | AR: 1 | NZ: 00 | IE: 1 | PENDING: 0 | IN_INTR: 0 | DS: [89, 89] | RS: [10] | MEM: - | LATCH: AR | OUT: '' | store.addr 1
TICK: 003619 | PC: 00131 | STEP: 0 | IR: store 1 | A: 0 | AR: 1 | NZ: 00 | IE: 1 | PENDING: 0 | IN_INTR: 0 | DS: [89] | RS: [10] | MEM: write mem[1] <- 89 | LATCH: MEM,PC | OUT: '' | store.write
TICK: 003620 | PC: 00132 | STEP: 0 | IR: drop | A: 0 | AR: 1 | NZ: 00 | IE: 1 | PENDING: 0 | IN_INTR: 0 | DS: [] | RS: [10] | MEM: - | LATCH: PC | OUT: '' | drop
TICK: 003621 | PC: 00051 | STEP: 0 | IR: jmp 51 | A: 0 | AR: 1 | NZ: 00 | IE: 1 | PENDING: 0 | IN_INTR: 0 | DS: [] | RS: [10] | MEM: - | LATCH: PC | OUT: '' | jmp 51
TICK: 003622 | PC: 00056 | STEP: 0 | IR: literal 100 | A: 0 | AR: 1 | NZ: 00 | IE: 1 | PENDING: 0 | IN_INTR: 0 | DS: [100] | RS: [10] | MEM: - | LATCH: DS.push,PC | OUT: '' | literal 100
TICK: 003623 | PC: 00056 | STEP: 1 | IR: load 1 | A: 0 | AR: 1 | NZ: 00 | IE: 1 | PENDING: 0 | IN_INTR: 0 | DS: [100] | RS: [10] | MEM: - | LATCH: AR | OUT: '' | load.addr 1
TICK: 003624 | PC: 00061 | STEP: 0 | IR: load 1 | A: 0 | AR: 1 | NZ: 00 | IE: 1 | PENDING: 0 | IN_INTR: 0 | DS: [100, 89] | RS: [10] | MEM: read mem[1] | LATCH: DS.push,PC | OUT: '' | load.read
TICK: 003625 | PC: 00061 | STEP: 1 | IR: sub | A: 0 | AR: 1 | NZ: 00 | IE: 1 | PENDING: 0 | IN_INTR: 0 | DS: [] | RS: [10] | MEM: - | LATCH: ALU.left,ALU.right | OUT: '' | sub.load_operands
TICK: 003626 | PC: 00062 | STEP: 0 | IR: sub | A: 0 | AR: 1 | NZ: 00 | IE: 1 | PENDING: 0 | IN_INTR: 0 | DS: [11] | RS: [10] | MEM: - | LATCH: DS.push(ALU),PC | OUT: '' | sub.write_result
TICK: 003627 | PC: 00062 | STEP: 1 | IR: mif 72 | A: 0 | AR: 1 | NZ: 00 | IE: 1 | PENDING: 0 | IN_INTR: 0 | DS: [] | RS: [10] | MEM: - | LATCH: ALU.left | OUT: '' | mif.test
TICK: 003628 | PC: 00072 | STEP: 0 | IR: mif 72 | A: 0 | AR: 1 | NZ: 00 | IE: 1 | PENDING: 0 | IN_INTR: 0 | DS: [] | RS: [10] | MEM: - | LATCH: PC | OUT: '' | mif.branch
TICK: 003629 | PC: 00072 | STEP: 1 | IR: load 2 | A: 0 | AR: 2 | NZ: 00 | IE: 1 | PENDING: 0 | IN_INTR: 0 | DS: [] | RS: [10] | MEM: - | LATCH: AR | OUT: '' | load.addr 2
TICK: 003630 | PC: 00077 | STEP: 0 | IR: load 2 | A: 0 | AR: 2 | NZ: 00 | IE: 1 | PENDING: 0 | IN_INTR: 0 | DS: [3916] | RS: [10] | MEM: read mem[2] | LATCH: DS.push,PC | OUT: '' | load.read
TICK: 003631 | PC: 00077 | STEP: 1 | IR: load 1 | A: 0 | AR: 1 | NZ: 00 | IE: 1 | PENDING: 0 | IN_INTR: 0 | DS: [3916] | RS: [10] | MEM: - | LATCH: AR | OUT: '' | load.addr 1
TICK: 003632 | PC: 00082 | STEP: 0 | IR: load 1 | A: 0 | AR: 1 | NZ: 00 | IE: 1 | PENDING: 0 | IN_INTR: 0 | DS: [3916, 89] | RS: [10] | MEM: read mem[1] | LATCH: DS.push,PC | OUT: '' | load.read
TICK: 003633 | PC: 00082 | STEP: 1 | IR: add | A: 0 | AR: 1 | NZ: 00 | IE: 1 | PENDING: 0 | IN_INTR: 0 | DS: [] | RS: [10] | MEM: - | LATCH: ALU.left,ALU.right | OUT: '' | add.load_operands
TICK: 003634 | PC: 00083 | STEP: 0 | IR: add | A: 0 | AR: 1 | NZ: 00 | IE: 1 | PENDING: 0 | IN_INTR: 0 | DS: [4005] | RS: [10] | MEM: - | LATCH: DS.push(ALU),PC | OUT: '' | add.write_result
TICK: 003635 | PC: 00084 | STEP: 0 | IR: dup | A: 0 | AR: 1 | NZ: 00 | IE: 1 | PENDING: 0 | IN_INTR: 0 | DS: [4005, 4005] | RS: [10] | MEM: - | LATCH: DS.dup,PC | OUT: '' | dup
TICK: 003636 | PC: 00084 | STEP: 1 | IR: store 2 | A: 0 | AR: 2 | NZ: 00 | IE: 1 | PENDING: 0 | IN_INTR: 0 | DS: [4005, 4005] | RS: [10] | MEM: - | LATCH: AR | OUT: '' | store.addr 2
TICK: 003637 | PC: 00089 | STEP: 0 | IR: store 2 | A: 0 | AR: 2 | NZ: 00 | IE: 1 | PENDING: 0 | IN_INTR: 0 | DS: [4005] | RS: [10] | MEM: write mem[2] <- 4005 | LATCH: MEM,PC | OUT: '' | store.write
TICK: 003638 | PC: 00090 | STEP: 0 | IR: drop | A: 0 | AR: 2 | NZ: 00 | IE: 1 | PENDING: 0 | IN_INTR: 0 | DS: [] | RS: [10] | MEM: - | LATCH: PC | OUT: '' | drop
TICK: 003639 | PC: 00090 | STEP: 1 | IR: load 3 | A: 0 | AR: 3 | NZ: 00 | IE: 1 | PENDING: 0 | IN_INTR: 0 | DS: [] | RS: [10] | MEM: - | LATCH: AR | OUT: '' | load.addr 3
TICK: 003640 | PC: 00095 | STEP: 0 | IR: load 3 | A: 0 | AR: 3 | NZ: 00 | IE: 1 | PENDING: 0 | IN_INTR: 0 | DS: [231044] | RS: [10] | MEM: read mem[3] | LATCH: DS.push,PC | OUT: '' | load.read
TICK: 003641 | PC: 00095 | STEP: 1 | IR: load 1 | A: 0 | AR: 1 | NZ: 00 | IE: 1 | PENDING: 0 | IN_INTR: 0 | DS: [231044] | RS: [10] | MEM: - | LATCH: AR | OUT: '' | load.addr 1
TICK: 003642 | PC: 00100 | STEP: 0 | IR: load 1 | A: 0 | AR: 1 | NZ: 00 | IE: 1 | PENDING: 0 | IN_INTR: 0 | DS: [231044, 89] | RS: [10] | MEM: read mem[1] | LATCH: DS.push,PC | OUT: '' | load.read
TICK: 003643 | PC: 00100 | STEP: 1 | IR: load 1 | A: 0 | AR: 1 | NZ: 00 | IE: 1 | PENDING: 0 | IN_INTR: 0 | DS: [231044, 89] | RS: [10] | MEM: - | LATCH: AR | OUT: '' | load.addr 1
TICK: 003644 | PC: 00105 | STEP: 0 | IR: load 1 | A: 0 | AR: 1 | NZ: 00 | IE: 1 | PENDING: 0 | IN_INTR: 0 | DS: [231044, 89, 89] | RS: [10] | MEM: read mem[1] | LATCH: DS.push,PC | OUT: '' | load.read
TICK: 003645 | PC: 00105 | STEP: 1 | IR: mul | A: 0 | AR: 1 | NZ: 00 | IE: 1 | PENDING: 0 | IN_INTR: 0 | DS: [231044] | RS: [10] | MEM: - | LATCH: ALU.left,ALU.right | OUT: '' | mul.load_operands
TICK: 003646 | PC: 00106 | STEP: 0 | IR: mul | A: 0 | AR: 1 | NZ: 00 | IE: 1 | PENDING: 0 | IN_INTR: 0 | DS: [231044, 7921] | RS: [10] | MEM: - | LATCH: DS.push(ALU),PC | OUT: '' | mul.write_result
TICK: 003647 | PC: 00106 | STEP: 1 | IR: add | A: 0 | AR: 1 | NZ: 00 | IE: 1 | PENDING: 0 | IN_INTR: 0 | DS: [] | RS: [10] | MEM: - | LATCH: ALU.left,ALU.right | OUT: '' | add.load_operands
TICK: 003648 | PC: 00107 | STEP: 0 | IR: add | A: 0 | AR: 1 | NZ: 00 | IE: 1 | PENDING: 0 | IN_INTR: 0 | DS: [238965] | RS: [10] | MEM: - | LATCH: DS.push(ALU),PC | OUT: '' | add.write_result
TICK: 003649 | PC: 00108 | STEP: 0 | IR: dup | A: 0 | AR: 1 | NZ: 00 | IE: 1 | PENDING: 0 | IN_INTR: 0 | DS: [238965, 238965] | RS: [10] | MEM: - | LATCH: DS.dup,PC | OUT: '' | dup
TICK: 003650 | PC: 00108 | STEP: 1 | IR: store 3 | A: 0 | AR: 3 | NZ: 00 | IE: 1 | PENDING: 0 | IN_INTR: 0 | DS: [238965, 238965] | RS: [10] | MEM: - | LATCH: AR | OUT: '' | store.addr 3
TICK: 003651 | PC: 00113 | STEP: 0 | IR: store 3 | A: 0 | AR: 3 | NZ: 00 | IE: 1 | PENDING: 0 | IN_INTR: 0 | DS: [238965] | RS: [10] | MEM: write mem[3] <- 238965 | LATCH: MEM,PC | OUT: '' | store.write
TICK: 003652 | PC: 00114 | STEP: 0 | IR: drop | A: 0 | AR: 3 | NZ: 00 | IE: 1 | PENDING: 0 | IN_INTR: 0 | DS: [] | RS: [10] | MEM: - | LATCH: PC | OUT: '' | drop
TICK: 003653 | PC: 00114 | STEP: 1 | IR: load 1 | A: 0 | AR: 1 | NZ: 00 | IE: 1 | PENDING: 0 | IN_INTR: 0 | DS: [] | RS: [10] | MEM: - | LATCH: AR | OUT: '' | load.addr 1
TICK: 003654 | PC: 00119 | STEP: 0 | IR: load 1 | A: 0 | AR: 1 | NZ: 00 | IE: 1 | PENDING: 0 | IN_INTR: 0 | DS: [89] | RS: [10] | MEM: read mem[1] | LATCH: DS.push,PC | OUT: '' | load.read
TICK: 003655 | PC: 00124 | STEP: 0 | IR: literal 1 | A: 0 | AR: 1 | NZ: 00 | IE: 1 | PENDING: 0 | IN_INTR: 0 | DS: [89, 1] | RS: [10] | MEM: - | LATCH: DS.push,PC | OUT: '' | literal 1
TICK: 003656 | PC: 00124 | STEP: 1 | IR: add | A: 0 | AR: 1 | NZ: 00 | IE: 1 | PENDING: 0 | IN_INTR: 0 | DS: [] | RS: [10] | MEM: - | LATCH: ALU.left,ALU.right | OUT: '' | add.load_operands
TICK: 003657 | PC: 00125 | STEP: 0 | IR: add | A: 0 | AR: 1 | NZ: 00 | IE: 1 | PENDING: 0 | IN_INTR: 0 | DS: [90] | RS: [10] | MEM: - | LATCH: DS.push(ALU),PC | OUT: '' | add.write_result
TICK: 003658 | PC: 00126 | STEP: 0 | IR: dup | A: 0 | AR: 1 | NZ: 00 | IE: 1 | PENDING: 0 | IN_INTR: 0 | DS: [90, 90] | RS: [10] | MEM: - | LATCH: DS.dup,PC | OUT: '' | dup
TICK: 003659 | PC: 00126 | STEP: 1 | IR: store 1 | A: 0 | AR: 1 | NZ: 00 | IE: 1 | PENDING: 0 | IN_INTR: 0 | DS: [90, 90] | RS: [10] | MEM: - | LATCH: AR | OUT: '' | store.addr 1
TICK: 003660 | PC: 00131 | STEP: 0 | IR: store 1 | A: 0 | AR: 1 | NZ: 00 | IE: 1 | PENDING: 0 | IN_INTR: 0 | DS: [90] | RS: [10] | MEM: write mem[1] <- 90 | LATCH: MEM,PC | OUT: '' | store.write
TICK: 003661 | PC: 00132 | STEP: 0 | IR: drop | A: 0 | AR: 1 | NZ: 00 | IE: 1 | PENDING: 0 | IN_INTR: 0 | DS: [] | RS: [10] | MEM: - | LATCH: PC | OUT: '' | drop
TICK: 003662 | PC: 00051 | STEP: 0 | IR: jmp 51 | A: 0 | AR: 1 | NZ: 00 | IE: 1 | PENDING: 0 | IN_INTR: 0 | DS: [] | RS: [10] | MEM: - | LATCH: PC | OUT: '' | jmp 51
TICK: 003663 | PC: 00056 | STEP: 0 | IR: literal 100 | A: 0 | AR: 1 | NZ: 00 | IE: 1 | PENDING: 0 | IN_INTR: 0 | DS: [100] | RS: [10] | MEM: - | LATCH: DS.push,PC | OUT: '' | literal 100
TICK: 003664 | PC: 00056 | STEP: 1 | IR: load 1 | A: 0 | AR: 1 | NZ: 00 | IE: 1 | PENDING: 0 | IN_INTR: 0 | DS: [100] | RS: [10] | MEM: - | LATCH: AR | OUT: '' | load.addr 1
TICK: 003665 | PC: 00061 | STEP: 0 | IR: load 1 | A: 0 | AR: 1 | NZ: 00 | IE: 1 | PENDING: 0 | IN_INTR: 0 | DS: [100, 90] | RS: [10] | MEM: read mem[1] | LATCH: DS.push,PC | OUT: '' | load.read
TICK: 003666 | PC: 00061 | STEP: 1 | IR: sub | A: 0 | AR: 1 | NZ: 00 | IE: 1 | PENDING: 0 | IN_INTR: 0 | DS: [] | RS: [10] | MEM: - | LATCH: ALU.left,ALU.right | OUT: '' | sub.load_operands
TICK: 003667 | PC: 00062 | STEP: 0 | IR: sub | A: 0 | AR: 1 | NZ: 00 | IE: 1 | PENDING: 0 | IN_INTR: 0 | DS: [10] | RS: [10] | MEM: - | LATCH: DS.push(ALU),PC | OUT: '' | sub.write_result
TICK: 003668 | PC: 00062 | STEP: 1 | IR: mif 72 | A: 0 | AR: 1 | NZ: 00 | IE: 1 | PENDING: 0 | IN_INTR: 0 | DS: [] | RS: [10] | MEM: - | LATCH: ALU.left | OUT: '' | mif.test
TICK: 003669 | PC: 00072 | STEP: 0 | IR: mif 72 | A: 0 | AR: 1 | NZ: 00 | IE: 1 | PENDING: 0 | IN_INTR: 0 | DS: [] | RS: [10] | MEM: - | LATCH: PC | OUT: '' | mif.branch
TICK: 003670 | PC: 00072 | STEP: 1 | IR: load 2 | A: 0 | AR: 2 | NZ: 00 | IE: 1 | PENDING: 0 | IN_INTR: 0 | DS: [] | RS: [10] | MEM: - | LATCH: AR | OUT: '' | load.addr 2
TICK: 003671 | PC: 00077 | STEP: 0 | IR: load 2 | A: 0 | AR: 2 | NZ: 00 | IE: 1 | PENDING: 0 | IN_INTR: 0 | DS: [4005] | RS: [10] | MEM: read mem[2] | LATCH: DS.push,PC | OUT: '' | load.read
TICK: 003672 | PC: 00077 | STEP: 1 | IR: load 1 | A: 0 | AR: 1 | NZ: 00 | IE: 1 | PENDING: 0 | IN_INTR: 0 | DS: [4005] | RS: [10] | MEM: - | LATCH: AR | OUT: '' | load.addr 1
TICK: 003673 | PC: 00082 | STEP: 0 | IR: load 1 | A: 0 | AR: 1 | NZ: 00 | IE: 1 | PENDING: 0 | IN_INTR: 0 | DS: [4005, 90] | RS: [10] | MEM: read mem[1] | LATCH: DS.push,PC | OUT: '' | load.read
TICK: 003674 | PC: 00082 | STEP: 1 | IR: add | A: 0 | AR: 1 | NZ: 00 | IE: 1 | PENDING: 0 | IN_INTR: 0 | DS: [] | RS: [10] | MEM: - | LATCH: ALU.left,ALU.right | OUT: '' | add.load_operands
TICK: 003675 | PC: 00083 | STEP: 0 | IR: add | A: 0 | AR: 1 | NZ: 00 | IE: 1 | PENDING: 0 | IN_INTR: 0 | DS: [4095] | RS: [10] | MEM: - | LATCH: DS.push(ALU),PC | OUT: '' | add.write_result
TICK: 003676 | PC: 00084 | STEP: 0 | IR: dup | A: 0 | AR: 1 | NZ: 00 | IE: 1 | PENDING: 0 | IN_INTR: 0 | DS: [4095, 4095] | RS: [10] | MEM: - | LATCH: DS.dup,PC | OUT: '' | dup
TICK: 003677 | PC: 00084 | STEP: 1 | IR: store 2 | A: 0 | AR: 2 | NZ: 00 | IE: 1 | PENDING: 0 | IN_INTR: 0 | DS: [4095, 4095] | RS: [10] | MEM: - | LATCH: AR | OUT: '' | store.addr 2
TICK: 003678 | PC: 00089 | STEP: 0 | IR: store 2 | A: 0 | AR: 2 | NZ: 00 | IE: 1 | PENDING: 0 | IN_INTR: 0 | DS: [4095] | RS: [10] | MEM: write mem[2] <- 4095 | LATCH: MEM,PC | OUT: '' | store.write
TICK: 003679 | PC: 00090 | STEP: 0 | IR: drop | A: 0 | AR: 2 | NZ: 00 | IE: 1 | PENDING: 0 | IN_INTR: 0 | DS: [] | RS: [10] | MEM: - | LATCH: PC | OUT: '' | drop
TICK: 003680 | PC: 00090 | STEP: 1 | IR: load 3 | A: 0 | AR: 3 | NZ: 00 | IE: 1 | PENDING: 0 | IN_INTR: 0 | DS: [] | RS: [10] | MEM: - | LATCH: AR | OUT: '' | load.addr 3
TICK: 003681 | PC: 00095 | STEP: 0 | IR: load 3 | A: 0 | AR: 3 | NZ: 00 | IE: 1 | PENDING: 0 | IN_INTR: 0 | DS: [238965] | RS: [10] | MEM: read mem[3] | LATCH: DS.push,PC | OUT: '' | load.read
TICK: 003682 | PC: 00095 | STEP: 1 | IR: load 1 | A: 0 | AR: 1 | NZ: 00 | IE: 1 | PENDING: 0 | IN_INTR: 0 | DS: [238965] | RS: [10] | MEM: - | LATCH: AR | OUT: '' | load.addr 1
TICK: 003683 | PC: 00100 | STEP: 0 | IR: load 1 | A: 0 | AR: 1 | NZ: 00 | IE: 1 | PENDING: 0 | IN_INTR: 0 | DS: [238965, 90] | RS: [10] | MEM: read mem[1] | LATCH: DS.push,PC | OUT: '' | load.read
TICK: 003684 | PC: 00100 | STEP: 1 | IR: load 1 | A: 0 | AR: 1 | NZ: 00 | IE: 1 | PENDING: 0 | IN_INTR: 0 | DS: [238965, 90] | RS: [10] | MEM: - | LATCH: AR | OUT: '' | load.addr 1
TICK: 003685 | PC: 00105 | STEP: 0 | IR: load 1 | A: 0 | AR: 1 | NZ: 00 | IE: 1 | PENDING: 0 | IN_INTR: 0 | DS: [238965, 90, 90] | RS: [10] | MEM: read mem[1] | LATCH: DS.push,PC | OUT: '' | load.read
TICK: 003686 | PC: 00105 | STEP: 1 | IR: mul | A: 0 | AR: 1 | NZ: 00 | IE: 1 | PENDING: 0 | IN_INTR: 0 | DS: [238965] | RS: [10] | MEM: - | LATCH: ALU.left,ALU.right | OUT: '' | mul.load_operands
TICK: 003687 | PC: 00106 | STEP: 0 | IR: mul | A: 0 | AR: 1 | NZ: 00 | IE: 1 | PENDING: 0 | IN_INTR: 0 | DS: [238965, 8100] | RS: [10] | MEM: - | LATCH: DS.push(ALU),PC | OUT: '' | mul.write_result
TICK: 003688 | PC: 00106 | STEP: 1 | IR: add | A: 0 | AR: 1 | NZ: 00 | IE: 1 | PENDING: 0 | IN_INTR: 0 | DS: [] | RS: [10] | MEM: - | LATCH: ALU.left,ALU.right | OUT: '' | add.load_operands
TICK: 003689 | PC: 00107 | STEP: 0 | IR: add | A: 0 | AR: 1 | NZ: 00 | IE: 1 | PENDING: 0 | IN_INTR: 0 | DS: [247065] | RS: [10] | MEM: - | LATCH: DS.push(ALU),PC | OUT: '' | add.write_result
TICK: 003690 | PC: 00108 | STEP: 0 | IR: dup | A: 0 | AR: 1 | NZ: 00 | IE: 1 | PENDING: 0 | IN_INTR: 0 | DS: [247065, 247065] | RS: [10] | MEM: - | LATCH: DS.dup,PC | OUT: '' | dup
TICK: 003691 | PC: 00108 | STEP: 1 | IR: store 3 | A: 0 | AR: 3 | NZ: 00 | IE: 1 | PENDING: 0 | IN_INTR: 0 | DS: [247065, 247065] | RS: [10] | MEM: - | LATCH: AR | OUT: '' | store.addr 3
TICK: 003692 | PC: 00113 | STEP: 0 | IR: store 3 | A: 0 | AR: 3 | NZ: 00 | IE: 1 | PENDING: 0 | IN_INTR: 0 | DS: [247065] | RS: [10] | MEM: write mem[3] <- 247065 | LATCH: MEM,PC | OUT: '' | store.write
TICK: 003693 | PC: 00114 | STEP: 0 | IR: drop | A: 0 | AR: 3 | NZ: 00 | IE: 1 | PENDING: 0 | IN_INTR: 0 | DS: [] | RS: [10] | MEM: - | LATCH: PC | OUT: '' | drop
TICK: 003694 | PC: 00114 | STEP: 1 | IR: load 1 | A: 0 | AR: 1 | NZ: 00 | IE: 1 | PENDING: 0 | IN_INTR: 0 | DS: [] | RS: [10] | MEM: - | LATCH: AR | OUT: '' | load.addr 1
TICK: 003695 | PC: 00119 | STEP: 0 | IR: load 1 | A: 0 | AR: 1 | NZ: 00 | IE: 1 | PENDING: 0 | IN_INTR: 0 | DS: [90] | RS: [10] | MEM: read mem[1] | LATCH: DS.push,PC | OUT: '' | load.read
TICK: 003696 | PC: 00124 | STEP: 0 | IR: literal 1 | A: 0 | AR: 1 | NZ: 00 | IE: 1 | PENDING: 0 | IN_INTR: 0 | DS: [90, 1] | RS: [10] | MEM: - | LATCH: DS.push,PC | OUT: '' | literal 1
TICK: 003697 | PC: 00124 | STEP: 1 | IR: add | A: 0 | AR: 1 | NZ: 00 | IE: 1 | PENDING: 0 | IN_INTR: 0 | DS: [] | RS: [10] | MEM: - | LATCH: ALU.left,ALU.right | OUT: '' | add.load_operands
TICK: 003698 | PC: 00125 | STEP: 0 | IR: add | A: 0 | AR: 1 | NZ: 00 | IE: 1 | PENDING: 0 | IN_INTR: 0 | DS: [91] | RS: [10] | MEM: - | LATCH: DS.push(ALU),PC | OUT: '' | add.write_result
TICK: 003699 | PC: 00126 | STEP: 0 | IR: dup | A: 0 | AR: 1 | NZ: 00 | IE: 1 | PENDING: 0 | IN_INTR: 0 | DS: [91, 91] | RS: [10] | MEM: - | LATCH: DS.dup,PC | OUT: '' | dup
TICK: 003700 | PC: 00126 | STEP: 1 | IR: store 1 | A: 0 | AR: 1 | NZ: 00 | IE: 1 | PENDING: 0 | IN_INTR: 0 | DS: [91, 91] | RS: [10] | MEM: - | LATCH: AR | OUT: '' | store.addr 1
TICK: 003701 | PC: 00131 | STEP: 0 | IR: store 1 | A: 0 | AR: 1 | NZ: 00 | IE: 1 | PENDING: 0 | IN_INTR: 0 | DS: [91] | RS: [10] | MEM: write mem[1] <- 91 | LATCH: MEM,PC | OUT: '' | store.write
TICK: 003702 | PC: 00132 | STEP: 0 | IR: drop | A: 0 | AR: 1 | NZ: 00 | IE: 1 | PENDING: 0 | IN_INTR: 0 | DS: [] | RS: [10] | MEM: - | LATCH: PC | OUT: '' | drop
TICK: 003703 | PC: 00051 | STEP: 0 | IR: jmp 51 | A: 0 | AR: 1 | NZ: 00 | IE: 1 | PENDING: 0 | IN_INTR: 0 | DS: [] | RS: [10] | MEM: - | LATCH: PC | OUT: '' | jmp 51
TICK: 003704 | PC: 00056 | STEP: 0 | IR: literal 100 | A: 0 | AR: 1 | NZ: 00 | IE: 1 | PENDING: 0 | IN_INTR: 0 | DS: [100] | RS: [10] | MEM: - | LATCH: DS.push,PC | OUT: '' | literal 100
TICK: 003705 | PC: 00056 | STEP: 1 | IR: load 1 | A: 0 | AR: 1 | NZ: 00 | IE: 1 | PENDING: 0 | IN_INTR: 0 | DS: [100] | RS: [10] | MEM: - | LATCH: AR | OUT: '' | load.addr 1
TICK: 003706 | PC: 00061 | STEP: 0 | IR: load 1 | A: 0 | AR: 1 | NZ: 00 | IE: 1 | PENDING: 0 | IN_INTR: 0 | DS: [100, 91] | RS: [10] | MEM: read mem[1] | LATCH: DS.push,PC | OUT: '' | load.read
TICK: 003707 | PC: 00061 | STEP: 1 | IR: sub | A: 0 | AR: 1 | NZ: 00 | IE: 1 | PENDING: 0 | IN_INTR: 0 | DS: [] | RS: [10] | MEM: - | LATCH: ALU.left,ALU.right | OUT: '' | sub.load_operands
TICK: 003708 | PC: 00062 | STEP: 0 | IR: sub | A: 0 | AR: 1 | NZ: 00 | IE: 1 | PENDING: 0 | IN_INTR: 0 | DS: [9] | RS: [10] | MEM: - | LATCH: DS.push(ALU),PC | OUT: '' | sub.write_result
TICK: 003709 | PC: 00062 | STEP: 1 | IR: mif 72 | A: 0 | AR: 1 | NZ: 00 | IE: 1 | PENDING: 0 | IN_INTR: 0 | DS: [] | RS: [10] | MEM: - | LATCH: ALU.left | OUT: '' | mif.test
TICK: 003710 | PC: 00072 | STEP: 0 | IR: mif 72 | A: 0 | AR: 1 | NZ: 00 | IE: 1 | PENDING: 0 | IN_INTR: 0 | DS: [] | RS: [10] | MEM: - | LATCH: PC | OUT: '' | mif.branch
TICK: 003711 | PC: 00072 | STEP: 1 | IR: load 2 | A: 0 | AR: 2 | NZ: 00 | IE: 1 | PENDING: 0 | IN_INTR: 0 | DS: [] | RS: [10] | MEM: - | LATCH: AR | OUT: '' | load.addr 2
TICK: 003712 | PC: 00077 | STEP: 0 | IR: load 2 | A: 0 | AR: 2 | NZ: 00 | IE: 1 | PENDING: 0 | IN_INTR: 0 | DS: [4095] | RS: [10] | MEM: read mem[2] | LATCH: DS.push,PC | OUT: '' | load.read
TICK: 003713 | PC: 00077 | STEP: 1 | IR: load 1 | A: 0 | AR: 1 | NZ: 00 | IE: 1 | PENDING: 0 | IN_INTR: 0 | DS: [4095] | RS: [10] | MEM: - | LATCH: AR | OUT: '' | load.addr 1
TICK: 003714 | PC: 00082 | STEP: 0 | IR: load 1 | A: 0 | AR: 1 | NZ: 00 | IE: 1 | PENDING: 0 | IN_INTR: 0 | DS: [4095, 91] | RS: [10] | MEM: read mem[1] | LATCH: DS.push,PC | OUT: '' | load.read
TICK: 003715 | PC: 00082 | STEP: 1 | IR: add | A: 0 | AR: 1 | NZ: 00 | IE: 1 | PENDING: 0 | IN_INTR: 0 | DS: [] | RS: [10] | MEM: - | LATCH: ALU.left,ALU.right | OUT: '' | add.load_operands
TICK: 003716 | PC: 00083 | STEP: 0 | IR: add | A: 0 | AR: 1 | NZ: 00 | IE: 1 | PENDING: 0 | IN_INTR: 0 | DS: [4186] | RS: [10] | MEM: - | LATCH: DS.push(ALU),PC | OUT: '' | add.write_result
TICK: 003717 | PC: 00084 | STEP: 0 | IR: dup | A: 0 | AR: 1 | NZ: 00 | IE: 1 | PENDING: 0 | IN_INTR: 0 | DS: [4186, 4186] | RS: [10] | MEM: - | LATCH: DS.dup,PC | OUT: '' | dup
TICK: 003718 | PC: 00084 | STEP: 1 | IR: store 2 | A: 0 | AR: 2 | NZ: 00 | IE: 1 | PENDING: 0 | IN_INTR: 0 | DS: [4186, 4186] | RS: [10] | MEM: - | LATCH: AR | OUT: '' | store.addr 2
TICK: 003719 | PC: 00089 | STEP: 0 | IR: store 2 | A: 0 | AR: 2 | NZ: 00 | IE: 1 | PENDING: 0 | IN_INTR: 0 | DS: [4186] | RS: [10] | MEM: write mem[2] <- 4186 | LATCH: MEM,PC | OUT: '' | store.write
TICK: 003720 | PC: 00090 | STEP: 0 | IR: drop | A: 0 | AR: 2 | NZ: 00 | IE: 1 | PENDING: 0 | IN_INTR: 0 | DS: [] | RS: [10] | MEM: - | LATCH: PC | OUT: '' | drop
TICK: 003721 | PC: 00090 | STEP: 1 | IR: load 3 | A: 0 | AR: 3 | NZ: 00 | IE: 1 | PENDING: 0 | IN_INTR: 0 | DS: [] | RS: [10] | MEM: - | LATCH: AR | OUT: '' | load.addr 3
TICK: 003722 | PC: 00095 | STEP: 0 | IR: load 3 | A: 0 | AR: 3 | NZ: 00 | IE: 1 | PENDING: 0 | IN_INTR: 0 | DS: [247065] | RS: [10] | MEM: read mem[3] | LATCH: DS.push,PC | OUT: '' | load.read
TICK: 003723 | PC: 00095 | STEP: 1 | IR: load 1 | A: 0 | AR: 1 | NZ: 00 | IE: 1 | PENDING: 0 | IN_INTR: 0 | DS: [247065] | RS: [10] | MEM: - | LATCH: AR | OUT: '' | load.addr 1
TICK: 003724 | PC: 00100 | STEP: 0 | IR: load 1 | A: 0 | AR: 1 | NZ: 00 | IE: 1 | PENDING: 0 | IN_INTR: 0 | DS: [247065, 91] | RS: [10] | MEM: read mem[1] | LATCH: DS.push,PC | OUT: '' | load.read
TICK: 003725 | PC: 00100 | STEP: 1 | IR: load 1 | A: 0 | AR: 1 | NZ: 00 | IE: 1 | PENDING: 0 | IN_INTR: 0 | DS: [247065, 91] | RS: [10] | MEM: - | LATCH: AR | OUT: '' | load.addr 1
TICK: 003726 | PC: 00105 | STEP: 0 | IR: load 1 | A: 0 | AR: 1 | NZ: 00 | IE: 1 | PENDING: 0 | IN_INTR: 0 | DS: [247065, 91, 91] | RS: [10] | MEM: read mem[1] | LATCH: DS.push,PC | OUT: '' | load.read
TICK: 003727 | PC: 00105 | STEP: 1 | IR: mul | A: 0 | AR: 1 | NZ: 00 | IE: 1 | PENDING: 0 | IN_INTR: 0 | DS: [247065] | RS: [10] | MEM: - | LATCH: ALU.left,ALU.right | OUT: '' | mul.load_operands
TICK: 003728 | PC: 00106 | STEP: 0 | IR: mul | A: 0 | AR: 1 | NZ: 00 | IE: 1 | PENDING: 0 | IN_INTR: 0 | DS: [247065, 8281] | RS: [10] | MEM: - | LATCH: DS.push(ALU),PC | OUT: '' | mul.write_result
TICK: 003729 | PC: 00106 | STEP: 1 | IR: add | A: 0 | AR: 1 | NZ: 00 | IE: 1 | PENDING: 0 | IN_INTR: 0 | DS: [] | RS: [10] | MEM: - | LATCH: ALU.left,ALU.right | OUT: '' | add.load_operands
TICK: 003730 | PC: 00107 | STEP: 0 | IR: add | A: 0 | AR: 1 | NZ: 00 | IE: 1 | PENDING: 0 | IN_INTR: 0 | DS: [255346] | RS: [10] | MEM: - | LATCH: DS.push(ALU),PC | OUT: '' | add.write_result
TICK: 003731 | PC: 00108 | STEP: 0 | IR: dup | A: 0 | AR: 1 | NZ: 00 | IE: 1 | PENDING: 0 | IN_INTR: 0 | DS: [255346, 255346] | RS: [10] | MEM: - | LATCH: DS.dup,PC | OUT: '' | dup
TICK: 003732 | PC: 00108 | STEP: 1 | IR: store 3 | A: 0 | AR: 3 | NZ: 00 | IE: 1 | PENDING: 0 | IN_INTR: 0 | DS: [255346, 255346] | RS: [10] | MEM: - | LATCH: AR | OUT: '' | store.addr 3
TICK: 003733 | PC: 00113 | STEP: 0 | IR: store 3 | A: 0 | AR: 3 | NZ: 00 | IE: 1 | PENDING: 0 | IN_INTR: 0 | DS: [255346] | RS: [10] | MEM: write mem[3] <- 255346 | LATCH: MEM,PC | OUT: '' | store.write
TICK: 003734 | PC: 00114 | STEP: 0 | IR: drop | A: 0 | AR: 3 | NZ: 00 | IE: 1 | PENDING: 0 | IN_INTR: 0 | DS: [] | RS: [10] | MEM: - | LATCH: PC | OUT: '' | drop
TICK: 003735 | PC: 00114 | STEP: 1 | IR: load 1 | A: 0 | AR: 1 | NZ: 00 | IE: 1 | PENDING: 0 | IN_INTR: 0 | DS: [] | RS: [10] | MEM: - | LATCH: AR | OUT: '' | load.addr 1
TICK: 003736 | PC: 00119 | STEP: 0 | IR: load 1 | A: 0 | AR: 1 | NZ: 00 | IE: 1 | PENDING: 0 | IN_INTR: 0 | DS: [91] | RS: [10] | MEM: read mem[1] | LATCH: DS.push,PC | OUT: '' | load.read
TICK: 003737 | PC: 00124 | STEP: 0 | IR: literal 1 | A: 0 | AR: 1 | NZ: 00 | IE: 1 | PENDING: 0 | IN_INTR: 0 | DS: [91, 1] | RS: [10] | MEM: - | LATCH: DS.push,PC | OUT: '' | literal 1
TICK: 003738 | PC: 00124 | STEP: 1 | IR: add | A: 0 | AR: 1 | NZ: 00 | IE: 1 | PENDING: 0 | IN_INTR: 0 | DS: [] | RS: [10] | MEM: - | LATCH: ALU.left,ALU.right | OUT: '' | add.load_operands
TICK: 003739 | PC: 00125 | STEP: 0 | IR: add | A: 0 | AR: 1 | NZ: 00 | IE: 1 | PENDING: 0 | IN_INTR: 0 | DS: [92] | RS: [10] | MEM: - | LATCH: DS.push(ALU),PC | OUT: '' | add.write_result
TICK: 003740 | PC: 00126 | STEP: 0 | IR: dup | A: 0 | AR: 1 | NZ: 00 | IE: 1 | PENDING: 0 | IN_INTR: 0 | DS: [92, 92] | RS: [10] | MEM: - | LATCH: DS.dup,PC | OUT: '' | dup
TICK: 003741 | PC: 00126 | STEP: 1 | IR: store 1 | A: 0 | AR: 1 | NZ: 00 | IE: 1 | PENDING: 0 | IN_INTR: 0 | DS: [92, 92] | RS: [10] | MEM: - | LATCH: AR | OUT: '' | store.addr 1
TICK: 003742 | PC: 00131 | STEP: 0 | IR: store 1 | A: 0 | AR: 1 | NZ: 00 | IE: 1 | PENDING: 0 | IN_INTR: 0 | DS: [92] | RS: [10] | MEM: write mem[1] <- 92 | LATCH: MEM,PC | OUT: '' | store.write
TICK: 003743 | PC: 00132 | STEP: 0 | IR: drop | A: 0 | AR: 1 | NZ: 00 | IE: 1 | PENDING: 0 | IN_INTR: 0 | DS: [] | RS: [10] | MEM: - | LATCH: PC | OUT: '' | drop
TICK: 003744 | PC: 00051 | STEP: 0 | IR: jmp 51 | A: 0 | AR: 1 | NZ: 00 | IE: 1 | PENDING: 0 | IN_INTR: 0 | DS: [] | RS: [10] | MEM: - | LATCH: PC | OUT: '' | jmp 51
TICK: 003745 | PC: 00056 | STEP: 0 | IR: literal 100 | A: 0 | AR: 1 | NZ: 00 | IE: 1 | PENDING: 0 | IN_INTR: 0 | DS: [100] | RS: [10] | MEM: - | LATCH: DS.push,PC | OUT: '' | literal 100
TICK: 003746 | PC: 00056 | STEP: 1 | IR: load 1 | A: 0 | AR: 1 | NZ: 00 | IE: 1 | PENDING: 0 | IN_INTR: 0 | DS: [100] | RS: [10] | MEM: - | LATCH: AR | OUT: '' | load.addr 1
TICK: 003747 | PC: 00061 | STEP: 0 | IR: load 1 | A: 0 | AR: 1 | NZ: 00 | IE: 1 | PENDING: 0 | IN_INTR: 0 | DS: [100, 92] | RS: [10] | MEM: read mem[1] | LATCH: DS.push,PC | OUT: '' | load.read
TICK: 003748 | PC: 00061 | STEP: 1 | IR: sub | A: 0 | AR: 1 | NZ: 00 | IE: 1 | PENDING: 0 | IN_INTR: 0 | DS: [] | RS: [10] | MEM: - | LATCH: ALU.left,ALU.right | OUT: '' | sub.load_operands
TICK: 003749 | PC: 00062 | STEP: 0 | IR: sub | A: 0 | AR: 1 | NZ: 00 | IE: 1 | PENDING: 0 | IN_INTR: 0 | DS: [8] | RS: [10] | MEM: - | LATCH: DS.push(ALU),PC | OUT: '' | sub.write_result
TICK: 003750 | PC: 00062 | STEP: 1 | IR: mif 72 | A: 0 | AR: 1 | NZ: 00 | IE: 1 | PENDING: 0 | IN_INTR: 0 | DS: [] | RS: [10] | MEM: - | LATCH: ALU.left | OUT: '' | mif.test
TICK: 003751 | PC: 00072 | STEP: 0 | IR: mif 72 | A: 0 | AR: 1 | NZ: 00 | IE: 1 | PENDING: 0 | IN_INTR: 0 | DS: [] | RS: [10] | MEM: - | LATCH: PC | OUT: '' | mif.branch
TICK: 003752 | PC: 00072 | STEP: 1 | IR: load 2 | A: 0 | AR: 2 | NZ: 00 | IE: 1 | PENDING: 0 | IN_INTR: 0 | DS: [] | RS: [10] | MEM: - | LATCH: AR | OUT: '' | load.addr 2
TICK: 003753 | PC: 00077 | STEP: 0 | IR: load 2 | A: 0 | AR: 2 | NZ: 00 | IE: 1 | PENDING: 0 | IN_INTR: 0 | DS: [4186] | RS: [10] | MEM: read mem[2] | LATCH: DS.push,PC | OUT: '' | load.read
TICK: 003754 | PC: 00077 | STEP: 1 | IR: load 1 | A: 0 | AR: 1 | NZ: 00 | IE: 1 | PENDING: 0 | IN_INTR: 0 | DS: [4186] | RS: [10] | MEM: - | LATCH: AR | OUT: '' | load.addr 1
TICK: 003755 | PC: 00082 | STEP: 0 | IR: load 1 | A: 0 | AR: 1 | NZ: 00 | IE: 1 | PENDING: 0 | IN_INTR: 0 | DS: [4186, 92] | RS: [10] | MEM: read mem[1] | LATCH: DS.push,PC | OUT: '' | load.read
TICK: 003756 | PC: 00082 | STEP: 1 | IR: add | A: 0 | AR: 1 | NZ: 00 | IE: 1 | PENDING: 0 | IN_INTR: 0 | DS: [] | RS: [10] | MEM: - | LATCH: ALU.left,ALU.right | OUT: '' | add.load_operands
TICK: 003757 | PC: 00083 | STEP: 0 | IR: add | A: 0 | AR: 1 | NZ: 00 | IE: 1 | PENDING: 0 | IN_INTR: 0 | DS: [4278] | RS: [10] | MEM: - | LATCH: DS.push(ALU),PC | OUT: '' | add.write_result
TICK: 003758 | PC: 00084 | STEP: 0 | IR: dup | A: 0 | AR: 1 | NZ: 00 | IE: 1 | PENDING: 0 | IN_INTR: 0 | DS: [4278, 4278] | RS: [10] | MEM: - | LATCH: DS.dup,PC | OUT: '' | dup
TICK: 003759 | PC: 00084 | STEP: 1 | IR: store 2 | A: 0 | AR: 2 | NZ: 00 | IE: 1 | PENDING: 0 | IN_INTR: 0 | DS: [4278, 4278] | RS: [10] | MEM: - | LATCH: AR | OUT: '' | store.addr 2
TICK: 003760 | PC: 00089 | STEP: 0 | IR: store 2 | A: 0 | AR: 2 | NZ: 00 | IE: 1 | PENDING: 0 | IN_INTR: 0 | DS: [4278] | RS: [10] | MEM: write mem[2] <- 4278 | LATCH: MEM,PC | OUT: '' | store.write
TICK: 003761 | PC: 00090 | STEP: 0 | IR: drop | A: 0 | AR: 2 | NZ: 00 | IE: 1 | PENDING: 0 | IN_INTR: 0 | DS: [] | RS: [10] | MEM: - | LATCH: PC | OUT: '' | drop
TICK: 003762 | PC: 00090 | STEP: 1 | IR: load 3 | A: 0 | AR: 3 | NZ: 00 | IE: 1 | PENDING: 0 | IN_INTR: 0 | DS: [] | RS: [10] | MEM: - | LATCH: AR | OUT: '' | load.addr 3
TICK: 003763 | PC: 00095 | STEP: 0 | IR: load 3 | A: 0 | AR: 3 | NZ: 00 | IE: 1 | PENDING: 0 | IN_INTR: 0 | DS: [255346] | RS: [10] | MEM: read mem[3] | LATCH: DS.push,PC | OUT: '' | load.read
TICK: 003764 | PC: 00095 | STEP: 1 | IR: load 1 | A: 0 | AR: 1 | NZ: 00 | IE: 1 | PENDING: 0 | IN_INTR: 0 | DS: [255346] | RS: [10] | MEM: - | LATCH: AR | OUT: '' | load.addr 1
TICK: 003765 | PC: 00100 | STEP: 0 | IR: load 1 | A: 0 | AR: 1 | NZ: 00 | IE: 1 | PENDING: 0 | IN_INTR: 0 | DS: [255346, 92] | RS: [10] | MEM: read mem[1] | LATCH: DS.push,PC | OUT: '' | load.read
TICK: 003766 | PC: 00100 | STEP: 1 | IR: load 1 | A: 0 | AR: 1 | NZ: 00 | IE: 1 | PENDING: 0 | IN_INTR: 0 | DS: [255346, 92] | RS: [10] | MEM: - | LATCH: AR | OUT: '' | load.addr 1
TICK: 003767 | PC: 00105 | STEP: 0 | IR: load 1 | A: 0 | AR: 1 | NZ: 00 | IE: 1 | PENDING: 0 | IN_INTR: 0 | DS: [255346, 92, 92] | RS: [10] | MEM: read mem[1] | LATCH: DS.push,PC | OUT: '' | load.read
TICK: 003768 | PC: 00105 | STEP: 1 | IR: mul | A: 0 | AR: 1 | NZ: 00 | IE: 1 | PENDING: 0 | IN_INTR: 0 | DS: [255346] | RS: [10] | MEM: - | LATCH: ALU.left,ALU.right | OUT: '' | mul.load_operands
TICK: 003769 | PC: 00106 | STEP: 0 | IR: mul | A: 0 | AR: 1 | NZ: 00 | IE: 1 | PENDING: 0 | IN_INTR: 0 | DS: [255346, 8464] | RS: [10] | MEM: - | LATCH: DS.push(ALU),PC | OUT: '' | mul.write_result
TICK: 003770 | PC: 00106 | STEP: 1 | IR: add | A: 0 | AR: 1 | NZ: 00 | IE: 1 | PENDING: 0 | IN_INTR: 0 | DS: [] | RS: [10] | MEM: - | LATCH: ALU.left,ALU.right | OUT: '' | add.load_operands
TICK: 003771 | PC: 00107 | STEP: 0 | IR: add | A: 0 | AR: 1 | NZ: 00 | IE: 1 | PENDING: 0 | IN_INTR: 0 | DS: [263810] | RS: [10] | MEM: - | LATCH: DS.push(ALU),PC | OUT: '' | add.write_result
TICK: 003772 | PC: 00108 | STEP: 0 | IR: dup | A: 0 | AR: 1 | NZ: 00 | IE: 1 | PENDING: 0 | IN_INTR: 0 | DS: [263810, 263810] | RS: [10] | MEM: - | LATCH: DS.dup,PC | OUT: '' | dup
TICK: 003773 | PC: 00108 | STEP: 1 | IR: store 3 | A: 0 | AR: 3 | NZ: 00 | IE: 1 | PENDING: 0 | IN_INTR: 0 | DS: [263810, 263810] | RS: [10] | MEM: - | LATCH: AR | OUT: '' | store.addr 3
TICK: 003774 | PC: 00113 | STEP: 0 | IR: store 3 | A: 0 | AR: 3 | NZ: 00 | IE: 1 | PENDING: 0 | IN_INTR: 0 | DS: [263810] | RS: [10] | MEM: write mem[3] <- 263810 | LATCH: MEM,PC | OUT: '' | store.write
TICK: 003775 | PC: 00114 | STEP: 0 | IR: drop | A: 0 | AR: 3 | NZ: 00 | IE: 1 | PENDING: 0 | IN_INTR: 0 | DS: [] | RS: [10] | MEM: - | LATCH: PC | OUT: '' | drop
TICK: 003776 | PC: 00114 | STEP: 1 | IR: load 1 | A: 0 | AR: 1 | NZ: 00 | IE: 1 | PENDING: 0 | IN_INTR: 0 | DS: [] | RS: [10] | MEM: - | LATCH: AR | OUT: '' | load.addr 1
TICK: 003777 | PC: 00119 | STEP: 0 | IR: load 1 | A: 0 | AR: 1 | NZ: 00 | IE: 1 | PENDING: 0 | IN_INTR: 0 | DS: [92] | RS: [10] | MEM: read mem[1] | LATCH: DS.push,PC | OUT: '' | load.read
TICK: 003778 | PC: 00124 | STEP: 0 | IR: literal 1 | A: 0 | AR: 1 | NZ: 00 | IE: 1 | PENDING: 0 | IN_INTR: 0 | DS: [92, 1] | RS: [10] | MEM: - | LATCH: DS.push,PC | OUT: '' | literal 1
TICK: 003779 | PC: 00124 | STEP: 1 | IR: add | A: 0 | AR: 1 | NZ: 00 | IE: 1 | PENDING: 0 | IN_INTR: 0 | DS: [] | RS: [10] | MEM: - | LATCH: ALU.left,ALU.right | OUT: '' | add.load_operands
TICK: 003780 | PC: 00125 | STEP: 0 | IR: add | A: 0 | AR: 1 | NZ: 00 | IE: 1 | PENDING: 0 | IN_INTR: 0 | DS: [93] | RS: [10] | MEM: - | LATCH: DS.push(ALU),PC | OUT: '' | add.write_result
TICK: 003781 | PC: 00126 | STEP: 0 | IR: dup | A: 0 | AR: 1 | NZ: 00 | IE: 1 | PENDING: 0 | IN_INTR: 0 | DS: [93, 93] | RS: [10] | MEM: - | LATCH: DS.dup,PC | OUT: '' | dup
TICK: 003782 | PC: 00126 | STEP: 1 | IR: store 1 | A: 0 | AR: 1 | NZ: 00 | IE: 1 | PENDING: 0 | IN_INTR: 0 | DS: [93, 93] | RS: [10] | MEM: - | LATCH: AR | OUT: '' | store.addr 1
TICK: 003783 | PC: 00131 | STEP: 0 | IR: store 1 | A: 0 | AR: 1 | NZ: 00 | IE: 1 | PENDING: 0 | IN_INTR: 0 | DS: [93] | RS: [10] | MEM: write mem[1] <- 93 | LATCH: MEM,PC | OUT: '' | store.write
TICK: 003784 | PC: 00132 | STEP: 0 | IR: drop | A: 0 | AR: 1 | NZ: 00 | IE: 1 | PENDING: 0 | IN_INTR: 0 | DS: [] | RS: [10] | MEM: - | LATCH: PC | OUT: '' | drop
TICK: 003785 | PC: 00051 | STEP: 0 | IR: jmp 51 | A: 0 | AR: 1 | NZ: 00 | IE: 1 | PENDING: 0 | IN_INTR: 0 | DS: [] | RS: [10] | MEM: - | LATCH: PC | OUT: '' | jmp 51
TICK: 003786 | PC: 00056 | STEP: 0 | IR: literal 100 | A: 0 | AR: 1 | NZ: 00 | IE: 1 | PENDING: 0 | IN_INTR: 0 | DS: [100] | RS: [10] | MEM: - | LATCH: DS.push,PC | OUT: '' | literal 100
TICK: 003787 | PC: 00056 | STEP: 1 | IR: load 1 | A: 0 | AR: 1 | NZ: 00 | IE: 1 | PENDING: 0 | IN_INTR: 0 | DS: [100] | RS: [10] | MEM: - | LATCH: AR | OUT: '' | load.addr 1
TICK: 003788 | PC: 00061 | STEP: 0 | IR: load 1 | A: 0 | AR: 1 | NZ: 00 | IE: 1 | PENDING: 0 | IN_INTR: 0 | DS: [100, 93] | RS: [10] | MEM: read mem[1] | LATCH: DS.push,PC | OUT: '' | load.read
TICK: 003789 | PC: 00061 | STEP: 1 | IR: sub | A: 0 | AR: 1 | NZ: 00 | IE: 1 | PENDING: 0 | IN_INTR: 0 | DS: [] | RS: [10] | MEM: - | LATCH: ALU.left,ALU.right | OUT: '' | sub.load_operands
TICK: 003790 | PC: 00062 | STEP: 0 | IR: sub | A: 0 | AR: 1 | NZ: 00 | IE: 1 | PENDING: 0 | IN_INTR: 0 | DS: [7] | RS: [10] | MEM: - | LATCH: DS.push(ALU),PC | OUT: '' | sub.write_result
TICK: 003791 | PC: 00062 | STEP: 1 | IR: mif 72 | A: 0 | AR: 1 | NZ: 00 | IE: 1 | PENDING: 0 | IN_INTR: 0 | DS: [] | RS: [10] | MEM: - | LATCH: ALU.left | OUT: '' | mif.test
TICK: 003792 | PC: 00072 | STEP: 0 | IR: mif 72 | A: 0 | AR: 1 | NZ: 00 | IE: 1 | PENDING: 0 | IN_INTR: 0 | DS: [] | RS: [10] | MEM: - | LATCH: PC | OUT: '' | mif.branch
TICK: 003793 | PC: 00072 | STEP: 1 | IR: load 2 | A: 0 | AR: 2 | NZ: 00 | IE: 1 | PENDING: 0 | IN_INTR: 0 | DS: [] | RS: [10] | MEM: - | LATCH: AR | OUT: '' | load.addr 2
TICK: 003794 | PC: 00077 | STEP: 0 | IR: load 2 | A: 0 | AR: 2 | NZ: 00 | IE: 1 | PENDING: 0 | IN_INTR: 0 | DS: [4278] | RS: [10] | MEM: read mem[2] | LATCH: DS.push,PC | OUT: '' | load.read
TICK: 003795 | PC: 00077 | STEP: 1 | IR: load 1 | A: 0 | AR: 1 | NZ: 00 | IE: 1 | PENDING: 0 | IN_INTR: 0 | DS: [4278] | RS: [10] | MEM: - | LATCH: AR | OUT: '' | load.addr 1
TICK: 003796 | PC: 00082 | STEP: 0 | IR: load 1 | A: 0 | AR: 1 | NZ: 00 | IE: 1 | PENDING: 0 | IN_INTR: 0 | DS: [4278, 93] | RS: [10] | MEM: read mem[1] | LATCH: DS.push,PC | OUT: '' | load.read
TICK: 003797 | PC: 00082 | STEP: 1 | IR: add | A: 0 | AR: 1 | NZ: 00 | IE: 1 | PENDING: 0 | IN_INTR: 0 | DS: [] | RS: [10] | MEM: - | LATCH: ALU.left,ALU.right | OUT: '' | add.load_operands
TICK: 003798 | PC: 00083 | STEP: 0 | IR: add | A: 0 | AR: 1 | NZ: 00 | IE: 1 | PENDING: 0 | IN_INTR: 0 | DS: [4371] | RS: [10] | MEM: - | LATCH: DS.push(ALU),PC | OUT: '' | add.write_result
TICK: 003799 | PC: 00084 | STEP: 0 | IR: dup | A: 0 | AR: 1 | NZ: 00 | IE: 1 | PENDING: 0 | IN_INTR: 0 | DS: [4371, 4371] | RS: [10] | MEM: - | LATCH: DS.dup,PC | OUT: '' | dup
TICK: 003800 | PC: 00084 | STEP: 1 | IR: store 2 | A: 0 | AR: 2 | NZ: 00 | IE: 1 | PENDING: 0 | IN_INTR: 0 | DS: [4371, 4371] | RS: [10] | MEM: - | LATCH: AR | OUT: '' | store.addr 2
TICK: 003801 | PC: 00089 | STEP: 0 | IR: store 2 | A: 0 | AR: 2 | NZ: 00 | IE: 1 | PENDING: 0 | IN_INTR: 0 | DS: [4371] | RS: [10] | MEM: write mem[2] <- 4371 | LATCH: MEM,PC | OUT: '' | store.write
TICK: 003802 | PC: 00090 | STEP: 0 | IR: drop | A: 0 | AR: 2 | NZ: 00 | IE: 1 | PENDING: 0 | IN_INTR: 0 | DS: [] | RS: [10] | MEM: - | LATCH: PC | OUT: '' | drop
TICK: 003803 | PC: 00090 | STEP: 1 | IR: load 3 | A: 0 | AR: 3 | NZ: 00 | IE: 1 | PENDING: 0 | IN_INTR: 0 | DS: [] | RS: [10] | MEM: - | LATCH: AR | OUT: '' | load.addr 3
TICK: 003804 | PC: 00095 | STEP: 0 | IR: load 3 | A: 0 | AR: 3 | NZ: 00 | IE: 1 | PENDING: 0 | IN_INTR: 0 | DS: [263810] | RS: [10] | MEM: read mem[3] | LATCH: DS.push,PC | OUT: '' | load.read
TICK: 003805 | PC: 00095 | STEP: 1 | IR: load 1 | A: 0 | AR: 1 | NZ: 00 | IE: 1 | PENDING: 0 | IN_INTR: 0 | DS: [263810] | RS: [10] | MEM: - | LATCH: AR | OUT: '' | load.addr 1
TICK: 003806 | PC: 00100 | STEP: 0 | IR: load 1 | A: 0 | AR: 1 | NZ: 00 | IE: 1 | PENDING: 0 | IN_INTR: 0 | DS: [263810, 93] | RS: [10] | MEM: read mem[1] | LATCH: DS.push,PC | OUT: '' | load.read
TICK: 003807 | PC: 00100 | STEP: 1 | IR: load 1 | A: 0 | AR: 1 | NZ: 00 | IE: 1 | PENDING: 0 | IN_INTR: 0 | DS: [263810, 93] | RS: [10] | MEM: - | LATCH: AR | OUT: '' | load.addr 1
TICK: 003808 | PC: 00105 | STEP: 0 | IR: load 1 | A: 0 | AR: 1 | NZ: 00 | IE: 1 | PENDING: 0 | IN_INTR: 0 | DS: [263810, 93, 93] | RS: [10] | MEM: read mem[1] | LATCH: DS.push,PC | OUT: '' | load.read
TICK: 003809 | PC: 00105 | STEP: 1 | IR: mul | A: 0 | AR: 1 | NZ: 00 | IE: 1 | PENDING: 0 | IN_INTR: 0 | DS: [263810] | RS: [10] | MEM: - | LATCH: ALU.left,ALU.right | OUT: '' | mul.load_operands
TICK: 003810 | PC: 00106 | STEP: 0 | IR: mul | A: 0 | AR: 1 | NZ: 00 | IE: 1 | PENDING: 0 | IN_INTR: 0 | DS: [263810, 8649] | RS: [10] | MEM: - | LATCH: DS.push(ALU),PC | OUT: '' | mul.write_result
TICK: 003811 | PC: 00106 | STEP: 1 | IR: add | A: 0 | AR: 1 | NZ: 00 | IE: 1 | PENDING: 0 | IN_INTR: 0 | DS: [] | RS: [10] | MEM: - | LATCH: ALU.left,ALU.right | OUT: '' | add.load_operands
TICK: 003812 | PC: 00107 | STEP: 0 | IR: add | A: 0 | AR: 1 | NZ: 00 | IE: 1 | PENDING: 0 | IN_INTR: 0 | DS: [272459] | RS: [10] | MEM: - | LATCH: DS.push(ALU),PC | OUT: '' | add.write_result
TICK: 003813 | PC: 00108 | STEP: 0 | IR: dup | A: 0 | AR: 1 | NZ: 00 | IE: 1 | PENDING: 0 | IN_INTR: 0 | DS: [272459, 272459] | RS: [10] | MEM: - | LATCH: DS.dup,PC | OUT: '' | dup
TICK: 003814 | PC: 00108 | STEP: 1 | IR: store 3 | A: 0 | AR: 3 | NZ: 00 | IE: 1 | PENDING: 0 | IN_INTR: 0 | DS: [272459, 272459] | RS: [10] | MEM: - | LATCH: AR | OUT: '' | store.addr 3
TICK: 003815 | PC: 00113 | STEP: 0 | IR: store 3 | A: 0 | AR: 3 | NZ: 00 | IE: 1 | PENDING: 0 | IN_INTR: 0 | DS: [272459] | RS: [10] | MEM: write mem[3] <- 272459 | LATCH: MEM,PC | OUT: '' | store.write
TICK: 003816 | PC: 00114 | STEP: 0 | IR: drop | A: 0 | AR: 3 | NZ: 00 | IE: 1 | PENDING: 0 | IN_INTR: 0 | DS: [] | RS: [10] | MEM: - | LATCH: PC | OUT: '' | drop
TICK: 003817 | PC: 00114 | STEP: 1 | IR: load 1 | A: 0 | AR: 1 | NZ: 00 | IE: 1 | PENDING: 0 | IN_INTR: 0 | DS: [] | RS: [10] | MEM: - | LATCH: AR | OUT: '' | load.addr 1
TICK: 003818 | PC: 00119 | STEP: 0 | IR: load 1 | A: 0 | AR: 1 | NZ: 00 | IE: 1 | PENDING: 0 | IN_INTR: 0 | DS: [93] | RS: [10] | MEM: read mem[1] | LATCH: DS.push,PC | OUT: '' | load.read
TICK: 003819 | PC: 00124 | STEP: 0 | IR: literal 1 | A: 0 | AR: 1 | NZ: 00 | IE: 1 | PENDING: 0 | IN_INTR: 0 | DS: [93, 1] | RS: [10] | MEM: - | LATCH: DS.push,PC | OUT: '' | literal 1
TICK: 003820 | PC: 00124 | STEP: 1 | IR: add | A: 0 | AR: 1 | NZ: 00 | IE: 1 | PENDING: 0 | IN_INTR: 0 | DS: [] | RS: [10] | MEM: - | LATCH: ALU.left,ALU.right | OUT: '' | add.load_operands
TICK: 003821 | PC: 00125 | STEP: 0 | IR: add | A: 0 | AR: 1 | NZ: 00 | IE: 1 | PENDING: 0 | IN_INTR: 0 | DS: [94] | RS: [10] | MEM: - | LATCH: DS.push(ALU),PC | OUT: '' | add.write_result
TICK: 003822 | PC: 00126 | STEP: 0 | IR: dup | A: 0 | AR: 1 | NZ: 00 | IE: 1 | PENDING: 0 | IN_INTR: 0 | DS: [94, 94] | RS: [10] | MEM: - | LATCH: DS.dup,PC | OUT: '' | dup
TICK: 003823 | PC: 00126 | STEP: 1 | IR: store 1 | A: 0 | AR: 1 | NZ: 00 | IE: 1 | PENDING: 0 | IN_INTR: 0 | DS: [94, 94] | RS: [10] | MEM: - | LATCH: AR | OUT: '' | store.addr 1
TICK: 003824 | PC: 00131 | STEP: 0 | IR: store 1 | A: 0 | AR: 1 | NZ: 00 | IE: 1 | PENDING: 0 | IN_INTR: 0 | DS: [94] | RS: [10] | MEM: write mem[1] <- 94 | LATCH: MEM,PC | OUT: '' | store.write
TICK: 003825 | PC: 00132 | STEP: 0 | IR: drop | A: 0 | AR: 1 | NZ: 00 | IE: 1 | PENDING: 0 | IN_INTR: 0 | DS: [] | RS: [10] | MEM: - | LATCH: PC | OUT: '' | drop
TICK: 003826 | PC: 00051 | STEP: 0 | IR: jmp 51 | A: 0 | AR: 1 | NZ: 00 | IE: 1 | PENDING: 0 | IN_INTR: 0 | DS: [] | RS: [10] | MEM: - | LATCH: PC | OUT: '' | jmp 51
TICK: 003827 | PC: 00056 | STEP: 0 | IR: literal 100 | A: 0 | AR: 1 | NZ: 00 | IE: 1 | PENDING: 0 | IN_INTR: 0 | DS: [100] | RS: [10] | MEM: - | LATCH: DS.push,PC | OUT: '' | literal 100
TICK: 003828 | PC: 00056 | STEP: 1 | IR: load 1 | A: 0 | AR: 1 | NZ: 00 | IE: 1 | PENDING: 0 | IN_INTR: 0 | DS: [100] | RS: [10] | MEM: - | LATCH: AR | OUT: '' | load.addr 1
TICK: 003829 | PC: 00061 | STEP: 0 | IR: load 1 | A: 0 | AR: 1 | NZ: 00 | IE: 1 | PENDING: 0 | IN_INTR: 0 | DS: [100, 94] | RS: [10] | MEM: read mem[1] | LATCH: DS.push,PC | OUT: '' | load.read
TICK: 003830 | PC: 00061 | STEP: 1 | IR: sub | A: 0 | AR: 1 | NZ: 00 | IE: 1 | PENDING: 0 | IN_INTR: 0 | DS: [] | RS: [10] | MEM: - | LATCH: ALU.left,ALU.right | OUT: '' | sub.load_operands
TICK: 003831 | PC: 00062 | STEP: 0 | IR: sub | A: 0 | AR: 1 | NZ: 00 | IE: 1 | PENDING: 0 | IN_INTR: 0 | DS: [6] | RS: [10] | MEM: - | LATCH: DS.push(ALU),PC | OUT: '' | sub.write_result
TICK: 003832 | PC: 00062 | STEP: 1 | IR: mif 72 | A: 0 | AR: 1 | NZ: 00 | IE: 1 | PENDING: 0 | IN_INTR: 0 | DS: [] | RS: [10] | MEM: - | LATCH: ALU.left | OUT: '' | mif.test
TICK: 003833 | PC: 00072 | STEP: 0 | IR: mif 72 | A: 0 | AR: 1 | NZ: 00 | IE: 1 | PENDING: 0 | IN_INTR: 0 | DS: [] | RS: [10] | MEM: - | LATCH: PC | OUT: '' | mif.branch
TICK: 003834 | PC: 00072 | STEP: 1 | IR: load 2 | A: 0 | AR: 2 | NZ: 00 | IE: 1 | PENDING: 0 | IN_INTR: 0 | DS: [] | RS: [10] | MEM: - | LATCH: AR | OUT: '' | load.addr 2
TICK: 003835 | PC: 00077 | STEP: 0 | IR: load 2 | A: 0 | AR: 2 | NZ: 00 | IE: 1 | PENDING: 0 | IN_INTR: 0 | DS: [4371] | RS: [10] | MEM: read mem[2] | LATCH: DS.push,PC | OUT: '' | load.read
TICK: 003836 | PC: 00077 | STEP: 1 | IR: load 1 | A: 0 | AR: 1 | NZ: 00 | IE: 1 | PENDING: 0 | IN_INTR: 0 | DS: [4371] | RS: [10] | MEM: - | LATCH: AR | OUT: '' | load.addr 1
TICK: 003837 | PC: 00082 | STEP: 0 | IR: load 1 | A: 0 | AR: 1 | NZ: 00 | IE: 1 | PENDING: 0 | IN_INTR: 0 | DS: [4371, 94] | RS: [10] | MEM: read mem[1] | LATCH: DS.push,PC | OUT: '' | load.read
TICK: 003838 | PC: 00082 | STEP: 1 | IR: add | A: 0 | AR: 1 | NZ: 00 | IE: 1 | PENDING: 0 | IN_INTR: 0 | DS: [] | RS: [10] | MEM: - | LATCH: ALU.left,ALU.right | OUT: '' | add.load_operands
TICK: 003839 | PC: 00083 | STEP: 0 | IR: add | A: 0 | AR: 1 | NZ: 00 | IE: 1 | PENDING: 0 | IN_INTR: 0 | DS: [4465] | RS: [10] | MEM: - | LATCH: DS.push(ALU),PC | OUT: '' | add.write_result
TICK: 003840 | PC: 00084 | STEP: 0 | IR: dup | A: 0 | AR: 1 | NZ: 00 | IE: 1 | PENDING: 0 | IN_INTR: 0 | DS: [4465, 4465] | RS: [10] | MEM: - | LATCH: DS.dup,PC | OUT: '' | dup
TICK: 003841 | PC: 00084 | STEP: 1 | IR: store 2 | A: 0 | AR: 2 | NZ: 00 | IE: 1 | PENDING: 0 | IN_INTR: 0 | DS: [4465, 4465] | RS: [10] | MEM: - | LATCH: AR | OUT: '' | store.addr 2
TICK: 003842 | PC: 00089 | STEP: 0 | IR: store 2 | A: 0 | AR: 2 | NZ: 00 | IE: 1 | PENDING: 0 | IN_INTR: 0 | DS: [4465] | RS: [10] | MEM: write mem[2] <- 4465 | LATCH: MEM,PC | OUT: '' | store.write
TICK: 003843 | PC: 00090 | STEP: 0 | IR: drop | A: 0 | AR: 2 | NZ: 00 | IE: 1 | PENDING: 0 | IN_INTR: 0 | DS: [] | RS: [10] | MEM: - | LATCH: PC | OUT: '' | drop
TICK: 003844 | PC: 00090 | STEP: 1 | IR: load 3 | A: 0 | AR: 3 | NZ: 00 | IE: 1 | PENDING: 0 | IN_INTR: 0 | DS: [] | RS: [10] | MEM: - | LATCH: AR | OUT: '' | load.addr 3
TICK: 003845 | PC: 00095 | STEP: 0 | IR: load 3 | A: 0 | AR: 3 | NZ: 00 | IE: 1 | PENDING: 0 | IN_INTR: 0 | DS: [272459] | RS: [10] | MEM: read mem[3] | LATCH: DS.push,PC | OUT: '' | load.read
TICK: 003846 | PC: 00095 | STEP: 1 | IR: load 1 | A: 0 | AR: 1 | NZ: 00 | IE: 1 | PENDING: 0 | IN_INTR: 0 | DS: [272459] | RS: [10] | MEM: - | LATCH: AR | OUT: '' | load.addr 1
TICK: 003847 | PC: 00100 | STEP: 0 | IR: load 1 | A: 0 | AR: 1 | NZ: 00 | IE: 1 | PENDING: 0 | IN_INTR: 0 | DS: [272459, 94] | RS: [10] | MEM: read mem[1] | LATCH: DS.push,PC | OUT: '' | load.read
TICK: 003848 | PC: 00100 | STEP: 1 | IR: load 1 | A: 0 | AR: 1 | NZ: 00 | IE: 1 | PENDING: 0 | IN_INTR: 0 | DS: [272459, 94] | RS: [10] | MEM: - | LATCH: AR | OUT: '' | load.addr 1
TICK: 003849 | PC: 00105 | STEP: 0 | IR: load 1 | A: 0 | AR: 1 | NZ: 00 | IE: 1 | PENDING: 0 | IN_INTR: 0 | DS: [272459, 94, 94] | RS: [10] | MEM: read mem[1] | LATCH: DS.push,PC | OUT: '' | load.read
TICK: 003850 | PC: 00105 | STEP: 1 | IR: mul | A: 0 | AR: 1 | NZ: 00 | IE: 1 | PENDING: 0 | IN_INTR: 0 | DS: [272459] | RS: [10] | MEM: - | LATCH: ALU.left,ALU.right | OUT: '' | mul.load_operands
TICK: 003851 | PC: 00106 | STEP: 0 | IR: mul | A: 0 | AR: 1 | NZ: 00 | IE: 1 | PENDING: 0 | IN_INTR: 0 | DS: [272459, 8836] | RS: [10] | MEM: - | LATCH: DS.push(ALU),PC | OUT: '' | mul.write_result
TICK: 003852 | PC: 00106 | STEP: 1 | IR: add | A: 0 | AR: 1 | NZ: 00 | IE: 1 | PENDING: 0 | IN_INTR: 0 | DS: [] | RS: [10] | MEM: - | LATCH: ALU.left,ALU.right | OUT: '' | add.load_operands
TICK: 003853 | PC: 00107 | STEP: 0 | IR: add | A: 0 | AR: 1 | NZ: 00 | IE: 1 | PENDING: 0 | IN_INTR: 0 | DS: [281295] | RS: [10] | MEM: - | LATCH: DS.push(ALU),PC | OUT: '' | add.write_result
TICK: 003854 | PC: 00108 | STEP: 0 | IR: dup | A: 0 | AR: 1 | NZ: 00 | IE: 1 | PENDING: 0 | IN_INTR: 0 | DS: [281295, 281295] | RS: [10] | MEM: - | LATCH: DS.dup,PC | OUT: '' | dup
TICK: 003855 | PC: 00108 | STEP: 1 | IR: store 3 | A: 0 | AR: 3 | NZ: 00 | IE: 1 | PENDING: 0 | IN_INTR: 0 | DS: [281295, 281295] | RS: [10] | MEM: - | LATCH: AR | OUT: '' | store.addr 3
TICK: 003856 | PC: 00113 | STEP: 0 | IR: store 3 | A: 0 | AR: 3 | NZ: 00 | IE: 1 | PENDING: 0 | IN_INTR: 0 | DS: [281295] | RS: [10] | MEM: write mem[3] <- 281295 | LATCH: MEM,PC | OUT: '' | store.write
TICK: 003857 | PC: 00114 | STEP: 0 | IR: drop | A: 0 | AR: 3 | NZ: 00 | IE: 1 | PENDING: 0 | IN_INTR: 0 | DS: [] | RS: [10] | MEM: - | LATCH: PC | OUT: '' | drop
TICK: 003858 | PC: 00114 | STEP: 1 | IR: load 1 | A: 0 | AR: 1 | NZ: 00 | IE: 1 | PENDING: 0 | IN_INTR: 0 | DS: [] | RS: [10] | MEM: - | LATCH: AR | OUT: '' | load.addr 1
TICK: 003859 | PC: 00119 | STEP: 0 | IR: load 1 | A: 0 | AR: 1 | NZ: 00 | IE: 1 | PENDING: 0 | IN_INTR: 0 | DS: [94] | RS: [10] | MEM: read mem[1] | LATCH: DS.push,PC | OUT: '' | load.read
TICK: 003860 | PC: 00124 | STEP: 0 | IR: literal 1 | A: 0 | AR: 1 | NZ: 00 | IE: 1 | PENDING: 0 | IN_INTR: 0 | DS: [94, 1] | RS: [10] | MEM: - | LATCH: DS.push,PC | OUT: '' | literal 1
TICK: 003861 | PC: 00124 | STEP: 1 | IR: add | A: 0 | AR: 1 | NZ: 00 | IE: 1 | PENDING: 0 | IN_INTR: 0 | DS: [] | RS: [10] | MEM: - | LATCH: ALU.left,ALU.right | OUT: '' | add.load_operands
TICK: 003862 | PC: 00125 | STEP: 0 | IR: add | A: 0 | AR: 1 | NZ: 00 | IE: 1 | PENDING: 0 | IN_INTR: 0 | DS: [95] | RS: [10] | MEM: - | LATCH: DS.push(ALU),PC | OUT: '' | add.write_result
TICK: 003863 | PC: 00126 | STEP: 0 | IR: dup | A: 0 | AR: 1 | NZ: 00 | IE: 1 | PENDING: 0 | IN_INTR: 0 | DS: [95, 95] | RS: [10] | MEM: - | LATCH: DS.dup,PC | OUT: '' | dup
TICK: 003864 | PC: 00126 | STEP: 1 | IR: store 1 | A: 0 | AR: 1 | NZ: 00 | IE: 1 | PENDING: 0 | IN_INTR: 0 | DS: [95, 95] | RS: [10] | MEM: - | LATCH: AR | OUT: '' | store.addr 1
TICK: 003865 | PC: 00131 | STEP: 0 | IR: store 1 | A: 0 | AR: 1 | NZ: 00 | IE: 1 | PENDING: 0 | IN_INTR: 0 | DS: [95] | RS: [10] | MEM: write mem[1] <- 95 | LATCH: MEM,PC | OUT: '' | store.write
TICK: 003866 | PC: 00132 | STEP: 0 | IR: drop | A: 0 | AR: 1 | NZ: 00 | IE: 1 | PENDING: 0 | IN_INTR: 0 | DS: [] | RS: [10] | MEM: - | LATCH: PC | OUT: '' | drop
TICK: 003867 | PC: 00051 | STEP: 0 | IR: jmp 51 | A: 0 | AR: 1 | NZ: 00 | IE: 1 | PENDING: 0 | IN_INTR: 0 | DS: [] | RS: [10] | MEM: - | LATCH: PC | OUT: '' | jmp 51
TICK: 003868 | PC: 00056 | STEP: 0 | IR: literal 100 | A: 0 | AR: 1 | NZ: 00 | IE: 1 | PENDING: 0 | IN_INTR: 0 | DS: [100] | RS: [10] | MEM: - | LATCH: DS.push,PC | OUT: '' | literal 100
TICK: 003869 | PC: 00056 | STEP: 1 | IR: load 1 | A: 0 | AR: 1 | NZ: 00 | IE: 1 | PENDING: 0 | IN_INTR: 0 | DS: [100] | RS: [10] | MEM: - | LATCH: AR | OUT: '' | load.addr 1
TICK: 003870 | PC: 00061 | STEP: 0 | IR: load 1 | A: 0 | AR: 1 | NZ: 00 | IE: 1 | PENDING: 0 | IN_INTR: 0 | DS: [100, 95] | RS: [10] | MEM: read mem[1] | LATCH: DS.push,PC | OUT: '' | load.read
TICK: 003871 | PC: 00061 | STEP: 1 | IR: sub | A: 0 | AR: 1 | NZ: 00 | IE: 1 | PENDING: 0 | IN_INTR: 0 | DS: [] | RS: [10] | MEM: - | LATCH: ALU.left,ALU.right | OUT: '' | sub.load_operands
TICK: 003872 | PC: 00062 | STEP: 0 | IR: sub | A: 0 | AR: 1 | NZ: 00 | IE: 1 | PENDING: 0 | IN_INTR: 0 | DS: [5] | RS: [10] | MEM: - | LATCH: DS.push(ALU),PC | OUT: '' | sub.write_result
TICK: 003873 | PC: 00062 | STEP: 1 | IR: mif 72 | A: 0 | AR: 1 | NZ: 00 | IE: 1 | PENDING: 0 | IN_INTR: 0 | DS: [] | RS: [10] | MEM: - | LATCH: ALU.left | OUT: '' | mif.test
TICK: 003874 | PC: 00072 | STEP: 0 | IR: mif 72 | A: 0 | AR: 1 | NZ: 00 | IE: 1 | PENDING: 0 | IN_INTR: 0 | DS: [] | RS: [10] | MEM: - | LATCH: PC | OUT: '' | mif.branch
TICK: 003875 | PC: 00072 | STEP: 1 | IR: load 2 | A: 0 | AR: 2 | NZ: 00 | IE: 1 | PENDING: 0 | IN_INTR: 0 | DS: [] | RS: [10] | MEM: - | LATCH: AR | OUT: '' | load.addr 2
TICK: 003876 | PC: 00077 | STEP: 0 | IR: load 2 | A: 0 | AR: 2 | NZ: 00 | IE: 1 | PENDING: 0 | IN_INTR: 0 | DS: [4465] | RS: [10] | MEM: read mem[2] | LATCH: DS.push,PC | OUT: '' | load.read
TICK: 003877 | PC: 00077 | STEP: 1 | IR: load 1 | A: 0 | AR: 1 | NZ: 00 | IE: 1 | PENDING: 0 | IN_INTR: 0 | DS: [4465] | RS: [10] | MEM: - | LATCH: AR | OUT: '' | load.addr 1
TICK: 003878 | PC: 00082 | STEP: 0 | IR: load 1 | A: 0 | AR: 1 | NZ: 00 | IE: 1 | PENDING: 0 | IN_INTR: 0 | DS: [4465, 95] | RS: [10] | MEM: read mem[1] | LATCH: DS.push,PC | OUT: '' | load.read
TICK: 003879 | PC: 00082 | STEP: 1 | IR: add | A: 0 | AR: 1 | NZ: 00 | IE: 1 | PENDING: 0 | IN_INTR: 0 | DS: [] | RS: [10] | MEM: - | LATCH: ALU.left,ALU.right | OUT: '' | add.load_operands
TICK: 003880 | PC: 00083 | STEP: 0 | IR: add | A: 0 | AR: 1 | NZ: 00 | IE: 1 | PENDING: 0 | IN_INTR: 0 | DS: [4560] | RS: [10] | MEM: - | LATCH: DS.push(ALU),PC | OUT: '' | add.write_result
TICK: 003881 | PC: 00084 | STEP: 0 | IR: dup | A: 0 | AR: 1 | NZ: 00 | IE: 1 | PENDING: 0 | IN_INTR: 0 | DS: [4560, 4560] | RS: [10] | MEM: - | LATCH: DS.dup,PC | OUT: '' | dup
TICK: 003882 | PC: 00084 | STEP: 1 | IR: store 2 | A: 0 | AR: 2 | NZ: 00 | IE: 1 | PENDING: 0 | IN_INTR: 0 | DS: [4560, 4560] | RS: [10] | MEM: - | LATCH: AR | OUT: '' | store.addr 2
TICK: 003883 | PC: 00089 | STEP: 0 | IR: store 2 | A: 0 | AR: 2 | NZ: 00 | IE: 1 | PENDING: 0 | IN_INTR: 0 | DS: [4560] | RS: [10] | MEM: write mem[2] <- 4560 | LATCH: MEM,PC | OUT: '' | store.write
TICK: 003884 | PC: 00090 | STEP: 0 | IR: drop | A: 0 | AR: 2 | NZ: 00 | IE: 1 | PENDING: 0 | IN_INTR: 0 | DS: [] | RS: [10] | MEM: - | LATCH: PC | OUT: '' | drop
TICK: 003885 | PC: 00090 | STEP: 1 | IR: load 3 | A: 0 | AR: 3 | NZ: 00 | IE: 1 | PENDING: 0 | IN_INTR: 0 | DS: [] | RS: [10] | MEM: - | LATCH: AR | OUT: '' | load.addr 3
TICK: 003886 | PC: 00095 | STEP: 0 | IR: load 3 | A: 0 | AR: 3 | NZ: 00 | IE: 1 | PENDING: 0 | IN_INTR: 0 | DS: [281295] | RS: [10] | MEM: read mem[3] | LATCH: DS.push,PC | OUT: '' | load.read
TICK: 003887 | PC: 00095 | STEP: 1 | IR: load 1 | A: 0 | AR: 1 | NZ: 00 | IE: 1 | PENDING: 0 | IN_INTR: 0 | DS: [281295] | RS: [10] | MEM: - | LATCH: AR | OUT: '' | load.addr 1
TICK: 003888 | PC: 00100 | STEP: 0 | IR: load 1 | A: 0 | AR: 1 | NZ: 00 | IE: 1 | PENDING: 0 | IN_INTR: 0 | DS: [281295, 95] | RS: [10] | MEM: read mem[1] | LATCH: DS.push,PC | OUT: '' | load.read
TICK: 003889 | PC: 00100 | STEP: 1 | IR: load 1 | A: 0 | AR: 1 | NZ: 00 | IE: 1 | PENDING: 0 | IN_INTR: 0 | DS: [281295, 95] | RS: [10] | MEM: - | LATCH: AR | OUT: '' | load.addr 1
TICK: 003890 | PC: 00105 | STEP: 0 | IR: load 1 | A: 0 | AR: 1 | NZ: 00 | IE: 1 | PENDING: 0 | IN_INTR: 0 | DS: [281295, 95, 95] | RS: [10] | MEM: read mem[1] | LATCH: DS.push,PC | OUT: '' | load.read
TICK: 003891 | PC: 00105 | STEP: 1 | IR: mul | A: 0 | AR: 1 | NZ: 00 | IE: 1 | PENDING: 0 | IN_INTR: 0 | DS: [281295] | RS: [10] | MEM: - | LATCH: ALU.left,ALU.right | OUT: '' | mul.load_operands
TICK: 003892 | PC: 00106 | STEP: 0 | IR: mul | A: 0 | AR: 1 | NZ: 00 | IE: 1 | PENDING: 0 | IN_INTR: 0 | DS: [281295, 9025] | RS: [10] | MEM: - | LATCH: DS.push(ALU),PC | OUT: '' | mul.write_result
TICK: 003893 | PC: 00106 | STEP: 1 | IR: add | A: 0 | AR: 1 | NZ: 00 | IE: 1 | PENDING: 0 | IN_INTR: 0 | DS: [] | RS: [10] | MEM: - | LATCH: ALU.left,ALU.right | OUT: '' | add.load_operands
TICK: 003894 | PC: 00107 | STEP: 0 | IR: add | A: 0 | AR: 1 | NZ: 00 | IE: 1 | PENDING: 0 | IN_INTR: 0 | DS: [290320] | RS: [10] | MEM: - | LATCH: DS.push(ALU),PC | OUT: '' | add.write_result
TICK: 003895 | PC: 00108 | STEP: 0 | IR: dup | A: 0 | AR: 1 | NZ: 00 | IE: 1 | PENDING: 0 | IN_INTR: 0 | DS: [290320, 290320] | RS: [10] | MEM: - | LATCH: DS.dup,PC | OUT: '' | dup
TICK: 003896 | PC: 00108 | STEP: 1 | IR: store 3 | A: 0 | AR: 3 | NZ: 00 | IE: 1 | PENDING: 0 | IN_INTR: 0 | DS: [290320, 290320] | RS: [10] | MEM: - | LATCH: AR | OUT: '' | store.addr 3
TICK: 003897 | PC: 00113 | STEP: 0 | IR: store 3 | A: 0 | AR: 3 | NZ: 00 | IE: 1 | PENDING: 0 | IN_INTR: 0 | DS: [290320] | RS: [10] | MEM: write mem[3] <- 290320 | LATCH: MEM,PC | OUT: '' | store.write
TICK: 003898 | PC: 00114 | STEP: 0 | IR: drop | A: 0 | AR: 3 | NZ: 00 | IE: 1 | PENDING: 0 | IN_INTR: 0 | DS: [] | RS: [10] | MEM: - | LATCH: PC | OUT: '' | drop
TICK: 003899 | PC: 00114 | STEP: 1 | IR: load 1 | A: 0 | AR: 1 | NZ: 00 | IE: 1 | PENDING: 0 | IN_INTR: 0 | DS: [] | RS: [10] | MEM: - | LATCH: AR | OUT: '' | load.addr 1
TICK: 003900 | PC: 00119 | STEP: 0 | IR: load 1 | A: 0 | AR: 1 | NZ: 00 | IE: 1 | PENDING: 0 | IN_INTR: 0 | DS: [95] | RS: [10] | MEM: read mem[1] | LATCH: DS.push,PC | OUT: '' | load.read
TICK: 003901 | PC: 00124 | STEP: 0 | IR: literal 1 | A: 0 | AR: 1 | NZ: 00 | IE: 1 | PENDING: 0 | IN_INTR: 0 | DS: [95, 1] | RS: [10] | MEM: - | LATCH: DS.push,PC | OUT: '' | literal 1
TICK: 003902 | PC: 00124 | STEP: 1 | IR: add | A: 0 | AR: 1 | NZ: 00 | IE: 1 | PENDING: 0 | IN_INTR: 0 | DS: [] | RS: [10] | MEM: - | LATCH: ALU.left,ALU.right | OUT: '' | add.load_operands
TICK: 003903 | PC: 00125 | STEP: 0 | IR: add | A: 0 | AR: 1 | NZ: 00 | IE: 1 | PENDING: 0 | IN_INTR: 0 | DS: [96] | RS: [10] | MEM: - | LATCH: DS.push(ALU),PC | OUT: '' | add.write_result
TICK: 003904 | PC: 00126 | STEP: 0 | IR: dup | A: 0 | AR: 1 | NZ: 00 | IE: 1 | PENDING: 0 | IN_INTR: 0 | DS: [96, 96] | RS: [10] | MEM: - | LATCH: DS.dup,PC | OUT: '' | dup
TICK: 003905 | PC: 00126 | STEP: 1 | IR: store 1 | A: 0 | AR: 1 | NZ: 00 | IE: 1 | PENDING: 0 | IN_INTR: 0 | DS: [96, 96] | RS: [10] | MEM: - | LATCH: AR | OUT: '' | store.addr 1
TICK: 003906 | PC: 00131 | STEP: 0 | IR: store 1 | A: 0 | AR: 1 | NZ: 00 | IE: 1 | PENDING: 0 | IN_INTR: 0 | DS: [96] | RS: [10] | MEM: write mem[1] <- 96 | LATCH: MEM,PC | OUT: '' | store.write
TICK: 003907 | PC: 00132 | STEP: 0 | IR: drop | A: 0 | AR: 1 | NZ: 00 | IE: 1 | PENDING: 0 | IN_INTR: 0 | DS: [] | RS: [10] | MEM: - | LATCH: PC | OUT: '' | drop
TICK: 003908 | PC: 00051 | STEP: 0 | IR: jmp 51 | A: 0 | AR: 1 | NZ: 00 | IE: 1 | PENDING: 0 | IN_INTR: 0 | DS: [] | RS: [10] | MEM: - | LATCH: PC | OUT: '' | jmp 51
TICK: 003909 | PC: 00056 | STEP: 0 | IR: literal 100 | A: 0 | AR: 1 | NZ: 00 | IE: 1 | PENDING: 0 | IN_INTR: 0 | DS: [100] | RS: [10] | MEM: - | LATCH: DS.push,PC | OUT: '' | literal 100
TICK: 003910 | PC: 00056 | STEP: 1 | IR: load 1 | A: 0 | AR: 1 | NZ: 00 | IE: 1 | PENDING: 0 | IN_INTR: 0 | DS: [100] | RS: [10] | MEM: - | LATCH: AR | OUT: '' | load.addr 1
TICK: 003911 | PC: 00061 | STEP: 0 | IR: load 1 | A: 0 | AR: 1 | NZ: 00 | IE: 1 | PENDING: 0 | IN_INTR: 0 | DS: [100, 96] | RS: [10] | MEM: read mem[1] | LATCH: DS.push,PC | OUT: '' | load.read
TICK: 003912 | PC: 00061 | STEP: 1 | IR: sub | A: 0 | AR: 1 | NZ: 00 | IE: 1 | PENDING: 0 | IN_INTR: 0 | DS: [] | RS: [10] | MEM: - | LATCH: ALU.left,ALU.right | OUT: '' | sub.load_operands
TICK: 003913 | PC: 00062 | STEP: 0 | IR: sub | A: 0 | AR: 1 | NZ: 00 | IE: 1 | PENDING: 0 | IN_INTR: 0 | DS: [4] | RS: [10] | MEM: - | LATCH: DS.push(ALU),PC | OUT: '' | sub.write_result
TICK: 003914 | PC: 00062 | STEP: 1 | IR: mif 72 | A: 0 | AR: 1 | NZ: 00 | IE: 1 | PENDING: 0 | IN_INTR: 0 | DS: [] | RS: [10] | MEM: - | LATCH: ALU.left | OUT: '' | mif.test
TICK: 003915 | PC: 00072 | STEP: 0 | IR: mif 72 | A: 0 | AR: 1 | NZ: 00 | IE: 1 | PENDING: 0 | IN_INTR: 0 | DS: [] | RS: [10] | MEM: - | LATCH: PC | OUT: '' | mif.branch
TICK: 003916 | PC: 00072 | STEP: 1 | IR: load 2 | A: 0 | AR: 2 | NZ: 00 | IE: 1 | PENDING: 0 | IN_INTR: 0 | DS: [] | RS: [10] | MEM: - | LATCH: AR | OUT: '' | load.addr 2
TICK: 003917 | PC: 00077 | STEP: 0 | IR: load 2 | A: 0 | AR: 2 | NZ: 00 | IE: 1 | PENDING: 0 | IN_INTR: 0 | DS: [4560] | RS: [10] | MEM: read mem[2] | LATCH: DS.push,PC | OUT: '' | load.read
TICK: 003918 | PC: 00077 | STEP: 1 | IR: load 1 | A: 0 | AR: 1 | NZ: 00 | IE: 1 | PENDING: 0 | IN_INTR: 0 | DS: [4560] | RS: [10] | MEM: - | LATCH: AR | OUT: '' | load.addr 1
TICK: 003919 | PC: 00082 | STEP: 0 | IR: load 1 | A: 0 | AR: 1 | NZ: 00 | IE: 1 | PENDING: 0 | IN_INTR: 0 | DS: [4560, 96] | RS: [10] | MEM: read mem[1] | LATCH: DS.push,PC | OUT: '' | load.read
TICK: 003920 | PC: 00082 | STEP: 1 | IR: add | A: 0 | AR: 1 | NZ: 00 | IE: 1 | PENDING: 0 | IN_INTR: 0 | DS: [] | RS: [10] | MEM: - | LATCH: ALU.left,ALU.right | OUT: '' | add.load_operands
TICK: 003921 | PC: 00083 | STEP: 0 | IR: add | A: 0 | AR: 1 | NZ: 00 | IE: 1 | PENDING: 0 | IN_INTR: 0 | DS: [4656] | RS: [10] | MEM: - | LATCH: DS.push(ALU),PC | OUT: '' | add.write_result
TICK: 003922 | PC: 00084 | STEP: 0 | IR: dup | A: 0 | AR: 1 | NZ: 00 | IE: 1 | PENDING: 0 | IN_INTR: 0 | DS: [4656, 4656] | RS: [10] | MEM: - | LATCH: DS.dup,PC | OUT: '' | dup
TICK: 003923 | PC: 00084 | STEP: 1 | IR: store 2 | A: 0 | AR: 2 | NZ: 00 | IE: 1 | PENDING: 0 | IN_INTR: 0 | DS: [4656, 4656] | RS: [10] | MEM: - | LATCH: AR | OUT: '' | store.addr 2
TICK: 003924 | PC: 00089 | STEP: 0 | IR: store 2 | A: 0 | AR: 2 | NZ: 00 | IE: 1 | PENDING: 0 | IN_INTR: 0 | DS: [4656] | RS: [10] | MEM: write mem[2] <- 4656 | LATCH: MEM,PC | OUT: '' | store.write
TICK: 003925 | PC: 00090 | STEP: 0 | IR: drop | A: 0 | AR: 2 | NZ: 00 | IE: 1 | PENDING: 0 | IN_INTR: 0 | DS: [] | RS: [10] | MEM: - | LATCH: PC | OUT: '' | drop
TICK: 003926 | PC: 00090 | STEP: 1 | IR: load 3 | A: 0 | AR: 3 | NZ: 00 | IE: 1 | PENDING: 0 | IN_INTR: 0 | DS: [] | RS: [10] | MEM: - | LATCH: AR | OUT: '' | load.addr 3
TICK: 003927 | PC: 00095 | STEP: 0 | IR: load 3 | A: 0 | AR: 3 | NZ: 00 | IE: 1 | PENDING: 0 | IN_INTR: 0 | DS: [290320] | RS: [10] | MEM: read mem[3] | LATCH: DS.push,PC | OUT: '' | load.read
TICK: 003928 | PC: 00095 | STEP: 1 | IR: load 1 | A: 0 | AR: 1 | NZ: 00 | IE: 1 | PENDING: 0 | IN_INTR: 0 | DS: [290320] | RS: [10] | MEM: - | LATCH: AR | OUT: '' | load.addr 1
TICK: 003929 | PC: 00100 | STEP: 0 | IR: load 1 | A: 0 | AR: 1 | NZ: 00 | IE: 1 | PENDING: 0 | IN_INTR: 0 | DS: [290320, 96] | RS: [10] | MEM: read mem[1] | LATCH: DS.push,PC | OUT: '' | load.read
TICK: 003930 | PC: 00100 | STEP: 1 | IR: load 1 | A: 0 | AR: 1 | NZ: 00 | IE: 1 | PENDING: 0 | IN_INTR: 0 | DS: [290320, 96] | RS: [10] | MEM: - | LATCH: AR | OUT: '' | load.addr 1
TICK: 003931 | PC: 00105 | STEP: 0 | IR: load 1 | A: 0 | AR: 1 | NZ: 00 | IE: 1 | PENDING: 0 | IN_INTR: 0 | DS: [290320, 96, 96] | RS: [10] | MEM: read mem[1] | LATCH: DS.push,PC | OUT: '' | load.read
TICK: 003932 | PC: 00105 | STEP: 1 | IR: mul | A: 0 | AR: 1 | NZ: 00 | IE: 1 | PENDING: 0 | IN_INTR: 0 | DS: [290320] | RS: [10] | MEM: - | LATCH: ALU.left,ALU.right | OUT: '' | mul.load_operands
TICK: 003933 | PC: 00106 | STEP: 0 | IR: mul | A: 0 | AR: 1 | NZ: 00 | IE: 1 | PENDING: 0 | IN_INTR: 0 | DS: [290320, 9216] | RS: [10] | MEM: - | LATCH: DS.push(ALU),PC | OUT: '' | mul.write_result
TICK: 003934 | PC: 00106 | STEP: 1 | IR: add | A: 0 | AR: 1 | NZ: 00 | IE: 1 | PENDING: 0 | IN_INTR: 0 | DS: [] | RS: [10] | MEM: - | LATCH: ALU.left,ALU.right | OUT: '' | add.load_operands
TICK: 003935 | PC: 00107 | STEP: 0 | IR: add | A: 0 | AR: 1 | NZ: 00 | IE: 1 | PENDING: 0 | IN_INTR: 0 | DS: [299536] | RS: [10] | MEM: - | LATCH: DS.push(ALU),PC | OUT: '' | add.write_result
TICK: 003936 | PC: 00108 | STEP: 0 | IR: dup | A: 0 | AR: 1 | NZ: 00 | IE: 1 | PENDING: 0 | IN_INTR: 0 | DS: [299536, 299536] | RS: [10] | MEM: - | LATCH: DS.dup,PC | OUT: '' | dup
TICK: 003937 | PC: 00108 | STEP: 1 | IR: store 3 | A: 0 | AR: 3 | NZ: 00 | IE: 1 | PENDING: 0 | IN_INTR: 0 | DS: [299536, 299536] | RS: [10] | MEM: - | LATCH: AR | OUT: '' | store.addr 3
TICK: 003938 | PC: 00113 | STEP: 0 | IR: store 3 | A: 0 | AR: 3 | NZ: 00 | IE: 1 | PENDING: 0 | IN_INTR: 0 | DS: [299536] | RS: [10] | MEM: write mem[3] <- 299536 | LATCH: MEM,PC | OUT: '' | store.write
TICK: 003939 | PC: 00114 | STEP: 0 | IR: drop | A: 0 | AR: 3 | NZ: 00 | IE: 1 | PENDING: 0 | IN_INTR: 0 | DS: [] | RS: [10] | MEM: - | LATCH: PC | OUT: '' | drop
TICK: 003940 | PC: 00114 | STEP: 1 | IR: load 1 | A: 0 | AR: 1 | NZ: 00 | IE: 1 | PENDING: 0 | IN_INTR: 0 | DS: [] | RS: [10] | MEM: - | LATCH: AR | OUT: '' | load.addr 1
TICK: 003941 | PC: 00119 | STEP: 0 | IR: load 1 | A: 0 | AR: 1 | NZ: 00 | IE: 1 | PENDING: 0 | IN_INTR: 0 | DS: [96] | RS: [10] | MEM: read mem[1] | LATCH: DS.push,PC | OUT: '' | load.read
TICK: 003942 | PC: 00124 | STEP: 0 | IR: literal 1 | A: 0 | AR: 1 | NZ: 00 | IE: 1 | PENDING: 0 | IN_INTR: 0 | DS: [96, 1] | RS: [10] | MEM: - | LATCH: DS.push,PC | OUT: '' | literal 1
TICK: 003943 | PC: 00124 | STEP: 1 | IR: add | A: 0 | AR: 1 | NZ: 00 | IE: 1 | PENDING: 0 | IN_INTR: 0 | DS: [] | RS: [10] | MEM: - | LATCH: ALU.left,ALU.right | OUT: '' | add.load_operands
TICK: 003944 | PC: 00125 | STEP: 0 | IR: add | A: 0 | AR: 1 | NZ: 00 | IE: 1 | PENDING: 0 | IN_INTR: 0 | DS: [97] | RS: [10] | MEM: - | LATCH: DS.push(ALU),PC | OUT: '' | add.write_result
TICK: 003945 | PC: 00126 | STEP: 0 | IR: dup | A: 0 | AR: 1 | NZ: 00 | IE: 1 | PENDING: 0 | IN_INTR: 0 | DS: [97, 97] | RS: [10] | MEM: - | LATCH: DS.dup,PC | OUT: '' | dup
TICK: 003946 | PC: 00126 | STEP: 1 | IR: store 1 | A: 0 | AR: 1 | NZ: 00 | IE: 1 | PENDING: 0 | IN_INTR: 0 | DS: [97, 97] | RS: [10] | MEM: - | LATCH: AR | OUT: '' | store.addr 1
TICK: 003947 | PC: 00131 | STEP: 0 | IR: store 1 | A: 0 | AR: 1 | NZ: 00 | IE: 1 | PENDING: 0 | IN_INTR: 0 | DS: [97] | RS: [10] | MEM: write mem[1] <- 97 | LATCH: MEM,PC | OUT: '' | store.write
TICK: 003948 | PC: 00132 | STEP: 0 | IR: drop | A: 0 | AR: 1 | NZ: 00 | IE: 1 | PENDING: 0 | IN_INTR: 0 | DS: [] | RS: [10] | MEM: - | LATCH: PC | OUT: '' | drop
TICK: 003949 | PC: 00051 | STEP: 0 | IR: jmp 51 | A: 0 | AR: 1 | NZ: 00 | IE: 1 | PENDING: 0 | IN_INTR: 0 | DS: [] | RS: [10] | MEM: - | LATCH: PC | OUT: '' | jmp 51
TICK: 003950 | PC: 00056 | STEP: 0 | IR: literal 100 | A: 0 | AR: 1 | NZ: 00 | IE: 1 | PENDING: 0 | IN_INTR: 0 | DS: [100] | RS: [10] | MEM: - | LATCH: DS.push,PC | OUT: '' | literal 100
TICK: 003951 | PC: 00056 | STEP: 1 | IR: load 1 | A: 0 | AR: 1 | NZ: 00 | IE: 1 | PENDING: 0 | IN_INTR: 0 | DS: [100] | RS: [10] | MEM: - | LATCH: AR | OUT: '' | load.addr 1
TICK: 003952 | PC: 00061 | STEP: 0 | IR: load 1 | A: 0 | AR: 1 | NZ: 00 | IE: 1 | PENDING: 0 | IN_INTR: 0 | DS: [100, 97] | RS: [10] | MEM: read mem[1] | LATCH: DS.push,PC | OUT: '' | load.read
TICK: 003953 | PC: 00061 | STEP: 1 | IR: sub | A: 0 | AR: 1 | NZ: 00 | IE: 1 | PENDING: 0 | IN_INTR: 0 | DS: [] | RS: [10] | MEM: - | LATCH: ALU.left,ALU.right | OUT: '' | sub.load_operands
TICK: 003954 | PC: 00062 | STEP: 0 | IR: sub | A: 0 | AR: 1 | NZ: 00 | IE: 1 | PENDING: 0 | IN_INTR: 0 | DS: [3] | RS: [10] | MEM: - | LATCH: DS.push(ALU),PC | OUT: '' | sub.write_result
TICK: 003955 | PC: 00062 | STEP: 1 | IR: mif 72 | A: 0 | AR: 1 | NZ: 00 | IE: 1 | PENDING: 0 | IN_INTR: 0 | DS: [] | RS: [10] | MEM: - | LATCH: ALU.left | OUT: '' | mif.test
TICK: 003956 | PC: 00072 | STEP: 0 | IR: mif 72 | A: 0 | AR: 1 | NZ: 00 | IE: 1 | PENDING: 0 | IN_INTR: 0 | DS: [] | RS: [10] | MEM: - | LATCH: PC | OUT: '' | mif.branch
TICK: 003957 | PC: 00072 | STEP: 1 | IR: load 2 | A: 0 | AR: 2 | NZ: 00 | IE: 1 | PENDING: 0 | IN_INTR: 0 | DS: [] | RS: [10] | MEM: - | LATCH: AR | OUT: '' | load.addr 2
TICK: 003958 | PC: 00077 | STEP: 0 | IR: load 2 | A: 0 | AR: 2 | NZ: 00 | IE: 1 | PENDING: 0 | IN_INTR: 0 | DS: [4656] | RS: [10] | MEM: read mem[2] | LATCH: DS.push,PC | OUT: '' | load.read
TICK: 003959 | PC: 00077 | STEP: 1 | IR: load 1 | A: 0 | AR: 1 | NZ: 00 | IE: 1 | PENDING: 0 | IN_INTR: 0 | DS: [4656] | RS: [10] | MEM: - | LATCH: AR | OUT: '' | load.addr 1
TICK: 003960 | PC: 00082 | STEP: 0 | IR: load 1 | A: 0 | AR: 1 | NZ: 00 | IE: 1 | PENDING: 0 | IN_INTR: 0 | DS: [4656, 97] | RS: [10] | MEM: read mem[1] | LATCH: DS.push,PC | OUT: '' | load.read
TICK: 003961 | PC: 00082 | STEP: 1 | IR: add | A: 0 | AR: 1 | NZ: 00 | IE: 1 | PENDING: 0 | IN_INTR: 0 | DS: [] | RS: [10] | MEM: - | LATCH: ALU.left,ALU.right | OUT: '' | add.load_operands
TICK: 003962 | PC: 00083 | STEP: 0 | IR: add | A: 0 | AR: 1 | NZ: 00 | IE: 1 | PENDING: 0 | IN_INTR: 0 | DS: [4753] | RS: [10] | MEM: - | LATCH: DS.push(ALU),PC | OUT: '' | add.write_result
TICK: 003963 | PC: 00084 | STEP: 0 | IR: dup | A: 0 | AR: 1 | NZ: 00 | IE: 1 | PENDING: 0 | IN_INTR: 0 | DS: [4753, 4753] | RS: [10] | MEM: - | LATCH: DS.dup,PC | OUT: '' | dup
TICK: 003964 | PC: 00084 | STEP: 1 | IR: store 2 | A: 0 | AR: 2 | NZ: 00 | IE: 1 | PENDING: 0 | IN_INTR: 0 | DS: [4753, 4753] | RS: [10] | MEM: - | LATCH: AR | OUT: '' | store.addr 2
TICK: 003965 | PC: 00089 | STEP: 0 | IR: store 2 | A: 0 | AR: 2 | NZ: 00 | IE: 1 | PENDING: 0 | IN_INTR: 0 | DS: [4753] | RS: [10] | MEM: write mem[2] <- 4753 | LATCH: MEM,PC | OUT: '' | store.write
TICK: 003966 | PC: 00090 | STEP: 0 | IR: drop | A: 0 | AR: 2 | NZ: 00 | IE: 1 | PENDING: 0 | IN_INTR: 0 | DS: [] | RS: [10] | MEM: - | LATCH: PC | OUT: '' | drop
TICK: 003967 | PC: 00090 | STEP: 1 | IR: load 3 | A: 0 | AR: 3 | NZ: 00 | IE: 1 | PENDING: 0 | IN_INTR: 0 | DS: [] | RS: [10] | MEM: - | LATCH: AR | OUT: '' | load.addr 3
TICK: 003968 | PC: 00095 | STEP: 0 | IR: load 3 | A: 0 | AR: 3 | NZ: 00 | IE: 1 | PENDING: 0 | IN_INTR: 0 | DS: [299536] | RS: [10] | MEM: read mem[3] | LATCH: DS.push,PC | OUT: '' | load.read
TICK: 003969 | PC: 00095 | STEP: 1 | IR: load 1 | A: 0 | AR: 1 | NZ: 00 | IE: 1 | PENDING: 0 | IN_INTR: 0 | DS: [299536] | RS: [10] | MEM: - | LATCH: AR | OUT: '' | load.addr 1
TICK: 003970 | PC: 00100 | STEP: 0 | IR: load 1 | A: 0 | AR: 1 | NZ: 00 | IE: 1 | PENDING: 0 | IN_INTR: 0 | DS: [299536, 97] | RS: [10] | MEM: read mem[1] | LATCH: DS.push,PC | OUT: '' | load.read
TICK: 003971 | PC: 00100 | STEP: 1 | IR: load 1 | A: 0 | AR: 1 | NZ: 00 | IE: 1 | PENDING: 0 | IN_INTR: 0 | DS: [299536, 97] | RS: [10] | MEM: - | LATCH: AR | OUT: '' | load.addr 1
TICK: 003972 | PC: 00105 | STEP: 0 | IR: load 1 | A: 0 | AR: 1 | NZ: 00 | IE: 1 | PENDING: 0 | IN_INTR: 0 | DS: [299536, 97, 97] | RS: [10] | MEM: read mem[1] | LATCH: DS.push,PC | OUT: '' | load.read
TICK: 003973 | PC: 00105 | STEP: 1 | IR: mul | A: 0 | AR: 1 | NZ: 00 | IE: 1 | PENDING: 0 | IN_INTR: 0 | DS: [299536] | RS: [10] | MEM: - | LATCH: ALU.left,ALU.right | OUT: '' | mul.load_operands
TICK: 003974 | PC: 00106 | STEP: 0 | IR: mul | A: 0 | AR: 1 | NZ: 00 | IE: 1 | PENDING: 0 | IN_INTR: 0 | DS: [299536, 9409] | RS: [10] | MEM: - | LATCH: DS.push(ALU),PC | OUT: '' | mul.write_result
TICK: 003975 | PC: 00106 | STEP: 1 | IR: add | A: 0 | AR: 1 | NZ: 00 | IE: 1 | PENDING: 0 | IN_INTR: 0 | DS: [] | RS: [10] | MEM: - | LATCH: ALU.left,ALU.right | OUT: '' | add.load_operands
TICK: 003976 | PC: 00107 | STEP: 0 | IR: add | A: 0 | AR: 1 | NZ: 00 | IE: 1 | PENDING: 0 | IN_INTR: 0 | DS: [308945] | RS: [10] | MEM: - | LATCH: DS.push(ALU),PC | OUT: '' | add.write_result
TICK: 003977 | PC: 00108 | STEP: 0 | IR: dup | A: 0 | AR: 1 | NZ: 00 | IE: 1 | PENDING: 0 | IN_INTR: 0 | DS: [308945, 308945] | RS: [10] | MEM: - | LATCH: DS.dup,PC | OUT: '' | dup
TICK: 003978 | PC: 00108 | STEP: 1 | IR: store 3 | A: 0 | AR: 3 | NZ: 00 | IE: 1 | PENDING: 0 | IN_INTR: 0 | DS: [308945, 308945] | RS: [10] | MEM: - | LATCH: AR | OUT: '' | store.addr 3
TICK: 003979 | PC: 00113 | STEP: 0 | IR: store 3 | A: 0 | AR: 3 | NZ: 00 | IE: 1 | PENDING: 0 | IN_INTR: 0 | DS: [308945] | RS: [10] | MEM: write mem[3] <- 308945 | LATCH: MEM,PC | OUT: '' | store.write
TICK: 003980 | PC: 00114 | STEP: 0 | IR: drop | A: 0 | AR: 3 | NZ: 00 | IE: 1 | PENDING: 0 | IN_INTR: 0 | DS: [] | RS: [10] | MEM: - | LATCH: PC | OUT: '' | drop
TICK: 003981 | PC: 00114 | STEP: 1 | IR: load 1 | A: 0 | AR: 1 | NZ: 00 | IE: 1 | PENDING: 0 | IN_INTR: 0 | DS: [] | RS: [10] | MEM: - | LATCH: AR | OUT: '' | load.addr 1
TICK: 003982 | PC: 00119 | STEP: 0 | IR: load 1 | A: 0 | AR: 1 | NZ: 00 | IE: 1 | PENDING: 0 | IN_INTR: 0 | DS: [97] | RS: [10] | MEM: read mem[1] | LATCH: DS.push,PC | OUT: '' | load.read
TICK: 003983 | PC: 00124 | STEP: 0 | IR: literal 1 | A: 0 | AR: 1 | NZ: 00 | IE: 1 | PENDING: 0 | IN_INTR: 0 | DS: [97, 1] | RS: [10] | MEM: - | LATCH: DS.push,PC | OUT: '' | literal 1
TICK: 003984 | PC: 00124 | STEP: 1 | IR: add | A: 0 | AR: 1 | NZ: 00 | IE: 1 | PENDING: 0 | IN_INTR: 0 | DS: [] | RS: [10] | MEM: - | LATCH: ALU.left,ALU.right | OUT: '' | add.load_operands
TICK: 003985 | PC: 00125 | STEP: 0 | IR: add | A: 0 | AR: 1 | NZ: 00 | IE: 1 | PENDING: 0 | IN_INTR: 0 | DS: [98] | RS: [10] | MEM: - | LATCH: DS.push(ALU),PC | OUT: '' | add.write_result
TICK: 003986 | PC: 00126 | STEP: 0 | IR: dup | A: 0 | AR: 1 | NZ: 00 | IE: 1 | PENDING: 0 | IN_INTR: 0 | DS: [98, 98] | RS: [10] | MEM: - | LATCH: DS.dup,PC | OUT: '' | dup
TICK: 003987 | PC: 00126 | STEP: 1 | IR: store 1 | A: 0 | AR: 1 | NZ: 00 | IE: 1 | PENDING: 0 | IN_INTR: 0 | DS: [98, 98] | RS: [10] | MEM: - | LATCH: AR | OUT: '' | store.addr 1
TICK: 003988 | PC: 00131 | STEP: 0 | IR: store 1 | A: 0 | AR: 1 | NZ: 00 | IE: 1 | PENDING: 0 | IN_INTR: 0 | DS: [98] | RS: [10] | MEM: write mem[1] <- 98 | LATCH: MEM,PC | OUT: '' | store.write
TICK: 003989 | PC: 00132 | STEP: 0 | IR: drop | A: 0 | AR: 1 | NZ: 00 | IE: 1 | PENDING: 0 | IN_INTR: 0 | DS: [] | RS: [10] | MEM: - | LATCH: PC | OUT: '' | drop
TICK: 003990 | PC: 00051 | STEP: 0 | IR: jmp 51 | A: 0 | AR: 1 | NZ: 00 | IE: 1 | PENDING: 0 | IN_INTR: 0 | DS: [] | RS: [10] | MEM: - | LATCH: PC | OUT: '' | jmp 51
TICK: 003991 | PC: 00056 | STEP: 0 | IR: literal 100 | A: 0 | AR: 1 | NZ: 00 | IE: 1 | PENDING: 0 | IN_INTR: 0 | DS: [100] | RS: [10] | MEM: - | LATCH: DS.push,PC | OUT: '' | literal 100
TICK: 003992 | PC: 00056 | STEP: 1 | IR: load 1 | A: 0 | AR: 1 | NZ: 00 | IE: 1 | PENDING: 0 | IN_INTR: 0 | DS: [100] | RS: [10] | MEM: - | LATCH: AR | OUT: '' | load.addr 1
TICK: 003993 | PC: 00061 | STEP: 0 | IR: load 1 | A: 0 | AR: 1 | NZ: 00 | IE: 1 | PENDING: 0 | IN_INTR: 0 | DS: [100, 98] | RS: [10] | MEM: read mem[1] | LATCH: DS.push,PC | OUT: '' | load.read
TICK: 003994 | PC: 00061 | STEP: 1 | IR: sub | A: 0 | AR: 1 | NZ: 00 | IE: 1 | PENDING: 0 | IN_INTR: 0 | DS: [] | RS: [10] | MEM: - | LATCH: ALU.left,ALU.right | OUT: '' | sub.load_operands
TICK: 003995 | PC: 00062 | STEP: 0 | IR: sub | A: 0 | AR: 1 | NZ: 00 | IE: 1 | PENDING: 0 | IN_INTR: 0 | DS: [2] | RS: [10] | MEM: - | LATCH: DS.push(ALU),PC | OUT: '' | sub.write_result
TICK: 003996 | PC: 00062 | STEP: 1 | IR: mif 72 | A: 0 | AR: 1 | NZ: 00 | IE: 1 | PENDING: 0 | IN_INTR: 0 | DS: [] | RS: [10] | MEM: - | LATCH: ALU.left | OUT: '' | mif.test
TICK: 003997 | PC: 00072 | STEP: 0 | IR: mif 72 | A: 0 | AR: 1 | NZ: 00 | IE: 1 | PENDING: 0 | IN_INTR: 0 | DS: [] | RS: [10] | MEM: - | LATCH: PC | OUT: '' | mif.branch
TICK: 003998 | PC: 00072 | STEP: 1 | IR: load 2 | A: 0 | AR: 2 | NZ: 00 | IE: 1 | PENDING: 0 | IN_INTR: 0 | DS: [] | RS: [10] | MEM: - | LATCH: AR | OUT: '' | load.addr 2
TICK: 003999 | PC: 00077 | STEP: 0 | IR: load 2 | A: 0 | AR: 2 | NZ: 00 | IE: 1 | PENDING: 0 | IN_INTR: 0 | DS: [4753] | RS: [10] | MEM: read mem[2] | LATCH: DS.push,PC | OUT: '' | load.read
TICK: 004000 | PC: 00077 | STEP: 1 | IR: load 1 | A: 0 | AR: 1 | NZ: 00 | IE: 1 | PENDING: 0 | IN_INTR: 0 | DS: [4753] | RS: [10] | MEM: - | LATCH: AR | OUT: '' | load.addr 1
TICK: 004001 | PC: 00082 | STEP: 0 | IR: load 1 | A: 0 | AR: 1 | NZ: 00 | IE: 1 | PENDING: 0 | IN_INTR: 0 | DS: [4753, 98] | RS: [10] | MEM: read mem[1] | LATCH: DS.push,PC | OUT: '' | load.read
TICK: 004002 | PC: 00082 | STEP: 1 | IR: add | A: 0 | AR: 1 | NZ: 00 | IE: 1 | PENDING: 0 | IN_INTR: 0 | DS: [] | RS: [10] | MEM: - | LATCH: ALU.left,ALU.right | OUT: '' | add.load_operands
TICK: 004003 | PC: 00083 | STEP: 0 | IR: add | A: 0 | AR: 1 | NZ: 00 | IE: 1 | PENDING: 0 | IN_INTR: 0 | DS: [4851] | RS: [10] | MEM: - | LATCH: DS.push(ALU),PC | OUT: '' | add.write_result
TICK: 004004 | PC: 00084 | STEP: 0 | IR: dup | A: 0 | AR: 1 | NZ: 00 | IE: 1 | PENDING: 0 | IN_INTR: 0 | DS: [4851, 4851] | RS: [10] | MEM: - | LATCH: DS.dup,PC | OUT: '' | dup
TICK: 004005 | PC: 00084 | STEP: 1 | IR: store 2 | A: 0 | AR: 2 | NZ: 00 | IE: 1 | PENDING: 0 | IN_INTR: 0 | DS: [4851, 4851] | RS: [10] | MEM: - | LATCH: AR | OUT: '' | store.addr 2
TICK: 004006 | PC: 00089 | STEP: 0 | IR: store 2 | A: 0 | AR: 2 | NZ: 00 | IE: 1 | PENDING: 0 | IN_INTR: 0 | DS: [4851] | RS: [10] | MEM: write mem[2] <- 4851 | LATCH: MEM,PC | OUT: '' | store.write
TICK: 004007 | PC: 00090 | STEP: 0 | IR: drop | A: 0 | AR: 2 | NZ: 00 | IE: 1 | PENDING: 0 | IN_INTR: 0 | DS: [] | RS: [10] | MEM: - | LATCH: PC | OUT: '' | drop
TICK: 004008 | PC: 00090 | STEP: 1 | IR: load 3 | A: 0 | AR: 3 | NZ: 00 | IE: 1 | PENDING: 0 | IN_INTR: 0 | DS: [] | RS: [10] | MEM: - | LATCH: AR | OUT: '' | load.addr 3
TICK: 004009 | PC: 00095 | STEP: 0 | IR: load 3 | A: 0 | AR: 3 | NZ: 00 | IE: 1 | PENDING: 0 | IN_INTR: 0 | DS: [308945] | RS: [10] | MEM: read mem[3] | LATCH: DS.push,PC | OUT: '' | load.read
TICK: 004010 | PC: 00095 | STEP: 1 | IR: load 1 | A: 0 | AR: 1 | NZ: 00 | IE: 1 | PENDING: 0 | IN_INTR: 0 | DS: [308945] | RS: [10] | MEM: - | LATCH: AR | OUT: '' | load.addr 1
TICK: 004011 | PC: 00100 | STEP: 0 | IR: load 1 | A: 0 | AR: 1 | NZ: 00 | IE: 1 | PENDING: 0 | IN_INTR: 0 | DS: [308945, 98] | RS: [10] | MEM: read mem[1] | LATCH: DS.push,PC | OUT: '' | load.read
TICK: 004012 | PC: 00100 | STEP: 1 | IR: load 1 | A: 0 | AR: 1 | NZ: 00 | IE: 1 | PENDING: 0 | IN_INTR: 0 | DS: [308945, 98] | RS: [10] | MEM: - | LATCH: AR | OUT: '' | load.addr 1
TICK: 004013 | PC: 00105 | STEP: 0 | IR: load 1 | A: 0 | AR: 1 | NZ: 00 | IE: 1 | PENDING: 0 | IN_INTR: 0 | DS: [308945, 98, 98] | RS: [10] | MEM: read mem[1] | LATCH: DS.push,PC | OUT: '' | load.read
TICK: 004014 | PC: 00105 | STEP: 1 | IR: mul | A: 0 | AR: 1 | NZ: 00 | IE: 1 | PENDING: 0 | IN_INTR: 0 | DS: [308945] | RS: [10] | MEM: - | LATCH: ALU.left,ALU.right | OUT: '' | mul.load_operands
TICK: 004015 | PC: 00106 | STEP: 0 | IR: mul | A: 0 | AR: 1 | NZ: 00 | IE: 1 | PENDING: 0 | IN_INTR: 0 | DS: [308945, 9604] | RS: [10] | MEM: - | LATCH: DS.push(ALU),PC | OUT: '' | mul.write_result
TICK: 004016 | PC: 00106 | STEP: 1 | IR: add | A: 0 | AR: 1 | NZ: 00 | IE: 1 | PENDING: 0 | IN_INTR: 0 | DS: [] | RS: [10] | MEM: - | LATCH: ALU.left,ALU.right | OUT: '' | add.load_operands
TICK: 004017 | PC: 00107 | STEP: 0 | IR: add | A: 0 | AR: 1 | NZ: 00 | IE: 1 | PENDING: 0 | IN_INTR: 0 | DS: [318549] | RS: [10] | MEM: - | LATCH: DS.push(ALU),PC | OUT: '' | add.write_result
TICK: 004018 | PC: 00108 | STEP: 0 | IR: dup | A: 0 | AR: 1 | NZ: 00 | IE: 1 | PENDING: 0 | IN_INTR: 0 | DS: [318549, 318549] | RS: [10] | MEM: - | LATCH: DS.dup,PC | OUT: '' | dup
TICK: 004019 | PC: 00108 | STEP: 1 | IR: store 3 | A: 0 | AR: 3 | NZ: 00 | IE: 1 | PENDING: 0 | IN_INTR: 0 | DS: [318549, 318549] | RS: [10] | MEM: - | LATCH: AR | OUT: '' | store.addr 3
TICK: 004020 | PC: 00113 | STEP: 0 | IR: store 3 | A: 0 | AR: 3 | NZ: 00 | IE: 1 | PENDING: 0 | IN_INTR: 0 | DS: [318549] | RS: [10] | MEM: write mem[3] <- 318549 | LATCH: MEM,PC | OUT: '' | store.write
TICK: 004021 | PC: 00114 | STEP: 0 | IR: drop | A: 0 | AR: 3 | NZ: 00 | IE: 1 | PENDING: 0 | IN_INTR: 0 | DS: [] | RS: [10] | MEM: - | LATCH: PC | OUT: '' | drop
TICK: 004022 | PC: 00114 | STEP: 1 | IR: load 1 | A: 0 | AR: 1 | NZ: 00 | IE: 1 | PENDING: 0 | IN_INTR: 0 | DS: [] | RS: [10] | MEM: - | LATCH: AR | OUT: '' | load.addr 1
TICK: 004023 | PC: 00119 | STEP: 0 | IR: load 1 | A: 0 | AR: 1 | NZ: 00 | IE: 1 | PENDING: 0 | IN_INTR: 0 | DS: [98] | RS: [10] | MEM: read mem[1] | LATCH: DS.push,PC | OUT: '' | load.read
TICK: 004024 | PC: 00124 | STEP: 0 | IR: literal 1 | A: 0 | AR: 1 | NZ: 00 | IE: 1 | PENDING: 0 | IN_INTR: 0 | DS: [98, 1] | RS: [10] | MEM: - | LATCH: DS.push,PC | OUT: '' | literal 1
TICK: 004025 | PC: 00124 | STEP: 1 | IR: add | A: 0 | AR: 1 | NZ: 00 | IE: 1 | PENDING: 0 | IN_INTR: 0 | DS: [] | RS: [10] | MEM: - | LATCH: ALU.left,ALU.right | OUT: '' | add.load_operands
TICK: 004026 | PC: 00125 | STEP: 0 | IR: add | A: 0 | AR: 1 | NZ: 00 | IE: 1 | PENDING: 0 | IN_INTR: 0 | DS: [99] | RS: [10] | MEM: - | LATCH: DS.push(ALU),PC | OUT: '' | add.write_result
TICK: 004027 | PC: 00126 | STEP: 0 | IR: dup | A: 0 | AR: 1 | NZ: 00 | IE: 1 | PENDING: 0 | IN_INTR: 0 | DS: [99, 99] | RS: [10] | MEM: - | LATCH: DS.dup,PC | OUT: '' | dup
TICK: 004028 | PC: 00126 | STEP: 1 | IR: store 1 | A: 0 | AR: 1 | NZ: 00 | IE: 1 | PENDING: 0 | IN_INTR: 0 | DS: [99, 99] | RS: [10] | MEM: - | LATCH: AR | OUT: '' | store.addr 1
TICK: 004029 | PC: 00131 | STEP: 0 | IR: store 1 | A: 0 | AR: 1 | NZ: 00 | IE: 1 | PENDING: 0 | IN_INTR: 0 | DS: [99] | RS: [10] | MEM: write mem[1] <- 99 | LATCH: MEM,PC | OUT: '' | store.write
TICK: 004030 | PC: 00132 | STEP: 0 | IR: drop | A: 0 | AR: 1 | NZ: 00 | IE: 1 | PENDING: 0 | IN_INTR: 0 | DS: [] | RS: [10] | MEM: - | LATCH: PC | OUT: '' | drop
TICK: 004031 | PC: 00051 | STEP: 0 | IR: jmp 51 | A: 0 | AR: 1 | NZ: 00 | IE: 1 | PENDING: 0 | IN_INTR: 0 | DS: [] | RS: [10] | MEM: - | LATCH: PC | OUT: '' | jmp 51
TICK: 004032 | PC: 00056 | STEP: 0 | IR: literal 100 | A: 0 | AR: 1 | NZ: 00 | IE: 1 | PENDING: 0 | IN_INTR: 0 | DS: [100] | RS: [10] | MEM: - | LATCH: DS.push,PC | OUT: '' | literal 100
TICK: 004033 | PC: 00056 | STEP: 1 | IR: load 1 | A: 0 | AR: 1 | NZ: 00 | IE: 1 | PENDING: 0 | IN_INTR: 0 | DS: [100] | RS: [10] | MEM: - | LATCH: AR | OUT: '' | load.addr 1
TICK: 004034 | PC: 00061 | STEP: 0 | IR: load 1 | A: 0 | AR: 1 | NZ: 00 | IE: 1 | PENDING: 0 | IN_INTR: 0 | DS: [100, 99] | RS: [10] | MEM: read mem[1] | LATCH: DS.push,PC | OUT: '' | load.read
TICK: 004035 | PC: 00061 | STEP: 1 | IR: sub | A: 0 | AR: 1 | NZ: 00 | IE: 1 | PENDING: 0 | IN_INTR: 0 | DS: [] | RS: [10] | MEM: - | LATCH: ALU.left,ALU.right | OUT: '' | sub.load_operands
TICK: 004036 | PC: 00062 | STEP: 0 | IR: sub | A: 0 | AR: 1 | NZ: 00 | IE: 1 | PENDING: 0 | IN_INTR: 0 | DS: [1] | RS: [10] | MEM: - | LATCH: DS.push(ALU),PC | OUT: '' | sub.write_result
TICK: 004037 | PC: 00062 | STEP: 1 | IR: mif 72 | A: 0 | AR: 1 | NZ: 00 | IE: 1 | PENDING: 0 | IN_INTR: 0 | DS: [] | RS: [10] | MEM: - | LATCH: ALU.left | OUT: '' | mif.test
TICK: 004038 | PC: 00072 | STEP: 0 | IR: mif 72 | A: 0 | AR: 1 | NZ: 00 | IE: 1 | PENDING: 0 | IN_INTR: 0 | DS: [] | RS: [10] | MEM: - | LATCH: PC | OUT: '' | mif.branch
TICK: 004039 | PC: 00072 | STEP: 1 | IR: load 2 | A: 0 | AR: 2 | NZ: 00 | IE: 1 | PENDING: 0 | IN_INTR: 0 | DS: [] | RS: [10] | MEM: - | LATCH: AR | OUT: '' | load.addr 2
TICK: 004040 | PC: 00077 | STEP: 0 | IR: load 2 | A: 0 | AR: 2 | NZ: 00 | IE: 1 | PENDING: 0 | IN_INTR: 0 | DS: [4851] | RS: [10] | MEM: read mem[2] | LATCH: DS.push,PC | OUT: '' | load.read
TICK: 004041 | PC: 00077 | STEP: 1 | IR: load 1 | A: 0 | AR: 1 | NZ: 00 | IE: 1 | PENDING: 0 | IN_INTR: 0 | DS: [4851] | RS: [10] | MEM: - | LATCH: AR | OUT: '' | load.addr 1
TICK: 004042 | PC: 00082 | STEP: 0 | IR: load 1 | A: 0 | AR: 1 | NZ: 00 | IE: 1 | PENDING: 0 | IN_INTR: 0 | DS: [4851, 99] | RS: [10] | MEM: read mem[1] | LATCH: DS.push,PC | OUT: '' | load.read
TICK: 004043 | PC: 00082 | STEP: 1 | IR: add | A: 0 | AR: 1 | NZ: 00 | IE: 1 | PENDING: 0 | IN_INTR: 0 | DS: [] | RS: [10] | MEM: - | LATCH: ALU.left,ALU.right | OUT: '' | add.load_operands
TICK: 004044 | PC: 00083 | STEP: 0 | IR: add | A: 0 | AR: 1 | NZ: 00 | IE: 1 | PENDING: 0 | IN_INTR: 0 | DS: [4950] | RS: [10] | MEM: - | LATCH: DS.push(ALU),PC | OUT: '' | add.write_result
TICK: 004045 | PC: 00084 | STEP: 0 | IR: dup | A: 0 | AR: 1 | NZ: 00 | IE: 1 | PENDING: 0 | IN_INTR: 0 | DS: [4950, 4950] | RS: [10] | MEM: - | LATCH: DS.dup,PC | OUT: '' | dup
TICK: 004046 | PC: 00084 | STEP: 1 | IR: store 2 | A: 0 | AR: 2 | NZ: 00 | IE: 1 | PENDING: 0 | IN_INTR: 0 | DS: [4950, 4950] | RS: [10] | MEM: - | LATCH: AR | OUT: '' | store.addr 2
TICK: 004047 | PC: 00089 | STEP: 0 | IR: store 2 | A: 0 | AR: 2 | NZ: 00 | IE: 1 | PENDING: 0 | IN_INTR: 0 | DS: [4950] | RS: [10] | MEM: write mem[2] <- 4950 | LATCH: MEM,PC | OUT: '' | store.write
TICK: 004048 | PC: 00090 | STEP: 0 | IR: drop | A: 0 | AR: 2 | NZ: 00 | IE: 1 | PENDING: 0 | IN_INTR: 0 | DS: [] | RS: [10] | MEM: - | LATCH: PC | OUT: '' | drop
TICK: 004049 | PC: 00090 | STEP: 1 | IR: load 3 | A: 0 | AR: 3 | NZ: 00 | IE: 1 | PENDING: 0 | IN_INTR: 0 | DS: [] | RS: [10] | MEM: - | LATCH: AR | OUT: '' | load.addr 3
TICK: 004050 | PC: 00095 | STEP: 0 | IR: load 3 | A: 0 | AR: 3 | NZ: 00 | IE: 1 | PENDING: 0 | IN_INTR: 0 | DS: [318549] | RS: [10] | MEM: read mem[3] | LATCH: DS.push,PC | OUT: '' | load.read
TICK: 004051 | PC: 00095 | STEP: 1 | IR: load 1 | A: 0 | AR: 1 | NZ: 00 | IE: 1 | PENDING: 0 | IN_INTR: 0 | DS: [318549] | RS: [10] | MEM: - | LATCH: AR | OUT: '' | load.addr 1
TICK: 004052 | PC: 00100 | STEP: 0 | IR: load 1 | A: 0 | AR: 1 | NZ: 00 | IE: 1 | PENDING: 0 | IN_INTR: 0 | DS: [318549, 99] | RS: [10] | MEM: read mem[1] | LATCH: DS.push,PC | OUT: '' | load.read
TICK: 004053 | PC: 00100 | STEP: 1 | IR: load 1 | A: 0 | AR: 1 | NZ: 00 | IE: 1 | PENDING: 0 | IN_INTR: 0 | DS: [318549, 99] | RS: [10] | MEM: - | LATCH: AR | OUT: '' | load.addr 1
TICK: 004054 | PC: 00105 | STEP: 0 | IR: load 1 | A: 0 | AR: 1 | NZ: 00 | IE: 1 | PENDING: 0 | IN_INTR: 0 | DS: [318549, 99, 99] | RS: [10] | MEM: read mem[1] | LATCH: DS.push,PC | OUT: '' | load.read
TICK: 004055 | PC: 00105 | STEP: 1 | IR: mul | A: 0 | AR: 1 | NZ: 00 | IE: 1 | PENDING: 0 | IN_INTR: 0 | DS: [318549] | RS: [10] | MEM: - | LATCH: ALU.left,ALU.right | OUT: '' | mul.load_operands
TICK: 004056 | PC: 00106 | STEP: 0 | IR: mul | A: 0 | AR: 1 | NZ: 00 | IE: 1 | PENDING: 0 | IN_INTR: 0 | DS: [318549, 9801] | RS: [10] | MEM: - | LATCH: DS.push(ALU),PC | OUT: '' | mul.write_result
TICK: 004057 | PC: 00106 | STEP: 1 | IR: add | A: 0 | AR: 1 | NZ: 00 | IE: 1 | PENDING: 0 | IN_INTR: 0 | DS: [] | RS: [10] | MEM: - | LATCH: ALU.left,ALU.right | OUT: '' | add.load_operands
TICK: 004058 | PC: 00107 | STEP: 0 | IR: add | A: 0 | AR: 1 | NZ: 00 | IE: 1 | PENDING: 0 | IN_INTR: 0 | DS: [328350] | RS: [10] | MEM: - | LATCH: DS.push(ALU),PC | OUT: '' | add.write_result
TICK: 004059 | PC: 00108 | STEP: 0 | IR: dup | A: 0 | AR: 1 | NZ: 00 | IE: 1 | PENDING: 0 | IN_INTR: 0 | DS: [328350, 328350] | RS: [10] | MEM: - | LATCH: DS.dup,PC | OUT: '' | dup
TICK: 004060 | PC: 00108 | STEP: 1 | IR: store 3 | A: 0 | AR: 3 | NZ: 00 | IE: 1 | PENDING: 0 | IN_INTR: 0 | DS: [328350, 328350] | RS: [10] | MEM: - | LATCH: AR | OUT: '' | store.addr 3
TICK: 004061 | PC: 00113 | STEP: 0 | IR: store 3 | A: 0 | AR: 3 | NZ: 00 | IE: 1 | PENDING: 0 | IN_INTR: 0 | DS: [328350] | RS: [10] | MEM: write mem[3] <- 328350 | LATCH: MEM,PC | OUT: '' | store.write
TICK: 004062 | PC: 00114 | STEP: 0 | IR: drop | A: 0 | AR: 3 | NZ: 00 | IE: 1 | PENDING: 0 | IN_INTR: 0 | DS: [] | RS: [10] | MEM: - | LATCH: PC | OUT: '' | drop
TICK: 004063 | PC: 00114 | STEP: 1 | IR: load 1 | A: 0 | AR: 1 | NZ: 00 | IE: 1 | PENDING: 0 | IN_INTR: 0 | DS: [] | RS: [10] | MEM: - | LATCH: AR | OUT: '' | load.addr 1
TICK: 004064 | PC: 00119 | STEP: 0 | IR: load 1 | A: 0 | AR: 1 | NZ: 00 | IE: 1 | PENDING: 0 | IN_INTR: 0 | DS: [99] | RS: [10] | MEM: read mem[1] | LATCH: DS.push,PC | OUT: '' | load.read
TICK: 004065 | PC: 00124 | STEP: 0 | IR: literal 1 | A: 0 | AR: 1 | NZ: 00 | IE: 1 | PENDING: 0 | IN_INTR: 0 | DS: [99, 1] | RS: [10] | MEM: - | LATCH: DS.push,PC | OUT: '' | literal 1
TICK: 004066 | PC: 00124 | STEP: 1 | IR: add | A: 0 | AR: 1 | NZ: 00 | IE: 1 | PENDING: 0 | IN_INTR: 0 | DS: [] | RS: [10] | MEM: - | LATCH: ALU.left,ALU.right | OUT: '' | add.load_operands
TICK: 004067 | PC: 00125 | STEP: 0 | IR: add | A: 0 | AR: 1 | NZ: 00 | IE: 1 | PENDING: 0 | IN_INTR: 0 | DS: [100] | RS: [10] | MEM: - | LATCH: DS.push(ALU),PC | OUT: '' | add.write_result
TICK: 004068 | PC: 00126 | STEP: 0 | IR: dup | A: 0 | AR: 1 | NZ: 00 | IE: 1 | PENDING: 0 | IN_INTR: 0 | DS: [100, 100] | RS: [10] | MEM: - | LATCH: DS.dup,PC | OUT: '' | dup
TICK: 004069 | PC: 00126 | STEP: 1 | IR: store 1 | A: 0 | AR: 1 | NZ: 00 | IE: 1 | PENDING: 0 | IN_INTR: 0 | DS: [100, 100] | RS: [10] | MEM: - | LATCH: AR | OUT: '' | store.addr 1
TICK: 004070 | PC: 00131 | STEP: 0 | IR: store 1 | A: 0 | AR: 1 | NZ: 00 | IE: 1 | PENDING: 0 | IN_INTR: 0 | DS: [100] | RS: [10] | MEM: write mem[1] <- 100 | LATCH: MEM,PC | OUT: '' | store.write
TICK: 004071 | PC: 00132 | STEP: 0 | IR: drop | A: 0 | AR: 1 | NZ: 00 | IE: 1 | PENDING: 0 | IN_INTR: 0 | DS: [] | RS: [10] | MEM: - | LATCH: PC | OUT: '' | drop
TICK: 004072 | PC: 00051 | STEP: 0 | IR: jmp 51 | A: 0 | AR: 1 | NZ: 00 | IE: 1 | PENDING: 0 | IN_INTR: 0 | DS: [] | RS: [10] | MEM: - | LATCH: PC | OUT: '' | jmp 51
TICK: 004073 | PC: 00056 | STEP: 0 | IR: literal 100 | A: 0 | AR: 1 | NZ: 00 | IE: 1 | PENDING: 0 | IN_INTR: 0 | DS: [100] | RS: [10] | MEM: - | LATCH: DS.push,PC | OUT: '' | literal 100
TICK: 004074 | PC: 00056 | STEP: 1 | IR: load 1 | A: 0 | AR: 1 | NZ: 00 | IE: 1 | PENDING: 0 | IN_INTR: 0 | DS: [100] | RS: [10] | MEM: - | LATCH: AR | OUT: '' | load.addr 1
TICK: 004075 | PC: 00061 | STEP: 0 | IR: load 1 | A: 0 | AR: 1 | NZ: 00 | IE: 1 | PENDING: 0 | IN_INTR: 0 | DS: [100, 100] | RS: [10] | MEM: read mem[1] | LATCH: DS.push,PC | OUT: '' | load.read
TICK: 004076 | PC: 00061 | STEP: 1 | IR: sub | A: 0 | AR: 1 | NZ: 00 | IE: 1 | PENDING: 0 | IN_INTR: 0 | DS: [] | RS: [10] | MEM: - | LATCH: ALU.left,ALU.right | OUT: '' | sub.load_operands
TICK: 004077 | PC: 00062 | STEP: 0 | IR: sub | A: 0 | AR: 1 | NZ: 01 | IE: 1 | PENDING: 0 | IN_INTR: 0 | DS: [0] | RS: [10] | MEM: - | LATCH: DS.push(ALU),PC | OUT: '' | sub.write_result
TICK: 004078 | PC: 00062 | STEP: 1 | IR: mif 72 | A: 0 | AR: 1 | NZ: 01 | IE: 1 | PENDING: 0 | IN_INTR: 0 | DS: [] | RS: [10] | MEM: - | LATCH: ALU.left | OUT: '' | mif.test
TICK: 004079 | PC: 00072 | STEP: 0 | IR: mif 72 | A: 0 | AR: 1 | NZ: 01 | IE: 1 | PENDING: 0 | IN_INTR: 0 | DS: [] | RS: [10] | MEM: - | LATCH: PC | OUT: '' | mif.branch
TICK: 004080 | PC: 00072 | STEP: 1 | IR: load 2 | A: 0 | AR: 2 | NZ: 01 | IE: 1 | PENDING: 0 | IN_INTR: 0 | DS: [] | RS: [10] | MEM: - | LATCH: AR | OUT: '' | load.addr 2
TICK: 004081 | PC: 00077 | STEP: 0 | IR: load 2 | A: 0 | AR: 2 | NZ: 01 | IE: 1 | PENDING: 0 | IN_INTR: 0 | DS: [4950] | RS: [10] | MEM: read mem[2] | LATCH: DS.push,PC | OUT: '' | load.read
TICK: 004082 | PC: 00077 | STEP: 1 | IR: load 1 | A: 0 | AR: 1 | NZ: 01 | IE: 1 | PENDING: 0 | IN_INTR: 0 | DS: [4950] | RS: [10] | MEM: - | LATCH: AR | OUT: '' | load.addr 1
TICK: 004083 | PC: 00082 | STEP: 0 | IR: load 1 | A: 0 | AR: 1 | NZ: 01 | IE: 1 | PENDING: 0 | IN_INTR: 0 | DS: [4950, 100] | RS: [10] | MEM: read mem[1] | LATCH: DS.push,PC | OUT: '' | load.read
TICK: 004084 | PC: 00082 | STEP: 1 | IR: add | A: 0 | AR: 1 | NZ: 01 | IE: 1 | PENDING: 0 | IN_INTR: 0 | DS: [] | RS: [10] | MEM: - | LATCH: ALU.left,ALU.right | OUT: '' | add.load_operands
TICK: 004085 | PC: 00083 | STEP: 0 | IR: add | A: 0 | AR: 1 | NZ: 00 | IE: 1 | PENDING: 0 | IN_INTR: 0 | DS: [5050] | RS: [10] | MEM: - | LATCH: DS.push(ALU),PC | OUT: '' | add.write_result
TICK: 004086 | PC: 00084 | STEP: 0 | IR: dup | A: 0 | AR: 1 | NZ: 00 | IE: 1 | PENDING: 0 | IN_INTR: 0 | DS: [5050, 5050] | RS: [10] | MEM: - | LATCH: DS.dup,PC | OUT: '' | dup
TICK: 004087 | PC: 00084 | STEP: 1 | IR: store 2 | A: 0 | AR: 2 | NZ: 00 | IE: 1 | PENDING: 0 | IN_INTR: 0 | DS: [5050, 5050] | RS: [10] | MEM: - | LATCH: AR | OUT: '' | store.addr 2
TICK: 004088 | PC: 00089 | STEP: 0 | IR: store 2 | A: 0 | AR: 2 | NZ: 00 | IE: 1 | PENDING: 0 | IN_INTR: 0 | DS: [5050] | RS: [10] | MEM: write mem[2] <- 5050 | LATCH: MEM,PC | OUT: '' | store.write
TICK: 004089 | PC: 00090 | STEP: 0 | IR: drop | A: 0 | AR: 2 | NZ: 00 | IE: 1 | PENDING: 0 | IN_INTR: 0 | DS: [] | RS: [10] | MEM: - | LATCH: PC | OUT: '' | drop
TICK: 004090 | PC: 00090 | STEP: 1 | IR: load 3 | A: 0 | AR: 3 | NZ: 00 | IE: 1 | PENDING: 0 | IN_INTR: 0 | DS: [] | RS: [10] | MEM: - | LATCH: AR | OUT: '' | load.addr 3
TICK: 004091 | PC: 00095 | STEP: 0 | IR: load 3 | A: 0 | AR: 3 | NZ: 00 | IE: 1 | PENDING: 0 | IN_INTR: 0 | DS: [328350] | RS: [10] | MEM: read mem[3] | LATCH: DS.push,PC | OUT: '' | load.read
TICK: 004092 | PC: 00095 | STEP: 1 | IR: load 1 | A: 0 | AR: 1 | NZ: 00 | IE: 1 | PENDING: 0 | IN_INTR: 0 | DS: [328350] | RS: [10] | MEM: - | LATCH: AR | OUT: '' | load.addr 1
TICK: 004093 | PC: 00100 | STEP: 0 | IR: load 1 | A: 0 | AR: 1 | NZ: 00 | IE: 1 | PENDING: 0 | IN_INTR: 0 | DS: [328350, 100] | RS: [10] | MEM: read mem[1] | LATCH: DS.push,PC | OUT: '' | load.read
TICK: 004094 | PC: 00100 | STEP: 1 | IR: load 1 | A: 0 | AR: 1 | NZ: 00 | IE: 1 | PENDING: 0 | IN_INTR: 0 | DS: [328350, 100] | RS: [10] | MEM: - | LATCH: AR | OUT: '' | load.addr 1
TICK: 004095 | PC: 00105 | STEP: 0 | IR: load 1 | A: 0 | AR: 1 | NZ: 00 | IE: 1 | PENDING: 0 | IN_INTR: 0 | DS: [328350, 100, 100] | RS: [10] | MEM: read mem[1] | LATCH: DS.push,PC | OUT: '' | load.read
TICK: 004096 | PC: 00105 | STEP: 1 | IR: mul | A: 0 | AR: 1 | NZ: 00 | IE: 1 | PENDING: 0 | IN_INTR: 0 | DS: [328350] | RS: [10] | MEM: - | LATCH: ALU.left,ALU.right | OUT: '' | mul.load_operands
TICK: 004097 | PC: 00106 | STEP: 0 | IR: mul | A: 0 | AR: 1 | NZ: 00 | IE: 1 | PENDING: 0 | IN_INTR: 0 | DS: [328350, 10000] | RS: [10] | MEM: - | LATCH: DS.push(ALU),PC | OUT: '' | mul.write_result
TICK: 004098 | PC: 00106 | STEP: 1 | IR: add | A: 0 | AR: 1 | NZ: 00 | IE: 1 | PENDING: 0 | IN_INTR: 0 | DS: [] | RS: [10] | MEM: - | LATCH: ALU.left,ALU.right | OUT: '' | add.load_operands
TICK: 004099 | PC: 00107 | STEP: 0 | IR: add | A: 0 | AR: 1 | NZ: 00 | IE: 1 | PENDING: 0 | IN_INTR: 0 | DS: [338350] | RS: [10] | MEM: - | LATCH: DS.push(ALU),PC | OUT: '' | add.write_result
TICK: 004100 | PC: 00108 | STEP: 0 | IR: dup | A: 0 | AR: 1 | NZ: 00 | IE: 1 | PENDING: 0 | IN_INTR: 0 | DS: [338350, 338350] | RS: [10] | MEM: - | LATCH: DS.dup,PC | OUT: '' | dup
TICK: 004101 | PC: 00108 | STEP: 1 | IR: store 3 | A: 0 | AR: 3 | NZ: 00 | IE: 1 | PENDING: 0 | IN_INTR: 0 | DS: [338350, 338350] | RS: [10] | MEM: - | LATCH: AR | OUT: '' | store.addr 3
TICK: 004102 | PC: 00113 | STEP: 0 | IR: store 3 | A: 0 | AR: 3 | NZ: 00 | IE: 1 | PENDING: 0 | IN_INTR: 0 | DS: [338350] | RS: [10] | MEM: write mem[3] <- 338350 | LATCH: MEM,PC | OUT: '' | store.write
TICK: 004103 | PC: 00114 | STEP: 0 | IR: drop | A: 0 | AR: 3 | NZ: 00 | IE: 1 | PENDING: 0 | IN_INTR: 0 | DS: [] | RS: [10] | MEM: - | LATCH: PC | OUT: '' | drop
TICK: 004104 | PC: 00114 | STEP: 1 | IR: load 1 | A: 0 | AR: 1 | NZ: 00 | IE: 1 | PENDING: 0 | IN_INTR: 0 | DS: [] | RS: [10] | MEM: - | LATCH: AR | OUT: '' | load.addr 1
TICK: 004105 | PC: 00119 | STEP: 0 | IR: load 1 | A: 0 | AR: 1 | NZ: 00 | IE: 1 | PENDING: 0 | IN_INTR: 0 | DS: [100] | RS: [10] | MEM: read mem[1] | LATCH: DS.push,PC | OUT: '' | load.read
TICK: 004106 | PC: 00124 | STEP: 0 | IR: literal 1 | A: 0 | AR: 1 | NZ: 00 | IE: 1 | PENDING: 0 | IN_INTR: 0 | DS: [100, 1] | RS: [10] | MEM: - | LATCH: DS.push,PC | OUT: '' | literal 1
TICK: 004107 | PC: 00124 | STEP: 1 | IR: add | A: 0 | AR: 1 | NZ: 00 | IE: 1 | PENDING: 0 | IN_INTR: 0 | DS: [] | RS: [10] | MEM: - | LATCH: ALU.left,ALU.right | OUT: '' | add.load_operands
TICK: 004108 | PC: 00125 | STEP: 0 | IR: add | A: 0 | AR: 1 | NZ: 00 | IE: 1 | PENDING: 0 | IN_INTR: 0 | DS: [101] | RS: [10] | MEM: - | LATCH: DS.push(ALU),PC | OUT: '' | add.write_result
TICK: 004109 | PC: 00126 | STEP: 0 | IR: dup | A: 0 | AR: 1 | NZ: 00 | IE: 1 | PENDING: 0 | IN_INTR: 0 | DS: [101, 101] | RS: [10] | MEM: - | LATCH: DS.dup,PC | OUT: '' | dup
TICK: 004110 | PC: 00126 | STEP: 1 | IR: store 1 | A: 0 | AR: 1 | NZ: 00 | IE: 1 | PENDING: 0 | IN_INTR: 0 | DS: [101, 101] | RS: [10] | MEM: - | LATCH: AR | OUT: '' | store.addr 1
TICK: 004111 | PC: 00131 | STEP: 0 | IR: store 1 | A: 0 | AR: 1 | NZ: 00 | IE: 1 | PENDING: 0 | IN_INTR: 0 | DS: [101] | RS: [10] | MEM: write mem[1] <- 101 | LATCH: MEM,PC | OUT: '' | store.write
TICK: 004112 | PC: 00132 | STEP: 0 | IR: drop | A: 0 | AR: 1 | NZ: 00 | IE: 1 | PENDING: 0 | IN_INTR: 0 | DS: [] | RS: [10] | MEM: - | LATCH: PC | OUT: '' | drop
TICK: 004113 | PC: 00051 | STEP: 0 | IR: jmp 51 | A: 0 | AR: 1 | NZ: 00 | IE: 1 | PENDING: 0 | IN_INTR: 0 | DS: [] | RS: [10] | MEM: - | LATCH: PC | OUT: '' | jmp 51
TICK: 004114 | PC: 00056 | STEP: 0 | IR: literal 100 | A: 0 | AR: 1 | NZ: 00 | IE: 1 | PENDING: 0 | IN_INTR: 0 | DS: [100] | RS: [10] | MEM: - | LATCH: DS.push,PC | OUT: '' | literal 100
TICK: 004115 | PC: 00056 | STEP: 1 | IR: load 1 | A: 0 | AR: 1 | NZ: 00 | IE: 1 | PENDING: 0 | IN_INTR: 0 | DS: [100] | RS: [10] | MEM: - | LATCH: AR | OUT: '' | load.addr 1
TICK: 004116 | PC: 00061 | STEP: 0 | IR: load 1 | A: 0 | AR: 1 | NZ: 00 | IE: 1 | PENDING: 0 | IN_INTR: 0 | DS: [100, 101] | RS: [10] | MEM: read mem[1] | LATCH: DS.push,PC | OUT: '' | load.read
TICK: 004117 | PC: 00061 | STEP: 1 | IR: sub | A: 0 | AR: 1 | NZ: 00 | IE: 1 | PENDING: 0 | IN_INTR: 0 | DS: [] | RS: [10] | MEM: - | LATCH: ALU.left,ALU.right | OUT: '' | sub.load_operands
TICK: 004118 | PC: 00062 | STEP: 0 | IR: sub | A: 0 | AR: 1 | NZ: 10 | IE: 1 | PENDING: 0 | IN_INTR: 0 | DS: [-1] | RS: [10] | MEM: - | LATCH: DS.push(ALU),PC | OUT: '' | sub.write_result
TICK: 004119 | PC: 00062 | STEP: 1 | IR: mif 72 | A: 0 | AR: 1 | NZ: 10 | IE: 1 | PENDING: 0 | IN_INTR: 0 | DS: [] | RS: [10] | MEM: - | LATCH: ALU.left | OUT: '' | mif.test
TICK: 004120 | PC: 00067 | STEP: 0 | IR: mif 72 | A: 0 | AR: 1 | NZ: 10 | IE: 1 | PENDING: 0 | IN_INTR: 0 | DS: [] | RS: [10] | MEM: - | LATCH: PC | OUT: '' | mif.branch
TICK: 004121 | PC: 00137 | STEP: 0 | IR: jmp 137 | A: 0 | AR: 1 | NZ: 10 | IE: 1 | PENDING: 0 | IN_INTR: 0 | DS: [] | RS: [10] | MEM: - | LATCH: PC | OUT: '' | jmp 137
TICK: 004122 | PC: 00137 | STEP: 1 | IR: load 2 | A: 0 | AR: 2 | NZ: 10 | IE: 1 | PENDING: 0 | IN_INTR: 0 | DS: [] | RS: [10] | MEM: - | LATCH: AR | OUT: '' | load.addr 2
TICK: 004123 | PC: 00142 | STEP: 0 | IR: load 2 | A: 0 | AR: 2 | NZ: 10 | IE: 1 | PENDING: 0 | IN_INTR: 0 | DS: [5050] | RS: [10] | MEM: read mem[2] | LATCH: DS.push,PC | OUT: '' | load.read
TICK: 004124 | PC: 00142 | STEP: 1 | IR: load 2 | A: 0 | AR: 2 | NZ: 10 | IE: 1 | PENDING: 0 | IN_INTR: 0 | DS: [5050] | RS: [10] | MEM: - | LATCH: AR | OUT: '' | load.addr 2
TICK: 004125 | PC: 00147 | STEP: 0 | IR: load 2 | A: 0 | AR: 2 | NZ: 10 | IE: 1 | PENDING: 0 | IN_INTR: 0 | DS: [5050, 5050] | RS: [10] | MEM: read mem[2] | LATCH: DS.push,PC | OUT: '' | load.read
TICK: 004126 | PC: 00147 | STEP: 1 | IR: mul | A: 0 | AR: 2 | NZ: 10 | IE: 1 | PENDING: 0 | IN_INTR: 0 | DS: [] | RS: [10] | MEM: - | LATCH: ALU.left,ALU.right | OUT: '' | mul.load_operands
TICK: 004127 | PC: 00148 | STEP: 0 | IR: mul | A: 0 | AR: 2 | NZ: 00 | IE: 1 | PENDING: 0 | IN_INTR: 0 | DS: [25502500] | RS: [10] | MEM: - | LATCH: DS.push(ALU),PC | OUT: '' | mul.write_result
TICK: 004128 | PC: 00148 | STEP: 1 | IR: load 3 | A: 0 | AR: 3 | NZ: 00 | IE: 1 | PENDING: 0 | IN_INTR: 0 | DS: [25502500] | RS: [10] | MEM: - | LATCH: AR | OUT: '' | load.addr 3
TICK: 004129 | PC: 00153 | STEP: 0 | IR: load 3 | A: 0 | AR: 3 | NZ: 00 | IE: 1 | PENDING: 0 | IN_INTR: 0 | DS: [25502500, 338350] | RS: [10] | MEM: read mem[3] | LATCH: DS.push,PC | OUT: '' | load.read
TICK: 004130 | PC: 00153 | STEP: 1 | IR: sub | A: 0 | AR: 3 | NZ: 00 | IE: 1 | PENDING: 0 | IN_INTR: 0 | DS: [] | RS: [10] | MEM: - | LATCH: ALU.left,ALU.right | OUT: '' | sub.load_operands
TICK: 004131 | PC: 00154 | STEP: 0 | IR: sub | A: 0 | AR: 3 | NZ: 00 | IE: 1 | PENDING: 0 | IN_INTR: 0 | DS: [25164150] | RS: [10] | MEM: - | LATCH: DS.push(ALU),PC | OUT: '' | sub.write_result
TICK: 004132 | PC: 00155 | STEP: 0 | IR: dup | A: 0 | AR: 3 | NZ: 00 | IE: 1 | PENDING: 0 | IN_INTR: 0 | DS: [25164150, 25164150] | RS: [10] | MEM: - | LATCH: DS.dup,PC | OUT: '' | dup
TICK: 004133 | PC: 00155 | STEP: 1 | IR: store 4 | A: 0 | AR: 4 | NZ: 00 | IE: 1 | PENDING: 0 | IN_INTR: 0 | DS: [25164150, 25164150] | RS: [10] | MEM: - | LATCH: AR | OUT: '' | store.addr 4
TICK: 004134 | PC: 00160 | STEP: 0 | IR: store 4 | A: 0 | AR: 4 | NZ: 00 | IE: 1 | PENDING: 0 | IN_INTR: 0 | DS: [25164150] | RS: [10] | MEM: write mem[4] <- 25164150 | LATCH: MEM,PC | OUT: '' | store.write
TICK: 004135 | PC: 00161 | STEP: 0 | IR: drop | A: 0 | AR: 4 | NZ: 00 | IE: 1 | PENDING: 0 | IN_INTR: 0 | DS: [] | RS: [10] | MEM: - | LATCH: PC | OUT: '' | drop
TICK: 004136 | PC: 00161 | STEP: 1 | IR: load 4 | A: 0 | AR: 4 | NZ: 00 | IE: 1 | PENDING: 0 | IN_INTR: 0 | DS: [] | RS: [10] | MEM: - | LATCH: AR | OUT: '' | load.addr 4
TICK: 004137 | PC: 00166 | STEP: 0 | IR: load 4 | A: 0 | AR: 4 | NZ: 00 | IE: 1 | PENDING: 0 | IN_INTR: 0 | DS: [25164150] | RS: [10] | MEM: read mem[4] | LATCH: DS.push,PC | OUT: '' | load.read
TICK: 004138 | PC: 00166 | STEP: 1 | IR: store 31999 | A: 0 | AR: 31999 | NZ: 00 | IE: 1 | PENDING: 0 | IN_INTR: 0 | DS: [25164150] | RS: [10] | MEM: - | LATCH: AR | OUT: '' | store.addr 31999
TICK: 004139 | PC: 00171 | STEP: 0 | IR: store 31999 | A: 0 | AR: 31999 | NZ: 00 | IE: 1 | PENDING: 0 | IN_INTR: 0 | DS: [] | RS: [10] | MEM: write mem[31999] <- 25164150 | LATCH: OUT,PC | OUT: '25164150 ' | store.write
TICK: 004140 | PC: 00176 | STEP: 0 | IR: literal 0 | A: 0 | AR: 31999 | NZ: 00 | IE: 1 | PENDING: 0 | IN_INTR: 0 | DS: [0] | RS: [10] | MEM: - | LATCH: DS.push,PC | OUT: '25164150 ' | literal 0
TICK: 004141 | PC: 00177 | STEP: 0 | IR: drop | A: 0 | AR: 31999 | NZ: 00 | IE: 1 | PENDING: 0 | IN_INTR: 0 | DS: [] | RS: [10] | MEM: - | LATCH: PC | OUT: '25164150 ' | drop
TICK: 004142 | PC: 00182 | STEP: 0 | IR: literal 0 | A: 0 | AR: 31999 | NZ: 00 | IE: 1 | PENDING: 0 | IN_INTR: 0 | DS: [0] | RS: [10] | MEM: - | LATCH: DS.push,PC | OUT: '25164150 ' | literal 0
TICK: 004143 | PC: 00010 | STEP: 0 | IR: return | A: 0 | AR: 31999 | NZ: 00 | IE: 1 | PENDING: 0 | IN_INTR: 0 | DS: [0] | RS: [] | MEM: - | LATCH: PC | OUT: '25164150 ' | return
