TICK: 000000 | PC: 00000 | STEP: 0 | IR: jmp 5 | A: 0 | AR: 0 | NZ: 01 | IE: 1 | PENDING: 0 | IN_INTR: 0 | DS: [] | RS: [] | MEM: - | LATCH: IR | OUT: '' | fetch jmp 5
TICK: 000001 | PC: 00005 | STEP: 0 | IR: jmp 5 | A: 0 | AR: 0 | NZ: 01 | IE: 1 | PENDING: 0 | IN_INTR: 0 | DS: [] | RS: [] | MEM: - | LATCH: PC,IR.clear | OUT: '' | jmp 5
TICK: 000002 | PC: 00005 | STEP: 0 | IR: literal 0 | A: 0 | AR: 0 | NZ: 01 | IE: 1 | PENDING: 0 | IN_INTR: 0 | DS: [] | RS: [] | MEM: - | LATCH: IR | OUT: '' | fetch literal 0
TICK: 000003 | PC: 00010 | STEP: 0 | IR: literal 0 | A: 0 | AR: 0 | NZ: 01 | IE: 1 | PENDING: 0 | IN_INTR: 0 | DS: [0] | RS: [] | MEM: - | LATCH: DS.push,PC,IR.clear | OUT: '' | literal 0
TICK: 000004 | PC: 00010 | STEP: 0 | IR: store 1 | A: 0 | AR: 0 | NZ: 01 | IE: 1 | PENDING: 0 | IN_INTR: 0 | DS: [0] | RS: [] | MEM: - | LATCH: IR | OUT: '' | fetch store 1
TICK: 000005 | PC: 00010 | STEP: 1 | IR: store 1 | A: 0 | AR: 1 | NZ: 01 | IE: 1 | PENDING: 0 | IN_INTR: 0 | DS: [0] | RS: [] | MEM: - | LATCH: AR | OUT: '' | store.addr 1
TICK: 000006 | PC: 00015 | STEP: 0 | IR: store 1 | A: 0 | AR: 1 | NZ: 01 | IE: 1 | PENDING: 0 | IN_INTR: 0 | DS: [] | RS: [] | MEM: write mem[1] <- 0 | LATCH: MEM,PC,IR.clear | OUT: '' | store.write
TICK: 000007 | PC: 00015 | STEP: 0 | IR: literal 0 | A: 0 | AR: 1 | NZ: 01 | IE: 1 | PENDING: 0 | IN_INTR: 0 | DS: [] | RS: [] | MEM: - | LATCH: IR | OUT: '' | fetch literal 0
TICK: 000008 | PC: 00020 | STEP: 0 | IR: literal 0 | A: 0 | AR: 1 | NZ: 01 | IE: 1 | PENDING: 0 | IN_INTR: 0 | DS: [0] | RS: [] | MEM: - | LATCH: DS.push,PC,IR.clear | OUT: '' | literal 0
TICK: 000009 | PC: 00020 | STEP: 0 | IR: store 2 | A: 0 | AR: 1 | NZ: 01 | IE: 1 | PENDING: 0 | IN_INTR: 0 | DS: [0] | RS: [] | MEM: - | LATCH: IR | OUT: '' | fetch store 2
TICK: 000010 | PC: 00020 | STEP: 1 | IR: store 2 | A: 0 | AR: 2 | NZ: 01 | IE: 1 | PENDING: 0 | IN_INTR: 0 | DS: [0] | RS: [] | MEM: - | LATCH: AR | OUT: '' | store.addr 2
TICK: 000011 | PC: 00025 | STEP: 0 | IR: store 2 | A: 0 | AR: 2 | NZ: 01 | IE: 1 | PENDING: 0 | IN_INTR: 0 | DS: [] | RS: [] | MEM: write mem[2] <- 0 | LATCH: MEM,PC,IR.clear | OUT: '' | store.write
TICK: 000012 | PC: 00025 | STEP: 0 | IR: literal 0 | A: 0 | AR: 2 | NZ: 01 | IE: 1 | PENDING: 0 | IN_INTR: 0 | DS: [] | RS: [] | MEM: - | LATCH: IR | OUT: '' | fetch literal 0
TICK: 000013 | PC: 00030 | STEP: 0 | IR: literal 0 | A: 0 | AR: 2 | NZ: 01 | IE: 1 | PENDING: 0 | IN_INTR: 0 | DS: [0] | RS: [] | MEM: - | LATCH: DS.push,PC,IR.clear | OUT: '' | literal 0
TICK: 000014 | PC: 00030 | STEP: 0 | IR: store 3 | A: 0 | AR: 2 | NZ: 01 | IE: 1 | PENDING: 0 | IN_INTR: 0 | DS: [0] | RS: [] | MEM: - | LATCH: IR | OUT: '' | fetch store 3
TICK: 000015 | PC: 00030 | STEP: 1 | IR: store 3 | A: 0 | AR: 3 | NZ: 01 | IE: 1 | PENDING: 0 | IN_INTR: 0 | DS: [0] | RS: [] | MEM: - | LATCH: AR | OUT: '' | store.addr 3
TICK: 000016 | PC: 00035 | STEP: 0 | IR: store 3 | A: 0 | AR: 3 | NZ: 01 | IE: 1 | PENDING: 0 | IN_INTR: 0 | DS: [] | RS: [] | MEM: write mem[3] <- 0 | LATCH: MEM,PC,IR.clear | OUT: '' | store.write
TICK: 000017 | PC: 00035 | STEP: 0 | IR: call 106 | A: 0 | AR: 3 | NZ: 01 | IE: 1 | PENDING: 0 | IN_INTR: 0 | DS: [] | RS: [] | MEM: - | LATCH: IR | OUT: '' | fetch call 106
TICK: 000018 | PC: 00106 | STEP: 0 | IR: call 106 | A: 0 | AR: 3 | NZ: 01 | IE: 1 | PENDING: 0 | IN_INTR: 0 | DS: [] | RS: [40] | MEM: - | LATCH: RS.push(ret),PC,IR.clear | OUT: '' | call 106
TICK: 000019 | PC: 00106 | STEP: 0 | IR: literal 4 | A: 0 | AR: 3 | NZ: 01 | IE: 1 | PENDING: 0 | IN_INTR: 0 | DS: [] | RS: [40] | MEM: - | LATCH: IR | OUT: '' | fetch literal 4
TICK: 000020 | PC: 00111 | STEP: 0 | IR: literal 4 | A: 0 | AR: 3 | NZ: 01 | IE: 1 | PENDING: 0 | IN_INTR: 0 | DS: [4] | RS: [40] | MEM: - | LATCH: DS.push,PC,IR.clear | OUT: '' | literal 4
TICK: 000021 | PC: 00111 | STEP: 0 | IR: stack_to_a | A: 0 | AR: 3 | NZ: 01 | IE: 1 | PENDING: 0 | IN_INTR: 0 | DS: [4] | RS: [40] | MEM: - | LATCH: IR | OUT: '' | fetch stack_to_a
TICK: 000022 | PC: 00112 | STEP: 0 | IR: stack_to_a | A: 4 | AR: 3 | NZ: 01 | IE: 1 | PENDING: 0 | IN_INTR: 0 | DS: [] | RS: [40] | MEM: - | LATCH: A,PC,IR.clear | OUT: '' | stack_to_a
TICK: 000023 | PC: 00112 | STEP: 0 | IR: a_load_+ | A: 4 | AR: 3 | NZ: 01 | IE: 1 | PENDING: 0 | IN_INTR: 0 | DS: [] | RS: [40] | MEM: - | LATCH: IR | OUT: '' | fetch a_load_+
TICK: 000024 | PC: 00112 | STEP: 1 | IR: a_load_+ | A: 4 | AR: 4 | NZ: 01 | IE: 1 | PENDING: 0 | IN_INTR: 0 | DS: [] | RS: [40] | MEM: - | LATCH: AR | OUT: '' | aload.addr
TICK: 000025 | PC: 00112 | STEP: 2 | IR: a_load_+ | A: 4 | AR: 4 | NZ: 01 | IE: 1 | PENDING: 0 | IN_INTR: 0 | DS: [87] | RS: [40] | MEM: read mem[4] | LATCH: DS.push | OUT: '' | aload.read
TICK: 000026 | PC: 00113 | STEP: 0 | IR: a_load_+ | A: 5 | AR: 4 | NZ: 01 | IE: 1 | PENDING: 0 | IN_INTR: 0 | DS: [87] | RS: [40] | MEM: - | LATCH: A,PC,IR.clear | OUT: '' | aload.increment
TICK: 000027 | PC: 00113 | STEP: 0 | IR: dup | A: 5 | AR: 4 | NZ: 01 | IE: 1 | PENDING: 0 | IN_INTR: 0 | DS: [87] | RS: [40] | MEM: - | LATCH: IR | OUT: '' | fetch dup
TICK: 000028 | PC: 00114 | STEP: 0 | IR: dup | A: 5 | AR: 4 | NZ: 01 | IE: 1 | PENDING: 0 | IN_INTR: 0 | DS: [87, 87] | RS: [40] | MEM: - | LATCH: DS.dup,PC,IR.clear | OUT: '' | dup
TICK: 000029 | PC: 00114 | STEP: 0 | IR: if 129 | A: 5 | AR: 4 | NZ: 01 | IE: 1 | PENDING: 0 | IN_INTR: 0 | DS: [87, 87] | RS: [40] | MEM: - | LATCH: IR | OUT: '' | fetch if 129
TICK: 000030 | PC: 00114 | STEP: 1 | IR: if 129 | A: 5 | AR: 4 | NZ: 01 | IE: 1 | PENDING: 0 | IN_INTR: 0 | DS: [87] | RS: [40] | MEM: - | LATCH: ALU.left | OUT: '' | if.test
TICK: 000031 | PC: 00119 | STEP: 0 | IR: if 129 | A: 5 | AR: 4 | NZ: 00 | IE: 1 | PENDING: 0 | IN_INTR: 0 | DS: [87] | RS: [40] | MEM: - | LATCH: PC,IR.clear | OUT: '' | if.branch
TICK: 000032 | PC: 00119 | STEP: 0 | IR: store 31999 | A: 5 | AR: 4 | NZ: 00 | IE: 1 | PENDING: 0 | IN_INTR: 0 | DS: [87] | RS: [40] | MEM: - | LATCH: IR | OUT: '' | fetch store 31999
TICK: 000033 | PC: 00119 | STEP: 1 | IR: store 31999 | A: 5 | AR: 31999 | NZ: 00 | IE: 1 | PENDING: 0 | IN_INTR: 0 | DS: [87] | RS: [40] | MEM: - | LATCH: AR | OUT: '' | store.addr 31999
TICK: 000034 | PC: 00124 | STEP: 0 | IR: store 31999 | A: 5 | AR: 31999 | NZ: 00 | IE: 1 | PENDING: 0 | IN_INTR: 0 | DS: [] | RS: [40] | MEM: write mem[31999] <- 87 | LATCH: OUT,PC,IR.clear | OUT: 'W' | store.write
TICK: 000035 | PC: 00124 | STEP: 0 | IR: jmp 112 | A: 5 | AR: 31999 | NZ: 00 | IE: 1 | PENDING: 0 | IN_INTR: 0 | DS: [] | RS: [40] | MEM: - | LATCH: IR | OUT: 'W' | fetch jmp 112
TICK: 000036 | PC: 00112 | STEP: 0 | IR: jmp 112 | A: 5 | AR: 31999 | NZ: 00 | IE: 1 | PENDING: 0 | IN_INTR: 0 | DS: [] | RS: [40] | MEM: - | LATCH: PC,IR.clear | OUT: 'W' | jmp 112
TICK: 000037 | PC: 00112 | STEP: 0 | IR: a_load_+ | A: 5 | AR: 31999 | NZ: 00 | IE: 1 | PENDING: 0 | IN_INTR: 0 | DS: [] | RS: [40] | MEM: - | LATCH: IR | OUT: 'W' | fetch a_load_+
TICK: 000038 | PC: 00112 | STEP: 1 | IR: a_load_+ | A: 5 | AR: 5 | NZ: 00 | IE: 1 | PENDING: 0 | IN_INTR: 0 | DS: [] | RS: [40] | MEM: - | LATCH: AR | OUT: 'W' | aload.addr
TICK: 000039 | PC: 00112 | STEP: 2 | IR: a_load_+ | A: 5 | AR: 5 | NZ: 00 | IE: 1 | PENDING: 0 | IN_INTR: 0 | DS: [104] | RS: [40] | MEM: read mem[5] | LATCH: DS.push | OUT: 'W' | aload.read
TICK: 000040 | PC: 00113 | STEP: 0 | IR: a_load_+ | A: 6 | AR: 5 | NZ: 00 | IE: 1 | PENDING: 0 | IN_INTR: 0 | DS: [104] | RS: [40] | MEM: - | LATCH: A,PC,IR.clear | OUT: 'W' | aload.increment
TICK: 000041 | PC: 00113 | STEP: 0 | IR: dup | A: 6 | AR: 5 | NZ: 00 | IE: 1 | PENDING: 0 | IN_INTR: 0 | DS: [104] | RS: [40] | MEM: - | LATCH: IR | OUT: 'W' | fetch dup
TICK: 000042 | PC: 00114 | STEP: 0 | IR: dup | A: 6 | AR: 5 | NZ: 00 | IE: 1 | PENDING: 0 | IN_INTR: 0 | DS: [104, 104] | RS: [40] | MEM: - | LATCH: DS.dup,PC,IR.clear | OUT: 'W' | dup
TICK: 000043 | PC: 00114 | STEP: 0 | IR: if 129 | A: 6 | AR: 5 | NZ: 00 | IE: 1 | PENDING: 0 | IN_INTR: 0 | DS: [104, 104] | RS: [40] | MEM: - | LATCH: IR | OUT: 'W' | fetch if 129
TICK: 000044 | PC: 00114 | STEP: 1 | IR: if 129 | A: 6 | AR: 5 | NZ: 00 | IE: 1 | PENDING: 0 | IN_INTR: 0 | DS: [104] | RS: [40] | MEM: - | LATCH: ALU.left | OUT: 'W' | if.test
TICK: 000045 | PC: 00119 | STEP: 0 | IR: if 129 | A: 6 | AR: 5 | NZ: 00 | IE: 1 | PENDING: 0 | IN_INTR: 0 | DS: [104] | RS: [40] | MEM: - | LATCH: PC,IR.clear | OUT: 'W' | if.branch
TICK: 000046 | PC: 00119 | STEP: 0 | IR: store 31999 | A: 6 | AR: 5 | NZ: 00 | IE: 1 | PENDING: 0 | IN_INTR: 0 | DS: [104] | RS: [40] | MEM: - | LATCH: IR | OUT: 'W' | fetch store 31999
TICK: 000047 | PC: 00119 | STEP: 1 | IR: store 31999 | A: 6 | AR: 31999 | NZ: 00 | IE: 1 | PENDING: 0 | IN_INTR: 0 | DS: [104] | RS: [40] | MEM: - | LATCH: AR | OUT: 'W' | store.addr 31999
TICK: 000048 | PC: 00124 | STEP: 0 | IR: store 31999 | A: 6 | AR: 31999 | NZ: 00 | IE: 1 | PENDING: 0 | IN_INTR: 0 | DS: [] | RS: [40] | MEM: write mem[31999] <- 104 | LATCH: OUT,PC,IR.clear | OUT: 'Wh' | store.write
TICK: 000049 | PC: 00124 | STEP: 0 | IR: jmp 112 | A: 6 | AR: 31999 | NZ: 00 | IE: 1 | PENDING: 0 | IN_INTR: 0 | DS: [] | RS: [40] | MEM: - | LATCH: IR | OUT: 'Wh' | fetch jmp 112
TICK: 000050 | PC: 00112 | STEP: 0 | IR: jmp 112 | A: 6 | AR: 31999 | NZ: 00 | IE: 1 | PENDING: 0 | IN_INTR: 0 | DS: [] | RS: [40] | MEM: - | LATCH: PC,IR.clear | OUT: 'Wh' | jmp 112
TICK: 000051 | PC: 00112 | STEP: 0 | IR: a_load_+ | A: 6 | AR: 31999 | NZ: 00 | IE: 1 | PENDING: 0 | IN_INTR: 0 | DS: [] | RS: [40] | MEM: - | LATCH: IR | OUT: 'Wh' | fetch a_load_+
TICK: 000052 | PC: 00112 | STEP: 1 | IR: a_load_+ | A: 6 | AR: 6 | NZ: 00 | IE: 1 | PENDING: 0 | IN_INTR: 0 | DS: [] | RS: [40] | MEM: - | LATCH: AR | OUT: 'Wh' | aload.addr
TICK: 000053 | PC: 00112 | STEP: 2 | IR: a_load_+ | A: 6 | AR: 6 | NZ: 00 | IE: 1 | PENDING: 0 | IN_INTR: 0 | DS: [97] | RS: [40] | MEM: read mem[6] | LATCH: DS.push | OUT: 'Wh' | aload.read
TICK: 000054 | PC: 00113 | STEP: 0 | IR: a_load_+ | A: 7 | AR: 6 | NZ: 00 | IE: 1 | PENDING: 0 | IN_INTR: 0 | DS: [97] | RS: [40] | MEM: - | LATCH: A,PC,IR.clear | OUT: 'Wh' | aload.increment
TICK: 000055 | PC: 00113 | STEP: 0 | IR: dup | A: 7 | AR: 6 | NZ: 00 | IE: 1 | PENDING: 0 | IN_INTR: 0 | DS: [97] | RS: [40] | MEM: - | LATCH: IR | OUT: 'Wh' | fetch dup
TICK: 000056 | PC: 00114 | STEP: 0 | IR: dup | A: 7 | AR: 6 | NZ: 00 | IE: 1 | PENDING: 0 | IN_INTR: 0 | DS: [97, 97] | RS: [40] | MEM: - | LATCH: DS.dup,PC,IR.clear | OUT: 'Wh' | dup
TICK: 000057 | PC: 00114 | STEP: 0 | IR: if 129 | A: 7 | AR: 6 | NZ: 00 | IE: 1 | PENDING: 0 | IN_INTR: 0 | DS: [97, 97] | RS: [40] | MEM: - | LATCH: IR | OUT: 'Wh' | fetch if 129
TICK: 000058 | PC: 00114 | STEP: 1 | IR: if 129 | A: 7 | AR: 6 | NZ: 00 | IE: 1 | PENDING: 0 | IN_INTR: 0 | DS: [97] | RS: [40] | MEM: - | LATCH: ALU.left | OUT: 'Wh' | if.test
TICK: 000059 | PC: 00119 | STEP: 0 | IR: if 129 | A: 7 | AR: 6 | NZ: 00 | IE: 1 | PENDING: 0 | IN_INTR: 0 | DS: [97] | RS: [40] | MEM: - | LATCH: PC,IR.clear | OUT: 'Wh' | if.branch
TICK: 000060 | PC: 00119 | STEP: 0 | IR: store 31999 | A: 7 | AR: 6 | NZ: 00 | IE: 1 | PENDING: 0 | IN_INTR: 0 | DS: [97] | RS: [40] | MEM: - | LATCH: IR | OUT: 'Wh' | fetch store 31999
TICK: 000061 | PC: 00119 | STEP: 1 | IR: store 31999 | A: 7 | AR: 31999 | NZ: 00 | IE: 1 | PENDING: 0 | IN_INTR: 0 | DS: [97] | RS: [40] | MEM: - | LATCH: AR | OUT: 'Wh' | store.addr 31999
TICK: 000062 | PC: 00124 | STEP: 0 | IR: store 31999 | A: 7 | AR: 31999 | NZ: 00 | IE: 1 | PENDING: 0 | IN_INTR: 0 | DS: [] | RS: [40] | MEM: write mem[31999] <- 97 | LATCH: OUT,PC,IR.clear | OUT: 'Wha' | store.write
TICK: 000063 | PC: 00124 | STEP: 0 | IR: jmp 112 | A: 7 | AR: 31999 | NZ: 00 | IE: 1 | PENDING: 0 | IN_INTR: 0 | DS: [] | RS: [40] | MEM: - | LATCH: IR | OUT: 'Wha' | fetch jmp 112
TICK: 000064 | PC: 00112 | STEP: 0 | IR: jmp 112 | A: 7 | AR: 31999 | NZ: 00 | IE: 1 | PENDING: 0 | IN_INTR: 0 | DS: [] | RS: [40] | MEM: - | LATCH: PC,IR.clear | OUT: 'Wha' | jmp 112
TICK: 000065 | PC: 00112 | STEP: 0 | IR: a_load_+ | A: 7 | AR: 31999 | NZ: 00 | IE: 1 | PENDING: 0 | IN_INTR: 0 | DS: [] | RS: [40] | MEM: - | LATCH: IR | OUT: 'Wha' | fetch a_load_+
TICK: 000066 | PC: 00112 | STEP: 1 | IR: a_load_+ | A: 7 | AR: 7 | NZ: 00 | IE: 1 | PENDING: 0 | IN_INTR: 0 | DS: [] | RS: [40] | MEM: - | LATCH: AR | OUT: 'Wha' | aload.addr
TICK: 000067 | PC: 00112 | STEP: 2 | IR: a_load_+ | A: 7 | AR: 7 | NZ: 00 | IE: 1 | PENDING: 0 | IN_INTR: 0 | DS: [116] | RS: [40] | MEM: read mem[7] | LATCH: DS.push | OUT: 'Wha' | aload.read
TICK: 000068 | PC: 00113 | STEP: 0 | IR: a_load_+ | A: 8 | AR: 7 | NZ: 00 | IE: 1 | PENDING: 0 | IN_INTR: 0 | DS: [116] | RS: [40] | MEM: - | LATCH: A,PC,IR.clear | OUT: 'Wha' | aload.increment
TICK: 000069 | PC: 00113 | STEP: 0 | IR: dup | A: 8 | AR: 7 | NZ: 00 | IE: 1 | PENDING: 0 | IN_INTR: 0 | DS: [116] | RS: [40] | MEM: - | LATCH: IR | OUT: 'Wha' | fetch dup
TICK: 000070 | PC: 00114 | STEP: 0 | IR: dup | A: 8 | AR: 7 | NZ: 00 | IE: 1 | PENDING: 0 | IN_INTR: 0 | DS: [116, 116] | RS: [40] | MEM: - | LATCH: DS.dup,PC,IR.clear | OUT: 'Wha' | dup
TICK: 000071 | PC: 00114 | STEP: 0 | IR: if 129 | A: 8 | AR: 7 | NZ: 00 | IE: 1 | PENDING: 0 | IN_INTR: 0 | DS: [116, 116] | RS: [40] | MEM: - | LATCH: IR | OUT: 'Wha' | fetch if 129
TICK: 000072 | PC: 00114 | STEP: 1 | IR: if 129 | A: 8 | AR: 7 | NZ: 00 | IE: 1 | PENDING: 0 | IN_INTR: 0 | DS: [116] | RS: [40] | MEM: - | LATCH: ALU.left | OUT: 'Wha' | if.test
TICK: 000073 | PC: 00119 | STEP: 0 | IR: if 129 | A: 8 | AR: 7 | NZ: 00 | IE: 1 | PENDING: 0 | IN_INTR: 0 | DS: [116] | RS: [40] | MEM: - | LATCH: PC,IR.clear | OUT: 'Wha' | if.branch
TICK: 000074 | PC: 00119 | STEP: 0 | IR: store 31999 | A: 8 | AR: 7 | NZ: 00 | IE: 1 | PENDING: 0 | IN_INTR: 0 | DS: [116] | RS: [40] | MEM: - | LATCH: IR | OUT: 'Wha' | fetch store 31999
TICK: 000075 | PC: 00119 | STEP: 1 | IR: store 31999 | A: 8 | AR: 31999 | NZ: 00 | IE: 1 | PENDING: 0 | IN_INTR: 0 | DS: [116] | RS: [40] | MEM: - | LATCH: AR | OUT: 'Wha' | store.addr 31999
TICK: 000076 | PC: 00124 | STEP: 0 | IR: store 31999 | A: 8 | AR: 31999 | NZ: 00 | IE: 1 | PENDING: 0 | IN_INTR: 0 | DS: [] | RS: [40] | MEM: write mem[31999] <- 116 | LATCH: OUT,PC,IR.clear | OUT: 'What' | store.write
TICK: 000077 | PC: 00124 | STEP: 0 | IR: jmp 112 | A: 8 | AR: 31999 | NZ: 00 | IE: 1 | PENDING: 0 | IN_INTR: 0 | DS: [] | RS: [40] | MEM: - | LATCH: IR | OUT: 'What' | fetch jmp 112
TICK: 000078 | PC: 00112 | STEP: 0 | IR: jmp 112 | A: 8 | AR: 31999 | NZ: 00 | IE: 1 | PENDING: 0 | IN_INTR: 0 | DS: [] | RS: [40] | MEM: - | LATCH: PC,IR.clear | OUT: 'What' | jmp 112
TICK: 000079 | PC: 00112 | STEP: 0 | IR: a_load_+ | A: 8 | AR: 31999 | NZ: 00 | IE: 1 | PENDING: 0 | IN_INTR: 0 | DS: [] | RS: [40] | MEM: - | LATCH: IR | OUT: 'What' | fetch a_load_+
TICK: 000080 | PC: 00112 | STEP: 1 | IR: a_load_+ | A: 8 | AR: 8 | NZ: 00 | IE: 1 | PENDING: 0 | IN_INTR: 0 | DS: [] | RS: [40] | MEM: - | LATCH: AR | OUT: 'What' | aload.addr
TICK: 000081 | PC: 00112 | STEP: 2 | IR: a_load_+ | A: 8 | AR: 8 | NZ: 00 | IE: 1 | PENDING: 0 | IN_INTR: 0 | DS: [32] | RS: [40] | MEM: read mem[8] | LATCH: DS.push | OUT: 'What' | aload.read
TICK: 000082 | PC: 00113 | STEP: 0 | IR: a_load_+ | A: 9 | AR: 8 | NZ: 00 | IE: 1 | PENDING: 0 | IN_INTR: 0 | DS: [32] | RS: [40] | MEM: - | LATCH: A,PC,IR.clear | OUT: 'What' | aload.increment
TICK: 000083 | PC: 00113 | STEP: 0 | IR: dup | A: 9 | AR: 8 | NZ: 00 | IE: 1 | PENDING: 0 | IN_INTR: 0 | DS: [32] | RS: [40] | MEM: - | LATCH: IR | OUT: 'What' | fetch dup
TICK: 000084 | PC: 00114 | STEP: 0 | IR: dup | A: 9 | AR: 8 | NZ: 00 | IE: 1 | PENDING: 0 | IN_INTR: 0 | DS: [32, 32] | RS: [40] | MEM: - | LATCH: DS.dup,PC,IR.clear | OUT: 'What' | dup
TICK: 000085 | PC: 00114 | STEP: 0 | IR: if 129 | A: 9 | AR: 8 | NZ: 00 | IE: 1 | PENDING: 0 | IN_INTR: 0 | DS: [32, 32] | RS: [40] | MEM: - | LATCH: IR | OUT: 'What' | fetch if 129
TICK: 000086 | PC: 00114 | STEP: 1 | IR: if 129 | A: 9 | AR: 8 | NZ: 00 | IE: 1 | PENDING: 0 | IN_INTR: 0 | DS: [32] | RS: [40] | MEM: - | LATCH: ALU.left | OUT: 'What' | if.test
TICK: 000087 | PC: 00119 | STEP: 0 | IR: if 129 | A: 9 | AR: 8 | NZ: 00 | IE: 1 | PENDING: 0 | IN_INTR: 0 | DS: [32] | RS: [40] | MEM: - | LATCH: PC,IR.clear | OUT: 'What' | if.branch
TICK: 000088 | PC: 00119 | STEP: 0 | IR: store 31999 | A: 9 | AR: 8 | NZ: 00 | IE: 1 | PENDING: 0 | IN_INTR: 0 | DS: [32] | RS: [40] | MEM: - | LATCH: IR | OUT: 'What' | fetch store 31999
TICK: 000089 | PC: 00119 | STEP: 1 | IR: store 31999 | A: 9 | AR: 31999 | NZ: 00 | IE: 1 | PENDING: 0 | IN_INTR: 0 | DS: [32] | RS: [40] | MEM: - | LATCH: AR | OUT: 'What' | store.addr 31999
TICK: 000090 | PC: 00124 | STEP: 0 | IR: store 31999 | A: 9 | AR: 31999 | NZ: 00 | IE: 1 | PENDING: 0 | IN_INTR: 0 | DS: [] | RS: [40] | MEM: write mem[31999] <- 32 | LATCH: OUT,PC,IR.clear | OUT: 'What ' | store.write
TICK: 000091 | PC: 00124 | STEP: 0 | IR: jmp 112 | A: 9 | AR: 31999 | NZ: 00 | IE: 1 | PENDING: 0 | IN_INTR: 0 | DS: [] | RS: [40] | MEM: - | LATCH: IR | OUT: 'What ' | fetch jmp 112
TICK: 000092 | PC: 00112 | STEP: 0 | IR: jmp 112 | A: 9 | AR: 31999 | NZ: 00 | IE: 1 | PENDING: 0 | IN_INTR: 0 | DS: [] | RS: [40] | MEM: - | LATCH: PC,IR.clear | OUT: 'What ' | jmp 112
TICK: 000093 | PC: 00112 | STEP: 0 | IR: a_load_+ | A: 9 | AR: 31999 | NZ: 00 | IE: 1 | PENDING: 0 | IN_INTR: 0 | DS: [] | RS: [40] | MEM: - | LATCH: IR | OUT: 'What ' | fetch a_load_+
TICK: 000094 | PC: 00112 | STEP: 1 | IR: a_load_+ | A: 9 | AR: 9 | NZ: 00 | IE: 1 | PENDING: 0 | IN_INTR: 0 | DS: [] | RS: [40] | MEM: - | LATCH: AR | OUT: 'What ' | aload.addr
TICK: 000095 | PC: 00112 | STEP: 2 | IR: a_load_+ | A: 9 | AR: 9 | NZ: 00 | IE: 1 | PENDING: 0 | IN_INTR: 0 | DS: [105] | RS: [40] | MEM: read mem[9] | LATCH: DS.push | OUT: 'What ' | aload.read
TICK: 000096 | PC: 00113 | STEP: 0 | IR: a_load_+ | A: 10 | AR: 9 | NZ: 00 | IE: 1 | PENDING: 0 | IN_INTR: 0 | DS: [105] | RS: [40] | MEM: - | LATCH: A,PC,IR.clear | OUT: 'What ' | aload.increment
TICK: 000097 | PC: 00113 | STEP: 0 | IR: dup | A: 10 | AR: 9 | NZ: 00 | IE: 1 | PENDING: 0 | IN_INTR: 0 | DS: [105] | RS: [40] | MEM: - | LATCH: IR | OUT: 'What ' | fetch dup
TICK: 000098 | PC: 00114 | STEP: 0 | IR: dup | A: 10 | AR: 9 | NZ: 00 | IE: 1 | PENDING: 0 | IN_INTR: 0 | DS: [105, 105] | RS: [40] | MEM: - | LATCH: DS.dup,PC,IR.clear | OUT: 'What ' | dup
TICK: 000099 | PC: 00114 | STEP: 0 | IR: if 129 | A: 10 | AR: 9 | NZ: 00 | IE: 1 | PENDING: 0 | IN_INTR: 0 | DS: [105, 105] | RS: [40] | MEM: - | LATCH: IR | OUT: 'What ' | fetch if 129
TICK: 000100 | PC: 00114 | STEP: 1 | IR: if 129 | A: 10 | AR: 9 | NZ: 00 | IE: 1 | PENDING: 0 | IN_INTR: 0 | DS: [105] | RS: [40] | MEM: - | LATCH: ALU.left | OUT: 'What ' | if.test
TICK: 000101 | PC: 00119 | STEP: 0 | IR: if 129 | A: 10 | AR: 9 | NZ: 00 | IE: 1 | PENDING: 0 | IN_INTR: 0 | DS: [105] | RS: [40] | MEM: - | LATCH: PC,IR.clear | OUT: 'What ' | if.branch
TICK: 000102 | PC: 00119 | STEP: 0 | IR: store 31999 | A: 10 | AR: 9 | NZ: 00 | IE: 1 | PENDING: 0 | IN_INTR: 0 | DS: [105] | RS: [40] | MEM: - | LATCH: IR | OUT: 'What ' | fetch store 31999
TICK: 000103 | PC: 00119 | STEP: 1 | IR: store 31999 | A: 10 | AR: 31999 | NZ: 00 | IE: 1 | PENDING: 0 | IN_INTR: 0 | DS: [105] | RS: [40] | MEM: - | LATCH: AR | OUT: 'What ' | store.addr 31999
TICK: 000104 | PC: 00124 | STEP: 0 | IR: store 31999 | A: 10 | AR: 31999 | NZ: 00 | IE: 1 | PENDING: 0 | IN_INTR: 0 | DS: [] | RS: [40] | MEM: write mem[31999] <- 105 | LATCH: OUT,PC,IR.clear | OUT: 'What i' | store.write
TICK: 000105 | PC: 00124 | STEP: 0 | IR: jmp 112 | A: 10 | AR: 31999 | NZ: 00 | IE: 1 | PENDING: 0 | IN_INTR: 0 | DS: [] | RS: [40] | MEM: - | LATCH: IR | OUT: 'What i' | fetch jmp 112
TICK: 000106 | PC: 00112 | STEP: 0 | IR: jmp 112 | A: 10 | AR: 31999 | NZ: 00 | IE: 1 | PENDING: 0 | IN_INTR: 0 | DS: [] | RS: [40] | MEM: - | LATCH: PC,IR.clear | OUT: 'What i' | jmp 112
TICK: 000107 | PC: 00112 | STEP: 0 | IR: a_load_+ | A: 10 | AR: 31999 | NZ: 00 | IE: 1 | PENDING: 0 | IN_INTR: 0 | DS: [] | RS: [40] | MEM: - | LATCH: IR | OUT: 'What i' | fetch a_load_+
TICK: 000108 | PC: 00112 | STEP: 1 | IR: a_load_+ | A: 10 | AR: 10 | NZ: 00 | IE: 1 | PENDING: 0 | IN_INTR: 0 | DS: [] | RS: [40] | MEM: - | LATCH: AR | OUT: 'What i' | aload.addr
TICK: 000109 | PC: 00112 | STEP: 2 | IR: a_load_+ | A: 10 | AR: 10 | NZ: 00 | IE: 1 | PENDING: 0 | IN_INTR: 0 | DS: [115] | RS: [40] | MEM: read mem[10] | LATCH: DS.push | OUT: 'What i' | aload.read
TICK: 000110 | PC: 00113 | STEP: 0 | IR: a_load_+ | A: 11 | AR: 10 | NZ: 00 | IE: 1 | PENDING: 0 | IN_INTR: 0 | DS: [115] | RS: [40] | MEM: - | LATCH: A,PC,IR.clear | OUT: 'What i' | aload.increment
TICK: 000111 | PC: 00113 | STEP: 0 | IR: dup | A: 11 | AR: 10 | NZ: 00 | IE: 1 | PENDING: 0 | IN_INTR: 0 | DS: [115] | RS: [40] | MEM: - | LATCH: IR | OUT: 'What i' | fetch dup
TICK: 000112 | PC: 00114 | STEP: 0 | IR: dup | A: 11 | AR: 10 | NZ: 00 | IE: 1 | PENDING: 0 | IN_INTR: 0 | DS: [115, 115] | RS: [40] | MEM: - | LATCH: DS.dup,PC,IR.clear | OUT: 'What i' | dup
TICK: 000113 | PC: 00114 | STEP: 0 | IR: if 129 | A: 11 | AR: 10 | NZ: 00 | IE: 1 | PENDING: 0 | IN_INTR: 0 | DS: [115, 115] | RS: [40] | MEM: - | LATCH: IR | OUT: 'What i' | fetch if 129
TICK: 000114 | PC: 00114 | STEP: 1 | IR: if 129 | A: 11 | AR: 10 | NZ: 00 | IE: 1 | PENDING: 0 | IN_INTR: 0 | DS: [115] | RS: [40] | MEM: - | LATCH: ALU.left | OUT: 'What i' | if.test
TICK: 000115 | PC: 00119 | STEP: 0 | IR: if 129 | A: 11 | AR: 10 | NZ: 00 | IE: 1 | PENDING: 0 | IN_INTR: 0 | DS: [115] | RS: [40] | MEM: - | LATCH: PC,IR.clear | OUT: 'What i' | if.branch
TICK: 000116 | PC: 00119 | STEP: 0 | IR: store 31999 | A: 11 | AR: 10 | NZ: 00 | IE: 1 | PENDING: 0 | IN_INTR: 0 | DS: [115] | RS: [40] | MEM: - | LATCH: IR | OUT: 'What i' | fetch store 31999
TICK: 000117 | PC: 00119 | STEP: 1 | IR: store 31999 | A: 11 | AR: 31999 | NZ: 00 | IE: 1 | PENDING: 0 | IN_INTR: 0 | DS: [115] | RS: [40] | MEM: - | LATCH: AR | OUT: 'What i' | store.addr 31999
TICK: 000118 | PC: 00124 | STEP: 0 | IR: store 31999 | A: 11 | AR: 31999 | NZ: 00 | IE: 1 | PENDING: 0 | IN_INTR: 0 | DS: [] | RS: [40] | MEM: write mem[31999] <- 115 | LATCH: OUT,PC,IR.clear | OUT: 'What is' | store.write
TICK: 000119 | PC: 00124 | STEP: 0 | IR: jmp 112 | A: 11 | AR: 31999 | NZ: 00 | IE: 1 | PENDING: 0 | IN_INTR: 0 | DS: [] | RS: [40] | MEM: - | LATCH: IR | OUT: 'What is' | fetch jmp 112
TICK: 000120 | PC: 00112 | STEP: 0 | IR: jmp 112 | A: 11 | AR: 31999 | NZ: 00 | IE: 1 | PENDING: 0 | IN_INTR: 0 | DS: [] | RS: [40] | MEM: - | LATCH: PC,IR.clear | OUT: 'What is' | jmp 112
TICK: 000121 | PC: 00112 | STEP: 0 | IR: a_load_+ | A: 11 | AR: 31999 | NZ: 00 | IE: 1 | PENDING: 0 | IN_INTR: 0 | DS: [] | RS: [40] | MEM: - | LATCH: IR | OUT: 'What is' | fetch a_load_+
TICK: 000122 | PC: 00112 | STEP: 1 | IR: a_load_+ | A: 11 | AR: 11 | NZ: 00 | IE: 1 | PENDING: 0 | IN_INTR: 0 | DS: [] | RS: [40] | MEM: - | LATCH: AR | OUT: 'What is' | aload.addr
TICK: 000123 | PC: 00112 | STEP: 2 | IR: a_load_+ | A: 11 | AR: 11 | NZ: 00 | IE: 1 | PENDING: 0 | IN_INTR: 0 | DS: [32] | RS: [40] | MEM: read mem[11] | LATCH: DS.push | OUT: 'What is' | aload.read
TICK: 000124 | PC: 00113 | STEP: 0 | IR: a_load_+ | A: 12 | AR: 11 | NZ: 00 | IE: 1 | PENDING: 0 | IN_INTR: 0 | DS: [32] | RS: [40] | MEM: - | LATCH: A,PC,IR.clear | OUT: 'What is' | aload.increment
TICK: 000125 | PC: 00113 | STEP: 0 | IR: dup | A: 12 | AR: 11 | NZ: 00 | IE: 1 | PENDING: 0 | IN_INTR: 0 | DS: [32] | RS: [40] | MEM: - | LATCH: IR | OUT: 'What is' | fetch dup
TICK: 000126 | PC: 00114 | STEP: 0 | IR: dup | A: 12 | AR: 11 | NZ: 00 | IE: 1 | PENDING: 0 | IN_INTR: 0 | DS: [32, 32] | RS: [40] | MEM: - | LATCH: DS.dup,PC,IR.clear | OUT: 'What is' | dup
TICK: 000127 | PC: 00114 | STEP: 0 | IR: if 129 | A: 12 | AR: 11 | NZ: 00 | IE: 1 | PENDING: 0 | IN_INTR: 0 | DS: [32, 32] | RS: [40] | MEM: - | LATCH: IR | OUT: 'What is' | fetch if 129
TICK: 000128 | PC: 00114 | STEP: 1 | IR: if 129 | A: 12 | AR: 11 | NZ: 00 | IE: 1 | PENDING: 0 | IN_INTR: 0 | DS: [32] | RS: [40] | MEM: - | LATCH: ALU.left | OUT: 'What is' | if.test
TICK: 000129 | PC: 00119 | STEP: 0 | IR: if 129 | A: 12 | AR: 11 | NZ: 00 | IE: 1 | PENDING: 0 | IN_INTR: 0 | DS: [32] | RS: [40] | MEM: - | LATCH: PC,IR.clear | OUT: 'What is' | if.branch
TICK: 000130 | PC: 00119 | STEP: 0 | IR: store 31999 | A: 12 | AR: 11 | NZ: 00 | IE: 1 | PENDING: 0 | IN_INTR: 0 | DS: [32] | RS: [40] | MEM: - | LATCH: IR | OUT: 'What is' | fetch store 31999
TICK: 000131 | PC: 00119 | STEP: 1 | IR: store 31999 | A: 12 | AR: 31999 | NZ: 00 | IE: 1 | PENDING: 0 | IN_INTR: 0 | DS: [32] | RS: [40] | MEM: - | LATCH: AR | OUT: 'What is' | store.addr 31999
TICK: 000132 | PC: 00124 | STEP: 0 | IR: store 31999 | A: 12 | AR: 31999 | NZ: 00 | IE: 1 | PENDING: 0 | IN_INTR: 0 | DS: [] | RS: [40] | MEM: write mem[31999] <- 32 | LATCH: OUT,PC,IR.clear | OUT: 'What is ' | store.write
TICK: 000133 | PC: 00124 | STEP: 0 | IR: jmp 112 | A: 12 | AR: 31999 | NZ: 00 | IE: 1 | PENDING: 0 | IN_INTR: 0 | DS: [] | RS: [40] | MEM: - | LATCH: IR | OUT: 'What is ' | fetch jmp 112
TICK: 000134 | PC: 00112 | STEP: 0 | IR: jmp 112 | A: 12 | AR: 31999 | NZ: 00 | IE: 1 | PENDING: 0 | IN_INTR: 0 | DS: [] | RS: [40] | MEM: - | LATCH: PC,IR.clear | OUT: 'What is ' | jmp 112
TICK: 000135 | PC: 00112 | STEP: 0 | IR: a_load_+ | A: 12 | AR: 31999 | NZ: 00 | IE: 1 | PENDING: 0 | IN_INTR: 0 | DS: [] | RS: [40] | MEM: - | LATCH: IR | OUT: 'What is ' | fetch a_load_+
TICK: 000136 | PC: 00112 | STEP: 1 | IR: a_load_+ | A: 12 | AR: 12 | NZ: 00 | IE: 1 | PENDING: 0 | IN_INTR: 0 | DS: [] | RS: [40] | MEM: - | LATCH: AR | OUT: 'What is ' | aload.addr
TICK: 000137 | PC: 00112 | STEP: 2 | IR: a_load_+ | A: 12 | AR: 12 | NZ: 00 | IE: 1 | PENDING: 0 | IN_INTR: 0 | DS: [121] | RS: [40] | MEM: read mem[12] | LATCH: DS.push | OUT: 'What is ' | aload.read
TICK: 000138 | PC: 00113 | STEP: 0 | IR: a_load_+ | A: 13 | AR: 12 | NZ: 00 | IE: 1 | PENDING: 0 | IN_INTR: 0 | DS: [121] | RS: [40] | MEM: - | LATCH: A,PC,IR.clear | OUT: 'What is ' | aload.increment
TICK: 000139 | PC: 00113 | STEP: 0 | IR: dup | A: 13 | AR: 12 | NZ: 00 | IE: 1 | PENDING: 0 | IN_INTR: 0 | DS: [121] | RS: [40] | MEM: - | LATCH: IR | OUT: 'What is ' | fetch dup
TICK: 000140 | PC: 00114 | STEP: 0 | IR: dup | A: 13 | AR: 12 | NZ: 00 | IE: 1 | PENDING: 0 | IN_INTR: 0 | DS: [121, 121] | RS: [40] | MEM: - | LATCH: DS.dup,PC,IR.clear | OUT: 'What is ' | dup
TICK: 000141 | PC: 00114 | STEP: 0 | IR: if 129 | A: 13 | AR: 12 | NZ: 00 | IE: 1 | PENDING: 0 | IN_INTR: 0 | DS: [121, 121] | RS: [40] | MEM: - | LATCH: IR | OUT: 'What is ' | fetch if 129
TICK: 000142 | PC: 00114 | STEP: 1 | IR: if 129 | A: 13 | AR: 12 | NZ: 00 | IE: 1 | PENDING: 0 | IN_INTR: 0 | DS: [121] | RS: [40] | MEM: - | LATCH: ALU.left | OUT: 'What is ' | if.test
TICK: 000143 | PC: 00119 | STEP: 0 | IR: if 129 | A: 13 | AR: 12 | NZ: 00 | IE: 1 | PENDING: 0 | IN_INTR: 0 | DS: [121] | RS: [40] | MEM: - | LATCH: PC,IR.clear | OUT: 'What is ' | if.branch
TICK: 000144 | PC: 00119 | STEP: 0 | IR: store 31999 | A: 13 | AR: 12 | NZ: 00 | IE: 1 | PENDING: 0 | IN_INTR: 0 | DS: [121] | RS: [40] | MEM: - | LATCH: IR | OUT: 'What is ' | fetch store 31999
TICK: 000145 | PC: 00119 | STEP: 1 | IR: store 31999 | A: 13 | AR: 31999 | NZ: 00 | IE: 1 | PENDING: 0 | IN_INTR: 0 | DS: [121] | RS: [40] | MEM: - | LATCH: AR | OUT: 'What is ' | store.addr 31999
TICK: 000146 | PC: 00124 | STEP: 0 | IR: store 31999 | A: 13 | AR: 31999 | NZ: 00 | IE: 1 | PENDING: 0 | IN_INTR: 0 | DS: [] | RS: [40] | MEM: write mem[31999] <- 121 | LATCH: OUT,PC,IR.clear | OUT: 'What is y' | store.write
TICK: 000147 | PC: 00124 | STEP: 0 | IR: jmp 112 | A: 13 | AR: 31999 | NZ: 00 | IE: 1 | PENDING: 0 | IN_INTR: 0 | DS: [] | RS: [40] | MEM: - | LATCH: IR | OUT: 'What is y' | fetch jmp 112
TICK: 000148 | PC: 00112 | STEP: 0 | IR: jmp 112 | A: 13 | AR: 31999 | NZ: 00 | IE: 1 | PENDING: 0 | IN_INTR: 0 | DS: [] | RS: [40] | MEM: - | LATCH: PC,IR.clear | OUT: 'What is y' | jmp 112
TICK: 000149 | PC: 00112 | STEP: 0 | IR: a_load_+ | A: 13 | AR: 31999 | NZ: 00 | IE: 1 | PENDING: 0 | IN_INTR: 0 | DS: [] | RS: [40] | MEM: - | LATCH: IR | OUT: 'What is y' | fetch a_load_+
TICK: 000150 | PC: 00112 | STEP: 1 | IR: a_load_+ | A: 13 | AR: 13 | NZ: 00 | IE: 1 | PENDING: 0 | IN_INTR: 0 | DS: [] | RS: [40] | MEM: - | LATCH: AR | OUT: 'What is y' | aload.addr
TICK: 000151 | PC: 00112 | STEP: 2 | IR: a_load_+ | A: 13 | AR: 13 | NZ: 00 | IE: 1 | PENDING: 0 | IN_INTR: 0 | DS: [111] | RS: [40] | MEM: read mem[13] | LATCH: DS.push | OUT: 'What is y' | aload.read
TICK: 000152 | PC: 00113 | STEP: 0 | IR: a_load_+ | A: 14 | AR: 13 | NZ: 00 | IE: 1 | PENDING: 0 | IN_INTR: 0 | DS: [111] | RS: [40] | MEM: - | LATCH: A,PC,IR.clear | OUT: 'What is y' | aload.increment
TICK: 000153 | PC: 00113 | STEP: 0 | IR: dup | A: 14 | AR: 13 | NZ: 00 | IE: 1 | PENDING: 0 | IN_INTR: 0 | DS: [111] | RS: [40] | MEM: - | LATCH: IR | OUT: 'What is y' | fetch dup
TICK: 000154 | PC: 00114 | STEP: 0 | IR: dup | A: 14 | AR: 13 | NZ: 00 | IE: 1 | PENDING: 0 | IN_INTR: 0 | DS: [111, 111] | RS: [40] | MEM: - | LATCH: DS.dup,PC,IR.clear | OUT: 'What is y' | dup
TICK: 000155 | PC: 00114 | STEP: 0 | IR: if 129 | A: 14 | AR: 13 | NZ: 00 | IE: 1 | PENDING: 0 | IN_INTR: 0 | DS: [111, 111] | RS: [40] | MEM: - | LATCH: IR | OUT: 'What is y' | fetch if 129
TICK: 000156 | PC: 00114 | STEP: 1 | IR: if 129 | A: 14 | AR: 13 | NZ: 00 | IE: 1 | PENDING: 0 | IN_INTR: 0 | DS: [111] | RS: [40] | MEM: - | LATCH: ALU.left | OUT: 'What is y' | if.test
TICK: 000157 | PC: 00119 | STEP: 0 | IR: if 129 | A: 14 | AR: 13 | NZ: 00 | IE: 1 | PENDING: 0 | IN_INTR: 0 | DS: [111] | RS: [40] | MEM: - | LATCH: PC,IR.clear | OUT: 'What is y' | if.branch
TICK: 000158 | PC: 00119 | STEP: 0 | IR: store 31999 | A: 14 | AR: 13 | NZ: 00 | IE: 1 | PENDING: 0 | IN_INTR: 0 | DS: [111] | RS: [40] | MEM: - | LATCH: IR | OUT: 'What is y' | fetch store 31999
TICK: 000159 | PC: 00119 | STEP: 1 | IR: store 31999 | A: 14 | AR: 31999 | NZ: 00 | IE: 1 | PENDING: 0 | IN_INTR: 0 | DS: [111] | RS: [40] | MEM: - | LATCH: AR | OUT: 'What is y' | store.addr 31999
TICK: 000160 | PC: 00124 | STEP: 0 | IR: store 31999 | A: 14 | AR: 31999 | NZ: 00 | IE: 1 | PENDING: 0 | IN_INTR: 0 | DS: [] | RS: [40] | MEM: write mem[31999] <- 111 | LATCH: OUT,PC,IR.clear | OUT: 'What is yo' | store.write
TICK: 000161 | PC: 00124 | STEP: 0 | IR: jmp 112 | A: 14 | AR: 31999 | NZ: 00 | IE: 1 | PENDING: 0 | IN_INTR: 0 | DS: [] | RS: [40] | MEM: - | LATCH: IR | OUT: 'What is yo' | fetch jmp 112
TICK: 000162 | PC: 00112 | STEP: 0 | IR: jmp 112 | A: 14 | AR: 31999 | NZ: 00 | IE: 1 | PENDING: 0 | IN_INTR: 0 | DS: [] | RS: [40] | MEM: - | LATCH: PC,IR.clear | OUT: 'What is yo' | jmp 112
TICK: 000163 | PC: 00112 | STEP: 0 | IR: a_load_+ | A: 14 | AR: 31999 | NZ: 00 | IE: 1 | PENDING: 0 | IN_INTR: 0 | DS: [] | RS: [40] | MEM: - | LATCH: IR | OUT: 'What is yo' | fetch a_load_+
TICK: 000164 | PC: 00112 | STEP: 1 | IR: a_load_+ | A: 14 | AR: 14 | NZ: 00 | IE: 1 | PENDING: 0 | IN_INTR: 0 | DS: [] | RS: [40] | MEM: - | LATCH: AR | OUT: 'What is yo' | aload.addr
TICK: 000165 | PC: 00112 | STEP: 2 | IR: a_load_+ | A: 14 | AR: 14 | NZ: 00 | IE: 1 | PENDING: 0 | IN_INTR: 0 | DS: [117] | RS: [40] | MEM: read mem[14] | LATCH: DS.push | OUT: 'What is yo' | aload.read
TICK: 000166 | PC: 00113 | STEP: 0 | IR: a_load_+ | A: 15 | AR: 14 | NZ: 00 | IE: 1 | PENDING: 0 | IN_INTR: 0 | DS: [117] | RS: [40] | MEM: - | LATCH: A,PC,IR.clear | OUT: 'What is yo' | aload.increment
TICK: 000167 | PC: 00113 | STEP: 0 | IR: dup | A: 15 | AR: 14 | NZ: 00 | IE: 1 | PENDING: 0 | IN_INTR: 0 | DS: [117] | RS: [40] | MEM: - | LATCH: IR | OUT: 'What is yo' | fetch dup
TICK: 000168 | PC: 00114 | STEP: 0 | IR: dup | A: 15 | AR: 14 | NZ: 00 | IE: 1 | PENDING: 0 | IN_INTR: 0 | DS: [117, 117] | RS: [40] | MEM: - | LATCH: DS.dup,PC,IR.clear | OUT: 'What is yo' | dup
TICK: 000169 | PC: 00114 | STEP: 0 | IR: if 129 | A: 15 | AR: 14 | NZ: 00 | IE: 1 | PENDING: 0 | IN_INTR: 0 | DS: [117, 117] | RS: [40] | MEM: - | LATCH: IR | OUT: 'What is yo' | fetch if 129
TICK: 000170 | PC: 00114 | STEP: 1 | IR: if 129 | A: 15 | AR: 14 | NZ: 00 | IE: 1 | PENDING: 0 | IN_INTR: 0 | DS: [117] | RS: [40] | MEM: - | LATCH: ALU.left | OUT: 'What is yo' | if.test
TICK: 000171 | PC: 00119 | STEP: 0 | IR: if 129 | A: 15 | AR: 14 | NZ: 00 | IE: 1 | PENDING: 0 | IN_INTR: 0 | DS: [117] | RS: [40] | MEM: - | LATCH: PC,IR.clear | OUT: 'What is yo' | if.branch
TICK: 000172 | PC: 00119 | STEP: 0 | IR: store 31999 | A: 15 | AR: 14 | NZ: 00 | IE: 1 | PENDING: 0 | IN_INTR: 0 | DS: [117] | RS: [40] | MEM: - | LATCH: IR | OUT: 'What is yo' | fetch store 31999
TICK: 000173 | PC: 00119 | STEP: 1 | IR: store 31999 | A: 15 | AR: 31999 | NZ: 00 | IE: 1 | PENDING: 0 | IN_INTR: 0 | DS: [117] | RS: [40] | MEM: - | LATCH: AR | OUT: 'What is yo' | store.addr 31999
TICK: 000174 | PC: 00124 | STEP: 0 | IR: store 31999 | A: 15 | AR: 31999 | NZ: 00 | IE: 1 | PENDING: 0 | IN_INTR: 0 | DS: [] | RS: [40] | MEM: write mem[31999] <- 117 | LATCH: OUT,PC,IR.clear | OUT: 'What is you' | store.write
TICK: 000175 | PC: 00124 | STEP: 0 | IR: jmp 112 | A: 15 | AR: 31999 | NZ: 00 | IE: 1 | PENDING: 0 | IN_INTR: 0 | DS: [] | RS: [40] | MEM: - | LATCH: IR | OUT: 'What is you' | fetch jmp 112
TICK: 000176 | PC: 00112 | STEP: 0 | IR: jmp 112 | A: 15 | AR: 31999 | NZ: 00 | IE: 1 | PENDING: 0 | IN_INTR: 0 | DS: [] | RS: [40] | MEM: - | LATCH: PC,IR.clear | OUT: 'What is you' | jmp 112
TICK: 000177 | PC: 00112 | STEP: 0 | IR: a_load_+ | A: 15 | AR: 31999 | NZ: 00 | IE: 1 | PENDING: 0 | IN_INTR: 0 | DS: [] | RS: [40] | MEM: - | LATCH: IR | OUT: 'What is you' | fetch a_load_+
TICK: 000178 | PC: 00112 | STEP: 1 | IR: a_load_+ | A: 15 | AR: 15 | NZ: 00 | IE: 1 | PENDING: 0 | IN_INTR: 0 | DS: [] | RS: [40] | MEM: - | LATCH: AR | OUT: 'What is you' | aload.addr
TICK: 000179 | PC: 00112 | STEP: 2 | IR: a_load_+ | A: 15 | AR: 15 | NZ: 00 | IE: 1 | PENDING: 0 | IN_INTR: 0 | DS: [114] | RS: [40] | MEM: read mem[15] | LATCH: DS.push | OUT: 'What is you' | aload.read
TICK: 000180 | PC: 00113 | STEP: 0 | IR: a_load_+ | A: 16 | AR: 15 | NZ: 00 | IE: 1 | PENDING: 0 | IN_INTR: 0 | DS: [114] | RS: [40] | MEM: - | LATCH: A,PC,IR.clear | OUT: 'What is you' | aload.increment
TICK: 000181 | PC: 00113 | STEP: 0 | IR: dup | A: 16 | AR: 15 | NZ: 00 | IE: 1 | PENDING: 0 | IN_INTR: 0 | DS: [114] | RS: [40] | MEM: - | LATCH: IR | OUT: 'What is you' | fetch dup
TICK: 000182 | PC: 00114 | STEP: 0 | IR: dup | A: 16 | AR: 15 | NZ: 00 | IE: 1 | PENDING: 0 | IN_INTR: 0 | DS: [114, 114] | RS: [40] | MEM: - | LATCH: DS.dup,PC,IR.clear | OUT: 'What is you' | dup
TICK: 000183 | PC: 00114 | STEP: 0 | IR: if 129 | A: 16 | AR: 15 | NZ: 00 | IE: 1 | PENDING: 0 | IN_INTR: 0 | DS: [114, 114] | RS: [40] | MEM: - | LATCH: IR | OUT: 'What is you' | fetch if 129
TICK: 000184 | PC: 00114 | STEP: 1 | IR: if 129 | A: 16 | AR: 15 | NZ: 00 | IE: 1 | PENDING: 0 | IN_INTR: 0 | DS: [114] | RS: [40] | MEM: - | LATCH: ALU.left | OUT: 'What is you' | if.test
TICK: 000185 | PC: 00119 | STEP: 0 | IR: if 129 | A: 16 | AR: 15 | NZ: 00 | IE: 1 | PENDING: 0 | IN_INTR: 0 | DS: [114] | RS: [40] | MEM: - | LATCH: PC,IR.clear | OUT: 'What is you' | if.branch
TICK: 000186 | PC: 00119 | STEP: 0 | IR: store 31999 | A: 16 | AR: 15 | NZ: 00 | IE: 1 | PENDING: 0 | IN_INTR: 0 | DS: [114] | RS: [40] | MEM: - | LATCH: IR | OUT: 'What is you' | fetch store 31999
TICK: 000187 | PC: 00119 | STEP: 1 | IR: store 31999 | A: 16 | AR: 31999 | NZ: 00 | IE: 1 | PENDING: 0 | IN_INTR: 0 | DS: [114] | RS: [40] | MEM: - | LATCH: AR | OUT: 'What is you' | store.addr 31999
TICK: 000188 | PC: 00124 | STEP: 0 | IR: store 31999 | A: 16 | AR: 31999 | NZ: 00 | IE: 1 | PENDING: 0 | IN_INTR: 0 | DS: [] | RS: [40] | MEM: write mem[31999] <- 114 | LATCH: OUT,PC,IR.clear | OUT: 'What is your' | store.write
TICK: 000189 | PC: 00124 | STEP: 0 | IR: jmp 112 | A: 16 | AR: 31999 | NZ: 00 | IE: 1 | PENDING: 0 | IN_INTR: 0 | DS: [] | RS: [40] | MEM: - | LATCH: IR | OUT: 'What is your' | fetch jmp 112
TICK: 000190 | PC: 00112 | STEP: 0 | IR: jmp 112 | A: 16 | AR: 31999 | NZ: 00 | IE: 1 | PENDING: 0 | IN_INTR: 0 | DS: [] | RS: [40] | MEM: - | LATCH: PC,IR.clear | OUT: 'What is your' | jmp 112
TICK: 000191 | PC: 00112 | STEP: 0 | IR: a_load_+ | A: 16 | AR: 31999 | NZ: 00 | IE: 1 | PENDING: 0 | IN_INTR: 0 | DS: [] | RS: [40] | MEM: - | LATCH: IR | OUT: 'What is your' | fetch a_load_+
TICK: 000192 | PC: 00112 | STEP: 1 | IR: a_load_+ | A: 16 | AR: 16 | NZ: 00 | IE: 1 | PENDING: 0 | IN_INTR: 0 | DS: [] | RS: [40] | MEM: - | LATCH: AR | OUT: 'What is your' | aload.addr
TICK: 000193 | PC: 00112 | STEP: 2 | IR: a_load_+ | A: 16 | AR: 16 | NZ: 00 | IE: 1 | PENDING: 0 | IN_INTR: 0 | DS: [32] | RS: [40] | MEM: read mem[16] | LATCH: DS.push | OUT: 'What is your' | aload.read
TICK: 000194 | PC: 00113 | STEP: 0 | IR: a_load_+ | A: 17 | AR: 16 | NZ: 00 | IE: 1 | PENDING: 0 | IN_INTR: 0 | DS: [32] | RS: [40] | MEM: - | LATCH: A,PC,IR.clear | OUT: 'What is your' | aload.increment
TICK: 000195 | PC: 00113 | STEP: 0 | IR: dup | A: 17 | AR: 16 | NZ: 00 | IE: 1 | PENDING: 0 | IN_INTR: 0 | DS: [32] | RS: [40] | MEM: - | LATCH: IR | OUT: 'What is your' | fetch dup
TICK: 000196 | PC: 00114 | STEP: 0 | IR: dup | A: 17 | AR: 16 | NZ: 00 | IE: 1 | PENDING: 0 | IN_INTR: 0 | DS: [32, 32] | RS: [40] | MEM: - | LATCH: DS.dup,PC,IR.clear | OUT: 'What is your' | dup
TICK: 000197 | PC: 00114 | STEP: 0 | IR: if 129 | A: 17 | AR: 16 | NZ: 00 | IE: 1 | PENDING: 0 | IN_INTR: 0 | DS: [32, 32] | RS: [40] | MEM: - | LATCH: IR | OUT: 'What is your' | fetch if 129
TICK: 000198 | PC: 00114 | STEP: 1 | IR: if 129 | A: 17 | AR: 16 | NZ: 00 | IE: 1 | PENDING: 0 | IN_INTR: 0 | DS: [32] | RS: [40] | MEM: - | LATCH: ALU.left | OUT: 'What is your' | if.test
TICK: 000199 | PC: 00119 | STEP: 0 | IR: if 129 | A: 17 | AR: 16 | NZ: 00 | IE: 1 | PENDING: 0 | IN_INTR: 0 | DS: [32] | RS: [40] | MEM: - | LATCH: PC,IR.clear | OUT: 'What is your' | if.branch
TICK: 000200 | PC: 00119 | STEP: 0 | IR: store 31999 | A: 17 | AR: 16 | NZ: 00 | IE: 1 | PENDING: 0 | IN_INTR: 0 | DS: [32] | RS: [40] | MEM: - | LATCH: IR | OUT: 'What is your' | fetch store 31999
TICK: 000201 | PC: 00119 | STEP: 1 | IR: store 31999 | A: 17 | AR: 31999 | NZ: 00 | IE: 1 | PENDING: 0 | IN_INTR: 0 | DS: [32] | RS: [40] | MEM: - | LATCH: AR | OUT: 'What is your' | store.addr 31999
TICK: 000202 | PC: 00124 | STEP: 0 | IR: store 31999 | A: 17 | AR: 31999 | NZ: 00 | IE: 1 | PENDING: 0 | IN_INTR: 0 | DS: [] | RS: [40] | MEM: write mem[31999] <- 32 | LATCH: OUT,PC,IR.clear | OUT: 'What is your ' | store.write
TICK: 000203 | PC: 00124 | STEP: 0 | IR: jmp 112 | A: 17 | AR: 31999 | NZ: 00 | IE: 1 | PENDING: 0 | IN_INTR: 0 | DS: [] | RS: [40] | MEM: - | LATCH: IR | OUT: 'What is your ' | fetch jmp 112
TICK: 000204 | PC: 00112 | STEP: 0 | IR: jmp 112 | A: 17 | AR: 31999 | NZ: 00 | IE: 1 | PENDING: 0 | IN_INTR: 0 | DS: [] | RS: [40] | MEM: - | LATCH: PC,IR.clear | OUT: 'What is your ' | jmp 112
TICK: 000205 | PC: 00112 | STEP: 0 | IR: a_load_+ | A: 17 | AR: 31999 | NZ: 00 | IE: 1 | PENDING: 0 | IN_INTR: 0 | DS: [] | RS: [40] | MEM: - | LATCH: IR | OUT: 'What is your ' | fetch a_load_+
TICK: 000206 | PC: 00112 | STEP: 1 | IR: a_load_+ | A: 17 | AR: 17 | NZ: 00 | IE: 1 | PENDING: 0 | IN_INTR: 0 | DS: [] | RS: [40] | MEM: - | LATCH: AR | OUT: 'What is your ' | aload.addr
TICK: 000207 | PC: 00112 | STEP: 2 | IR: a_load_+ | A: 17 | AR: 17 | NZ: 00 | IE: 1 | PENDING: 0 | IN_INTR: 0 | DS: [110] | RS: [40] | MEM: read mem[17] | LATCH: DS.push | OUT: 'What is your ' | aload.read
TICK: 000208 | PC: 00113 | STEP: 0 | IR: a_load_+ | A: 18 | AR: 17 | NZ: 00 | IE: 1 | PENDING: 0 | IN_INTR: 0 | DS: [110] | RS: [40] | MEM: - | LATCH: A,PC,IR.clear | OUT: 'What is your ' | aload.increment
TICK: 000209 | PC: 00113 | STEP: 0 | IR: dup | A: 18 | AR: 17 | NZ: 00 | IE: 1 | PENDING: 0 | IN_INTR: 0 | DS: [110] | RS: [40] | MEM: - | LATCH: IR | OUT: 'What is your ' | fetch dup
TICK: 000210 | PC: 00114 | STEP: 0 | IR: dup | A: 18 | AR: 17 | NZ: 00 | IE: 1 | PENDING: 0 | IN_INTR: 0 | DS: [110, 110] | RS: [40] | MEM: - | LATCH: DS.dup,PC,IR.clear | OUT: 'What is your ' | dup
TICK: 000211 | PC: 00114 | STEP: 0 | IR: if 129 | A: 18 | AR: 17 | NZ: 00 | IE: 1 | PENDING: 0 | IN_INTR: 0 | DS: [110, 110] | RS: [40] | MEM: - | LATCH: IR | OUT: 'What is your ' | fetch if 129
TICK: 000212 | PC: 00114 | STEP: 1 | IR: if 129 | A: 18 | AR: 17 | NZ: 00 | IE: 1 | PENDING: 0 | IN_INTR: 0 | DS: [110] | RS: [40] | MEM: - | LATCH: ALU.left | OUT: 'What is your ' | if.test
TICK: 000213 | PC: 00119 | STEP: 0 | IR: if 129 | A: 18 | AR: 17 | NZ: 00 | IE: 1 | PENDING: 0 | IN_INTR: 0 | DS: [110] | RS: [40] | MEM: - | LATCH: PC,IR.clear | OUT: 'What is your ' | if.branch
TICK: 000214 | PC: 00119 | STEP: 0 | IR: store 31999 | A: 18 | AR: 17 | NZ: 00 | IE: 1 | PENDING: 0 | IN_INTR: 0 | DS: [110] | RS: [40] | MEM: - | LATCH: IR | OUT: 'What is your ' | fetch store 31999
TICK: 000215 | PC: 00119 | STEP: 1 | IR: store 31999 | A: 18 | AR: 31999 | NZ: 00 | IE: 1 | PENDING: 0 | IN_INTR: 0 | DS: [110] | RS: [40] | MEM: - | LATCH: AR | OUT: 'What is your ' | store.addr 31999
TICK: 000216 | PC: 00124 | STEP: 0 | IR: store 31999 | A: 18 | AR: 31999 | NZ: 00 | IE: 1 | PENDING: 0 | IN_INTR: 0 | DS: [] | RS: [40] | MEM: write mem[31999] <- 110 | LATCH: OUT,PC,IR.clear | OUT: 'What is your n' | store.write
TICK: 000217 | PC: 00124 | STEP: 0 | IR: jmp 112 | A: 18 | AR: 31999 | NZ: 00 | IE: 1 | PENDING: 0 | IN_INTR: 0 | DS: [] | RS: [40] | MEM: - | LATCH: IR | OUT: 'What is your n' | fetch jmp 112
TICK: 000218 | PC: 00112 | STEP: 0 | IR: jmp 112 | A: 18 | AR: 31999 | NZ: 00 | IE: 1 | PENDING: 0 | IN_INTR: 0 | DS: [] | RS: [40] | MEM: - | LATCH: PC,IR.clear | OUT: 'What is your n' | jmp 112
TICK: 000219 | PC: 00112 | STEP: 0 | IR: a_load_+ | A: 18 | AR: 31999 | NZ: 00 | IE: 1 | PENDING: 0 | IN_INTR: 0 | DS: [] | RS: [40] | MEM: - | LATCH: IR | OUT: 'What is your n' | fetch a_load_+
TICK: 000220 | PC: 00112 | STEP: 1 | IR: a_load_+ | A: 18 | AR: 18 | NZ: 00 | IE: 1 | PENDING: 0 | IN_INTR: 0 | DS: [] | RS: [40] | MEM: - | LATCH: AR | OUT: 'What is your n' | aload.addr
TICK: 000221 | PC: 00112 | STEP: 2 | IR: a_load_+ | A: 18 | AR: 18 | NZ: 00 | IE: 1 | PENDING: 0 | IN_INTR: 0 | DS: [97] | RS: [40] | MEM: read mem[18] | LATCH: DS.push | OUT: 'What is your n' | aload.read
TICK: 000222 | PC: 00113 | STEP: 0 | IR: a_load_+ | A: 19 | AR: 18 | NZ: 00 | IE: 1 | PENDING: 0 | IN_INTR: 0 | DS: [97] | RS: [40] | MEM: - | LATCH: A,PC,IR.clear | OUT: 'What is your n' | aload.increment
TICK: 000223 | PC: 00113 | STEP: 0 | IR: dup | A: 19 | AR: 18 | NZ: 00 | IE: 1 | PENDING: 0 | IN_INTR: 0 | DS: [97] | RS: [40] | MEM: - | LATCH: IR | OUT: 'What is your n' | fetch dup
TICK: 000224 | PC: 00114 | STEP: 0 | IR: dup | A: 19 | AR: 18 | NZ: 00 | IE: 1 | PENDING: 0 | IN_INTR: 0 | DS: [97, 97] | RS: [40] | MEM: - | LATCH: DS.dup,PC,IR.clear | OUT: 'What is your n' | dup
TICK: 000225 | PC: 00114 | STEP: 0 | IR: if 129 | A: 19 | AR: 18 | NZ: 00 | IE: 1 | PENDING: 0 | IN_INTR: 0 | DS: [97, 97] | RS: [40] | MEM: - | LATCH: IR | OUT: 'What is your n' | fetch if 129
TICK: 000226 | PC: 00114 | STEP: 1 | IR: if 129 | A: 19 | AR: 18 | NZ: 00 | IE: 1 | PENDING: 0 | IN_INTR: 0 | DS: [97] | RS: [40] | MEM: - | LATCH: ALU.left | OUT: 'What is your n' | if.test
TICK: 000227 | PC: 00119 | STEP: 0 | IR: if 129 | A: 19 | AR: 18 | NZ: 00 | IE: 1 | PENDING: 0 | IN_INTR: 0 | DS: [97] | RS: [40] | MEM: - | LATCH: PC,IR.clear | OUT: 'What is your n' | if.branch
TICK: 000228 | PC: 00119 | STEP: 0 | IR: store 31999 | A: 19 | AR: 18 | NZ: 00 | IE: 1 | PENDING: 0 | IN_INTR: 0 | DS: [97] | RS: [40] | MEM: - | LATCH: IR | OUT: 'What is your n' | fetch store 31999
TICK: 000229 | PC: 00119 | STEP: 1 | IR: store 31999 | A: 19 | AR: 31999 | NZ: 00 | IE: 1 | PENDING: 0 | IN_INTR: 0 | DS: [97] | RS: [40] | MEM: - | LATCH: AR | OUT: 'What is your n' | store.addr 31999
TICK: 000230 | PC: 00124 | STEP: 0 | IR: store 31999 | A: 19 | AR: 31999 | NZ: 00 | IE: 1 | PENDING: 0 | IN_INTR: 0 | DS: [] | RS: [40] | MEM: write mem[31999] <- 97 | LATCH: OUT,PC,IR.clear | OUT: 'What is your na' | store.write
TICK: 000231 | PC: 00124 | STEP: 0 | IR: jmp 112 | A: 19 | AR: 31999 | NZ: 00 | IE: 1 | PENDING: 0 | IN_INTR: 0 | DS: [] | RS: [40] | MEM: - | LATCH: IR | OUT: 'What is your na' | fetch jmp 112
TICK: 000232 | PC: 00112 | STEP: 0 | IR: jmp 112 | A: 19 | AR: 31999 | NZ: 00 | IE: 1 | PENDING: 0 | IN_INTR: 0 | DS: [] | RS: [40] | MEM: - | LATCH: PC,IR.clear | OUT: 'What is your na' | jmp 112
TICK: 000233 | PC: 00112 | STEP: 0 | IR: a_load_+ | A: 19 | AR: 31999 | NZ: 00 | IE: 1 | PENDING: 0 | IN_INTR: 0 | DS: [] | RS: [40] | MEM: - | LATCH: IR | OUT: 'What is your na' | fetch a_load_+
TICK: 000234 | PC: 00112 | STEP: 1 | IR: a_load_+ | A: 19 | AR: 19 | NZ: 00 | IE: 1 | PENDING: 0 | IN_INTR: 0 | DS: [] | RS: [40] | MEM: - | LATCH: AR | OUT: 'What is your na' | aload.addr
TICK: 000235 | PC: 00112 | STEP: 2 | IR: a_load_+ | A: 19 | AR: 19 | NZ: 00 | IE: 1 | PENDING: 0 | IN_INTR: 0 | DS: [109] | RS: [40] | MEM: read mem[19] | LATCH: DS.push | OUT: 'What is your na' | aload.read
TICK: 000236 | PC: 00113 | STEP: 0 | IR: a_load_+ | A: 20 | AR: 19 | NZ: 00 | IE: 1 | PENDING: 0 | IN_INTR: 0 | DS: [109] | RS: [40] | MEM: - | LATCH: A,PC,IR.clear | OUT: 'What is your na' | aload.increment
TICK: 000237 | PC: 00113 | STEP: 0 | IR: dup | A: 20 | AR: 19 | NZ: 00 | IE: 1 | PENDING: 0 | IN_INTR: 0 | DS: [109] | RS: [40] | MEM: - | LATCH: IR | OUT: 'What is your na' | fetch dup
TICK: 000238 | PC: 00114 | STEP: 0 | IR: dup | A: 20 | AR: 19 | NZ: 00 | IE: 1 | PENDING: 0 | IN_INTR: 0 | DS: [109, 109] | RS: [40] | MEM: - | LATCH: DS.dup,PC,IR.clear | OUT: 'What is your na' | dup
TICK: 000239 | PC: 00114 | STEP: 0 | IR: if 129 | A: 20 | AR: 19 | NZ: 00 | IE: 1 | PENDING: 0 | IN_INTR: 0 | DS: [109, 109] | RS: [40] | MEM: - | LATCH: IR | OUT: 'What is your na' | fetch if 129
TICK: 000240 | PC: 00114 | STEP: 1 | IR: if 129 | A: 20 | AR: 19 | NZ: 00 | IE: 1 | PENDING: 0 | IN_INTR: 0 | DS: [109] | RS: [40] | MEM: - | LATCH: ALU.left | OUT: 'What is your na' | if.test
TICK: 000241 | PC: 00119 | STEP: 0 | IR: if 129 | A: 20 | AR: 19 | NZ: 00 | IE: 1 | PENDING: 0 | IN_INTR: 0 | DS: [109] | RS: [40] | MEM: - | LATCH: PC,IR.clear | OUT: 'What is your na' | if.branch
TICK: 000242 | PC: 00119 | STEP: 0 | IR: store 31999 | A: 20 | AR: 19 | NZ: 00 | IE: 1 | PENDING: 0 | IN_INTR: 0 | DS: [109] | RS: [40] | MEM: - | LATCH: IR | OUT: 'What is your na' | fetch store 31999
TICK: 000243 | PC: 00119 | STEP: 1 | IR: store 31999 | A: 20 | AR: 31999 | NZ: 00 | IE: 1 | PENDING: 0 | IN_INTR: 0 | DS: [109] | RS: [40] | MEM: - | LATCH: AR | OUT: 'What is your na' | store.addr 31999
TICK: 000244 | PC: 00124 | STEP: 0 | IR: store 31999 | A: 20 | AR: 31999 | NZ: 00 | IE: 1 | PENDING: 0 | IN_INTR: 0 | DS: [] | RS: [40] | MEM: write mem[31999] <- 109 | LATCH: OUT,PC,IR.clear | OUT: 'What is your nam' | store.write
TICK: 000245 | PC: 00124 | STEP: 0 | IR: jmp 112 | A: 20 | AR: 31999 | NZ: 00 | IE: 1 | PENDING: 0 | IN_INTR: 0 | DS: [] | RS: [40] | MEM: - | LATCH: IR | OUT: 'What is your nam' | fetch jmp 112
TICK: 000246 | PC: 00112 | STEP: 0 | IR: jmp 112 | A: 20 | AR: 31999 | NZ: 00 | IE: 1 | PENDING: 0 | IN_INTR: 0 | DS: [] | RS: [40] | MEM: - | LATCH: PC,IR.clear | OUT: 'What is your nam' | jmp 112
TICK: 000247 | PC: 00112 | STEP: 0 | IR: a_load_+ | A: 20 | AR: 31999 | NZ: 00 | IE: 1 | PENDING: 0 | IN_INTR: 0 | DS: [] | RS: [40] | MEM: - | LATCH: IR | OUT: 'What is your nam' | fetch a_load_+
TICK: 000248 | PC: 00112 | STEP: 1 | IR: a_load_+ | A: 20 | AR: 20 | NZ: 00 | IE: 1 | PENDING: 0 | IN_INTR: 0 | DS: [] | RS: [40] | MEM: - | LATCH: AR | OUT: 'What is your nam' | aload.addr
TICK: 000249 | PC: 00112 | STEP: 2 | IR: a_load_+ | A: 20 | AR: 20 | NZ: 00 | IE: 1 | PENDING: 0 | IN_INTR: 0 | DS: [101] | RS: [40] | MEM: read mem[20] | LATCH: DS.push | OUT: 'What is your nam' | aload.read
TICK: 000250 | PC: 00113 | STEP: 0 | IR: a_load_+ | A: 21 | AR: 20 | NZ: 00 | IE: 1 | PENDING: 0 | IN_INTR: 0 | DS: [101] | RS: [40] | MEM: - | LATCH: A,PC,IR.clear | OUT: 'What is your nam' | aload.increment
TICK: 000251 | PC: 00113 | STEP: 0 | IR: dup | A: 21 | AR: 20 | NZ: 00 | IE: 1 | PENDING: 0 | IN_INTR: 0 | DS: [101] | RS: [40] | MEM: - | LATCH: IR | OUT: 'What is your nam' | fetch dup
TICK: 000252 | PC: 00114 | STEP: 0 | IR: dup | A: 21 | AR: 20 | NZ: 00 | IE: 1 | PENDING: 0 | IN_INTR: 0 | DS: [101, 101] | RS: [40] | MEM: - | LATCH: DS.dup,PC,IR.clear | OUT: 'What is your nam' | dup
TICK: 000253 | PC: 00114 | STEP: 0 | IR: if 129 | A: 21 | AR: 20 | NZ: 00 | IE: 1 | PENDING: 0 | IN_INTR: 0 | DS: [101, 101] | RS: [40] | MEM: - | LATCH: IR | OUT: 'What is your nam' | fetch if 129
TICK: 000254 | PC: 00114 | STEP: 1 | IR: if 129 | A: 21 | AR: 20 | NZ: 00 | IE: 1 | PENDING: 0 | IN_INTR: 0 | DS: [101] | RS: [40] | MEM: - | LATCH: ALU.left | OUT: 'What is your nam' | if.test
TICK: 000255 | PC: 00119 | STEP: 0 | IR: if 129 | A: 21 | AR: 20 | NZ: 00 | IE: 1 | PENDING: 0 | IN_INTR: 0 | DS: [101] | RS: [40] | MEM: - | LATCH: PC,IR.clear | OUT: 'What is your nam' | if.branch
TICK: 000256 | PC: 00119 | STEP: 0 | IR: store 31999 | A: 21 | AR: 20 | NZ: 00 | IE: 1 | PENDING: 0 | IN_INTR: 0 | DS: [101] | RS: [40] | MEM: - | LATCH: IR | OUT: 'What is your nam' | fetch store 31999
TICK: 000257 | PC: 00119 | STEP: 1 | IR: store 31999 | A: 21 | AR: 31999 | NZ: 00 | IE: 1 | PENDING: 0 | IN_INTR: 0 | DS: [101] | RS: [40] | MEM: - | LATCH: AR | OUT: 'What is your nam' | store.addr 31999
TICK: 000258 | PC: 00124 | STEP: 0 | IR: store 31999 | A: 21 | AR: 31999 | NZ: 00 | IE: 1 | PENDING: 0 | IN_INTR: 0 | DS: [] | RS: [40] | MEM: write mem[31999] <- 101 | LATCH: OUT,PC,IR.clear | OUT: 'What is your name' | store.write
TICK: 000259 | PC: 00124 | STEP: 0 | IR: jmp 112 | A: 21 | AR: 31999 | NZ: 00 | IE: 1 | PENDING: 0 | IN_INTR: 0 | DS: [] | RS: [40] | MEM: - | LATCH: IR | OUT: 'What is your name' | fetch jmp 112
TICK: 000260 | PC: 00112 | STEP: 0 | IR: jmp 112 | A: 21 | AR: 31999 | NZ: 00 | IE: 1 | PENDING: 0 | IN_INTR: 0 | DS: [] | RS: [40] | MEM: - | LATCH: PC,IR.clear | OUT: 'What is your name' | jmp 112
TICK: 000261 | PC: 00112 | STEP: 0 | IR: a_load_+ | A: 21 | AR: 31999 | NZ: 00 | IE: 1 | PENDING: 0 | IN_INTR: 0 | DS: [] | RS: [40] | MEM: - | LATCH: IR | OUT: 'What is your name' | fetch a_load_+
TICK: 000262 | PC: 00112 | STEP: 1 | IR: a_load_+ | A: 21 | AR: 21 | NZ: 00 | IE: 1 | PENDING: 0 | IN_INTR: 0 | DS: [] | RS: [40] | MEM: - | LATCH: AR | OUT: 'What is your name' | aload.addr
TICK: 000263 | PC: 00112 | STEP: 2 | IR: a_load_+ | A: 21 | AR: 21 | NZ: 00 | IE: 1 | PENDING: 0 | IN_INTR: 0 | DS: [63] | RS: [40] | MEM: read mem[21] | LATCH: DS.push | OUT: 'What is your name' | aload.read
TICK: 000264 | PC: 00113 | STEP: 0 | IR: a_load_+ | A: 22 | AR: 21 | NZ: 00 | IE: 1 | PENDING: 0 | IN_INTR: 0 | DS: [63] | RS: [40] | MEM: - | LATCH: A,PC,IR.clear | OUT: 'What is your name' | aload.increment
TICK: 000265 | PC: 00113 | STEP: 0 | IR: dup | A: 22 | AR: 21 | NZ: 00 | IE: 1 | PENDING: 0 | IN_INTR: 0 | DS: [63] | RS: [40] | MEM: - | LATCH: IR | OUT: 'What is your name' | fetch dup
TICK: 000266 | PC: 00114 | STEP: 0 | IR: dup | A: 22 | AR: 21 | NZ: 00 | IE: 1 | PENDING: 0 | IN_INTR: 0 | DS: [63, 63] | RS: [40] | MEM: - | LATCH: DS.dup,PC,IR.clear | OUT: 'What is your name' | dup
TICK: 000267 | PC: 00114 | STEP: 0 | IR: if 129 | A: 22 | AR: 21 | NZ: 00 | IE: 1 | PENDING: 0 | IN_INTR: 0 | DS: [63, 63] | RS: [40] | MEM: - | LATCH: IR | OUT: 'What is your name' | fetch if 129
TICK: 000268 | PC: 00114 | STEP: 1 | IR: if 129 | A: 22 | AR: 21 | NZ: 00 | IE: 1 | PENDING: 0 | IN_INTR: 0 | DS: [63] | RS: [40] | MEM: - | LATCH: ALU.left | OUT: 'What is your name' | if.test
TICK: 000269 | PC: 00119 | STEP: 0 | IR: if 129 | A: 22 | AR: 21 | NZ: 00 | IE: 1 | PENDING: 0 | IN_INTR: 0 | DS: [63] | RS: [40] | MEM: - | LATCH: PC,IR.clear | OUT: 'What is your name' | if.branch
TICK: 000270 | PC: 00119 | STEP: 0 | IR: store 31999 | A: 22 | AR: 21 | NZ: 00 | IE: 1 | PENDING: 0 | IN_INTR: 0 | DS: [63] | RS: [40] | MEM: - | LATCH: IR | OUT: 'What is your name' | fetch store 31999
TICK: 000271 | PC: 00119 | STEP: 1 | IR: store 31999 | A: 22 | AR: 31999 | NZ: 00 | IE: 1 | PENDING: 0 | IN_INTR: 0 | DS: [63] | RS: [40] | MEM: - | LATCH: AR | OUT: 'What is your name' | store.addr 31999
TICK: 000272 | PC: 00124 | STEP: 0 | IR: store 31999 | A: 22 | AR: 31999 | NZ: 00 | IE: 1 | PENDING: 0 | IN_INTR: 0 | DS: [] | RS: [40] | MEM: write mem[31999] <- 63 | LATCH: OUT,PC,IR.clear | OUT: 'What is your name?' | store.write
TICK: 000273 | PC: 00124 | STEP: 0 | IR: jmp 112 | A: 22 | AR: 31999 | NZ: 00 | IE: 1 | PENDING: 0 | IN_INTR: 0 | DS: [] | RS: [40] | MEM: - | LATCH: IR | OUT: 'What is your name?' | fetch jmp 112
TICK: 000274 | PC: 00112 | STEP: 0 | IR: jmp 112 | A: 22 | AR: 31999 | NZ: 00 | IE: 1 | PENDING: 0 | IN_INTR: 0 | DS: [] | RS: [40] | MEM: - | LATCH: PC,IR.clear | OUT: 'What is your name?' | jmp 112
TICK: 000275 | PC: 00112 | STEP: 0 | IR: a_load_+ | A: 22 | AR: 31999 | NZ: 00 | IE: 1 | PENDING: 0 | IN_INTR: 0 | DS: [] | RS: [40] | MEM: - | LATCH: IR | OUT: 'What is your name?' | fetch a_load_+
TICK: 000276 | PC: 00112 | STEP: 1 | IR: a_load_+ | A: 22 | AR: 22 | NZ: 00 | IE: 1 | PENDING: 0 | IN_INTR: 0 | DS: [] | RS: [40] | MEM: - | LATCH: AR | OUT: 'What is your name?' | aload.addr
TICK: 000277 | PC: 00112 | STEP: 2 | IR: a_load_+ | A: 22 | AR: 22 | NZ: 00 | IE: 1 | PENDING: 0 | IN_INTR: 0 | DS: [10] | RS: [40] | MEM: read mem[22] | LATCH: DS.push | OUT: 'What is your name?' | aload.read
TICK: 000278 | PC: 00113 | STEP: 0 | IR: a_load_+ | A: 23 | AR: 22 | NZ: 00 | IE: 1 | PENDING: 0 | IN_INTR: 0 | DS: [10] | RS: [40] | MEM: - | LATCH: A,PC,IR.clear | OUT: 'What is your name?' | aload.increment
TICK: 000279 | PC: 00113 | STEP: 0 | IR: dup | A: 23 | AR: 22 | NZ: 00 | IE: 1 | PENDING: 0 | IN_INTR: 0 | DS: [10] | RS: [40] | MEM: - | LATCH: IR | OUT: 'What is your name?' | fetch dup
TICK: 000280 | PC: 00114 | STEP: 0 | IR: dup | A: 23 | AR: 22 | NZ: 00 | IE: 1 | PENDING: 0 | IN_INTR: 0 | DS: [10, 10] | RS: [40] | MEM: - | LATCH: DS.dup,PC,IR.clear | OUT: 'What is your name?' | dup
TICK: 000281 | PC: 00114 | STEP: 0 | IR: if 129 | A: 23 | AR: 22 | NZ: 00 | IE: 1 | PENDING: 0 | IN_INTR: 0 | DS: [10, 10] | RS: [40] | MEM: - | LATCH: IR | OUT: 'What is your name?' | fetch if 129
TICK: 000282 | PC: 00114 | STEP: 1 | IR: if 129 | A: 23 | AR: 22 | NZ: 00 | IE: 1 | PENDING: 0 | IN_INTR: 0 | DS: [10] | RS: [40] | MEM: - | LATCH: ALU.left | OUT: 'What is your name?' | if.test
TICK: 000283 | PC: 00119 | STEP: 0 | IR: if 129 | A: 23 | AR: 22 | NZ: 00 | IE: 1 | PENDING: 0 | IN_INTR: 0 | DS: [10] | RS: [40] | MEM: - | LATCH: PC,IR.clear | OUT: 'What is your name?' | if.branch
TICK: 000284 | PC: 00119 | STEP: 0 | IR: store 31999 | A: 23 | AR: 22 | NZ: 00 | IE: 1 | PENDING: 0 | IN_INTR: 0 | DS: [10] | RS: [40] | MEM: - | LATCH: IR | OUT: 'What is your name?' | fetch store 31999
TICK: 000285 | PC: 00119 | STEP: 1 | IR: store 31999 | A: 23 | AR: 31999 | NZ: 00 | IE: 1 | PENDING: 0 | IN_INTR: 0 | DS: [10] | RS: [40] | MEM: - | LATCH: AR | OUT: 'What is your name?' | store.addr 31999
TICK: 000286 | PC: 00124 | STEP: 0 | IR: store 31999 | A: 23 | AR: 31999 | NZ: 00 | IE: 1 | PENDING: 0 | IN_INTR: 0 | DS: [] | RS: [40] | MEM: write mem[31999] <- 10 | LATCH: OUT,PC,IR.clear | OUT: 'What is your name?\n' | store.write
TICK: 000287 | PC: 00124 | STEP: 0 | IR: jmp 112 | A: 23 | AR: 31999 | NZ: 00 | IE: 1 | PENDING: 0 | IN_INTR: 0 | DS: [] | RS: [40] | MEM: - | LATCH: IR | OUT: 'What is your name?\n' | fetch jmp 112
TICK: 000288 | PC: 00112 | STEP: 0 | IR: jmp 112 | A: 23 | AR: 31999 | NZ: 00 | IE: 1 | PENDING: 0 | IN_INTR: 0 | DS: [] | RS: [40] | MEM: - | LATCH: PC,IR.clear | OUT: 'What is your name?\n' | jmp 112
TICK: 000289 | PC: 00112 | STEP: 0 | IR: a_load_+ | A: 23 | AR: 31999 | NZ: 00 | IE: 1 | PENDING: 0 | IN_INTR: 0 | DS: [] | RS: [40] | MEM: - | LATCH: IR | OUT: 'What is your name?\n' | fetch a_load_+
TICK: 000290 | PC: 00112 | STEP: 1 | IR: a_load_+ | A: 23 | AR: 23 | NZ: 00 | IE: 1 | PENDING: 0 | IN_INTR: 0 | DS: [] | RS: [40] | MEM: - | LATCH: AR | OUT: 'What is your name?\n' | aload.addr
TICK: 000291 | PC: 00112 | STEP: 2 | IR: a_load_+ | A: 23 | AR: 23 | NZ: 00 | IE: 1 | PENDING: 0 | IN_INTR: 0 | DS: [0] | RS: [40] | MEM: read mem[23] | LATCH: DS.push | OUT: 'What is your name?\n' | aload.read
TICK: 000292 | PC: 00113 | STEP: 0 | IR: a_load_+ | A: 24 | AR: 23 | NZ: 00 | IE: 1 | PENDING: 0 | IN_INTR: 0 | DS: [0] | RS: [40] | MEM: - | LATCH: A,PC,IR.clear | OUT: 'What is your name?\n' | aload.increment
TICK: 000293 | PC: 00113 | STEP: 0 | IR: dup | A: 24 | AR: 23 | NZ: 00 | IE: 1 | PENDING: 0 | IN_INTR: 0 | DS: [0] | RS: [40] | MEM: - | LATCH: IR | OUT: 'What is your name?\n' | fetch dup
TICK: 000294 | PC: 00114 | STEP: 0 | IR: dup | A: 24 | AR: 23 | NZ: 00 | IE: 1 | PENDING: 0 | IN_INTR: 0 | DS: [0, 0] | RS: [40] | MEM: - | LATCH: DS.dup,PC,IR.clear | OUT: 'What is your name?\n' | dup
TICK: 000295 | PC: 00114 | STEP: 0 | IR: if 129 | A: 24 | AR: 23 | NZ: 00 | IE: 1 | PENDING: 0 | IN_INTR: 0 | DS: [0, 0] | RS: [40] | MEM: - | LATCH: IR | OUT: 'What is your name?\n' | fetch if 129
TICK: 000296 | PC: 00114 | STEP: 1 | IR: if 129 | A: 24 | AR: 23 | NZ: 00 | IE: 1 | PENDING: 0 | IN_INTR: 0 | DS: [0] | RS: [40] | MEM: - | LATCH: ALU.left | OUT: 'What is your name?\n' | if.test
TICK: 000297 | PC: 00129 | STEP: 0 | IR: if 129 | A: 24 | AR: 23 | NZ: 01 | IE: 1 | PENDING: 0 | IN_INTR: 0 | DS: [0] | RS: [40] | MEM: - | LATCH: PC,IR.clear | OUT: 'What is your name?\n' | if.branch
TICK: 000298 | PC: 00129 | STEP: 0 | IR: drop | A: 24 | AR: 23 | NZ: 01 | IE: 1 | PENDING: 0 | IN_INTR: 0 | DS: [0] | RS: [40] | MEM: - | LATCH: IR | OUT: 'What is your name?\n' | fetch drop
TICK: 000299 | PC: 00130 | STEP: 0 | IR: drop | A: 24 | AR: 23 | NZ: 01 | IE: 1 | PENDING: 0 | IN_INTR: 0 | DS: [] | RS: [40] | MEM: - | LATCH: PC,IR.clear | OUT: 'What is your name?\n' | drop
TICK: 000300 | PC: 00130 | STEP: 0 | IR: literal 0 | A: 24 | AR: 23 | NZ: 01 | IE: 1 | PENDING: 0 | IN_INTR: 0 | DS: [] | RS: [40] | MEM: - | LATCH: IR | OUT: 'What is your name?\n' | fetch literal 0
TICK: 000301 | PC: 00135 | STEP: 0 | IR: literal 0 | A: 24 | AR: 23 | NZ: 01 | IE: 1 | PENDING: 0 | IN_INTR: 0 | DS: [0] | RS: [40] | MEM: - | LATCH: DS.push,PC,IR.clear | OUT: 'What is your name?\n' | literal 0
TICK: 000302 | PC: 00135 | STEP: 0 | IR: drop | A: 24 | AR: 23 | NZ: 01 | IE: 1 | PENDING: 0 | IN_INTR: 0 | DS: [0] | RS: [40] | MEM: - | LATCH: IR | OUT: 'What is your name?\n' | fetch drop
TICK: 000303 | PC: 00136 | STEP: 0 | IR: drop | A: 24 | AR: 23 | NZ: 01 | IE: 1 | PENDING: 0 | IN_INTR: 0 | DS: [] | RS: [40] | MEM: - | LATCH: PC,IR.clear | OUT: 'What is your name?\n' | drop
TICK: 000304 | PC: 00136 | STEP: 0 | IR: literal 24 | A: 24 | AR: 23 | NZ: 01 | IE: 1 | PENDING: 0 | IN_INTR: 0 | DS: [] | RS: [40] | MEM: - | LATCH: IR | OUT: 'What is your name?\n' | fetch literal 24
TICK: 000305 | PC: 00141 | STEP: 0 | IR: literal 24 | A: 24 | AR: 23 | NZ: 01 | IE: 1 | PENDING: 0 | IN_INTR: 0 | DS: [24] | RS: [40] | MEM: - | LATCH: DS.push,PC,IR.clear | OUT: 'What is your name?\n' | literal 24
TICK: 000306 | PC: 00141 | STEP: 0 | IR: stack_to_a | A: 24 | AR: 23 | NZ: 01 | IE: 1 | PENDING: 0 | IN_INTR: 0 | DS: [24] | RS: [40] | MEM: - | LATCH: IR | OUT: 'What is your name?\n' | fetch stack_to_a
TICK: 000307 | PC: 00142 | STEP: 0 | IR: stack_to_a | A: 24 | AR: 23 | NZ: 01 | IE: 1 | PENDING: 0 | IN_INTR: 0 | DS: [] | RS: [40] | MEM: - | LATCH: A,PC,IR.clear | OUT: 'What is your name?\n' | stack_to_a
TICK: 000308 | PC: 00142 | STEP: 0 | IR: a_load_+ | A: 24 | AR: 23 | NZ: 01 | IE: 1 | PENDING: 0 | IN_INTR: 0 | DS: [] | RS: [40] | MEM: - | LATCH: IR | OUT: 'What is your name?\n' | fetch a_load_+
TICK: 000309 | PC: 00142 | STEP: 1 | IR: a_load_+ | A: 24 | AR: 24 | NZ: 01 | IE: 1 | PENDING: 0 | IN_INTR: 0 | DS: [] | RS: [40] | MEM: - | LATCH: AR | OUT: 'What is your name?\n' | aload.addr
TICK: 000310 | PC: 00142 | STEP: 2 | IR: a_load_+ | A: 24 | AR: 24 | NZ: 01 | IE: 1 | PENDING: 0 | IN_INTR: 0 | DS: [72] | RS: [40] | MEM: read mem[24] | LATCH: DS.push | OUT: 'What is your name?\n' | aload.read
TICK: 000311 | PC: 00143 | STEP: 0 | IR: a_load_+ | A: 25 | AR: 24 | NZ: 01 | IE: 1 | PENDING: 0 | IN_INTR: 0 | DS: [72] | RS: [40] | MEM: - | LATCH: A,PC,IR.clear | OUT: 'What is your name?\n' | aload.increment
TICK: 000312 | PC: 00143 | STEP: 0 | IR: dup | A: 25 | AR: 24 | NZ: 01 | IE: 1 | PENDING: 0 | IN_INTR: 0 | DS: [72] | RS: [40] | MEM: - | LATCH: IR | OUT: 'What is your name?\n' | fetch dup
TICK: 000313 | PC: 00144 | STEP: 0 | IR: dup | A: 25 | AR: 24 | NZ: 01 | IE: 1 | PENDING: 0 | IN_INTR: 0 | DS: [72, 72] | RS: [40] | MEM: - | LATCH: DS.dup,PC,IR.clear | OUT: 'What is your name?\n' | dup
TICK: 000314 | PC: 00144 | STEP: 0 | IR: if 159 | A: 25 | AR: 24 | NZ: 01 | IE: 1 | PENDING: 0 | IN_INTR: 0 | DS: [72, 72] | RS: [40] | MEM: - | LATCH: IR | OUT: 'What is your name?\n' | fetch if 159
TICK: 000315 | PC: 00144 | STEP: 1 | IR: if 159 | A: 25 | AR: 24 | NZ: 01 | IE: 1 | PENDING: 0 | IN_INTR: 0 | DS: [72] | RS: [40] | MEM: - | LATCH: ALU.left | OUT: 'What is your name?\n' | if.test
TICK: 000316 | PC: 00149 | STEP: 0 | IR: if 159 | A: 25 | AR: 24 | NZ: 00 | IE: 1 | PENDING: 0 | IN_INTR: 0 | DS: [72] | RS: [40] | MEM: - | LATCH: PC,IR.clear | OUT: 'What is your name?\n' | if.branch
TICK: 000317 | PC: 00149 | STEP: 0 | IR: store 31999 | A: 25 | AR: 24 | NZ: 00 | IE: 1 | PENDING: 0 | IN_INTR: 0 | DS: [72] | RS: [40] | MEM: - | LATCH: IR | OUT: 'What is your name?\n' | fetch store 31999
TICK: 000318 | PC: 00149 | STEP: 1 | IR: store 31999 | A: 25 | AR: 31999 | NZ: 00 | IE: 1 | PENDING: 0 | IN_INTR: 0 | DS: [72] | RS: [40] | MEM: - | LATCH: AR | OUT: 'What is your name?\n' | store.addr 31999
TICK: 000319 | PC: 00154 | STEP: 0 | IR: store 31999 | A: 25 | AR: 31999 | NZ: 00 | IE: 1 | PENDING: 0 | IN_INTR: 0 | DS: [] | RS: [40] | MEM: write mem[31999] <- 72 | LATCH: OUT,PC,IR.clear | OUT: 'What is your name?\nH' | store.write
TICK: 000320 | PC: 00154 | STEP: 0 | IR: jmp 142 | A: 25 | AR: 31999 | NZ: 00 | IE: 1 | PENDING: 0 | IN_INTR: 0 | DS: [] | RS: [40] | MEM: - | LATCH: IR | OUT: 'What is your name?\nH' | fetch jmp 142
TICK: 000321 | PC: 00142 | STEP: 0 | IR: jmp 142 | A: 25 | AR: 31999 | NZ: 00 | IE: 1 | PENDING: 0 | IN_INTR: 0 | DS: [] | RS: [40] | MEM: - | LATCH: PC,IR.clear | OUT: 'What is your name?\nH' | jmp 142
TICK: 000322 | PC: 00142 | STEP: 0 | IR: a_load_+ | A: 25 | AR: 31999 | NZ: 00 | IE: 1 | PENDING: 0 | IN_INTR: 0 | DS: [] | RS: [40] | MEM: - | LATCH: IR | OUT: 'What is your name?\nH' | fetch a_load_+
TICK: 000323 | PC: 00142 | STEP: 1 | IR: a_load_+ | A: 25 | AR: 25 | NZ: 00 | IE: 1 | PENDING: 0 | IN_INTR: 0 | DS: [] | RS: [40] | MEM: - | LATCH: AR | OUT: 'What is your name?\nH' | aload.addr
TICK: 000324 | PC: 00142 | STEP: 2 | IR: a_load_+ | A: 25 | AR: 25 | NZ: 00 | IE: 1 | PENDING: 0 | IN_INTR: 0 | DS: [101] | RS: [40] | MEM: read mem[25] | LATCH: DS.push | OUT: 'What is your name?\nH' | aload.read
TICK: 000325 | PC: 00143 | STEP: 0 | IR: a_load_+ | A: 26 | AR: 25 | NZ: 00 | IE: 1 | PENDING: 0 | IN_INTR: 0 | DS: [101] | RS: [40] | MEM: - | LATCH: A,PC,IR.clear | OUT: 'What is your name?\nH' | aload.increment
TICK: 000326 | PC: 00143 | STEP: 0 | IR: dup | A: 26 | AR: 25 | NZ: 00 | IE: 1 | PENDING: 0 | IN_INTR: 0 | DS: [101] | RS: [40] | MEM: - | LATCH: IR | OUT: 'What is your name?\nH' | fetch dup
TICK: 000327 | PC: 00144 | STEP: 0 | IR: dup | A: 26 | AR: 25 | NZ: 00 | IE: 1 | PENDING: 0 | IN_INTR: 0 | DS: [101, 101] | RS: [40] | MEM: - | LATCH: DS.dup,PC,IR.clear | OUT: 'What is your name?\nH' | dup
TICK: 000328 | PC: 00144 | STEP: 0 | IR: if 159 | A: 26 | AR: 25 | NZ: 00 | IE: 1 | PENDING: 0 | IN_INTR: 0 | DS: [101, 101] | RS: [40] | MEM: - | LATCH: IR | OUT: 'What is your name?\nH' | fetch if 159
TICK: 000329 | PC: 00144 | STEP: 1 | IR: if 159 | A: 26 | AR: 25 | NZ: 00 | IE: 1 | PENDING: 0 | IN_INTR: 0 | DS: [101] | RS: [40] | MEM: - | LATCH: ALU.left | OUT: 'What is your name?\nH' | if.test
TICK: 000330 | PC: 00149 | STEP: 0 | IR: if 159 | A: 26 | AR: 25 | NZ: 00 | IE: 1 | PENDING: 0 | IN_INTR: 0 | DS: [101] | RS: [40] | MEM: - | LATCH: PC,IR.clear | OUT: 'What is your name?\nH' | if.branch
TICK: 000331 | PC: 00149 | STEP: 0 | IR: store 31999 | A: 26 | AR: 25 | NZ: 00 | IE: 1 | PENDING: 0 | IN_INTR: 0 | DS: [101] | RS: [40] | MEM: - | LATCH: IR | OUT: 'What is your name?\nH' | fetch store 31999
TICK: 000332 | PC: 00149 | STEP: 1 | IR: store 31999 | A: 26 | AR: 31999 | NZ: 00 | IE: 1 | PENDING: 0 | IN_INTR: 0 | DS: [101] | RS: [40] | MEM: - | LATCH: AR | OUT: 'What is your name?\nH' | store.addr 31999
TICK: 000333 | PC: 00154 | STEP: 0 | IR: store 31999 | A: 26 | AR: 31999 | NZ: 00 | IE: 1 | PENDING: 0 | IN_INTR: 0 | DS: [] | RS: [40] | MEM: write mem[31999] <- 101 | LATCH: OUT,PC,IR.clear | OUT: 'What is your name?\nHe' | store.write
TICK: 000334 | PC: 00154 | STEP: 0 | IR: jmp 142 | A: 26 | AR: 31999 | NZ: 00 | IE: 1 | PENDING: 0 | IN_INTR: 0 | DS: [] | RS: [40] | MEM: - | LATCH: IR | OUT: 'What is your name?\nHe' | fetch jmp 142
TICK: 000335 | PC: 00142 | STEP: 0 | IR: jmp 142 | A: 26 | AR: 31999 | NZ: 00 | IE: 1 | PENDING: 0 | IN_INTR: 0 | DS: [] | RS: [40] | MEM: - | LATCH: PC,IR.clear | OUT: 'What is your name?\nHe' | jmp 142
TICK: 000336 | PC: 00142 | STEP: 0 | IR: a_load_+ | A: 26 | AR: 31999 | NZ: 00 | IE: 1 | PENDING: 0 | IN_INTR: 0 | DS: [] | RS: [40] | MEM: - | LATCH: IR | OUT: 'What is your name?\nHe' | fetch a_load_+
TICK: 000337 | PC: 00142 | STEP: 1 | IR: a_load_+ | A: 26 | AR: 26 | NZ: 00 | IE: 1 | PENDING: 0 | IN_INTR: 0 | DS: [] | RS: [40] | MEM: - | LATCH: AR | OUT: 'What is your name?\nHe' | aload.addr
TICK: 000338 | PC: 00142 | STEP: 2 | IR: a_load_+ | A: 26 | AR: 26 | NZ: 00 | IE: 1 | PENDING: 0 | IN_INTR: 0 | DS: [108] | RS: [40] | MEM: read mem[26] | LATCH: DS.push | OUT: 'What is your name?\nHe' | aload.read
TICK: 000339 | PC: 00143 | STEP: 0 | IR: a_load_+ | A: 27 | AR: 26 | NZ: 00 | IE: 1 | PENDING: 0 | IN_INTR: 0 | DS: [108] | RS: [40] | MEM: - | LATCH: A,PC,IR.clear | OUT: 'What is your name?\nHe' | aload.increment
TICK: 000340 | PC: 00143 | STEP: 0 | IR: dup | A: 27 | AR: 26 | NZ: 00 | IE: 1 | PENDING: 0 | IN_INTR: 0 | DS: [108] | RS: [40] | MEM: - | LATCH: IR | OUT: 'What is your name?\nHe' | fetch dup
TICK: 000341 | PC: 00144 | STEP: 0 | IR: dup | A: 27 | AR: 26 | NZ: 00 | IE: 1 | PENDING: 0 | IN_INTR: 0 | DS: [108, 108] | RS: [40] | MEM: - | LATCH: DS.dup,PC,IR.clear | OUT: 'What is your name?\nHe' | dup
TICK: 000342 | PC: 00144 | STEP: 0 | IR: if 159 | A: 27 | AR: 26 | NZ: 00 | IE: 1 | PENDING: 0 | IN_INTR: 0 | DS: [108, 108] | RS: [40] | MEM: - | LATCH: IR | OUT: 'What is your name?\nHe' | fetch if 159
TICK: 000343 | PC: 00144 | STEP: 1 | IR: if 159 | A: 27 | AR: 26 | NZ: 00 | IE: 1 | PENDING: 0 | IN_INTR: 0 | DS: [108] | RS: [40] | MEM: - | LATCH: ALU.left | OUT: 'What is your name?\nHe' | if.test
TICK: 000344 | PC: 00149 | STEP: 0 | IR: if 159 | A: 27 | AR: 26 | NZ: 00 | IE: 1 | PENDING: 0 | IN_INTR: 0 | DS: [108] | RS: [40] | MEM: - | LATCH: PC,IR.clear | OUT: 'What is your name?\nHe' | if.branch
TICK: 000345 | PC: 00149 | STEP: 0 | IR: store 31999 | A: 27 | AR: 26 | NZ: 00 | IE: 1 | PENDING: 0 | IN_INTR: 0 | DS: [108] | RS: [40] | MEM: - | LATCH: IR | OUT: 'What is your name?\nHe' | fetch store 31999
TICK: 000346 | PC: 00149 | STEP: 1 | IR: store 31999 | A: 27 | AR: 31999 | NZ: 00 | IE: 1 | PENDING: 0 | IN_INTR: 0 | DS: [108] | RS: [40] | MEM: - | LATCH: AR | OUT: 'What is your name?\nHe' | store.addr 31999
TICK: 000347 | PC: 00154 | STEP: 0 | IR: store 31999 | A: 27 | AR: 31999 | NZ: 00 | IE: 1 | PENDING: 0 | IN_INTR: 0 | DS: [] | RS: [40] | MEM: write mem[31999] <- 108 | LATCH: OUT,PC,IR.clear | OUT: 'What is your name?\nHel' | store.write
TICK: 000348 | PC: 00154 | STEP: 0 | IR: jmp 142 | A: 27 | AR: 31999 | NZ: 00 | IE: 1 | PENDING: 0 | IN_INTR: 0 | DS: [] | RS: [40] | MEM: - | LATCH: IR | OUT: 'What is your name?\nHel' | fetch jmp 142
TICK: 000349 | PC: 00142 | STEP: 0 | IR: jmp 142 | A: 27 | AR: 31999 | NZ: 00 | IE: 1 | PENDING: 0 | IN_INTR: 0 | DS: [] | RS: [40] | MEM: - | LATCH: PC,IR.clear | OUT: 'What is your name?\nHel' | jmp 142
TICK: 000350 | PC: 00142 | STEP: 0 | IR: a_load_+ | A: 27 | AR: 31999 | NZ: 00 | IE: 1 | PENDING: 0 | IN_INTR: 0 | DS: [] | RS: [40] | MEM: - | LATCH: IR | OUT: 'What is your name?\nHel' | fetch a_load_+
TICK: 000351 | PC: 00142 | STEP: 1 | IR: a_load_+ | A: 27 | AR: 27 | NZ: 00 | IE: 1 | PENDING: 0 | IN_INTR: 0 | DS: [] | RS: [40] | MEM: - | LATCH: AR | OUT: 'What is your name?\nHel' | aload.addr
TICK: 000352 | PC: 00142 | STEP: 2 | IR: a_load_+ | A: 27 | AR: 27 | NZ: 00 | IE: 1 | PENDING: 0 | IN_INTR: 0 | DS: [108] | RS: [40] | MEM: read mem[27] | LATCH: DS.push | OUT: 'What is your name?\nHel' | aload.read
TICK: 000353 | PC: 00143 | STEP: 0 | IR: a_load_+ | A: 28 | AR: 27 | NZ: 00 | IE: 1 | PENDING: 0 | IN_INTR: 0 | DS: [108] | RS: [40] | MEM: - | LATCH: A,PC,IR.clear | OUT: 'What is your name?\nHel' | aload.increment
TICK: 000354 | PC: 00143 | STEP: 0 | IR: dup | A: 28 | AR: 27 | NZ: 00 | IE: 1 | PENDING: 0 | IN_INTR: 0 | DS: [108] | RS: [40] | MEM: - | LATCH: IR | OUT: 'What is your name?\nHel' | fetch dup
TICK: 000355 | PC: 00144 | STEP: 0 | IR: dup | A: 28 | AR: 27 | NZ: 00 | IE: 1 | PENDING: 0 | IN_INTR: 0 | DS: [108, 108] | RS: [40] | MEM: - | LATCH: DS.dup,PC,IR.clear | OUT: 'What is your name?\nHel' | dup
TICK: 000356 | PC: 00144 | STEP: 0 | IR: if 159 | A: 28 | AR: 27 | NZ: 00 | IE: 1 | PENDING: 0 | IN_INTR: 0 | DS: [108, 108] | RS: [40] | MEM: - | LATCH: IR | OUT: 'What is your name?\nHel' | fetch if 159
TICK: 000357 | PC: 00144 | STEP: 1 | IR: if 159 | A: 28 | AR: 27 | NZ: 00 | IE: 1 | PENDING: 0 | IN_INTR: 0 | DS: [108] | RS: [40] | MEM: - | LATCH: ALU.left | OUT: 'What is your name?\nHel' | if.test
TICK: 000358 | PC: 00149 | STEP: 0 | IR: if 159 | A: 28 | AR: 27 | NZ: 00 | IE: 1 | PENDING: 0 | IN_INTR: 0 | DS: [108] | RS: [40] | MEM: - | LATCH: PC,IR.clear | OUT: 'What is your name?\nHel' | if.branch
TICK: 000359 | PC: 00149 | STEP: 0 | IR: store 31999 | A: 28 | AR: 27 | NZ: 00 | IE: 1 | PENDING: 0 | IN_INTR: 0 | DS: [108] | RS: [40] | MEM: - | LATCH: IR | OUT: 'What is your name?\nHel' | fetch store 31999
TICK: 000360 | PC: 00149 | STEP: 1 | IR: store 31999 | A: 28 | AR: 31999 | NZ: 00 | IE: 1 | PENDING: 0 | IN_INTR: 0 | DS: [108] | RS: [40] | MEM: - | LATCH: AR | OUT: 'What is your name?\nHel' | store.addr 31999
TICK: 000361 | PC: 00154 | STEP: 0 | IR: store 31999 | A: 28 | AR: 31999 | NZ: 00 | IE: 1 | PENDING: 0 | IN_INTR: 0 | DS: [] | RS: [40] | MEM: write mem[31999] <- 108 | LATCH: OUT,PC,IR.clear | OUT: 'What is your name?\nHell' | store.write
TICK: 000362 | PC: 00154 | STEP: 0 | IR: jmp 142 | A: 28 | AR: 31999 | NZ: 00 | IE: 1 | PENDING: 0 | IN_INTR: 0 | DS: [] | RS: [40] | MEM: - | LATCH: IR | OUT: 'What is your name?\nHell' | fetch jmp 142
TICK: 000363 | PC: 00142 | STEP: 0 | IR: jmp 142 | A: 28 | AR: 31999 | NZ: 00 | IE: 1 | PENDING: 0 | IN_INTR: 0 | DS: [] | RS: [40] | MEM: - | LATCH: PC,IR.clear | OUT: 'What is your name?\nHell' | jmp 142
TICK: 000364 | PC: 00142 | STEP: 0 | IR: a_load_+ | A: 28 | AR: 31999 | NZ: 00 | IE: 1 | PENDING: 0 | IN_INTR: 0 | DS: [] | RS: [40] | MEM: - | LATCH: IR | OUT: 'What is your name?\nHell' | fetch a_load_+
TICK: 000365 | PC: 00142 | STEP: 1 | IR: a_load_+ | A: 28 | AR: 28 | NZ: 00 | IE: 1 | PENDING: 0 | IN_INTR: 0 | DS: [] | RS: [40] | MEM: - | LATCH: AR | OUT: 'What is your name?\nHell' | aload.addr
TICK: 000366 | PC: 00142 | STEP: 2 | IR: a_load_+ | A: 28 | AR: 28 | NZ: 00 | IE: 1 | PENDING: 0 | IN_INTR: 0 | DS: [111] | RS: [40] | MEM: read mem[28] | LATCH: DS.push | OUT: 'What is your name?\nHell' | aload.read
TICK: 000367 | PC: 00143 | STEP: 0 | IR: a_load_+ | A: 29 | AR: 28 | NZ: 00 | IE: 1 | PENDING: 0 | IN_INTR: 0 | DS: [111] | RS: [40] | MEM: - | LATCH: A,PC,IR.clear | OUT: 'What is your name?\nHell' | aload.increment
TICK: 000368 | PC: 00143 | STEP: 0 | IR: dup | A: 29 | AR: 28 | NZ: 00 | IE: 1 | PENDING: 0 | IN_INTR: 0 | DS: [111] | RS: [40] | MEM: - | LATCH: IR | OUT: 'What is your name?\nHell' | fetch dup
TICK: 000369 | PC: 00144 | STEP: 0 | IR: dup | A: 29 | AR: 28 | NZ: 00 | IE: 1 | PENDING: 0 | IN_INTR: 0 | DS: [111, 111] | RS: [40] | MEM: - | LATCH: DS.dup,PC,IR.clear | OUT: 'What is your name?\nHell' | dup
TICK: 000370 | PC: 00144 | STEP: 0 | IR: if 159 | A: 29 | AR: 28 | NZ: 00 | IE: 1 | PENDING: 0 | IN_INTR: 0 | DS: [111, 111] | RS: [40] | MEM: - | LATCH: IR | OUT: 'What is your name?\nHell' | fetch if 159
TICK: 000371 | PC: 00144 | STEP: 1 | IR: if 159 | A: 29 | AR: 28 | NZ: 00 | IE: 1 | PENDING: 0 | IN_INTR: 0 | DS: [111] | RS: [40] | MEM: - | LATCH: ALU.left | OUT: 'What is your name?\nHell' | if.test
TICK: 000372 | PC: 00149 | STEP: 0 | IR: if 159 | A: 29 | AR: 28 | NZ: 00 | IE: 1 | PENDING: 0 | IN_INTR: 0 | DS: [111] | RS: [40] | MEM: - | LATCH: PC,IR.clear | OUT: 'What is your name?\nHell' | if.branch
TICK: 000373 | PC: 00149 | STEP: 0 | IR: store 31999 | A: 29 | AR: 28 | NZ: 00 | IE: 1 | PENDING: 0 | IN_INTR: 0 | DS: [111] | RS: [40] | MEM: - | LATCH: IR | OUT: 'What is your name?\nHell' | fetch store 31999
TICK: 000374 | PC: 00149 | STEP: 1 | IR: store 31999 | A: 29 | AR: 31999 | NZ: 00 | IE: 1 | PENDING: 0 | IN_INTR: 0 | DS: [111] | RS: [40] | MEM: - | LATCH: AR | OUT: 'What is your name?\nHell' | store.addr 31999
TICK: 000375 | PC: 00154 | STEP: 0 | IR: store 31999 | A: 29 | AR: 31999 | NZ: 00 | IE: 1 | PENDING: 0 | IN_INTR: 0 | DS: [] | RS: [40] | MEM: write mem[31999] <- 111 | LATCH: OUT,PC,IR.clear | OUT: 'What is your name?\nHello' | store.write
TICK: 000376 | PC: 00154 | STEP: 0 | IR: jmp 142 | A: 29 | AR: 31999 | NZ: 00 | IE: 1 | PENDING: 0 | IN_INTR: 0 | DS: [] | RS: [40] | MEM: - | LATCH: IR | OUT: 'What is your name?\nHello' | fetch jmp 142
TICK: 000377 | PC: 00142 | STEP: 0 | IR: jmp 142 | A: 29 | AR: 31999 | NZ: 00 | IE: 1 | PENDING: 0 | IN_INTR: 0 | DS: [] | RS: [40] | MEM: - | LATCH: PC,IR.clear | OUT: 'What is your name?\nHello' | jmp 142
TICK: 000378 | PC: 00142 | STEP: 0 | IR: a_load_+ | A: 29 | AR: 31999 | NZ: 00 | IE: 1 | PENDING: 0 | IN_INTR: 0 | DS: [] | RS: [40] | MEM: - | LATCH: IR | OUT: 'What is your name?\nHello' | fetch a_load_+
TICK: 000379 | PC: 00142 | STEP: 1 | IR: a_load_+ | A: 29 | AR: 29 | NZ: 00 | IE: 1 | PENDING: 0 | IN_INTR: 0 | DS: [] | RS: [40] | MEM: - | LATCH: AR | OUT: 'What is your name?\nHello' | aload.addr
TICK: 000380 | PC: 00142 | STEP: 2 | IR: a_load_+ | A: 29 | AR: 29 | NZ: 00 | IE: 1 | PENDING: 0 | IN_INTR: 0 | DS: [44] | RS: [40] | MEM: read mem[29] | LATCH: DS.push | OUT: 'What is your name?\nHello' | aload.read
TICK: 000381 | PC: 00143 | STEP: 0 | IR: a_load_+ | A: 30 | AR: 29 | NZ: 00 | IE: 1 | PENDING: 0 | IN_INTR: 0 | DS: [44] | RS: [40] | MEM: - | LATCH: A,PC,IR.clear | OUT: 'What is your name?\nHello' | aload.increment
TICK: 000382 | PC: 00143 | STEP: 0 | IR: dup | A: 30 | AR: 29 | NZ: 00 | IE: 1 | PENDING: 0 | IN_INTR: 0 | DS: [44] | RS: [40] | MEM: - | LATCH: IR | OUT: 'What is your name?\nHello' | fetch dup
TICK: 000383 | PC: 00144 | STEP: 0 | IR: dup | A: 30 | AR: 29 | NZ: 00 | IE: 1 | PENDING: 0 | IN_INTR: 0 | DS: [44, 44] | RS: [40] | MEM: - | LATCH: DS.dup,PC,IR.clear | OUT: 'What is your name?\nHello' | dup
TICK: 000384 | PC: 00144 | STEP: 0 | IR: if 159 | A: 30 | AR: 29 | NZ: 00 | IE: 1 | PENDING: 0 | IN_INTR: 0 | DS: [44, 44] | RS: [40] | MEM: - | LATCH: IR | OUT: 'What is your name?\nHello' | fetch if 159
TICK: 000385 | PC: 00144 | STEP: 1 | IR: if 159 | A: 30 | AR: 29 | NZ: 00 | IE: 1 | PENDING: 0 | IN_INTR: 0 | DS: [44] | RS: [40] | MEM: - | LATCH: ALU.left | OUT: 'What is your name?\nHello' | if.test
TICK: 000386 | PC: 00149 | STEP: 0 | IR: if 159 | A: 30 | AR: 29 | NZ: 00 | IE: 1 | PENDING: 0 | IN_INTR: 0 | DS: [44] | RS: [40] | MEM: - | LATCH: PC,IR.clear | OUT: 'What is your name?\nHello' | if.branch
TICK: 000387 | PC: 00149 | STEP: 0 | IR: store 31999 | A: 30 | AR: 29 | NZ: 00 | IE: 1 | PENDING: 0 | IN_INTR: 0 | DS: [44] | RS: [40] | MEM: - | LATCH: IR | OUT: 'What is your name?\nHello' | fetch store 31999
TICK: 000388 | PC: 00149 | STEP: 1 | IR: store 31999 | A: 30 | AR: 31999 | NZ: 00 | IE: 1 | PENDING: 0 | IN_INTR: 0 | DS: [44] | RS: [40] | MEM: - | LATCH: AR | OUT: 'What is your name?\nHello' | store.addr 31999
TICK: 000389 | PC: 00154 | STEP: 0 | IR: store 31999 | A: 30 | AR: 31999 | NZ: 00 | IE: 1 | PENDING: 0 | IN_INTR: 0 | DS: [] | RS: [40] | MEM: write mem[31999] <- 44 | LATCH: OUT,PC,IR.clear | OUT: 'What is your name?\nHello,' | store.write
TICK: 000390 | PC: 00154 | STEP: 0 | IR: jmp 142 | A: 30 | AR: 31999 | NZ: 00 | IE: 1 | PENDING: 0 | IN_INTR: 0 | DS: [] | RS: [40] | MEM: - | LATCH: IR | OUT: 'What is your name?\nHello,' | fetch jmp 142
TICK: 000391 | PC: 00142 | STEP: 0 | IR: jmp 142 | A: 30 | AR: 31999 | NZ: 00 | IE: 1 | PENDING: 0 | IN_INTR: 0 | DS: [] | RS: [40] | MEM: - | LATCH: PC,IR.clear | OUT: 'What is your name?\nHello,' | jmp 142
TICK: 000392 | PC: 00142 | STEP: 0 | IR: a_load_+ | A: 30 | AR: 31999 | NZ: 00 | IE: 1 | PENDING: 0 | IN_INTR: 0 | DS: [] | RS: [40] | MEM: - | LATCH: IR | OUT: 'What is your name?\nHello,' | fetch a_load_+
TICK: 000393 | PC: 00142 | STEP: 1 | IR: a_load_+ | A: 30 | AR: 30 | NZ: 00 | IE: 1 | PENDING: 0 | IN_INTR: 0 | DS: [] | RS: [40] | MEM: - | LATCH: AR | OUT: 'What is your name?\nHello,' | aload.addr
TICK: 000394 | PC: 00142 | STEP: 2 | IR: a_load_+ | A: 30 | AR: 30 | NZ: 00 | IE: 1 | PENDING: 0 | IN_INTR: 0 | DS: [32] | RS: [40] | MEM: read mem[30] | LATCH: DS.push | OUT: 'What is your name?\nHello,' | aload.read
TICK: 000395 | PC: 00143 | STEP: 0 | IR: a_load_+ | A: 31 | AR: 30 | NZ: 00 | IE: 1 | PENDING: 0 | IN_INTR: 0 | DS: [32] | RS: [40] | MEM: - | LATCH: A,PC,IR.clear | OUT: 'What is your name?\nHello,' | aload.increment
TICK: 000396 | PC: 00143 | STEP: 0 | IR: dup | A: 31 | AR: 30 | NZ: 00 | IE: 1 | PENDING: 0 | IN_INTR: 0 | DS: [32] | RS: [40] | MEM: - | LATCH: IR | OUT: 'What is your name?\nHello,' | fetch dup
TICK: 000397 | PC: 00144 | STEP: 0 | IR: dup | A: 31 | AR: 30 | NZ: 00 | IE: 1 | PENDING: 0 | IN_INTR: 0 | DS: [32, 32] | RS: [40] | MEM: - | LATCH: DS.dup,PC,IR.clear | OUT: 'What is your name?\nHello,' | dup
TICK: 000398 | PC: 00144 | STEP: 0 | IR: if 159 | A: 31 | AR: 30 | NZ: 00 | IE: 1 | PENDING: 0 | IN_INTR: 0 | DS: [32, 32] | RS: [40] | MEM: - | LATCH: IR | OUT: 'What is your name?\nHello,' | fetch if 159
TICK: 000399 | PC: 00144 | STEP: 1 | IR: if 159 | A: 31 | AR: 30 | NZ: 00 | IE: 1 | PENDING: 0 | IN_INTR: 0 | DS: [32] | RS: [40] | MEM: - | LATCH: ALU.left | OUT: 'What is your name?\nHello,' | if.test
TICK: 000400 | PC: 00149 | STEP: 0 | IR: if 159 | A: 31 | AR: 30 | NZ: 00 | IE: 1 | PENDING: 0 | IN_INTR: 0 | DS: [32] | RS: [40] | MEM: - | LATCH: PC,IR.clear | OUT: 'What is your name?\nHello,' | if.branch
TICK: 000401 | PC: 00149 | STEP: 0 | IR: store 31999 | A: 31 | AR: 30 | NZ: 00 | IE: 1 | PENDING: 0 | IN_INTR: 0 | DS: [32] | RS: [40] | MEM: - | LATCH: IR | OUT: 'What is your name?\nHello,' | fetch store 31999
TICK: 000402 | PC: 00149 | STEP: 1 | IR: store 31999 | A: 31 | AR: 31999 | NZ: 00 | IE: 1 | PENDING: 0 | IN_INTR: 0 | DS: [32] | RS: [40] | MEM: - | LATCH: AR | OUT: 'What is your name?\nHello,' | store.addr 31999
TICK: 000403 | PC: 00154 | STEP: 0 | IR: store 31999 | A: 31 | AR: 31999 | NZ: 00 | IE: 1 | PENDING: 0 | IN_INTR: 0 | DS: [] | RS: [40] | MEM: write mem[31999] <- 32 | LATCH: OUT,PC,IR.clear | OUT: 'What is your name?\nHello, ' | store.write
TICK: 000404 | PC: 00154 | STEP: 0 | IR: jmp 142 | A: 31 | AR: 31999 | NZ: 00 | IE: 1 | PENDING: 0 | IN_INTR: 0 | DS: [] | RS: [40] | MEM: - | LATCH: IR | OUT: 'What is your name?\nHello, ' | fetch jmp 142
TICK: 000405 | PC: 00142 | STEP: 0 | IR: jmp 142 | A: 31 | AR: 31999 | NZ: 00 | IE: 1 | PENDING: 0 | IN_INTR: 0 | DS: [] | RS: [40] | MEM: - | LATCH: PC,IR.clear | OUT: 'What is your name?\nHello, ' | jmp 142
TICK: 000406 | PC: 00142 | STEP: 0 | IR: a_load_+ | A: 31 | AR: 31999 | NZ: 00 | IE: 1 | PENDING: 0 | IN_INTR: 0 | DS: [] | RS: [40] | MEM: - | LATCH: IR | OUT: 'What is your name?\nHello, ' | fetch a_load_+
TICK: 000407 | PC: 00142 | STEP: 1 | IR: a_load_+ | A: 31 | AR: 31 | NZ: 00 | IE: 1 | PENDING: 0 | IN_INTR: 0 | DS: [] | RS: [40] | MEM: - | LATCH: AR | OUT: 'What is your name?\nHello, ' | aload.addr
TICK: 000408 | PC: 00142 | STEP: 2 | IR: a_load_+ | A: 31 | AR: 31 | NZ: 00 | IE: 1 | PENDING: 0 | IN_INTR: 0 | DS: [0] | RS: [40] | MEM: read mem[31] | LATCH: DS.push | OUT: 'What is your name?\nHello, ' | aload.read
TICK: 000409 | PC: 00143 | STEP: 0 | IR: a_load_+ | A: 32 | AR: 31 | NZ: 00 | IE: 1 | PENDING: 0 | IN_INTR: 0 | DS: [0] | RS: [40] | MEM: - | LATCH: A,PC,IR.clear | OUT: 'What is your name?\nHello, ' | aload.increment
TICK: 000410 | PC: 00143 | STEP: 0 | IR: dup | A: 32 | AR: 31 | NZ: 00 | IE: 1 | PENDING: 0 | IN_INTR: 0 | DS: [0] | RS: [40] | MEM: - | LATCH: IR | OUT: 'What is your name?\nHello, ' | fetch dup
TICK: 000411 | PC: 00144 | STEP: 0 | IR: dup | A: 32 | AR: 31 | NZ: 00 | IE: 1 | PENDING: 0 | IN_INTR: 0 | DS: [0, 0] | RS: [40] | MEM: - | LATCH: DS.dup,PC,IR.clear | OUT: 'What is your name?\nHello, ' | dup
TICK: 000412 | PC: 00144 | STEP: 0 | IR: if 159 | A: 32 | AR: 31 | NZ: 00 | IE: 1 | PENDING: 0 | IN_INTR: 0 | DS: [0, 0] | RS: [40] | MEM: - | LATCH: IR | OUT: 'What is your name?\nHello, ' | fetch if 159
TICK: 000413 | PC: 00144 | STEP: 1 | IR: if 159 | A: 32 | AR: 31 | NZ: 00 | IE: 1 | PENDING: 0 | IN_INTR: 0 | DS: [0] | RS: [40] | MEM: - | LATCH: ALU.left | OUT: 'What is your name?\nHello, ' | if.test
TICK: 000414 | PC: 00159 | STEP: 0 | IR: if 159 | A: 32 | AR: 31 | NZ: 01 | IE: 1 | PENDING: 0 | IN_INTR: 0 | DS: [0] | RS: [40] | MEM: - | LATCH: PC,IR.clear | OUT: 'What is your name?\nHello, ' | if.branch
TICK: 000415 | PC: 00159 | STEP: 0 | IR: drop | A: 32 | AR: 31 | NZ: 01 | IE: 1 | PENDING: 0 | IN_INTR: 0 | DS: [0] | RS: [40] | MEM: - | LATCH: IR | OUT: 'What is your name?\nHello, ' | fetch drop
TICK: 000416 | PC: 00160 | STEP: 0 | IR: drop | A: 32 | AR: 31 | NZ: 01 | IE: 1 | PENDING: 0 | IN_INTR: 0 | DS: [] | RS: [40] | MEM: - | LATCH: PC,IR.clear | OUT: 'What is your name?\nHello, ' | drop
TICK: 000417 | PC: 00160 | STEP: 0 | IR: literal 0 | A: 32 | AR: 31 | NZ: 01 | IE: 1 | PENDING: 0 | IN_INTR: 0 | DS: [] | RS: [40] | MEM: - | LATCH: IR | OUT: 'What is your name?\nHello, ' | fetch literal 0
TICK: 000418 | PC: 00165 | STEP: 0 | IR: literal 0 | A: 32 | AR: 31 | NZ: 01 | IE: 1 | PENDING: 0 | IN_INTR: 0 | DS: [0] | RS: [40] | MEM: - | LATCH: DS.push,PC,IR.clear | OUT: 'What is your name?\nHello, ' | literal 0
TICK: 000419 | PC: 00165 | STEP: 0 | IR: drop | A: 32 | AR: 31 | NZ: 01 | IE: 1 | PENDING: 0 | IN_INTR: 0 | DS: [0] | RS: [40] | MEM: - | LATCH: IR | OUT: 'What is your name?\nHello, ' | fetch drop
TICK: 000420 | PC: 00166 | STEP: 0 | IR: drop | A: 32 | AR: 31 | NZ: 01 | IE: 1 | PENDING: 0 | IN_INTR: 0 | DS: [] | RS: [40] | MEM: - | LATCH: PC,IR.clear | OUT: 'What is your name?\nHello, ' | drop
TICK: 000421 | PC: 00166 | STEP: 0 | IR: load 2 | A: 32 | AR: 31 | NZ: 01 | IE: 1 | PENDING: 0 | IN_INTR: 0 | DS: [] | RS: [40] | MEM: - | LATCH: IR | OUT: 'What is your name?\nHello, ' | fetch load 2
TICK: 000422 | PC: 00166 | STEP: 1 | IR: load 2 | A: 32 | AR: 2 | NZ: 01 | IE: 1 | PENDING: 0 | IN_INTR: 0 | DS: [] | RS: [40] | MEM: - | LATCH: AR | OUT: 'What is your name?\nHello, ' | load.addr 2
TICK: 000423 | PC: 00171 | STEP: 0 | IR: load 2 | A: 32 | AR: 2 | NZ: 01 | IE: 1 | PENDING: 0 | IN_INTR: 0 | DS: [0] | RS: [40] | MEM: read mem[2] | LATCH: DS.push,PC,IR.clear | OUT: 'What is your name?\nHello, ' | load.read
TICK: 000424 | PC: 00171 | STEP: 0 | IR: literal 0 | A: 32 | AR: 2 | NZ: 01 | IE: 1 | PENDING: 0 | IN_INTR: 0 | DS: [0] | RS: [40] | MEM: - | LATCH: IR | OUT: 'What is your name?\nHello, ' | fetch literal 0
TICK: 000425 | PC: 00176 | STEP: 0 | IR: literal 0 | A: 32 | AR: 2 | NZ: 01 | IE: 1 | PENDING: 0 | IN_INTR: 0 | DS: [0, 0] | RS: [40] | MEM: - | LATCH: DS.push,PC,IR.clear | OUT: 'What is your name?\nHello, ' | literal 0
TICK: 000426 | PC: 00176 | STEP: 0 | IR: sub | A: 32 | AR: 2 | NZ: 01 | IE: 1 | PENDING: 0 | IN_INTR: 0 | DS: [0, 0] | RS: [40] | MEM: - | LATCH: IR | OUT: 'What is your name?\nHello, ' | fetch sub
TICK: 000427 | PC: 00176 | STEP: 1 | IR: sub | A: 32 | AR: 2 | NZ: 01 | IE: 1 | PENDING: 0 | IN_INTR: 0 | DS: [] | RS: [40] | MEM: - | LATCH: ALU.left,ALU.right | OUT: 'What is your name?\nHello, ' | sub.load_operands
TICK: 000428 | PC: 00177 | STEP: 0 | IR: sub | A: 32 | AR: 2 | NZ: 01 | IE: 1 | PENDING: 0 | IN_INTR: 0 | DS: [0] | RS: [40] | MEM: - | LATCH: DS.push(ALU),PC,IR.clear | OUT: 'What is your name?\nHello, ' | sub.write_result
TICK: 000429 | PC: 00177 | STEP: 0 | IR: nif 252 | A: 32 | AR: 2 | NZ: 01 | IE: 1 | PENDING: 0 | IN_INTR: 0 | DS: [0] | RS: [40] | MEM: - | LATCH: IR | OUT: 'What is your name?\nHello, ' | fetch nif 252
TICK: 000430 | PC: 00177 | STEP: 1 | IR: nif 252 | A: 32 | AR: 2 | NZ: 01 | IE: 1 | PENDING: 0 | IN_INTR: 0 | DS: [] | RS: [40] | MEM: - | LATCH: ALU.left | OUT: 'What is your name?\nHello, ' | nif.test
TICK: 000431 | PC: 00182 | STEP: 0 | IR: nif 252 | A: 32 | AR: 2 | NZ: 01 | IE: 1 | PENDING: 0 | IN_INTR: 0 | DS: [] | RS: [40] | MEM: - | LATCH: PC,IR.clear | OUT: 'What is your name?\nHello, ' | nif.branch
TICK: 000432 | PC: 00182 | STEP: 0 | IR: load 1 | A: 32 | AR: 2 | NZ: 01 | IE: 1 | PENDING: 0 | IN_INTR: 0 | DS: [] | RS: [40] | MEM: - | LATCH: IR | OUT: 'What is your name?\nHello, ' | fetch load 1
TICK: 000433 | PC: 00182 | STEP: 1 | IR: load 1 | A: 32 | AR: 1 | NZ: 01 | IE: 1 | PENDING: 0 | IN_INTR: 0 | DS: [] | RS: [40] | MEM: - | LATCH: AR | OUT: 'What is your name?\nHello, ' | load.addr 1
TICK: 000434 | PC: 00187 | STEP: 0 | IR: load 1 | A: 32 | AR: 1 | NZ: 01 | IE: 1 | PENDING: 0 | IN_INTR: 0 | DS: [0] | RS: [40] | MEM: read mem[1] | LATCH: DS.push,PC,IR.clear | OUT: 'What is your name?\nHello, ' | load.read
TICK: 000435 | PC: 00187 | STEP: 0 | IR: literal 0 | A: 32 | AR: 1 | NZ: 01 | IE: 1 | PENDING: 0 | IN_INTR: 0 | DS: [0] | RS: [40] | MEM: - | LATCH: IR | OUT: 'What is your name?\nHello, ' | fetch literal 0
TICK: 000436 | PC: 00192 | STEP: 0 | IR: literal 0 | A: 32 | AR: 1 | NZ: 01 | IE: 1 | PENDING: 0 | IN_INTR: 0 | DS: [0, 0] | RS: [40] | MEM: - | LATCH: DS.push,PC,IR.clear | OUT: 'What is your name?\nHello, ' | literal 0
TICK: 000437 | PC: 00192 | STEP: 0 | IR: sub | A: 32 | AR: 1 | NZ: 01 | IE: 1 | PENDING: 0 | IN_INTR: 0 | DS: [0, 0] | RS: [40] | MEM: - | LATCH: IR | OUT: 'What is your name?\nHello, ' | fetch sub
TICK: 000438 | PC: 00192 | STEP: 1 | IR: sub | A: 32 | AR: 1 | NZ: 01 | IE: 1 | PENDING: 0 | IN_INTR: 0 | DS: [] | RS: [40] | MEM: - | LATCH: ALU.left,ALU.right | OUT: 'What is your name?\nHello, ' | sub.load_operands
TICK: 000439 | PC: 00193 | STEP: 0 | IR: sub | A: 32 | AR: 1 | NZ: 01 | IE: 1 | PENDING: 0 | IN_INTR: 0 | DS: [0] | RS: [40] | MEM: - | LATCH: DS.push(ALU),PC,IR.clear | OUT: 'What is your name?\nHello, ' | sub.write_result
TICK: 000440 | PC: 00193 | STEP: 0 | IR: nif 203 | A: 32 | AR: 1 | NZ: 01 | IE: 1 | PENDING: 0 | IN_INTR: 0 | DS: [0] | RS: [40] | MEM: - | LATCH: IR | OUT: 'What is your name?\nHello, ' | fetch nif 203
TICK: 000441 | PC: 00193 | STEP: 1 | IR: nif 203 | A: 32 | AR: 1 | NZ: 01 | IE: 1 | PENDING: 0 | IN_INTR: 0 | DS: [] | RS: [40] | MEM: - | LATCH: ALU.left | OUT: 'What is your name?\nHello, ' | nif.test
TICK: 000442 | PC: 00198 | STEP: 0 | IR: nif 203 | A: 32 | AR: 1 | NZ: 01 | IE: 1 | PENDING: 0 | IN_INTR: 0 | DS: [] | RS: [40] | MEM: - | LATCH: PC,IR.clear | OUT: 'What is your name?\nHello, ' | nif.branch
TICK: 000443 | PC: 00198 | STEP: 0 | IR: jmp 182 | A: 32 | AR: 1 | NZ: 01 | IE: 1 | PENDING: 0 | IN_INTR: 0 | DS: [] | RS: [40] | MEM: - | LATCH: IR | OUT: 'What is your name?\nHello, ' | fetch jmp 182
TICK: 000444 | PC: 00182 | STEP: 0 | IR: jmp 182 | A: 32 | AR: 1 | NZ: 01 | IE: 1 | PENDING: 0 | IN_INTR: 0 | DS: [] | RS: [40] | MEM: - | LATCH: PC,IR.clear | OUT: 'What is your name?\nHello, ' | jmp 182
TICK: 000445 | PC: 00182 | STEP: 0 | IR: load 1 | A: 32 | AR: 1 | NZ: 01 | IE: 1 | PENDING: 0 | IN_INTR: 0 | DS: [] | RS: [40] | MEM: - | LATCH: IR | OUT: 'What is your name?\nHello, ' | fetch load 1
TICK: 000446 | PC: 00182 | STEP: 1 | IR: load 1 | A: 32 | AR: 1 | NZ: 01 | IE: 1 | PENDING: 0 | IN_INTR: 0 | DS: [] | RS: [40] | MEM: - | LATCH: AR | OUT: 'What is your name?\nHello, ' | load.addr 1
TICK: 000447 | PC: 00187 | STEP: 0 | IR: load 1 | A: 32 | AR: 1 | NZ: 01 | IE: 1 | PENDING: 0 | IN_INTR: 0 | DS: [0] | RS: [40] | MEM: read mem[1] | LATCH: DS.push,PC,IR.clear | OUT: 'What is your name?\nHello, ' | load.read
TICK: 000448 | PC: 00187 | STEP: 0 | IR: literal 0 | A: 32 | AR: 1 | NZ: 01 | IE: 1 | PENDING: 0 | IN_INTR: 0 | DS: [0] | RS: [40] | MEM: - | LATCH: IR | OUT: 'What is your name?\nHello, ' | fetch literal 0
TICK: 000449 | PC: 00192 | STEP: 0 | IR: literal 0 | A: 32 | AR: 1 | NZ: 01 | IE: 1 | PENDING: 0 | IN_INTR: 0 | DS: [0, 0] | RS: [40] | MEM: - | LATCH: DS.push,PC,IR.clear | OUT: 'What is your name?\nHello, ' | literal 0
TICK: 000450 | PC: 00192 | STEP: 0 | IR: sub | A: 32 | AR: 1 | NZ: 01 | IE: 1 | PENDING: 0 | IN_INTR: 0 | DS: [0, 0] | RS: [40] | MEM: - | LATCH: IR | OUT: 'What is your name?\nHello, ' | fetch sub
TICK: 000451 | PC: 00192 | STEP: 1 | IR: sub | A: 32 | AR: 1 | NZ: 01 | IE: 1 | PENDING: 0 | IN_INTR: 0 | DS: [] | RS: [40] | MEM: - | LATCH: ALU.left,ALU.right | OUT: 'What is your name?\nHello, ' | sub.load_operands
TICK: 000452 | PC: 00193 | STEP: 0 | IR: sub | A: 32 | AR: 1 | NZ: 01 | IE: 1 | PENDING: 0 | IN_INTR: 0 | DS: [0] | RS: [40] | MEM: - | LATCH: DS.push(ALU),PC,IR.clear | OUT: 'What is your name?\nHello, ' | sub.write_result
TICK: 000453 | PC: 00193 | STEP: 0 | IR: nif 203 | A: 32 | AR: 1 | NZ: 01 | IE: 1 | PENDING: 0 | IN_INTR: 0 | DS: [0] | RS: [40] | MEM: - | LATCH: IR | OUT: 'What is your name?\nHello, ' | fetch nif 203
TICK: 000454 | PC: 00193 | STEP: 1 | IR: nif 203 | A: 32 | AR: 1 | NZ: 01 | IE: 1 | PENDING: 0 | IN_INTR: 0 | DS: [] | RS: [40] | MEM: - | LATCH: ALU.left | OUT: 'What is your name?\nHello, ' | nif.test
TICK: 000455 | PC: 00198 | STEP: 0 | IR: nif 203 | A: 32 | AR: 1 | NZ: 01 | IE: 1 | PENDING: 0 | IN_INTR: 0 | DS: [] | RS: [40] | MEM: - | LATCH: PC,IR.clear | OUT: 'What is your name?\nHello, ' | nif.branch
TICK: 000456 | PC: 00198 | STEP: 0 | IR: jmp 182 | A: 32 | AR: 1 | NZ: 01 | IE: 1 | PENDING: 0 | IN_INTR: 0 | DS: [] | RS: [40] | MEM: - | LATCH: IR | OUT: 'What is your name?\nHello, ' | fetch jmp 182
TICK: 000457 | PC: 00182 | STEP: 0 | IR: jmp 182 | A: 32 | AR: 1 | NZ: 01 | IE: 1 | PENDING: 0 | IN_INTR: 0 | DS: [] | RS: [40] | MEM: - | LATCH: PC,IR.clear | OUT: 'What is your name?\nHello, ' | jmp 182
TICK: 000458 | PC: 00182 | STEP: 0 | IR: load 1 | A: 32 | AR: 1 | NZ: 01 | IE: 1 | PENDING: 0 | IN_INTR: 0 | DS: [] | RS: [40] | MEM: - | LATCH: IR | OUT: 'What is your name?\nHello, ' | fetch load 1
TICK: 000459 | PC: 00182 | STEP: 1 | IR: load 1 | A: 32 | AR: 1 | NZ: 01 | IE: 1 | PENDING: 0 | IN_INTR: 0 | DS: [] | RS: [40] | MEM: - | LATCH: AR | OUT: 'What is your name?\nHello, ' | load.addr 1
TICK: 000460 | PC: 00187 | STEP: 0 | IR: load 1 | A: 32 | AR: 1 | NZ: 01 | IE: 1 | PENDING: 0 | IN_INTR: 0 | DS: [0] | RS: [40] | MEM: read mem[1] | LATCH: DS.push,PC,IR.clear | OUT: 'What is your name?\nHello, ' | load.read
TICK: 000461 | PC: 00187 | STEP: 0 | IR: literal 0 | A: 32 | AR: 1 | NZ: 01 | IE: 1 | PENDING: 0 | IN_INTR: 0 | DS: [0] | RS: [40] | MEM: - | LATCH: IR | OUT: 'What is your name?\nHello, ' | fetch literal 0
TICK: 000462 | PC: 00192 | STEP: 0 | IR: literal 0 | A: 32 | AR: 1 | NZ: 01 | IE: 1 | PENDING: 0 | IN_INTR: 0 | DS: [0, 0] | RS: [40] | MEM: - | LATCH: DS.push,PC,IR.clear | OUT: 'What is your name?\nHello, ' | literal 0
TICK: 000463 | PC: 00192 | STEP: 0 | IR: sub | A: 32 | AR: 1 | NZ: 01 | IE: 1 | PENDING: 0 | IN_INTR: 0 | DS: [0, 0] | RS: [40] | MEM: - | LATCH: IR | OUT: 'What is your name?\nHello, ' | fetch sub
TICK: 000464 | PC: 00192 | STEP: 1 | IR: sub | A: 32 | AR: 1 | NZ: 01 | IE: 1 | PENDING: 0 | IN_INTR: 0 | DS: [] | RS: [40] | MEM: - | LATCH: ALU.left,ALU.right | OUT: 'What is your name?\nHello, ' | sub.load_operands
TICK: 000465 | PC: 00193 | STEP: 0 | IR: sub | A: 32 | AR: 1 | NZ: 01 | IE: 1 | PENDING: 0 | IN_INTR: 0 | DS: [0] | RS: [40] | MEM: - | LATCH: DS.push(ALU),PC,IR.clear | OUT: 'What is your name?\nHello, ' | sub.write_result
TICK: 000466 | PC: 00193 | STEP: 0 | IR: nif 203 | A: 32 | AR: 1 | NZ: 01 | IE: 1 | PENDING: 0 | IN_INTR: 0 | DS: [0] | RS: [40] | MEM: - | LATCH: IR | OUT: 'What is your name?\nHello, ' | fetch nif 203
TICK: 000467 | PC: 00193 | STEP: 1 | IR: nif 203 | A: 32 | AR: 1 | NZ: 01 | IE: 1 | PENDING: 0 | IN_INTR: 0 | DS: [] | RS: [40] | MEM: - | LATCH: ALU.left | OUT: 'What is your name?\nHello, ' | nif.test
TICK: 000468 | PC: 00198 | STEP: 0 | IR: nif 203 | A: 32 | AR: 1 | NZ: 01 | IE: 1 | PENDING: 0 | IN_INTR: 0 | DS: [] | RS: [40] | MEM: - | LATCH: PC,IR.clear | OUT: 'What is your name?\nHello, ' | nif.branch
TICK: 000469 | PC: 00198 | STEP: 0 | IR: jmp 182 | A: 32 | AR: 1 | NZ: 01 | IE: 1 | PENDING: 0 | IN_INTR: 0 | DS: [] | RS: [40] | MEM: - | LATCH: IR | OUT: 'What is your name?\nHello, ' | fetch jmp 182
TICK: 000470 | PC: 00182 | STEP: 0 | IR: jmp 182 | A: 32 | AR: 1 | NZ: 01 | IE: 1 | PENDING: 0 | IN_INTR: 0 | DS: [] | RS: [40] | MEM: - | LATCH: PC,IR.clear | OUT: 'What is your name?\nHello, ' | jmp 182
TICK: 000471 | PC: 00182 | STEP: 0 | IR: load 1 | A: 32 | AR: 1 | NZ: 01 | IE: 1 | PENDING: 0 | IN_INTR: 0 | DS: [] | RS: [40] | MEM: - | LATCH: IR | OUT: 'What is your name?\nHello, ' | fetch load 1
TICK: 000472 | PC: 00182 | STEP: 1 | IR: load 1 | A: 32 | AR: 1 | NZ: 01 | IE: 1 | PENDING: 0 | IN_INTR: 0 | DS: [] | RS: [40] | MEM: - | LATCH: AR | OUT: 'What is your name?\nHello, ' | load.addr 1
TICK: 000473 | PC: 00187 | STEP: 0 | IR: load 1 | A: 32 | AR: 1 | NZ: 01 | IE: 1 | PENDING: 0 | IN_INTR: 0 | DS: [0] | RS: [40] | MEM: read mem[1] | LATCH: DS.push,PC,IR.clear | OUT: 'What is your name?\nHello, ' | load.read
TICK: 000474 | PC: 00187 | STEP: 0 | IR: literal 0 | A: 32 | AR: 1 | NZ: 01 | IE: 1 | PENDING: 0 | IN_INTR: 0 | DS: [0] | RS: [40] | MEM: - | LATCH: IR | OUT: 'What is your name?\nHello, ' | fetch literal 0
TICK: 000475 | PC: 00192 | STEP: 0 | IR: literal 0 | A: 32 | AR: 1 | NZ: 01 | IE: 1 | PENDING: 0 | IN_INTR: 0 | DS: [0, 0] | RS: [40] | MEM: - | LATCH: DS.push,PC,IR.clear | OUT: 'What is your name?\nHello, ' | literal 0
TICK: 000476 | PC: 00192 | STEP: 0 | IR: sub | A: 32 | AR: 1 | NZ: 01 | IE: 1 | PENDING: 0 | IN_INTR: 0 | DS: [0, 0] | RS: [40] | MEM: - | LATCH: IR | OUT: 'What is your name?\nHello, ' | fetch sub
TICK: 000477 | PC: 00192 | STEP: 1 | IR: sub | A: 32 | AR: 1 | NZ: 01 | IE: 1 | PENDING: 0 | IN_INTR: 0 | DS: [] | RS: [40] | MEM: - | LATCH: ALU.left,ALU.right | OUT: 'What is your name?\nHello, ' | sub.load_operands
TICK: 000478 | PC: 00193 | STEP: 0 | IR: sub | A: 32 | AR: 1 | NZ: 01 | IE: 1 | PENDING: 0 | IN_INTR: 0 | DS: [0] | RS: [40] | MEM: - | LATCH: DS.push(ALU),PC,IR.clear | OUT: 'What is your name?\nHello, ' | sub.write_result
TICK: 000479 | PC: 00193 | STEP: 0 | IR: nif 203 | A: 32 | AR: 1 | NZ: 01 | IE: 1 | PENDING: 0 | IN_INTR: 0 | DS: [0] | RS: [40] | MEM: - | LATCH: IR | OUT: 'What is your name?\nHello, ' | fetch nif 203
TICK: 000480 | PC: 00193 | STEP: 1 | IR: nif 203 | A: 32 | AR: 1 | NZ: 01 | IE: 1 | PENDING: 0 | IN_INTR: 0 | DS: [] | RS: [40] | MEM: - | LATCH: ALU.left | OUT: 'What is your name?\nHello, ' | nif.test
TICK: 000481 | PC: 00198 | STEP: 0 | IR: nif 203 | A: 32 | AR: 1 | NZ: 01 | IE: 1 | PENDING: 0 | IN_INTR: 0 | DS: [] | RS: [40] | MEM: - | LATCH: PC,IR.clear | OUT: 'What is your name?\nHello, ' | nif.branch
TICK: 000482 | PC: 00198 | STEP: 0 | IR: jmp 182 | A: 32 | AR: 1 | NZ: 01 | IE: 1 | PENDING: 0 | IN_INTR: 0 | DS: [] | RS: [40] | MEM: - | LATCH: IR | OUT: 'What is your name?\nHello, ' | fetch jmp 182
TICK: 000483 | PC: 00182 | STEP: 0 | IR: jmp 182 | A: 32 | AR: 1 | NZ: 01 | IE: 1 | PENDING: 0 | IN_INTR: 0 | DS: [] | RS: [40] | MEM: - | LATCH: PC,IR.clear | OUT: 'What is your name?\nHello, ' | jmp 182
TICK: 000484 | PC: 00182 | STEP: 0 | IR: load 1 | A: 32 | AR: 1 | NZ: 01 | IE: 1 | PENDING: 0 | IN_INTR: 0 | DS: [] | RS: [40] | MEM: - | LATCH: IR | OUT: 'What is your name?\nHello, ' | fetch load 1
TICK: 000485 | PC: 00182 | STEP: 1 | IR: load 1 | A: 32 | AR: 1 | NZ: 01 | IE: 1 | PENDING: 0 | IN_INTR: 0 | DS: [] | RS: [40] | MEM: - | LATCH: AR | OUT: 'What is your name?\nHello, ' | load.addr 1
TICK: 000486 | PC: 00187 | STEP: 0 | IR: load 1 | A: 32 | AR: 1 | NZ: 01 | IE: 1 | PENDING: 0 | IN_INTR: 0 | DS: [0] | RS: [40] | MEM: read mem[1] | LATCH: DS.push,PC,IR.clear | OUT: 'What is your name?\nHello, ' | load.read
TICK: 000487 | PC: 00187 | STEP: 0 | IR: literal 0 | A: 32 | AR: 1 | NZ: 01 | IE: 1 | PENDING: 0 | IN_INTR: 0 | DS: [0] | RS: [40] | MEM: - | LATCH: IR | OUT: 'What is your name?\nHello, ' | fetch literal 0
TICK: 000488 | PC: 00192 | STEP: 0 | IR: literal 0 | A: 32 | AR: 1 | NZ: 01 | IE: 1 | PENDING: 0 | IN_INTR: 0 | DS: [0, 0] | RS: [40] | MEM: - | LATCH: DS.push,PC,IR.clear | OUT: 'What is your name?\nHello, ' | literal 0
TICK: 000489 | PC: 00192 | STEP: 0 | IR: sub | A: 32 | AR: 1 | NZ: 01 | IE: 1 | PENDING: 0 | IN_INTR: 0 | DS: [0, 0] | RS: [40] | MEM: - | LATCH: IR | OUT: 'What is your name?\nHello, ' | fetch sub
TICK: 000490 | PC: 00192 | STEP: 1 | IR: sub | A: 32 | AR: 1 | NZ: 01 | IE: 1 | PENDING: 0 | IN_INTR: 0 | DS: [] | RS: [40] | MEM: - | LATCH: ALU.left,ALU.right | OUT: 'What is your name?\nHello, ' | sub.load_operands
TICK: 000491 | PC: 00193 | STEP: 0 | IR: sub | A: 32 | AR: 1 | NZ: 01 | IE: 1 | PENDING: 0 | IN_INTR: 0 | DS: [0] | RS: [40] | MEM: - | LATCH: DS.push(ALU),PC,IR.clear | OUT: 'What is your name?\nHello, ' | sub.write_result
TICK: 000492 | PC: 00193 | STEP: 0 | IR: nif 203 | A: 32 | AR: 1 | NZ: 01 | IE: 1 | PENDING: 0 | IN_INTR: 0 | DS: [0] | RS: [40] | MEM: - | LATCH: IR | OUT: 'What is your name?\nHello, ' | fetch nif 203
TICK: 000493 | PC: 00193 | STEP: 1 | IR: nif 203 | A: 32 | AR: 1 | NZ: 01 | IE: 1 | PENDING: 0 | IN_INTR: 0 | DS: [] | RS: [40] | MEM: - | LATCH: ALU.left | OUT: 'What is your name?\nHello, ' | nif.test
TICK: 000494 | PC: 00198 | STEP: 0 | IR: nif 203 | A: 32 | AR: 1 | NZ: 01 | IE: 1 | PENDING: 0 | IN_INTR: 0 | DS: [] | RS: [40] | MEM: - | LATCH: PC,IR.clear | OUT: 'What is your name?\nHello, ' | nif.branch
TICK: 000495 | PC: 00198 | STEP: 0 | IR: jmp 182 | A: 32 | AR: 1 | NZ: 01 | IE: 1 | PENDING: 0 | IN_INTR: 0 | DS: [] | RS: [40] | MEM: - | LATCH: IR | OUT: 'What is your name?\nHello, ' | fetch jmp 182
TICK: 000496 | PC: 00182 | STEP: 0 | IR: jmp 182 | A: 32 | AR: 1 | NZ: 01 | IE: 1 | PENDING: 0 | IN_INTR: 0 | DS: [] | RS: [40] | MEM: - | LATCH: PC,IR.clear | OUT: 'What is your name?\nHello, ' | jmp 182
TICK: 000497 | PC: 00182 | STEP: 0 | IR: load 1 | A: 32 | AR: 1 | NZ: 01 | IE: 1 | PENDING: 0 | IN_INTR: 0 | DS: [] | RS: [40] | MEM: - | LATCH: IR | OUT: 'What is your name?\nHello, ' | fetch load 1
TICK: 000498 | PC: 00182 | STEP: 1 | IR: load 1 | A: 32 | AR: 1 | NZ: 01 | IE: 1 | PENDING: 0 | IN_INTR: 0 | DS: [] | RS: [40] | MEM: - | LATCH: AR | OUT: 'What is your name?\nHello, ' | load.addr 1
TICK: 000499 | PC: 00187 | STEP: 0 | IR: load 1 | A: 32 | AR: 1 | NZ: 01 | IE: 1 | PENDING: 0 | IN_INTR: 0 | DS: [0] | RS: [40] | MEM: read mem[1] | LATCH: DS.push,PC,IR.clear | OUT: 'What is your name?\nHello, ' | load.read
TICK: 000500 | PC: 00187 | STEP: 0 | IR: literal 0 | A: 32 | AR: 1 | NZ: 01 | IE: 1 | PENDING: 0 | IN_INTR: 0 | DS: [0] | RS: [40] | MEM: - | LATCH: IR | OUT: 'What is your name?\nHello, ' | fetch literal 0
TICK: 000501 | PC: 00192 | STEP: 0 | IR: literal 0 | A: 32 | AR: 1 | NZ: 01 | IE: 1 | PENDING: 0 | IN_INTR: 0 | DS: [0, 0] | RS: [40] | MEM: - | LATCH: DS.push,PC,IR.clear | OUT: 'What is your name?\nHello, ' | literal 0
TICK: 000502 | PC: 00192 | STEP: 0 | IR: sub | A: 32 | AR: 1 | NZ: 01 | IE: 1 | PENDING: 0 | IN_INTR: 0 | DS: [0, 0] | RS: [40] | MEM: - | LATCH: IR | OUT: 'What is your name?\nHello, ' | fetch sub
TICK: 000503 | PC: 00192 | STEP: 1 | IR: sub | A: 32 | AR: 1 | NZ: 01 | IE: 1 | PENDING: 0 | IN_INTR: 0 | DS: [] | RS: [40] | MEM: - | LATCH: ALU.left,ALU.right | OUT: 'What is your name?\nHello, ' | sub.load_operands
TICK: 000504 | PC: 00193 | STEP: 0 | IR: sub | A: 32 | AR: 1 | NZ: 01 | IE: 1 | PENDING: 0 | IN_INTR: 0 | DS: [0] | RS: [40] | MEM: - | LATCH: DS.push(ALU),PC,IR.clear | OUT: 'What is your name?\nHello, ' | sub.write_result
TICK: 000505 | PC: 00193 | STEP: 0 | IR: nif 203 | A: 32 | AR: 1 | NZ: 01 | IE: 1 | PENDING: 0 | IN_INTR: 0 | DS: [0] | RS: [40] | MEM: - | LATCH: IR | OUT: 'What is your name?\nHello, ' | fetch nif 203
TICK: 000506 | PC: 00193 | STEP: 1 | IR: nif 203 | A: 32 | AR: 1 | NZ: 01 | IE: 1 | PENDING: 0 | IN_INTR: 0 | DS: [] | RS: [40] | MEM: - | LATCH: ALU.left | OUT: 'What is your name?\nHello, ' | nif.test
TICK: 000507 | PC: 00198 | STEP: 0 | IR: nif 203 | A: 32 | AR: 1 | NZ: 01 | IE: 1 | PENDING: 0 | IN_INTR: 0 | DS: [] | RS: [40] | MEM: - | LATCH: PC,IR.clear | OUT: 'What is your name?\nHello, ' | nif.branch
TICK: 000508 | PC: 00198 | STEP: 0 | IR: jmp 182 | A: 32 | AR: 1 | NZ: 01 | IE: 1 | PENDING: 0 | IN_INTR: 0 | DS: [] | RS: [40] | MEM: - | LATCH: IR | OUT: 'What is your name?\nHello, ' | fetch jmp 182
TICK: 000509 | PC: 00182 | STEP: 0 | IR: jmp 182 | A: 32 | AR: 1 | NZ: 01 | IE: 1 | PENDING: 0 | IN_INTR: 0 | DS: [] | RS: [40] | MEM: - | LATCH: PC,IR.clear | OUT: 'What is your name?\nHello, ' | jmp 182
TICK: 000510 | PC: 00182 | STEP: 0 | IR: load 1 | A: 32 | AR: 1 | NZ: 01 | IE: 1 | PENDING: 0 | IN_INTR: 0 | DS: [] | RS: [40] | MEM: - | LATCH: IR | OUT: 'What is your name?\nHello, ' | fetch load 1
TICK: 000511 | PC: 00182 | STEP: 1 | IR: load 1 | A: 32 | AR: 1 | NZ: 01 | IE: 1 | PENDING: 0 | IN_INTR: 0 | DS: [] | RS: [40] | MEM: - | LATCH: AR | OUT: 'What is your name?\nHello, ' | load.addr 1
TICK: 000512 | PC: 00187 | STEP: 0 | IR: load 1 | A: 32 | AR: 1 | NZ: 01 | IE: 1 | PENDING: 0 | IN_INTR: 0 | DS: [0] | RS: [40] | MEM: read mem[1] | LATCH: DS.push,PC,IR.clear | OUT: 'What is your name?\nHello, ' | load.read
TICK: 000513 | PC: 00187 | STEP: 0 | IR: literal 0 | A: 32 | AR: 1 | NZ: 01 | IE: 1 | PENDING: 0 | IN_INTR: 0 | DS: [0] | RS: [40] | MEM: - | LATCH: IR | OUT: 'What is your name?\nHello, ' | fetch literal 0
TICK: 000514 | PC: 00192 | STEP: 0 | IR: literal 0 | A: 32 | AR: 1 | NZ: 01 | IE: 1 | PENDING: 0 | IN_INTR: 0 | DS: [0, 0] | RS: [40] | MEM: - | LATCH: DS.push,PC,IR.clear | OUT: 'What is your name?\nHello, ' | literal 0
TICK: 000515 | PC: 00192 | STEP: 0 | IR: sub | A: 32 | AR: 1 | NZ: 01 | IE: 1 | PENDING: 0 | IN_INTR: 0 | DS: [0, 0] | RS: [40] | MEM: - | LATCH: IR | OUT: 'What is your name?\nHello, ' | fetch sub
TICK: 000516 | PC: 00192 | STEP: 1 | IR: sub | A: 32 | AR: 1 | NZ: 01 | IE: 1 | PENDING: 0 | IN_INTR: 0 | DS: [] | RS: [40] | MEM: - | LATCH: ALU.left,ALU.right | OUT: 'What is your name?\nHello, ' | sub.load_operands
TICK: 000517 | PC: 00193 | STEP: 0 | IR: sub | A: 32 | AR: 1 | NZ: 01 | IE: 1 | PENDING: 0 | IN_INTR: 0 | DS: [0] | RS: [40] | MEM: - | LATCH: DS.push(ALU),PC,IR.clear | OUT: 'What is your name?\nHello, ' | sub.write_result
TICK: 000518 | PC: 00193 | STEP: 0 | IR: nif 203 | A: 32 | AR: 1 | NZ: 01 | IE: 1 | PENDING: 0 | IN_INTR: 0 | DS: [0] | RS: [40] | MEM: - | LATCH: IR | OUT: 'What is your name?\nHello, ' | fetch nif 203
TICK: 000519 | PC: 00193 | STEP: 1 | IR: nif 203 | A: 32 | AR: 1 | NZ: 01 | IE: 1 | PENDING: 0 | IN_INTR: 0 | DS: [] | RS: [40] | MEM: - | LATCH: ALU.left | OUT: 'What is your name?\nHello, ' | nif.test
TICK: 000520 | PC: 00198 | STEP: 0 | IR: nif 203 | A: 32 | AR: 1 | NZ: 01 | IE: 1 | PENDING: 0 | IN_INTR: 0 | DS: [] | RS: [40] | MEM: - | LATCH: PC,IR.clear | OUT: 'What is your name?\nHello, ' | nif.branch
TICK: 000521 | PC: 00198 | STEP: 0 | IR: jmp 182 | A: 32 | AR: 1 | NZ: 01 | IE: 1 | PENDING: 0 | IN_INTR: 0 | DS: [] | RS: [40] | MEM: - | LATCH: IR | OUT: 'What is your name?\nHello, ' | fetch jmp 182
TICK: 000522 | PC: 00182 | STEP: 0 | IR: jmp 182 | A: 32 | AR: 1 | NZ: 01 | IE: 1 | PENDING: 0 | IN_INTR: 0 | DS: [] | RS: [40] | MEM: - | LATCH: PC,IR.clear | OUT: 'What is your name?\nHello, ' | jmp 182
TICK: 000523 | PC: 00182 | STEP: 0 | IR: load 1 | A: 32 | AR: 1 | NZ: 01 | IE: 1 | PENDING: 0 | IN_INTR: 0 | DS: [] | RS: [40] | MEM: - | LATCH: IR | OUT: 'What is your name?\nHello, ' | fetch load 1
TICK: 000524 | PC: 00182 | STEP: 1 | IR: load 1 | A: 32 | AR: 1 | NZ: 01 | IE: 1 | PENDING: 0 | IN_INTR: 0 | DS: [] | RS: [40] | MEM: - | LATCH: AR | OUT: 'What is your name?\nHello, ' | load.addr 1
TICK: 000525 | PC: 00187 | STEP: 0 | IR: load 1 | A: 32 | AR: 1 | NZ: 01 | IE: 1 | PENDING: 0 | IN_INTR: 0 | DS: [0] | RS: [40] | MEM: read mem[1] | LATCH: DS.push,PC,IR.clear | OUT: 'What is your name?\nHello, ' | load.read
TICK: 000526 | PC: 00187 | STEP: 0 | IR: literal 0 | A: 32 | AR: 1 | NZ: 01 | IE: 1 | PENDING: 0 | IN_INTR: 0 | DS: [0] | RS: [40] | MEM: - | LATCH: IR | OUT: 'What is your name?\nHello, ' | fetch literal 0
TICK: 000527 | PC: 00192 | STEP: 0 | IR: literal 0 | A: 32 | AR: 1 | NZ: 01 | IE: 1 | PENDING: 0 | IN_INTR: 0 | DS: [0, 0] | RS: [40] | MEM: - | LATCH: DS.push,PC,IR.clear | OUT: 'What is your name?\nHello, ' | literal 0
TICK: 000528 | PC: 00192 | STEP: 0 | IR: sub | A: 32 | AR: 1 | NZ: 01 | IE: 1 | PENDING: 0 | IN_INTR: 0 | DS: [0, 0] | RS: [40] | MEM: - | LATCH: IR | OUT: 'What is your name?\nHello, ' | fetch sub
TICK: 000529 | PC: 00192 | STEP: 1 | IR: sub | A: 32 | AR: 1 | NZ: 01 | IE: 1 | PENDING: 0 | IN_INTR: 0 | DS: [] | RS: [40] | MEM: - | LATCH: ALU.left,ALU.right | OUT: 'What is your name?\nHello, ' | sub.load_operands
TICK: 000530 | PC: 00193 | STEP: 0 | IR: sub | A: 32 | AR: 1 | NZ: 01 | IE: 1 | PENDING: 0 | IN_INTR: 0 | DS: [0] | RS: [40] | MEM: - | LATCH: DS.push(ALU),PC,IR.clear | OUT: 'What is your name?\nHello, ' | sub.write_result
TICK: 000531 | PC: 00193 | STEP: 0 | IR: nif 203 | A: 32 | AR: 1 | NZ: 01 | IE: 1 | PENDING: 0 | IN_INTR: 0 | DS: [0] | RS: [40] | MEM: - | LATCH: IR | OUT: 'What is your name?\nHello, ' | fetch nif 203
TICK: 000532 | PC: 00193 | STEP: 1 | IR: nif 203 | A: 32 | AR: 1 | NZ: 01 | IE: 1 | PENDING: 0 | IN_INTR: 0 | DS: [] | RS: [40] | MEM: - | LATCH: ALU.left | OUT: 'What is your name?\nHello, ' | nif.test
TICK: 000533 | PC: 00198 | STEP: 0 | IR: nif 203 | A: 32 | AR: 1 | NZ: 01 | IE: 1 | PENDING: 0 | IN_INTR: 0 | DS: [] | RS: [40] | MEM: - | LATCH: PC,IR.clear | OUT: 'What is your name?\nHello, ' | nif.branch
TICK: 000534 | PC: 00198 | STEP: 0 | IR: jmp 182 | A: 32 | AR: 1 | NZ: 01 | IE: 1 | PENDING: 0 | IN_INTR: 0 | DS: [] | RS: [40] | MEM: - | LATCH: IR | OUT: 'What is your name?\nHello, ' | fetch jmp 182
TICK: 000535 | PC: 00182 | STEP: 0 | IR: jmp 182 | A: 32 | AR: 1 | NZ: 01 | IE: 1 | PENDING: 0 | IN_INTR: 0 | DS: [] | RS: [40] | MEM: - | LATCH: PC,IR.clear | OUT: 'What is your name?\nHello, ' | jmp 182
TICK: 000536 | PC: 00182 | STEP: 0 | IR: load 1 | A: 32 | AR: 1 | NZ: 01 | IE: 1 | PENDING: 0 | IN_INTR: 0 | DS: [] | RS: [40] | MEM: - | LATCH: IR | OUT: 'What is your name?\nHello, ' | fetch load 1
TICK: 000537 | PC: 00182 | STEP: 1 | IR: load 1 | A: 32 | AR: 1 | NZ: 01 | IE: 1 | PENDING: 0 | IN_INTR: 0 | DS: [] | RS: [40] | MEM: - | LATCH: AR | OUT: 'What is your name?\nHello, ' | load.addr 1
TICK: 000538 | PC: 00187 | STEP: 0 | IR: load 1 | A: 32 | AR: 1 | NZ: 01 | IE: 1 | PENDING: 0 | IN_INTR: 0 | DS: [0] | RS: [40] | MEM: read mem[1] | LATCH: DS.push,PC,IR.clear | OUT: 'What is your name?\nHello, ' | load.read
TICK: 000539 | PC: 00187 | STEP: 0 | IR: literal 0 | A: 32 | AR: 1 | NZ: 01 | IE: 1 | PENDING: 0 | IN_INTR: 0 | DS: [0] | RS: [40] | MEM: - | LATCH: IR | OUT: 'What is your name?\nHello, ' | fetch literal 0
TICK: 000540 | PC: 00192 | STEP: 0 | IR: literal 0 | A: 32 | AR: 1 | NZ: 01 | IE: 1 | PENDING: 0 | IN_INTR: 0 | DS: [0, 0] | RS: [40] | MEM: - | LATCH: DS.push,PC,IR.clear | OUT: 'What is your name?\nHello, ' | literal 0
TICK: 000541 | PC: 00192 | STEP: 0 | IR: sub | A: 32 | AR: 1 | NZ: 01 | IE: 1 | PENDING: 0 | IN_INTR: 0 | DS: [0, 0] | RS: [40] | MEM: - | LATCH: IR | OUT: 'What is your name?\nHello, ' | fetch sub
TICK: 000542 | PC: 00192 | STEP: 1 | IR: sub | A: 32 | AR: 1 | NZ: 01 | IE: 1 | PENDING: 0 | IN_INTR: 0 | DS: [] | RS: [40] | MEM: - | LATCH: ALU.left,ALU.right | OUT: 'What is your name?\nHello, ' | sub.load_operands
TICK: 000543 | PC: 00193 | STEP: 0 | IR: sub | A: 32 | AR: 1 | NZ: 01 | IE: 1 | PENDING: 0 | IN_INTR: 0 | DS: [0] | RS: [40] | MEM: - | LATCH: DS.push(ALU),PC,IR.clear | OUT: 'What is your name?\nHello, ' | sub.write_result
TICK: 000544 | PC: 00193 | STEP: 0 | IR: nif 203 | A: 32 | AR: 1 | NZ: 01 | IE: 1 | PENDING: 0 | IN_INTR: 0 | DS: [0] | RS: [40] | MEM: - | LATCH: IR | OUT: 'What is your name?\nHello, ' | fetch nif 203
TICK: 000545 | PC: 00193 | STEP: 1 | IR: nif 203 | A: 32 | AR: 1 | NZ: 01 | IE: 1 | PENDING: 0 | IN_INTR: 0 | DS: [] | RS: [40] | MEM: - | LATCH: ALU.left | OUT: 'What is your name?\nHello, ' | nif.test
TICK: 000546 | PC: 00198 | STEP: 0 | IR: nif 203 | A: 32 | AR: 1 | NZ: 01 | IE: 1 | PENDING: 0 | IN_INTR: 0 | DS: [] | RS: [40] | MEM: - | LATCH: PC,IR.clear | OUT: 'What is your name?\nHello, ' | nif.branch
TICK: 000547 | PC: 00198 | STEP: 0 | IR: jmp 182 | A: 32 | AR: 1 | NZ: 01 | IE: 1 | PENDING: 0 | IN_INTR: 0 | DS: [] | RS: [40] | MEM: - | LATCH: IR | OUT: 'What is your name?\nHello, ' | fetch jmp 182
TICK: 000548 | PC: 00182 | STEP: 0 | IR: jmp 182 | A: 32 | AR: 1 | NZ: 01 | IE: 1 | PENDING: 0 | IN_INTR: 0 | DS: [] | RS: [40] | MEM: - | LATCH: PC,IR.clear | OUT: 'What is your name?\nHello, ' | jmp 182
TICK: 000549 | PC: 00182 | STEP: 0 | IR: load 1 | A: 32 | AR: 1 | NZ: 01 | IE: 1 | PENDING: 0 | IN_INTR: 0 | DS: [] | RS: [40] | MEM: - | LATCH: IR | OUT: 'What is your name?\nHello, ' | fetch load 1
TICK: 000550 | PC: 00182 | STEP: 1 | IR: load 1 | A: 32 | AR: 1 | NZ: 01 | IE: 1 | PENDING: 0 | IN_INTR: 0 | DS: [] | RS: [40] | MEM: - | LATCH: AR | OUT: 'What is your name?\nHello, ' | load.addr 1
TICK: 000551 | PC: 00187 | STEP: 0 | IR: load 1 | A: 32 | AR: 1 | NZ: 01 | IE: 1 | PENDING: 0 | IN_INTR: 0 | DS: [0] | RS: [40] | MEM: read mem[1] | LATCH: DS.push,PC,IR.clear | OUT: 'What is your name?\nHello, ' | load.read
TICK: 000552 | PC: 00187 | STEP: 0 | IR: literal 0 | A: 32 | AR: 1 | NZ: 01 | IE: 1 | PENDING: 0 | IN_INTR: 0 | DS: [0] | RS: [40] | MEM: - | LATCH: IR | OUT: 'What is your name?\nHello, ' | fetch literal 0
TICK: 000553 | PC: 00192 | STEP: 0 | IR: literal 0 | A: 32 | AR: 1 | NZ: 01 | IE: 1 | PENDING: 0 | IN_INTR: 0 | DS: [0, 0] | RS: [40] | MEM: - | LATCH: DS.push,PC,IR.clear | OUT: 'What is your name?\nHello, ' | literal 0
TICK: 000554 | PC: 00192 | STEP: 0 | IR: sub | A: 32 | AR: 1 | NZ: 01 | IE: 1 | PENDING: 0 | IN_INTR: 0 | DS: [0, 0] | RS: [40] | MEM: - | LATCH: IR | OUT: 'What is your name?\nHello, ' | fetch sub
TICK: 000555 | PC: 00192 | STEP: 1 | IR: sub | A: 32 | AR: 1 | NZ: 01 | IE: 1 | PENDING: 0 | IN_INTR: 0 | DS: [] | RS: [40] | MEM: - | LATCH: ALU.left,ALU.right | OUT: 'What is your name?\nHello, ' | sub.load_operands
TICK: 000556 | PC: 00193 | STEP: 0 | IR: sub | A: 32 | AR: 1 | NZ: 01 | IE: 1 | PENDING: 0 | IN_INTR: 0 | DS: [0] | RS: [40] | MEM: - | LATCH: DS.push(ALU),PC,IR.clear | OUT: 'What is your name?\nHello, ' | sub.write_result
TICK: 000557 | PC: 00193 | STEP: 0 | IR: nif 203 | A: 32 | AR: 1 | NZ: 01 | IE: 1 | PENDING: 0 | IN_INTR: 0 | DS: [0] | RS: [40] | MEM: - | LATCH: IR | OUT: 'What is your name?\nHello, ' | fetch nif 203
TICK: 000558 | PC: 00193 | STEP: 1 | IR: nif 203 | A: 32 | AR: 1 | NZ: 01 | IE: 1 | PENDING: 0 | IN_INTR: 0 | DS: [] | RS: [40] | MEM: - | LATCH: ALU.left | OUT: 'What is your name?\nHello, ' | nif.test
TICK: 000559 | PC: 00198 | STEP: 0 | IR: nif 203 | A: 32 | AR: 1 | NZ: 01 | IE: 1 | PENDING: 0 | IN_INTR: 0 | DS: [] | RS: [40] | MEM: - | LATCH: PC,IR.clear | OUT: 'What is your name?\nHello, ' | nif.branch
TICK: 000560 | PC: 00198 | STEP: 0 | IR: jmp 182 | A: 32 | AR: 1 | NZ: 01 | IE: 1 | PENDING: 0 | IN_INTR: 0 | DS: [] | RS: [40] | MEM: - | LATCH: IR | OUT: 'What is your name?\nHello, ' | fetch jmp 182
TICK: 000561 | PC: 00182 | STEP: 0 | IR: jmp 182 | A: 32 | AR: 1 | NZ: 01 | IE: 1 | PENDING: 0 | IN_INTR: 0 | DS: [] | RS: [40] | MEM: - | LATCH: PC,IR.clear | OUT: 'What is your name?\nHello, ' | jmp 182
TICK: 000562 | PC: 00182 | STEP: 0 | IR: load 1 | A: 32 | AR: 1 | NZ: 01 | IE: 1 | PENDING: 0 | IN_INTR: 0 | DS: [] | RS: [40] | MEM: - | LATCH: IR | OUT: 'What is your name?\nHello, ' | fetch load 1
TICK: 000563 | PC: 00182 | STEP: 1 | IR: load 1 | A: 32 | AR: 1 | NZ: 01 | IE: 1 | PENDING: 0 | IN_INTR: 0 | DS: [] | RS: [40] | MEM: - | LATCH: AR | OUT: 'What is your name?\nHello, ' | load.addr 1
TICK: 000564 | PC: 00187 | STEP: 0 | IR: load 1 | A: 32 | AR: 1 | NZ: 01 | IE: 1 | PENDING: 0 | IN_INTR: 0 | DS: [0] | RS: [40] | MEM: read mem[1] | LATCH: DS.push,PC,IR.clear | OUT: 'What is your name?\nHello, ' | load.read
TICK: 000565 | PC: 00187 | STEP: 0 | IR: literal 0 | A: 32 | AR: 1 | NZ: 01 | IE: 1 | PENDING: 0 | IN_INTR: 0 | DS: [0] | RS: [40] | MEM: - | LATCH: IR | OUT: 'What is your name?\nHello, ' | fetch literal 0
TICK: 000566 | PC: 00192 | STEP: 0 | IR: literal 0 | A: 32 | AR: 1 | NZ: 01 | IE: 1 | PENDING: 0 | IN_INTR: 0 | DS: [0, 0] | RS: [40] | MEM: - | LATCH: DS.push,PC,IR.clear | OUT: 'What is your name?\nHello, ' | literal 0
TICK: 000567 | PC: 00192 | STEP: 0 | IR: sub | A: 32 | AR: 1 | NZ: 01 | IE: 1 | PENDING: 0 | IN_INTR: 0 | DS: [0, 0] | RS: [40] | MEM: - | LATCH: IR | OUT: 'What is your name?\nHello, ' | fetch sub
TICK: 000568 | PC: 00192 | STEP: 1 | IR: sub | A: 32 | AR: 1 | NZ: 01 | IE: 1 | PENDING: 0 | IN_INTR: 0 | DS: [] | RS: [40] | MEM: - | LATCH: ALU.left,ALU.right | OUT: 'What is your name?\nHello, ' | sub.load_operands
TICK: 000569 | PC: 00193 | STEP: 0 | IR: sub | A: 32 | AR: 1 | NZ: 01 | IE: 1 | PENDING: 0 | IN_INTR: 0 | DS: [0] | RS: [40] | MEM: - | LATCH: DS.push(ALU),PC,IR.clear | OUT: 'What is your name?\nHello, ' | sub.write_result
TICK: 000570 | PC: 00193 | STEP: 0 | IR: nif 203 | A: 32 | AR: 1 | NZ: 01 | IE: 1 | PENDING: 0 | IN_INTR: 0 | DS: [0] | RS: [40] | MEM: - | LATCH: IR | OUT: 'What is your name?\nHello, ' | fetch nif 203
TICK: 000571 | PC: 00193 | STEP: 1 | IR: nif 203 | A: 32 | AR: 1 | NZ: 01 | IE: 1 | PENDING: 0 | IN_INTR: 0 | DS: [] | RS: [40] | MEM: - | LATCH: ALU.left | OUT: 'What is your name?\nHello, ' | nif.test
TICK: 000572 | PC: 00198 | STEP: 0 | IR: nif 203 | A: 32 | AR: 1 | NZ: 01 | IE: 1 | PENDING: 0 | IN_INTR: 0 | DS: [] | RS: [40] | MEM: - | LATCH: PC,IR.clear | OUT: 'What is your name?\nHello, ' | nif.branch
TICK: 000573 | PC: 00198 | STEP: 0 | IR: jmp 182 | A: 32 | AR: 1 | NZ: 01 | IE: 1 | PENDING: 0 | IN_INTR: 0 | DS: [] | RS: [40] | MEM: - | LATCH: IR | OUT: 'What is your name?\nHello, ' | fetch jmp 182
TICK: 000574 | PC: 00182 | STEP: 0 | IR: jmp 182 | A: 32 | AR: 1 | NZ: 01 | IE: 1 | PENDING: 0 | IN_INTR: 0 | DS: [] | RS: [40] | MEM: - | LATCH: PC,IR.clear | OUT: 'What is your name?\nHello, ' | jmp 182
TICK: 000575 | PC: 00182 | STEP: 0 | IR: load 1 | A: 32 | AR: 1 | NZ: 01 | IE: 1 | PENDING: 0 | IN_INTR: 0 | DS: [] | RS: [40] | MEM: - | LATCH: IR | OUT: 'What is your name?\nHello, ' | fetch load 1
TICK: 000576 | PC: 00182 | STEP: 1 | IR: load 1 | A: 32 | AR: 1 | NZ: 01 | IE: 1 | PENDING: 0 | IN_INTR: 0 | DS: [] | RS: [40] | MEM: - | LATCH: AR | OUT: 'What is your name?\nHello, ' | load.addr 1
TICK: 000577 | PC: 00187 | STEP: 0 | IR: load 1 | A: 32 | AR: 1 | NZ: 01 | IE: 1 | PENDING: 0 | IN_INTR: 0 | DS: [0] | RS: [40] | MEM: read mem[1] | LATCH: DS.push,PC,IR.clear | OUT: 'What is your name?\nHello, ' | load.read
TICK: 000578 | PC: 00187 | STEP: 0 | IR: literal 0 | A: 32 | AR: 1 | NZ: 01 | IE: 1 | PENDING: 0 | IN_INTR: 0 | DS: [0] | RS: [40] | MEM: - | LATCH: IR | OUT: 'What is your name?\nHello, ' | fetch literal 0
TICK: 000579 | PC: 00192 | STEP: 0 | IR: literal 0 | A: 32 | AR: 1 | NZ: 01 | IE: 1 | PENDING: 0 | IN_INTR: 0 | DS: [0, 0] | RS: [40] | MEM: - | LATCH: DS.push,PC,IR.clear | OUT: 'What is your name?\nHello, ' | literal 0
TICK: 000580 | PC: 00192 | STEP: 0 | IR: sub | A: 32 | AR: 1 | NZ: 01 | IE: 1 | PENDING: 0 | IN_INTR: 0 | DS: [0, 0] | RS: [40] | MEM: - | LATCH: IR | OUT: 'What is your name?\nHello, ' | fetch sub
TICK: 000581 | PC: 00192 | STEP: 1 | IR: sub | A: 32 | AR: 1 | NZ: 01 | IE: 1 | PENDING: 0 | IN_INTR: 0 | DS: [] | RS: [40] | MEM: - | LATCH: ALU.left,ALU.right | OUT: 'What is your name?\nHello, ' | sub.load_operands
TICK: 000582 | PC: 00193 | STEP: 0 | IR: sub | A: 32 | AR: 1 | NZ: 01 | IE: 1 | PENDING: 0 | IN_INTR: 0 | DS: [0] | RS: [40] | MEM: - | LATCH: DS.push(ALU),PC,IR.clear | OUT: 'What is your name?\nHello, ' | sub.write_result
TICK: 000583 | PC: 00193 | STEP: 0 | IR: nif 203 | A: 32 | AR: 1 | NZ: 01 | IE: 1 | PENDING: 0 | IN_INTR: 0 | DS: [0] | RS: [40] | MEM: - | LATCH: IR | OUT: 'What is your name?\nHello, ' | fetch nif 203
TICK: 000584 | PC: 00193 | STEP: 1 | IR: nif 203 | A: 32 | AR: 1 | NZ: 01 | IE: 1 | PENDING: 0 | IN_INTR: 0 | DS: [] | RS: [40] | MEM: - | LATCH: ALU.left | OUT: 'What is your name?\nHello, ' | nif.test
TICK: 000585 | PC: 00198 | STEP: 0 | IR: nif 203 | A: 32 | AR: 1 | NZ: 01 | IE: 1 | PENDING: 0 | IN_INTR: 0 | DS: [] | RS: [40] | MEM: - | LATCH: PC,IR.clear | OUT: 'What is your name?\nHello, ' | nif.branch
TICK: 000586 | PC: 00198 | STEP: 0 | IR: jmp 182 | A: 32 | AR: 1 | NZ: 01 | IE: 1 | PENDING: 0 | IN_INTR: 0 | DS: [] | RS: [40] | MEM: - | LATCH: IR | OUT: 'What is your name?\nHello, ' | fetch jmp 182
TICK: 000587 | PC: 00182 | STEP: 0 | IR: jmp 182 | A: 32 | AR: 1 | NZ: 01 | IE: 1 | PENDING: 0 | IN_INTR: 0 | DS: [] | RS: [40] | MEM: - | LATCH: PC,IR.clear | OUT: 'What is your name?\nHello, ' | jmp 182
TICK: 000588 | PC: 00182 | STEP: 0 | IR: load 1 | A: 32 | AR: 1 | NZ: 01 | IE: 1 | PENDING: 0 | IN_INTR: 0 | DS: [] | RS: [40] | MEM: - | LATCH: IR | OUT: 'What is your name?\nHello, ' | fetch load 1
TICK: 000589 | PC: 00182 | STEP: 1 | IR: load 1 | A: 32 | AR: 1 | NZ: 01 | IE: 1 | PENDING: 0 | IN_INTR: 0 | DS: [] | RS: [40] | MEM: - | LATCH: AR | OUT: 'What is your name?\nHello, ' | load.addr 1
TICK: 000590 | PC: 00187 | STEP: 0 | IR: load 1 | A: 32 | AR: 1 | NZ: 01 | IE: 1 | PENDING: 0 | IN_INTR: 0 | DS: [0] | RS: [40] | MEM: read mem[1] | LATCH: DS.push,PC,IR.clear | OUT: 'What is your name?\nHello, ' | load.read
TICK: 000591 | PC: 00187 | STEP: 0 | IR: literal 0 | A: 32 | AR: 1 | NZ: 01 | IE: 1 | PENDING: 0 | IN_INTR: 0 | DS: [0] | RS: [40] | MEM: - | LATCH: IR | OUT: 'What is your name?\nHello, ' | fetch literal 0
TICK: 000592 | PC: 00192 | STEP: 0 | IR: literal 0 | A: 32 | AR: 1 | NZ: 01 | IE: 1 | PENDING: 0 | IN_INTR: 0 | DS: [0, 0] | RS: [40] | MEM: - | LATCH: DS.push,PC,IR.clear | OUT: 'What is your name?\nHello, ' | literal 0
TICK: 000593 | PC: 00192 | STEP: 0 | IR: sub | A: 32 | AR: 1 | NZ: 01 | IE: 1 | PENDING: 0 | IN_INTR: 0 | DS: [0, 0] | RS: [40] | MEM: - | LATCH: IR | OUT: 'What is your name?\nHello, ' | fetch sub
TICK: 000594 | PC: 00192 | STEP: 1 | IR: sub | A: 32 | AR: 1 | NZ: 01 | IE: 1 | PENDING: 0 | IN_INTR: 0 | DS: [] | RS: [40] | MEM: - | LATCH: ALU.left,ALU.right | OUT: 'What is your name?\nHello, ' | sub.load_operands
TICK: 000595 | PC: 00193 | STEP: 0 | IR: sub | A: 32 | AR: 1 | NZ: 01 | IE: 1 | PENDING: 0 | IN_INTR: 0 | DS: [0] | RS: [40] | MEM: - | LATCH: DS.push(ALU),PC,IR.clear | OUT: 'What is your name?\nHello, ' | sub.write_result
TICK: 000596 | PC: 00193 | STEP: 0 | IR: nif 203 | A: 32 | AR: 1 | NZ: 01 | IE: 1 | PENDING: 0 | IN_INTR: 0 | DS: [0] | RS: [40] | MEM: - | LATCH: IR | OUT: 'What is your name?\nHello, ' | fetch nif 203
TICK: 000597 | PC: 00193 | STEP: 1 | IR: nif 203 | A: 32 | AR: 1 | NZ: 01 | IE: 1 | PENDING: 0 | IN_INTR: 0 | DS: [] | RS: [40] | MEM: - | LATCH: ALU.left | OUT: 'What is your name?\nHello, ' | nif.test
TICK: 000598 | PC: 00198 | STEP: 0 | IR: nif 203 | A: 32 | AR: 1 | NZ: 01 | IE: 1 | PENDING: 0 | IN_INTR: 0 | DS: [] | RS: [40] | MEM: - | LATCH: PC,IR.clear | OUT: 'What is your name?\nHello, ' | nif.branch
TICK: 000599 | PC: 00198 | STEP: 0 | IR: jmp 182 | A: 32 | AR: 1 | NZ: 01 | IE: 1 | PENDING: 0 | IN_INTR: 0 | DS: [] | RS: [40] | MEM: - | LATCH: IR | OUT: 'What is your name?\nHello, ' | fetch jmp 182
TICK: 000600 | PC: 00182 | STEP: 0 | IR: jmp 182 | A: 32 | AR: 1 | NZ: 01 | IE: 1 | PENDING: 0 | IN_INTR: 0 | DS: [] | RS: [40] | MEM: - | LATCH: PC,IR.clear | OUT: 'What is your name?\nHello, ' | jmp 182
TICK: 000601 | PC: 00182 | STEP: 0 | IR: load 1 | A: 32 | AR: 1 | NZ: 01 | IE: 1 | PENDING: 0 | IN_INTR: 0 | DS: [] | RS: [40] | MEM: - | LATCH: IR | OUT: 'What is your name?\nHello, ' | fetch load 1
TICK: 000602 | PC: 00182 | STEP: 1 | IR: load 1 | A: 32 | AR: 1 | NZ: 01 | IE: 1 | PENDING: 0 | IN_INTR: 0 | DS: [] | RS: [40] | MEM: - | LATCH: AR | OUT: 'What is your name?\nHello, ' | load.addr 1
TICK: 000603 | PC: 00187 | STEP: 0 | IR: load 1 | A: 32 | AR: 1 | NZ: 01 | IE: 1 | PENDING: 0 | IN_INTR: 0 | DS: [0] | RS: [40] | MEM: read mem[1] | LATCH: DS.push,PC,IR.clear | OUT: 'What is your name?\nHello, ' | load.read
TICK: 000604 | PC: 00187 | STEP: 0 | IR: literal 0 | A: 32 | AR: 1 | NZ: 01 | IE: 1 | PENDING: 0 | IN_INTR: 0 | DS: [0] | RS: [40] | MEM: - | LATCH: IR | OUT: 'What is your name?\nHello, ' | fetch literal 0
TICK: 000605 | PC: 00192 | STEP: 0 | IR: literal 0 | A: 32 | AR: 1 | NZ: 01 | IE: 1 | PENDING: 0 | IN_INTR: 0 | DS: [0, 0] | RS: [40] | MEM: - | LATCH: DS.push,PC,IR.clear | OUT: 'What is your name?\nHello, ' | literal 0
TICK: 000606 | PC: 00192 | STEP: 0 | IR: sub | A: 32 | AR: 1 | NZ: 01 | IE: 1 | PENDING: 0 | IN_INTR: 0 | DS: [0, 0] | RS: [40] | MEM: - | LATCH: IR | OUT: 'What is your name?\nHello, ' | fetch sub
TICK: 000607 | PC: 00192 | STEP: 1 | IR: sub | A: 32 | AR: 1 | NZ: 01 | IE: 1 | PENDING: 0 | IN_INTR: 0 | DS: [] | RS: [40] | MEM: - | LATCH: ALU.left,ALU.right | OUT: 'What is your name?\nHello, ' | sub.load_operands
TICK: 000608 | PC: 00193 | STEP: 0 | IR: sub | A: 32 | AR: 1 | NZ: 01 | IE: 1 | PENDING: 0 | IN_INTR: 0 | DS: [0] | RS: [40] | MEM: - | LATCH: DS.push(ALU),PC,IR.clear | OUT: 'What is your name?\nHello, ' | sub.write_result
TICK: 000609 | PC: 00193 | STEP: 0 | IR: nif 203 | A: 32 | AR: 1 | NZ: 01 | IE: 1 | PENDING: 0 | IN_INTR: 0 | DS: [0] | RS: [40] | MEM: - | LATCH: IR | OUT: 'What is your name?\nHello, ' | fetch nif 203
TICK: 000610 | PC: 00193 | STEP: 1 | IR: nif 203 | A: 32 | AR: 1 | NZ: 01 | IE: 1 | PENDING: 0 | IN_INTR: 0 | DS: [] | RS: [40] | MEM: - | LATCH: ALU.left | OUT: 'What is your name?\nHello, ' | nif.test
TICK: 000611 | PC: 00198 | STEP: 0 | IR: nif 203 | A: 32 | AR: 1 | NZ: 01 | IE: 1 | PENDING: 0 | IN_INTR: 0 | DS: [] | RS: [40] | MEM: - | LATCH: PC,IR.clear | OUT: 'What is your name?\nHello, ' | nif.branch
TICK: 000612 | PC: 00198 | STEP: 0 | IR: jmp 182 | A: 32 | AR: 1 | NZ: 01 | IE: 1 | PENDING: 0 | IN_INTR: 0 | DS: [] | RS: [40] | MEM: - | LATCH: IR | OUT: 'What is your name?\nHello, ' | fetch jmp 182
TICK: 000613 | PC: 00182 | STEP: 0 | IR: jmp 182 | A: 32 | AR: 1 | NZ: 01 | IE: 1 | PENDING: 0 | IN_INTR: 0 | DS: [] | RS: [40] | MEM: - | LATCH: PC,IR.clear | OUT: 'What is your name?\nHello, ' | jmp 182
TICK: 000614 | PC: 00182 | STEP: 0 | IR: load 1 | A: 32 | AR: 1 | NZ: 01 | IE: 1 | PENDING: 0 | IN_INTR: 0 | DS: [] | RS: [40] | MEM: - | LATCH: IR | OUT: 'What is your name?\nHello, ' | fetch load 1
TICK: 000615 | PC: 00182 | STEP: 1 | IR: load 1 | A: 32 | AR: 1 | NZ: 01 | IE: 1 | PENDING: 0 | IN_INTR: 0 | DS: [] | RS: [40] | MEM: - | LATCH: AR | OUT: 'What is your name?\nHello, ' | load.addr 1
TICK: 000616 | PC: 00187 | STEP: 0 | IR: load 1 | A: 32 | AR: 1 | NZ: 01 | IE: 1 | PENDING: 0 | IN_INTR: 0 | DS: [0] | RS: [40] | MEM: read mem[1] | LATCH: DS.push,PC,IR.clear | OUT: 'What is your name?\nHello, ' | load.read
TICK: 000617 | PC: 00187 | STEP: 0 | IR: literal 0 | A: 32 | AR: 1 | NZ: 01 | IE: 1 | PENDING: 0 | IN_INTR: 0 | DS: [0] | RS: [40] | MEM: - | LATCH: IR | OUT: 'What is your name?\nHello, ' | fetch literal 0
TICK: 000618 | PC: 00192 | STEP: 0 | IR: literal 0 | A: 32 | AR: 1 | NZ: 01 | IE: 1 | PENDING: 0 | IN_INTR: 0 | DS: [0, 0] | RS: [40] | MEM: - | LATCH: DS.push,PC,IR.clear | OUT: 'What is your name?\nHello, ' | literal 0
TICK: 000619 | PC: 00192 | STEP: 0 | IR: sub | A: 32 | AR: 1 | NZ: 01 | IE: 1 | PENDING: 0 | IN_INTR: 0 | DS: [0, 0] | RS: [40] | MEM: - | LATCH: IR | OUT: 'What is your name?\nHello, ' | fetch sub
TICK: 000620 | PC: 00192 | STEP: 1 | IR: sub | A: 32 | AR: 1 | NZ: 01 | IE: 1 | PENDING: 0 | IN_INTR: 0 | DS: [] | RS: [40] | MEM: - | LATCH: ALU.left,ALU.right | OUT: 'What is your name?\nHello, ' | sub.load_operands
TICK: 000621 | PC: 00193 | STEP: 0 | IR: sub | A: 32 | AR: 1 | NZ: 01 | IE: 1 | PENDING: 0 | IN_INTR: 0 | DS: [0] | RS: [40] | MEM: - | LATCH: DS.push(ALU),PC,IR.clear | OUT: 'What is your name?\nHello, ' | sub.write_result
TICK: 000622 | PC: 00193 | STEP: 0 | IR: nif 203 | A: 32 | AR: 1 | NZ: 01 | IE: 1 | PENDING: 0 | IN_INTR: 0 | DS: [0] | RS: [40] | MEM: - | LATCH: IR | OUT: 'What is your name?\nHello, ' | fetch nif 203
TICK: 000623 | PC: 00193 | STEP: 1 | IR: nif 203 | A: 32 | AR: 1 | NZ: 01 | IE: 1 | PENDING: 0 | IN_INTR: 0 | DS: [] | RS: [40] | MEM: - | LATCH: ALU.left | OUT: 'What is your name?\nHello, ' | nif.test
TICK: 000624 | PC: 00198 | STEP: 0 | IR: nif 203 | A: 32 | AR: 1 | NZ: 01 | IE: 1 | PENDING: 0 | IN_INTR: 0 | DS: [] | RS: [40] | MEM: - | LATCH: PC,IR.clear | OUT: 'What is your name?\nHello, ' | nif.branch
TICK: 000625 | PC: 00198 | STEP: 0 | IR: jmp 182 | A: 32 | AR: 1 | NZ: 01 | IE: 1 | PENDING: 0 | IN_INTR: 0 | DS: [] | RS: [40] | MEM: - | LATCH: IR | OUT: 'What is your name?\nHello, ' | fetch jmp 182
TICK: 000626 | PC: 00182 | STEP: 0 | IR: jmp 182 | A: 32 | AR: 1 | NZ: 01 | IE: 1 | PENDING: 0 | IN_INTR: 0 | DS: [] | RS: [40] | MEM: - | LATCH: PC,IR.clear | OUT: 'What is your name?\nHello, ' | jmp 182
TICK: 000627 | PC: 00182 | STEP: 0 | IR: load 1 | A: 32 | AR: 1 | NZ: 01 | IE: 1 | PENDING: 0 | IN_INTR: 0 | DS: [] | RS: [40] | MEM: - | LATCH: IR | OUT: 'What is your name?\nHello, ' | fetch load 1
TICK: 000628 | PC: 00182 | STEP: 1 | IR: load 1 | A: 32 | AR: 1 | NZ: 01 | IE: 1 | PENDING: 0 | IN_INTR: 0 | DS: [] | RS: [40] | MEM: - | LATCH: AR | OUT: 'What is your name?\nHello, ' | load.addr 1
TICK: 000629 | PC: 00187 | STEP: 0 | IR: load 1 | A: 32 | AR: 1 | NZ: 01 | IE: 1 | PENDING: 0 | IN_INTR: 0 | DS: [0] | RS: [40] | MEM: read mem[1] | LATCH: DS.push,PC,IR.clear | OUT: 'What is your name?\nHello, ' | load.read
TICK: 000630 | PC: 00187 | STEP: 0 | IR: literal 0 | A: 32 | AR: 1 | NZ: 01 | IE: 1 | PENDING: 0 | IN_INTR: 0 | DS: [0] | RS: [40] | MEM: - | LATCH: IR | OUT: 'What is your name?\nHello, ' | fetch literal 0
TICK: 000631 | PC: 00192 | STEP: 0 | IR: literal 0 | A: 32 | AR: 1 | NZ: 01 | IE: 1 | PENDING: 0 | IN_INTR: 0 | DS: [0, 0] | RS: [40] | MEM: - | LATCH: DS.push,PC,IR.clear | OUT: 'What is your name?\nHello, ' | literal 0
TICK: 000632 | PC: 00192 | STEP: 0 | IR: sub | A: 32 | AR: 1 | NZ: 01 | IE: 1 | PENDING: 0 | IN_INTR: 0 | DS: [0, 0] | RS: [40] | MEM: - | LATCH: IR | OUT: 'What is your name?\nHello, ' | fetch sub
TICK: 000633 | PC: 00192 | STEP: 1 | IR: sub | A: 32 | AR: 1 | NZ: 01 | IE: 1 | PENDING: 0 | IN_INTR: 0 | DS: [] | RS: [40] | MEM: - | LATCH: ALU.left,ALU.right | OUT: 'What is your name?\nHello, ' | sub.load_operands
TICK: 000634 | PC: 00193 | STEP: 0 | IR: sub | A: 32 | AR: 1 | NZ: 01 | IE: 1 | PENDING: 0 | IN_INTR: 0 | DS: [0] | RS: [40] | MEM: - | LATCH: DS.push(ALU),PC,IR.clear | OUT: 'What is your name?\nHello, ' | sub.write_result
TICK: 000635 | PC: 00193 | STEP: 0 | IR: nif 203 | A: 32 | AR: 1 | NZ: 01 | IE: 1 | PENDING: 0 | IN_INTR: 0 | DS: [0] | RS: [40] | MEM: - | LATCH: IR | OUT: 'What is your name?\nHello, ' | fetch nif 203
TICK: 000636 | PC: 00193 | STEP: 1 | IR: nif 203 | A: 32 | AR: 1 | NZ: 01 | IE: 1 | PENDING: 0 | IN_INTR: 0 | DS: [] | RS: [40] | MEM: - | LATCH: ALU.left | OUT: 'What is your name?\nHello, ' | nif.test
TICK: 000637 | PC: 00198 | STEP: 0 | IR: nif 203 | A: 32 | AR: 1 | NZ: 01 | IE: 1 | PENDING: 0 | IN_INTR: 0 | DS: [] | RS: [40] | MEM: - | LATCH: PC,IR.clear | OUT: 'What is your name?\nHello, ' | nif.branch
TICK: 000638 | PC: 00198 | STEP: 0 | IR: jmp 182 | A: 32 | AR: 1 | NZ: 01 | IE: 1 | PENDING: 0 | IN_INTR: 0 | DS: [] | RS: [40] | MEM: - | LATCH: IR | OUT: 'What is your name?\nHello, ' | fetch jmp 182
TICK: 000639 | PC: 00182 | STEP: 0 | IR: jmp 182 | A: 32 | AR: 1 | NZ: 01 | IE: 1 | PENDING: 0 | IN_INTR: 0 | DS: [] | RS: [40] | MEM: - | LATCH: PC,IR.clear | OUT: 'What is your name?\nHello, ' | jmp 182
TICK: 000640 | PC: 00182 | STEP: 0 | IR: load 1 | A: 32 | AR: 1 | NZ: 01 | IE: 1 | PENDING: 0 | IN_INTR: 0 | DS: [] | RS: [40] | MEM: - | LATCH: IR | OUT: 'What is your name?\nHello, ' | fetch load 1
TICK: 000641 | PC: 00182 | STEP: 1 | IR: load 1 | A: 32 | AR: 1 | NZ: 01 | IE: 1 | PENDING: 0 | IN_INTR: 0 | DS: [] | RS: [40] | MEM: - | LATCH: AR | OUT: 'What is your name?\nHello, ' | load.addr 1
TICK: 000642 | PC: 00187 | STEP: 0 | IR: load 1 | A: 32 | AR: 1 | NZ: 01 | IE: 1 | PENDING: 0 | IN_INTR: 0 | DS: [0] | RS: [40] | MEM: read mem[1] | LATCH: DS.push,PC,IR.clear | OUT: 'What is your name?\nHello, ' | load.read
TICK: 000643 | PC: 00187 | STEP: 0 | IR: literal 0 | A: 32 | AR: 1 | NZ: 01 | IE: 1 | PENDING: 0 | IN_INTR: 0 | DS: [0] | RS: [40] | MEM: - | LATCH: IR | OUT: 'What is your name?\nHello, ' | fetch literal 0
TICK: 000644 | PC: 00192 | STEP: 0 | IR: literal 0 | A: 32 | AR: 1 | NZ: 01 | IE: 1 | PENDING: 0 | IN_INTR: 0 | DS: [0, 0] | RS: [40] | MEM: - | LATCH: DS.push,PC,IR.clear | OUT: 'What is your name?\nHello, ' | literal 0
TICK: 000645 | PC: 00192 | STEP: 0 | IR: sub | A: 32 | AR: 1 | NZ: 01 | IE: 1 | PENDING: 0 | IN_INTR: 0 | DS: [0, 0] | RS: [40] | MEM: - | LATCH: IR | OUT: 'What is your name?\nHello, ' | fetch sub
TICK: 000646 | PC: 00192 | STEP: 1 | IR: sub | A: 32 | AR: 1 | NZ: 01 | IE: 1 | PENDING: 0 | IN_INTR: 0 | DS: [] | RS: [40] | MEM: - | LATCH: ALU.left,ALU.right | OUT: 'What is your name?\nHello, ' | sub.load_operands
TICK: 000647 | PC: 00193 | STEP: 0 | IR: sub | A: 32 | AR: 1 | NZ: 01 | IE: 1 | PENDING: 0 | IN_INTR: 0 | DS: [0] | RS: [40] | MEM: - | LATCH: DS.push(ALU),PC,IR.clear | OUT: 'What is your name?\nHello, ' | sub.write_result
TICK: 000648 | PC: 00193 | STEP: 0 | IR: nif 203 | A: 32 | AR: 1 | NZ: 01 | IE: 1 | PENDING: 0 | IN_INTR: 0 | DS: [0] | RS: [40] | MEM: - | LATCH: IR | OUT: 'What is your name?\nHello, ' | fetch nif 203
TICK: 000649 | PC: 00193 | STEP: 1 | IR: nif 203 | A: 32 | AR: 1 | NZ: 01 | IE: 1 | PENDING: 0 | IN_INTR: 0 | DS: [] | RS: [40] | MEM: - | LATCH: ALU.left | OUT: 'What is your name?\nHello, ' | nif.test
TICK: 000650 | PC: 00198 | STEP: 0 | IR: nif 203 | A: 32 | AR: 1 | NZ: 01 | IE: 1 | PENDING: 0 | IN_INTR: 0 | DS: [] | RS: [40] | MEM: - | LATCH: PC,IR.clear | OUT: 'What is your name?\nHello, ' | nif.branch
TICK: 000651 | PC: 00198 | STEP: 0 | IR: jmp 182 | A: 32 | AR: 1 | NZ: 01 | IE: 1 | PENDING: 0 | IN_INTR: 0 | DS: [] | RS: [40] | MEM: - | LATCH: IR | OUT: 'What is your name?\nHello, ' | fetch jmp 182
TICK: 000652 | PC: 00182 | STEP: 0 | IR: jmp 182 | A: 32 | AR: 1 | NZ: 01 | IE: 1 | PENDING: 0 | IN_INTR: 0 | DS: [] | RS: [40] | MEM: - | LATCH: PC,IR.clear | OUT: 'What is your name?\nHello, ' | jmp 182
TICK: 000653 | PC: 00182 | STEP: 0 | IR: load 1 | A: 32 | AR: 1 | NZ: 01 | IE: 1 | PENDING: 0 | IN_INTR: 0 | DS: [] | RS: [40] | MEM: - | LATCH: IR | OUT: 'What is your name?\nHello, ' | fetch load 1
TICK: 000654 | PC: 00182 | STEP: 1 | IR: load 1 | A: 32 | AR: 1 | NZ: 01 | IE: 1 | PENDING: 0 | IN_INTR: 0 | DS: [] | RS: [40] | MEM: - | LATCH: AR | OUT: 'What is your name?\nHello, ' | load.addr 1
TICK: 000655 | PC: 00187 | STEP: 0 | IR: load 1 | A: 32 | AR: 1 | NZ: 01 | IE: 1 | PENDING: 0 | IN_INTR: 0 | DS: [0] | RS: [40] | MEM: read mem[1] | LATCH: DS.push,PC,IR.clear | OUT: 'What is your name?\nHello, ' | load.read
TICK: 000656 | PC: 00187 | STEP: 0 | IR: literal 0 | A: 32 | AR: 1 | NZ: 01 | IE: 1 | PENDING: 0 | IN_INTR: 0 | DS: [0] | RS: [40] | MEM: - | LATCH: IR | OUT: 'What is your name?\nHello, ' | fetch literal 0
TICK: 000657 | PC: 00192 | STEP: 0 | IR: literal 0 | A: 32 | AR: 1 | NZ: 01 | IE: 1 | PENDING: 0 | IN_INTR: 0 | DS: [0, 0] | RS: [40] | MEM: - | LATCH: DS.push,PC,IR.clear | OUT: 'What is your name?\nHello, ' | literal 0
TICK: 000658 | PC: 00192 | STEP: 0 | IR: sub | A: 32 | AR: 1 | NZ: 01 | IE: 1 | PENDING: 0 | IN_INTR: 0 | DS: [0, 0] | RS: [40] | MEM: - | LATCH: IR | OUT: 'What is your name?\nHello, ' | fetch sub
TICK: 000659 | PC: 00192 | STEP: 1 | IR: sub | A: 32 | AR: 1 | NZ: 01 | IE: 1 | PENDING: 0 | IN_INTR: 0 | DS: [] | RS: [40] | MEM: - | LATCH: ALU.left,ALU.right | OUT: 'What is your name?\nHello, ' | sub.load_operands
TICK: 000660 | PC: 00193 | STEP: 0 | IR: sub | A: 32 | AR: 1 | NZ: 01 | IE: 1 | PENDING: 0 | IN_INTR: 0 | DS: [0] | RS: [40] | MEM: - | LATCH: DS.push(ALU),PC,IR.clear | OUT: 'What is your name?\nHello, ' | sub.write_result
TICK: 000661 | PC: 00193 | STEP: 0 | IR: nif 203 | A: 32 | AR: 1 | NZ: 01 | IE: 1 | PENDING: 0 | IN_INTR: 0 | DS: [0] | RS: [40] | MEM: - | LATCH: IR | OUT: 'What is your name?\nHello, ' | fetch nif 203
TICK: 000662 | PC: 00193 | STEP: 1 | IR: nif 203 | A: 32 | AR: 1 | NZ: 01 | IE: 1 | PENDING: 0 | IN_INTR: 0 | DS: [] | RS: [40] | MEM: - | LATCH: ALU.left | OUT: 'What is your name?\nHello, ' | nif.test
TICK: 000663 | PC: 00198 | STEP: 0 | IR: nif 203 | A: 32 | AR: 1 | NZ: 01 | IE: 1 | PENDING: 0 | IN_INTR: 0 | DS: [] | RS: [40] | MEM: - | LATCH: PC,IR.clear | OUT: 'What is your name?\nHello, ' | nif.branch
TICK: 000664 | PC: 00198 | STEP: 0 | IR: jmp 182 | A: 32 | AR: 1 | NZ: 01 | IE: 1 | PENDING: 0 | IN_INTR: 0 | DS: [] | RS: [40] | MEM: - | LATCH: IR | OUT: 'What is your name?\nHello, ' | fetch jmp 182
TICK: 000665 | PC: 00182 | STEP: 0 | IR: jmp 182 | A: 32 | AR: 1 | NZ: 01 | IE: 1 | PENDING: 0 | IN_INTR: 0 | DS: [] | RS: [40] | MEM: - | LATCH: PC,IR.clear | OUT: 'What is your name?\nHello, ' | jmp 182
TICK: 000666 | PC: 00182 | STEP: 0 | IR: load 1 | A: 32 | AR: 1 | NZ: 01 | IE: 1 | PENDING: 0 | IN_INTR: 0 | DS: [] | RS: [40] | MEM: - | LATCH: IR | OUT: 'What is your name?\nHello, ' | fetch load 1
TICK: 000667 | PC: 00182 | STEP: 1 | IR: load 1 | A: 32 | AR: 1 | NZ: 01 | IE: 1 | PENDING: 0 | IN_INTR: 0 | DS: [] | RS: [40] | MEM: - | LATCH: AR | OUT: 'What is your name?\nHello, ' | load.addr 1
TICK: 000668 | PC: 00187 | STEP: 0 | IR: load 1 | A: 32 | AR: 1 | NZ: 01 | IE: 1 | PENDING: 0 | IN_INTR: 0 | DS: [0] | RS: [40] | MEM: read mem[1] | LATCH: DS.push,PC,IR.clear | OUT: 'What is your name?\nHello, ' | load.read
TICK: 000669 | PC: 00187 | STEP: 0 | IR: literal 0 | A: 32 | AR: 1 | NZ: 01 | IE: 1 | PENDING: 0 | IN_INTR: 0 | DS: [0] | RS: [40] | MEM: - | LATCH: IR | OUT: 'What is your name?\nHello, ' | fetch literal 0
TICK: 000670 | PC: 00192 | STEP: 0 | IR: literal 0 | A: 32 | AR: 1 | NZ: 01 | IE: 1 | PENDING: 0 | IN_INTR: 0 | DS: [0, 0] | RS: [40] | MEM: - | LATCH: DS.push,PC,IR.clear | OUT: 'What is your name?\nHello, ' | literal 0
TICK: 000671 | PC: 00192 | STEP: 0 | IR: sub | A: 32 | AR: 1 | NZ: 01 | IE: 1 | PENDING: 0 | IN_INTR: 0 | DS: [0, 0] | RS: [40] | MEM: - | LATCH: IR | OUT: 'What is your name?\nHello, ' | fetch sub
TICK: 000672 | PC: 00192 | STEP: 1 | IR: sub | A: 32 | AR: 1 | NZ: 01 | IE: 1 | PENDING: 0 | IN_INTR: 0 | DS: [] | RS: [40] | MEM: - | LATCH: ALU.left,ALU.right | OUT: 'What is your name?\nHello, ' | sub.load_operands
TICK: 000673 | PC: 00193 | STEP: 0 | IR: sub | A: 32 | AR: 1 | NZ: 01 | IE: 1 | PENDING: 0 | IN_INTR: 0 | DS: [0] | RS: [40] | MEM: - | LATCH: DS.push(ALU),PC,IR.clear | OUT: 'What is your name?\nHello, ' | sub.write_result
TICK: 000674 | PC: 00193 | STEP: 0 | IR: nif 203 | A: 32 | AR: 1 | NZ: 01 | IE: 1 | PENDING: 0 | IN_INTR: 0 | DS: [0] | RS: [40] | MEM: - | LATCH: IR | OUT: 'What is your name?\nHello, ' | fetch nif 203
TICK: 000675 | PC: 00193 | STEP: 1 | IR: nif 203 | A: 32 | AR: 1 | NZ: 01 | IE: 1 | PENDING: 0 | IN_INTR: 0 | DS: [] | RS: [40] | MEM: - | LATCH: ALU.left | OUT: 'What is your name?\nHello, ' | nif.test
TICK: 000676 | PC: 00198 | STEP: 0 | IR: nif 203 | A: 32 | AR: 1 | NZ: 01 | IE: 1 | PENDING: 0 | IN_INTR: 0 | DS: [] | RS: [40] | MEM: - | LATCH: PC,IR.clear | OUT: 'What is your name?\nHello, ' | nif.branch
TICK: 000677 | PC: 00198 | STEP: 0 | IR: jmp 182 | A: 32 | AR: 1 | NZ: 01 | IE: 1 | PENDING: 0 | IN_INTR: 0 | DS: [] | RS: [40] | MEM: - | LATCH: IR | OUT: 'What is your name?\nHello, ' | fetch jmp 182
TICK: 000678 | PC: 00182 | STEP: 0 | IR: jmp 182 | A: 32 | AR: 1 | NZ: 01 | IE: 1 | PENDING: 0 | IN_INTR: 0 | DS: [] | RS: [40] | MEM: - | LATCH: PC,IR.clear | OUT: 'What is your name?\nHello, ' | jmp 182
TICK: 000679 | PC: 00182 | STEP: 0 | IR: load 1 | A: 32 | AR: 1 | NZ: 01 | IE: 1 | PENDING: 0 | IN_INTR: 0 | DS: [] | RS: [40] | MEM: - | LATCH: IR | OUT: 'What is your name?\nHello, ' | fetch load 1
TICK: 000680 | PC: 00182 | STEP: 1 | IR: load 1 | A: 32 | AR: 1 | NZ: 01 | IE: 1 | PENDING: 0 | IN_INTR: 0 | DS: [] | RS: [40] | MEM: - | LATCH: AR | OUT: 'What is your name?\nHello, ' | load.addr 1
TICK: 000681 | PC: 00187 | STEP: 0 | IR: load 1 | A: 32 | AR: 1 | NZ: 01 | IE: 1 | PENDING: 0 | IN_INTR: 0 | DS: [0] | RS: [40] | MEM: read mem[1] | LATCH: DS.push,PC,IR.clear | OUT: 'What is your name?\nHello, ' | load.read
TICK: 000682 | PC: 00187 | STEP: 0 | IR: literal 0 | A: 32 | AR: 1 | NZ: 01 | IE: 1 | PENDING: 0 | IN_INTR: 0 | DS: [0] | RS: [40] | MEM: - | LATCH: IR | OUT: 'What is your name?\nHello, ' | fetch literal 0
TICK: 000683 | PC: 00192 | STEP: 0 | IR: literal 0 | A: 32 | AR: 1 | NZ: 01 | IE: 1 | PENDING: 0 | IN_INTR: 0 | DS: [0, 0] | RS: [40] | MEM: - | LATCH: DS.push,PC,IR.clear | OUT: 'What is your name?\nHello, ' | literal 0
TICK: 000684 | PC: 00192 | STEP: 0 | IR: sub | A: 32 | AR: 1 | NZ: 01 | IE: 1 | PENDING: 0 | IN_INTR: 0 | DS: [0, 0] | RS: [40] | MEM: - | LATCH: IR | OUT: 'What is your name?\nHello, ' | fetch sub
TICK: 000685 | PC: 00192 | STEP: 1 | IR: sub | A: 32 | AR: 1 | NZ: 01 | IE: 1 | PENDING: 0 | IN_INTR: 0 | DS: [] | RS: [40] | MEM: - | LATCH: ALU.left,ALU.right | OUT: 'What is your name?\nHello, ' | sub.load_operands
TICK: 000686 | PC: 00193 | STEP: 0 | IR: sub | A: 32 | AR: 1 | NZ: 01 | IE: 1 | PENDING: 0 | IN_INTR: 0 | DS: [0] | RS: [40] | MEM: - | LATCH: DS.push(ALU),PC,IR.clear | OUT: 'What is your name?\nHello, ' | sub.write_result
TICK: 000687 | PC: 00193 | STEP: 0 | IR: nif 203 | A: 32 | AR: 1 | NZ: 01 | IE: 1 | PENDING: 0 | IN_INTR: 0 | DS: [0] | RS: [40] | MEM: - | LATCH: IR | OUT: 'What is your name?\nHello, ' | fetch nif 203
TICK: 000688 | PC: 00193 | STEP: 1 | IR: nif 203 | A: 32 | AR: 1 | NZ: 01 | IE: 1 | PENDING: 0 | IN_INTR: 0 | DS: [] | RS: [40] | MEM: - | LATCH: ALU.left | OUT: 'What is your name?\nHello, ' | nif.test
TICK: 000689 | PC: 00198 | STEP: 0 | IR: nif 203 | A: 32 | AR: 1 | NZ: 01 | IE: 1 | PENDING: 0 | IN_INTR: 0 | DS: [] | RS: [40] | MEM: - | LATCH: PC,IR.clear | OUT: 'What is your name?\nHello, ' | nif.branch
TICK: 000690 | PC: 00198 | STEP: 0 | IR: jmp 182 | A: 32 | AR: 1 | NZ: 01 | IE: 1 | PENDING: 0 | IN_INTR: 0 | DS: [] | RS: [40] | MEM: - | LATCH: IR | OUT: 'What is your name?\nHello, ' | fetch jmp 182
TICK: 000691 | PC: 00182 | STEP: 0 | IR: jmp 182 | A: 32 | AR: 1 | NZ: 01 | IE: 1 | PENDING: 0 | IN_INTR: 0 | DS: [] | RS: [40] | MEM: - | LATCH: PC,IR.clear | OUT: 'What is your name?\nHello, ' | jmp 182
TICK: 000692 | PC: 00182 | STEP: 0 | IR: load 1 | A: 32 | AR: 1 | NZ: 01 | IE: 1 | PENDING: 0 | IN_INTR: 0 | DS: [] | RS: [40] | MEM: - | LATCH: IR | OUT: 'What is your name?\nHello, ' | fetch load 1
TICK: 000693 | PC: 00182 | STEP: 1 | IR: load 1 | A: 32 | AR: 1 | NZ: 01 | IE: 1 | PENDING: 0 | IN_INTR: 0 | DS: [] | RS: [40] | MEM: - | LATCH: AR | OUT: 'What is your name?\nHello, ' | load.addr 1
TICK: 000694 | PC: 00187 | STEP: 0 | IR: load 1 | A: 32 | AR: 1 | NZ: 01 | IE: 1 | PENDING: 0 | IN_INTR: 0 | DS: [0] | RS: [40] | MEM: read mem[1] | LATCH: DS.push,PC,IR.clear | OUT: 'What is your name?\nHello, ' | load.read
TICK: 000695 | PC: 00187 | STEP: 0 | IR: literal 0 | A: 32 | AR: 1 | NZ: 01 | IE: 1 | PENDING: 0 | IN_INTR: 0 | DS: [0] | RS: [40] | MEM: - | LATCH: IR | OUT: 'What is your name?\nHello, ' | fetch literal 0
TICK: 000696 | PC: 00192 | STEP: 0 | IR: literal 0 | A: 32 | AR: 1 | NZ: 01 | IE: 1 | PENDING: 0 | IN_INTR: 0 | DS: [0, 0] | RS: [40] | MEM: - | LATCH: DS.push,PC,IR.clear | OUT: 'What is your name?\nHello, ' | literal 0
TICK: 000697 | PC: 00192 | STEP: 0 | IR: sub | A: 32 | AR: 1 | NZ: 01 | IE: 1 | PENDING: 0 | IN_INTR: 0 | DS: [0, 0] | RS: [40] | MEM: - | LATCH: IR | OUT: 'What is your name?\nHello, ' | fetch sub
TICK: 000698 | PC: 00192 | STEP: 1 | IR: sub | A: 32 | AR: 1 | NZ: 01 | IE: 1 | PENDING: 0 | IN_INTR: 0 | DS: [] | RS: [40] | MEM: - | LATCH: ALU.left,ALU.right | OUT: 'What is your name?\nHello, ' | sub.load_operands
TICK: 000699 | PC: 00193 | STEP: 0 | IR: sub | A: 32 | AR: 1 | NZ: 01 | IE: 1 | PENDING: 0 | IN_INTR: 0 | DS: [0] | RS: [40] | MEM: - | LATCH: DS.push(ALU),PC,IR.clear | OUT: 'What is your name?\nHello, ' | sub.write_result
TICK: 000700 | PC: 00193 | STEP: 0 | IR: nif 203 | A: 32 | AR: 1 | NZ: 01 | IE: 1 | PENDING: 0 | IN_INTR: 0 | DS: [0] | RS: [40] | MEM: - | LATCH: IR | OUT: 'What is your name?\nHello, ' | fetch nif 203
TICK: 000701 | PC: 00193 | STEP: 1 | IR: nif 203 | A: 32 | AR: 1 | NZ: 01 | IE: 1 | PENDING: 0 | IN_INTR: 0 | DS: [] | RS: [40] | MEM: - | LATCH: ALU.left | OUT: 'What is your name?\nHello, ' | nif.test
TICK: 000702 | PC: 00198 | STEP: 0 | IR: nif 203 | A: 32 | AR: 1 | NZ: 01 | IE: 1 | PENDING: 0 | IN_INTR: 0 | DS: [] | RS: [40] | MEM: - | LATCH: PC,IR.clear | OUT: 'What is your name?\nHello, ' | nif.branch
TICK: 000703 | PC: 00198 | STEP: 0 | IR: jmp 182 | A: 32 | AR: 1 | NZ: 01 | IE: 1 | PENDING: 0 | IN_INTR: 0 | DS: [] | RS: [40] | MEM: - | LATCH: IR | OUT: 'What is your name?\nHello, ' | fetch jmp 182
TICK: 000704 | PC: 00182 | STEP: 0 | IR: jmp 182 | A: 32 | AR: 1 | NZ: 01 | IE: 1 | PENDING: 0 | IN_INTR: 0 | DS: [] | RS: [40] | MEM: - | LATCH: PC,IR.clear | OUT: 'What is your name?\nHello, ' | jmp 182
TICK: 000705 | PC: 00182 | STEP: 0 | IR: load 1 | A: 32 | AR: 1 | NZ: 01 | IE: 1 | PENDING: 0 | IN_INTR: 0 | DS: [] | RS: [40] | MEM: - | LATCH: IR | OUT: 'What is your name?\nHello, ' | fetch load 1
TICK: 000706 | PC: 00182 | STEP: 1 | IR: load 1 | A: 32 | AR: 1 | NZ: 01 | IE: 1 | PENDING: 0 | IN_INTR: 0 | DS: [] | RS: [40] | MEM: - | LATCH: AR | OUT: 'What is your name?\nHello, ' | load.addr 1
TICK: 000707 | PC: 00187 | STEP: 0 | IR: load 1 | A: 32 | AR: 1 | NZ: 01 | IE: 1 | PENDING: 0 | IN_INTR: 0 | DS: [0] | RS: [40] | MEM: read mem[1] | LATCH: DS.push,PC,IR.clear | OUT: 'What is your name?\nHello, ' | load.read
TICK: 000708 | PC: 00187 | STEP: 0 | IR: literal 0 | A: 32 | AR: 1 | NZ: 01 | IE: 1 | PENDING: 0 | IN_INTR: 0 | DS: [0] | RS: [40] | MEM: - | LATCH: IR | OUT: 'What is your name?\nHello, ' | fetch literal 0
TICK: 000709 | PC: 00192 | STEP: 0 | IR: literal 0 | A: 32 | AR: 1 | NZ: 01 | IE: 1 | PENDING: 0 | IN_INTR: 0 | DS: [0, 0] | RS: [40] | MEM: - | LATCH: DS.push,PC,IR.clear | OUT: 'What is your name?\nHello, ' | literal 0
TICK: 000710 | PC: 00192 | STEP: 0 | IR: sub | A: 32 | AR: 1 | NZ: 01 | IE: 1 | PENDING: 0 | IN_INTR: 0 | DS: [0, 0] | RS: [40] | MEM: - | LATCH: IR | OUT: 'What is your name?\nHello, ' | fetch sub
TICK: 000711 | PC: 00192 | STEP: 1 | IR: sub | A: 32 | AR: 1 | NZ: 01 | IE: 1 | PENDING: 0 | IN_INTR: 0 | DS: [] | RS: [40] | MEM: - | LATCH: ALU.left,ALU.right | OUT: 'What is your name?\nHello, ' | sub.load_operands
TICK: 000712 | PC: 00193 | STEP: 0 | IR: sub | A: 32 | AR: 1 | NZ: 01 | IE: 1 | PENDING: 0 | IN_INTR: 0 | DS: [0] | RS: [40] | MEM: - | LATCH: DS.push(ALU),PC,IR.clear | OUT: 'What is your name?\nHello, ' | sub.write_result
TICK: 000713 | PC: 00193 | STEP: 0 | IR: nif 203 | A: 32 | AR: 1 | NZ: 01 | IE: 1 | PENDING: 0 | IN_INTR: 0 | DS: [0] | RS: [40] | MEM: - | LATCH: IR | OUT: 'What is your name?\nHello, ' | fetch nif 203
TICK: 000714 | PC: 00193 | STEP: 1 | IR: nif 203 | A: 32 | AR: 1 | NZ: 01 | IE: 1 | PENDING: 0 | IN_INTR: 0 | DS: [] | RS: [40] | MEM: - | LATCH: ALU.left | OUT: 'What is your name?\nHello, ' | nif.test
TICK: 000715 | PC: 00198 | STEP: 0 | IR: nif 203 | A: 32 | AR: 1 | NZ: 01 | IE: 1 | PENDING: 0 | IN_INTR: 0 | DS: [] | RS: [40] | MEM: - | LATCH: PC,IR.clear | OUT: 'What is your name?\nHello, ' | nif.branch
TICK: 000716 | PC: 00198 | STEP: 0 | IR: jmp 182 | A: 32 | AR: 1 | NZ: 01 | IE: 1 | PENDING: 0 | IN_INTR: 0 | DS: [] | RS: [40] | MEM: - | LATCH: IR | OUT: 'What is your name?\nHello, ' | fetch jmp 182
TICK: 000717 | PC: 00182 | STEP: 0 | IR: jmp 182 | A: 32 | AR: 1 | NZ: 01 | IE: 1 | PENDING: 0 | IN_INTR: 0 | DS: [] | RS: [40] | MEM: - | LATCH: PC,IR.clear | OUT: 'What is your name?\nHello, ' | jmp 182
TICK: 000718 | PC: 00182 | STEP: 0 | IR: load 1 | A: 32 | AR: 1 | NZ: 01 | IE: 1 | PENDING: 0 | IN_INTR: 0 | DS: [] | RS: [40] | MEM: - | LATCH: IR | OUT: 'What is your name?\nHello, ' | fetch load 1
TICK: 000719 | PC: 00182 | STEP: 1 | IR: load 1 | A: 32 | AR: 1 | NZ: 01 | IE: 1 | PENDING: 0 | IN_INTR: 0 | DS: [] | RS: [40] | MEM: - | LATCH: AR | OUT: 'What is your name?\nHello, ' | load.addr 1
TICK: 000720 | PC: 00187 | STEP: 0 | IR: load 1 | A: 32 | AR: 1 | NZ: 01 | IE: 1 | PENDING: 0 | IN_INTR: 0 | DS: [0] | RS: [40] | MEM: read mem[1] | LATCH: DS.push,PC,IR.clear | OUT: 'What is your name?\nHello, ' | load.read
TICK: 000721 | PC: 00187 | STEP: 0 | IR: literal 0 | A: 32 | AR: 1 | NZ: 01 | IE: 1 | PENDING: 0 | IN_INTR: 0 | DS: [0] | RS: [40] | MEM: - | LATCH: IR | OUT: 'What is your name?\nHello, ' | fetch literal 0
TICK: 000722 | PC: 00192 | STEP: 0 | IR: literal 0 | A: 32 | AR: 1 | NZ: 01 | IE: 1 | PENDING: 0 | IN_INTR: 0 | DS: [0, 0] | RS: [40] | MEM: - | LATCH: DS.push,PC,IR.clear | OUT: 'What is your name?\nHello, ' | literal 0
TICK: 000723 | PC: 00192 | STEP: 0 | IR: sub | A: 32 | AR: 1 | NZ: 01 | IE: 1 | PENDING: 0 | IN_INTR: 0 | DS: [0, 0] | RS: [40] | MEM: - | LATCH: IR | OUT: 'What is your name?\nHello, ' | fetch sub
TICK: 000724 | PC: 00192 | STEP: 1 | IR: sub | A: 32 | AR: 1 | NZ: 01 | IE: 1 | PENDING: 0 | IN_INTR: 0 | DS: [] | RS: [40] | MEM: - | LATCH: ALU.left,ALU.right | OUT: 'What is your name?\nHello, ' | sub.load_operands
TICK: 000725 | PC: 00193 | STEP: 0 | IR: sub | A: 32 | AR: 1 | NZ: 01 | IE: 1 | PENDING: 0 | IN_INTR: 0 | DS: [0] | RS: [40] | MEM: - | LATCH: DS.push(ALU),PC,IR.clear | OUT: 'What is your name?\nHello, ' | sub.write_result
TICK: 000726 | PC: 00193 | STEP: 0 | IR: nif 203 | A: 32 | AR: 1 | NZ: 01 | IE: 1 | PENDING: 0 | IN_INTR: 0 | DS: [0] | RS: [40] | MEM: - | LATCH: IR | OUT: 'What is your name?\nHello, ' | fetch nif 203
TICK: 000727 | PC: 00193 | STEP: 1 | IR: nif 203 | A: 32 | AR: 1 | NZ: 01 | IE: 1 | PENDING: 0 | IN_INTR: 0 | DS: [] | RS: [40] | MEM: - | LATCH: ALU.left | OUT: 'What is your name?\nHello, ' | nif.test
TICK: 000728 | PC: 00198 | STEP: 0 | IR: nif 203 | A: 32 | AR: 1 | NZ: 01 | IE: 1 | PENDING: 0 | IN_INTR: 0 | DS: [] | RS: [40] | MEM: - | LATCH: PC,IR.clear | OUT: 'What is your name?\nHello, ' | nif.branch
TICK: 000729 | PC: 00198 | STEP: 0 | IR: jmp 182 | A: 32 | AR: 1 | NZ: 01 | IE: 1 | PENDING: 0 | IN_INTR: 0 | DS: [] | RS: [40] | MEM: - | LATCH: IR | OUT: 'What is your name?\nHello, ' | fetch jmp 182
TICK: 000730 | PC: 00182 | STEP: 0 | IR: jmp 182 | A: 32 | AR: 1 | NZ: 01 | IE: 1 | PENDING: 0 | IN_INTR: 0 | DS: [] | RS: [40] | MEM: - | LATCH: PC,IR.clear | OUT: 'What is your name?\nHello, ' | jmp 182
TICK: 000731 | PC: 00182 | STEP: 0 | IR: load 1 | A: 32 | AR: 1 | NZ: 01 | IE: 1 | PENDING: 0 | IN_INTR: 0 | DS: [] | RS: [40] | MEM: - | LATCH: IR | OUT: 'What is your name?\nHello, ' | fetch load 1
TICK: 000732 | PC: 00182 | STEP: 1 | IR: load 1 | A: 32 | AR: 1 | NZ: 01 | IE: 1 | PENDING: 0 | IN_INTR: 0 | DS: [] | RS: [40] | MEM: - | LATCH: AR | OUT: 'What is your name?\nHello, ' | load.addr 1
TICK: 000733 | PC: 00187 | STEP: 0 | IR: load 1 | A: 32 | AR: 1 | NZ: 01 | IE: 1 | PENDING: 0 | IN_INTR: 0 | DS: [0] | RS: [40] | MEM: read mem[1] | LATCH: DS.push,PC,IR.clear | OUT: 'What is your name?\nHello, ' | load.read
TICK: 000734 | PC: 00187 | STEP: 0 | IR: literal 0 | A: 32 | AR: 1 | NZ: 01 | IE: 1 | PENDING: 0 | IN_INTR: 0 | DS: [0] | RS: [40] | MEM: - | LATCH: IR | OUT: 'What is your name?\nHello, ' | fetch literal 0
TICK: 000735 | PC: 00192 | STEP: 0 | IR: literal 0 | A: 32 | AR: 1 | NZ: 01 | IE: 1 | PENDING: 0 | IN_INTR: 0 | DS: [0, 0] | RS: [40] | MEM: - | LATCH: DS.push,PC,IR.clear | OUT: 'What is your name?\nHello, ' | literal 0
TICK: 000736 | PC: 00192 | STEP: 0 | IR: sub | A: 32 | AR: 1 | NZ: 01 | IE: 1 | PENDING: 0 | IN_INTR: 0 | DS: [0, 0] | RS: [40] | MEM: - | LATCH: IR | OUT: 'What is your name?\nHello, ' | fetch sub
TICK: 000737 | PC: 00192 | STEP: 1 | IR: sub | A: 32 | AR: 1 | NZ: 01 | IE: 1 | PENDING: 0 | IN_INTR: 0 | DS: [] | RS: [40] | MEM: - | LATCH: ALU.left,ALU.right | OUT: 'What is your name?\nHello, ' | sub.load_operands
TICK: 000738 | PC: 00193 | STEP: 0 | IR: sub | A: 32 | AR: 1 | NZ: 01 | IE: 1 | PENDING: 0 | IN_INTR: 0 | DS: [0] | RS: [40] | MEM: - | LATCH: DS.push(ALU),PC,IR.clear | OUT: 'What is your name?\nHello, ' | sub.write_result
TICK: 000739 | PC: 00193 | STEP: 0 | IR: nif 203 | A: 32 | AR: 1 | NZ: 01 | IE: 1 | PENDING: 0 | IN_INTR: 0 | DS: [0] | RS: [40] | MEM: - | LATCH: IR | OUT: 'What is your name?\nHello, ' | fetch nif 203
TICK: 000740 | PC: 00193 | STEP: 1 | IR: nif 203 | A: 32 | AR: 1 | NZ: 01 | IE: 1 | PENDING: 0 | IN_INTR: 0 | DS: [] | RS: [40] | MEM: - | LATCH: ALU.left | OUT: 'What is your name?\nHello, ' | nif.test
TICK: 000741 | PC: 00198 | STEP: 0 | IR: nif 203 | A: 32 | AR: 1 | NZ: 01 | IE: 1 | PENDING: 0 | IN_INTR: 0 | DS: [] | RS: [40] | MEM: - | LATCH: PC,IR.clear | OUT: 'What is your name?\nHello, ' | nif.branch
TICK: 000742 | PC: 00198 | STEP: 0 | IR: jmp 182 | A: 32 | AR: 1 | NZ: 01 | IE: 1 | PENDING: 0 | IN_INTR: 0 | DS: [] | RS: [40] | MEM: - | LATCH: IR | OUT: 'What is your name?\nHello, ' | fetch jmp 182
TICK: 000743 | PC: 00182 | STEP: 0 | IR: jmp 182 | A: 32 | AR: 1 | NZ: 01 | IE: 1 | PENDING: 0 | IN_INTR: 0 | DS: [] | RS: [40] | MEM: - | LATCH: PC,IR.clear | OUT: 'What is your name?\nHello, ' | jmp 182
TICK: 000744 | PC: 00182 | STEP: 0 | IR: load 1 | A: 32 | AR: 1 | NZ: 01 | IE: 1 | PENDING: 0 | IN_INTR: 0 | DS: [] | RS: [40] | MEM: - | LATCH: IR | OUT: 'What is your name?\nHello, ' | fetch load 1
TICK: 000745 | PC: 00182 | STEP: 1 | IR: load 1 | A: 32 | AR: 1 | NZ: 01 | IE: 1 | PENDING: 0 | IN_INTR: 0 | DS: [] | RS: [40] | MEM: - | LATCH: AR | OUT: 'What is your name?\nHello, ' | load.addr 1
TICK: 000746 | PC: 00187 | STEP: 0 | IR: load 1 | A: 32 | AR: 1 | NZ: 01 | IE: 1 | PENDING: 0 | IN_INTR: 0 | DS: [0] | RS: [40] | MEM: read mem[1] | LATCH: DS.push,PC,IR.clear | OUT: 'What is your name?\nHello, ' | load.read
TICK: 000747 | PC: 00187 | STEP: 0 | IR: literal 0 | A: 32 | AR: 1 | NZ: 01 | IE: 1 | PENDING: 0 | IN_INTR: 0 | DS: [0] | RS: [40] | MEM: - | LATCH: IR | OUT: 'What is your name?\nHello, ' | fetch literal 0
TICK: 000748 | PC: 00192 | STEP: 0 | IR: literal 0 | A: 32 | AR: 1 | NZ: 01 | IE: 1 | PENDING: 0 | IN_INTR: 0 | DS: [0, 0] | RS: [40] | MEM: - | LATCH: DS.push,PC,IR.clear | OUT: 'What is your name?\nHello, ' | literal 0
TICK: 000749 | PC: 00192 | STEP: 0 | IR: sub | A: 32 | AR: 1 | NZ: 01 | IE: 1 | PENDING: 0 | IN_INTR: 0 | DS: [0, 0] | RS: [40] | MEM: - | LATCH: IR | OUT: 'What is your name?\nHello, ' | fetch sub
TICK: 000750 | PC: 00192 | STEP: 1 | IR: sub | A: 32 | AR: 1 | NZ: 01 | IE: 1 | PENDING: 0 | IN_INTR: 0 | DS: [] | RS: [40] | MEM: - | LATCH: ALU.left,ALU.right | OUT: 'What is your name?\nHello, ' | sub.load_operands
TICK: 000751 | PC: 00193 | STEP: 0 | IR: sub | A: 32 | AR: 1 | NZ: 01 | IE: 1 | PENDING: 0 | IN_INTR: 0 | DS: [0] | RS: [40] | MEM: - | LATCH: DS.push(ALU),PC,IR.clear | OUT: 'What is your name?\nHello, ' | sub.write_result
TICK: 000752 | PC: 00193 | STEP: 0 | IR: nif 203 | A: 32 | AR: 1 | NZ: 01 | IE: 1 | PENDING: 0 | IN_INTR: 0 | DS: [0] | RS: [40] | MEM: - | LATCH: IR | OUT: 'What is your name?\nHello, ' | fetch nif 203
TICK: 000753 | PC: 00193 | STEP: 1 | IR: nif 203 | A: 32 | AR: 1 | NZ: 01 | IE: 1 | PENDING: 0 | IN_INTR: 0 | DS: [] | RS: [40] | MEM: - | LATCH: ALU.left | OUT: 'What is your name?\nHello, ' | nif.test
TICK: 000754 | PC: 00198 | STEP: 0 | IR: nif 203 | A: 32 | AR: 1 | NZ: 01 | IE: 1 | PENDING: 0 | IN_INTR: 0 | DS: [] | RS: [40] | MEM: - | LATCH: PC,IR.clear | OUT: 'What is your name?\nHello, ' | nif.branch
TICK: 000755 | PC: 00198 | STEP: 0 | IR: jmp 182 | A: 32 | AR: 1 | NZ: 01 | IE: 1 | PENDING: 0 | IN_INTR: 0 | DS: [] | RS: [40] | MEM: - | LATCH: IR | OUT: 'What is your name?\nHello, ' | fetch jmp 182
TICK: 000756 | PC: 00182 | STEP: 0 | IR: jmp 182 | A: 32 | AR: 1 | NZ: 01 | IE: 1 | PENDING: 0 | IN_INTR: 0 | DS: [] | RS: [40] | MEM: - | LATCH: PC,IR.clear | OUT: 'What is your name?\nHello, ' | jmp 182
TICK: 000757 | PC: 00182 | STEP: 0 | IR: load 1 | A: 32 | AR: 1 | NZ: 01 | IE: 1 | PENDING: 0 | IN_INTR: 0 | DS: [] | RS: [40] | MEM: - | LATCH: IR | OUT: 'What is your name?\nHello, ' | fetch load 1
TICK: 000758 | PC: 00182 | STEP: 1 | IR: load 1 | A: 32 | AR: 1 | NZ: 01 | IE: 1 | PENDING: 0 | IN_INTR: 0 | DS: [] | RS: [40] | MEM: - | LATCH: AR | OUT: 'What is your name?\nHello, ' | load.addr 1
TICK: 000759 | PC: 00187 | STEP: 0 | IR: load 1 | A: 32 | AR: 1 | NZ: 01 | IE: 1 | PENDING: 0 | IN_INTR: 0 | DS: [0] | RS: [40] | MEM: read mem[1] | LATCH: DS.push,PC,IR.clear | OUT: 'What is your name?\nHello, ' | load.read
TICK: 000760 | PC: 00187 | STEP: 0 | IR: literal 0 | A: 32 | AR: 1 | NZ: 01 | IE: 1 | PENDING: 0 | IN_INTR: 0 | DS: [0] | RS: [40] | MEM: - | LATCH: IR | OUT: 'What is your name?\nHello, ' | fetch literal 0
TICK: 000761 | PC: 00192 | STEP: 0 | IR: literal 0 | A: 32 | AR: 1 | NZ: 01 | IE: 1 | PENDING: 0 | IN_INTR: 0 | DS: [0, 0] | RS: [40] | MEM: - | LATCH: DS.push,PC,IR.clear | OUT: 'What is your name?\nHello, ' | literal 0
TICK: 000762 | PC: 00192 | STEP: 0 | IR: sub | A: 32 | AR: 1 | NZ: 01 | IE: 1 | PENDING: 0 | IN_INTR: 0 | DS: [0, 0] | RS: [40] | MEM: - | LATCH: IR | OUT: 'What is your name?\nHello, ' | fetch sub
TICK: 000763 | PC: 00192 | STEP: 1 | IR: sub | A: 32 | AR: 1 | NZ: 01 | IE: 1 | PENDING: 0 | IN_INTR: 0 | DS: [] | RS: [40] | MEM: - | LATCH: ALU.left,ALU.right | OUT: 'What is your name?\nHello, ' | sub.load_operands
TICK: 000764 | PC: 00193 | STEP: 0 | IR: sub | A: 32 | AR: 1 | NZ: 01 | IE: 1 | PENDING: 0 | IN_INTR: 0 | DS: [0] | RS: [40] | MEM: - | LATCH: DS.push(ALU),PC,IR.clear | OUT: 'What is your name?\nHello, ' | sub.write_result
TICK: 000765 | PC: 00193 | STEP: 0 | IR: nif 203 | A: 32 | AR: 1 | NZ: 01 | IE: 1 | PENDING: 0 | IN_INTR: 0 | DS: [0] | RS: [40] | MEM: - | LATCH: IR | OUT: 'What is your name?\nHello, ' | fetch nif 203
TICK: 000766 | PC: 00193 | STEP: 1 | IR: nif 203 | A: 32 | AR: 1 | NZ: 01 | IE: 1 | PENDING: 0 | IN_INTR: 0 | DS: [] | RS: [40] | MEM: - | LATCH: ALU.left | OUT: 'What is your name?\nHello, ' | nif.test
TICK: 000767 | PC: 00198 | STEP: 0 | IR: nif 203 | A: 32 | AR: 1 | NZ: 01 | IE: 1 | PENDING: 0 | IN_INTR: 0 | DS: [] | RS: [40] | MEM: - | LATCH: PC,IR.clear | OUT: 'What is your name?\nHello, ' | nif.branch
TICK: 000768 | PC: 00198 | STEP: 0 | IR: jmp 182 | A: 32 | AR: 1 | NZ: 01 | IE: 1 | PENDING: 0 | IN_INTR: 0 | DS: [] | RS: [40] | MEM: - | LATCH: IR | OUT: 'What is your name?\nHello, ' | fetch jmp 182
TICK: 000769 | PC: 00182 | STEP: 0 | IR: jmp 182 | A: 32 | AR: 1 | NZ: 01 | IE: 1 | PENDING: 0 | IN_INTR: 0 | DS: [] | RS: [40] | MEM: - | LATCH: PC,IR.clear | OUT: 'What is your name?\nHello, ' | jmp 182
TICK: 000770 | PC: 00182 | STEP: 0 | IR: load 1 | A: 32 | AR: 1 | NZ: 01 | IE: 1 | PENDING: 0 | IN_INTR: 0 | DS: [] | RS: [40] | MEM: - | LATCH: IR | OUT: 'What is your name?\nHello, ' | fetch load 1
TICK: 000771 | PC: 00182 | STEP: 1 | IR: load 1 | A: 32 | AR: 1 | NZ: 01 | IE: 1 | PENDING: 0 | IN_INTR: 0 | DS: [] | RS: [40] | MEM: - | LATCH: AR | OUT: 'What is your name?\nHello, ' | load.addr 1
TICK: 000772 | PC: 00187 | STEP: 0 | IR: load 1 | A: 32 | AR: 1 | NZ: 01 | IE: 1 | PENDING: 0 | IN_INTR: 0 | DS: [0] | RS: [40] | MEM: read mem[1] | LATCH: DS.push,PC,IR.clear | OUT: 'What is your name?\nHello, ' | load.read
TICK: 000773 | PC: 00187 | STEP: 0 | IR: literal 0 | A: 32 | AR: 1 | NZ: 01 | IE: 1 | PENDING: 0 | IN_INTR: 0 | DS: [0] | RS: [40] | MEM: - | LATCH: IR | OUT: 'What is your name?\nHello, ' | fetch literal 0
TICK: 000774 | PC: 00192 | STEP: 0 | IR: literal 0 | A: 32 | AR: 1 | NZ: 01 | IE: 1 | PENDING: 0 | IN_INTR: 0 | DS: [0, 0] | RS: [40] | MEM: - | LATCH: DS.push,PC,IR.clear | OUT: 'What is your name?\nHello, ' | literal 0
TICK: 000775 | PC: 00192 | STEP: 0 | IR: sub | A: 32 | AR: 1 | NZ: 01 | IE: 1 | PENDING: 0 | IN_INTR: 0 | DS: [0, 0] | RS: [40] | MEM: - | LATCH: IR | OUT: 'What is your name?\nHello, ' | fetch sub
TICK: 000776 | PC: 00192 | STEP: 1 | IR: sub | A: 32 | AR: 1 | NZ: 01 | IE: 1 | PENDING: 0 | IN_INTR: 0 | DS: [] | RS: [40] | MEM: - | LATCH: ALU.left,ALU.right | OUT: 'What is your name?\nHello, ' | sub.load_operands
TICK: 000777 | PC: 00193 | STEP: 0 | IR: sub | A: 32 | AR: 1 | NZ: 01 | IE: 1 | PENDING: 0 | IN_INTR: 0 | DS: [0] | RS: [40] | MEM: - | LATCH: DS.push(ALU),PC,IR.clear | OUT: 'What is your name?\nHello, ' | sub.write_result
TICK: 000778 | PC: 00193 | STEP: 0 | IR: nif 203 | A: 32 | AR: 1 | NZ: 01 | IE: 1 | PENDING: 0 | IN_INTR: 0 | DS: [0] | RS: [40] | MEM: - | LATCH: IR | OUT: 'What is your name?\nHello, ' | fetch nif 203
TICK: 000779 | PC: 00193 | STEP: 1 | IR: nif 203 | A: 32 | AR: 1 | NZ: 01 | IE: 1 | PENDING: 0 | IN_INTR: 0 | DS: [] | RS: [40] | MEM: - | LATCH: ALU.left | OUT: 'What is your name?\nHello, ' | nif.test
TICK: 000780 | PC: 00198 | STEP: 0 | IR: nif 203 | A: 32 | AR: 1 | NZ: 01 | IE: 1 | PENDING: 0 | IN_INTR: 0 | DS: [] | RS: [40] | MEM: - | LATCH: PC,IR.clear | OUT: 'What is your name?\nHello, ' | nif.branch
TICK: 000781 | PC: 00198 | STEP: 0 | IR: jmp 182 | A: 32 | AR: 1 | NZ: 01 | IE: 1 | PENDING: 0 | IN_INTR: 0 | DS: [] | RS: [40] | MEM: - | LATCH: IR | OUT: 'What is your name?\nHello, ' | fetch jmp 182
TICK: 000782 | PC: 00182 | STEP: 0 | IR: jmp 182 | A: 32 | AR: 1 | NZ: 01 | IE: 1 | PENDING: 0 | IN_INTR: 0 | DS: [] | RS: [40] | MEM: - | LATCH: PC,IR.clear | OUT: 'What is your name?\nHello, ' | jmp 182
TICK: 000783 | PC: 00182 | STEP: 0 | IR: load 1 | A: 32 | AR: 1 | NZ: 01 | IE: 1 | PENDING: 0 | IN_INTR: 0 | DS: [] | RS: [40] | MEM: - | LATCH: IR | OUT: 'What is your name?\nHello, ' | fetch load 1
TICK: 000784 | PC: 00182 | STEP: 1 | IR: load 1 | A: 32 | AR: 1 | NZ: 01 | IE: 1 | PENDING: 0 | IN_INTR: 0 | DS: [] | RS: [40] | MEM: - | LATCH: AR | OUT: 'What is your name?\nHello, ' | load.addr 1
TICK: 000785 | PC: 00187 | STEP: 0 | IR: load 1 | A: 32 | AR: 1 | NZ: 01 | IE: 1 | PENDING: 0 | IN_INTR: 0 | DS: [0] | RS: [40] | MEM: read mem[1] | LATCH: DS.push,PC,IR.clear | OUT: 'What is your name?\nHello, ' | load.read
TICK: 000786 | PC: 00187 | STEP: 0 | IR: literal 0 | A: 32 | AR: 1 | NZ: 01 | IE: 1 | PENDING: 0 | IN_INTR: 0 | DS: [0] | RS: [40] | MEM: - | LATCH: IR | OUT: 'What is your name?\nHello, ' | fetch literal 0
TICK: 000787 | PC: 00192 | STEP: 0 | IR: literal 0 | A: 32 | AR: 1 | NZ: 01 | IE: 1 | PENDING: 0 | IN_INTR: 0 | DS: [0, 0] | RS: [40] | MEM: - | LATCH: DS.push,PC,IR.clear | OUT: 'What is your name?\nHello, ' | literal 0
TICK: 000788 | PC: 00192 | STEP: 0 | IR: sub | A: 32 | AR: 1 | NZ: 01 | IE: 1 | PENDING: 0 | IN_INTR: 0 | DS: [0, 0] | RS: [40] | MEM: - | LATCH: IR | OUT: 'What is your name?\nHello, ' | fetch sub
TICK: 000789 | PC: 00192 | STEP: 1 | IR: sub | A: 32 | AR: 1 | NZ: 01 | IE: 1 | PENDING: 0 | IN_INTR: 0 | DS: [] | RS: [40] | MEM: - | LATCH: ALU.left,ALU.right | OUT: 'What is your name?\nHello, ' | sub.load_operands
TICK: 000790 | PC: 00193 | STEP: 0 | IR: sub | A: 32 | AR: 1 | NZ: 01 | IE: 1 | PENDING: 0 | IN_INTR: 0 | DS: [0] | RS: [40] | MEM: - | LATCH: DS.push(ALU),PC,IR.clear | OUT: 'What is your name?\nHello, ' | sub.write_result
TICK: 000791 | PC: 00193 | STEP: 0 | IR: nif 203 | A: 32 | AR: 1 | NZ: 01 | IE: 1 | PENDING: 0 | IN_INTR: 0 | DS: [0] | RS: [40] | MEM: - | LATCH: IR | OUT: 'What is your name?\nHello, ' | fetch nif 203
TICK: 000792 | PC: 00193 | STEP: 1 | IR: nif 203 | A: 32 | AR: 1 | NZ: 01 | IE: 1 | PENDING: 0 | IN_INTR: 0 | DS: [] | RS: [40] | MEM: - | LATCH: ALU.left | OUT: 'What is your name?\nHello, ' | nif.test
TICK: 000793 | PC: 00198 | STEP: 0 | IR: nif 203 | A: 32 | AR: 1 | NZ: 01 | IE: 1 | PENDING: 0 | IN_INTR: 0 | DS: [] | RS: [40] | MEM: - | LATCH: PC,IR.clear | OUT: 'What is your name?\nHello, ' | nif.branch
TICK: 000794 | PC: 00198 | STEP: 0 | IR: jmp 182 | A: 32 | AR: 1 | NZ: 01 | IE: 1 | PENDING: 0 | IN_INTR: 0 | DS: [] | RS: [40] | MEM: - | LATCH: IR | OUT: 'What is your name?\nHello, ' | fetch jmp 182
TICK: 000795 | PC: 00182 | STEP: 0 | IR: jmp 182 | A: 32 | AR: 1 | NZ: 01 | IE: 1 | PENDING: 0 | IN_INTR: 0 | DS: [] | RS: [40] | MEM: - | LATCH: PC,IR.clear | OUT: 'What is your name?\nHello, ' | jmp 182
TICK: 000796 | PC: 00182 | STEP: 0 | IR: load 1 | A: 32 | AR: 1 | NZ: 01 | IE: 1 | PENDING: 0 | IN_INTR: 0 | DS: [] | RS: [40] | MEM: - | LATCH: IR | OUT: 'What is your name?\nHello, ' | fetch load 1
TICK: 000797 | PC: 00182 | STEP: 1 | IR: load 1 | A: 32 | AR: 1 | NZ: 01 | IE: 1 | PENDING: 0 | IN_INTR: 0 | DS: [] | RS: [40] | MEM: - | LATCH: AR | OUT: 'What is your name?\nHello, ' | load.addr 1
TICK: 000798 | PC: 00187 | STEP: 0 | IR: load 1 | A: 32 | AR: 1 | NZ: 01 | IE: 1 | PENDING: 0 | IN_INTR: 0 | DS: [0] | RS: [40] | MEM: read mem[1] | LATCH: DS.push,PC,IR.clear | OUT: 'What is your name?\nHello, ' | load.read
TICK: 000799 | PC: 00187 | STEP: 0 | IR: literal 0 | A: 32 | AR: 1 | NZ: 01 | IE: 1 | PENDING: 0 | IN_INTR: 0 | DS: [0] | RS: [40] | MEM: - | LATCH: IR | OUT: 'What is your name?\nHello, ' | fetch literal 0
TICK: 000800 | PC: 00192 | STEP: 0 | IR: literal 0 | A: 32 | AR: 1 | NZ: 01 | IE: 1 | PENDING: 0 | IN_INTR: 0 | DS: [0, 0] | RS: [40] | MEM: - | LATCH: DS.push,PC,IR.clear | OUT: 'What is your name?\nHello, ' | literal 0
TICK: 000801 | PC: 00192 | STEP: 0 | IR: sub | A: 32 | AR: 1 | NZ: 01 | IE: 1 | PENDING: 0 | IN_INTR: 0 | DS: [0, 0] | RS: [40] | MEM: - | LATCH: IR | OUT: 'What is your name?\nHello, ' | fetch sub
TICK: 000802 | PC: 00192 | STEP: 1 | IR: sub | A: 32 | AR: 1 | NZ: 01 | IE: 1 | PENDING: 0 | IN_INTR: 0 | DS: [] | RS: [40] | MEM: - | LATCH: ALU.left,ALU.right | OUT: 'What is your name?\nHello, ' | sub.load_operands
TICK: 000803 | PC: 00193 | STEP: 0 | IR: sub | A: 32 | AR: 1 | NZ: 01 | IE: 1 | PENDING: 0 | IN_INTR: 0 | DS: [0] | RS: [40] | MEM: - | LATCH: DS.push(ALU),PC,IR.clear | OUT: 'What is your name?\nHello, ' | sub.write_result
TICK: 000804 | PC: 00193 | STEP: 0 | IR: nif 203 | A: 32 | AR: 1 | NZ: 01 | IE: 1 | PENDING: 0 | IN_INTR: 0 | DS: [0] | RS: [40] | MEM: - | LATCH: IR | OUT: 'What is your name?\nHello, ' | fetch nif 203
TICK: 000805 | PC: 00193 | STEP: 1 | IR: nif 203 | A: 32 | AR: 1 | NZ: 01 | IE: 1 | PENDING: 0 | IN_INTR: 0 | DS: [] | RS: [40] | MEM: - | LATCH: ALU.left | OUT: 'What is your name?\nHello, ' | nif.test
TICK: 000806 | PC: 00198 | STEP: 0 | IR: nif 203 | A: 32 | AR: 1 | NZ: 01 | IE: 1 | PENDING: 0 | IN_INTR: 0 | DS: [] | RS: [40] | MEM: - | LATCH: PC,IR.clear | OUT: 'What is your name?\nHello, ' | nif.branch
TICK: 000807 | PC: 00198 | STEP: 0 | IR: jmp 182 | A: 32 | AR: 1 | NZ: 01 | IE: 1 | PENDING: 0 | IN_INTR: 0 | DS: [] | RS: [40] | MEM: - | LATCH: IR | OUT: 'What is your name?\nHello, ' | fetch jmp 182
TICK: 000808 | PC: 00182 | STEP: 0 | IR: jmp 182 | A: 32 | AR: 1 | NZ: 01 | IE: 1 | PENDING: 0 | IN_INTR: 0 | DS: [] | RS: [40] | MEM: - | LATCH: PC,IR.clear | OUT: 'What is your name?\nHello, ' | jmp 182
TICK: 000809 | PC: 00182 | STEP: 0 | IR: load 1 | A: 32 | AR: 1 | NZ: 01 | IE: 1 | PENDING: 0 | IN_INTR: 0 | DS: [] | RS: [40] | MEM: - | LATCH: IR | OUT: 'What is your name?\nHello, ' | fetch load 1
TICK: 000810 | PC: 00182 | STEP: 1 | IR: load 1 | A: 32 | AR: 1 | NZ: 01 | IE: 1 | PENDING: 0 | IN_INTR: 0 | DS: [] | RS: [40] | MEM: - | LATCH: AR | OUT: 'What is your name?\nHello, ' | load.addr 1
TICK: 000811 | PC: 00187 | STEP: 0 | IR: load 1 | A: 32 | AR: 1 | NZ: 01 | IE: 1 | PENDING: 0 | IN_INTR: 0 | DS: [0] | RS: [40] | MEM: read mem[1] | LATCH: DS.push,PC,IR.clear | OUT: 'What is your name?\nHello, ' | load.read
TICK: 000812 | PC: 00187 | STEP: 0 | IR: literal 0 | A: 32 | AR: 1 | NZ: 01 | IE: 1 | PENDING: 0 | IN_INTR: 0 | DS: [0] | RS: [40] | MEM: - | LATCH: IR | OUT: 'What is your name?\nHello, ' | fetch literal 0
TICK: 000813 | PC: 00192 | STEP: 0 | IR: literal 0 | A: 32 | AR: 1 | NZ: 01 | IE: 1 | PENDING: 0 | IN_INTR: 0 | DS: [0, 0] | RS: [40] | MEM: - | LATCH: DS.push,PC,IR.clear | OUT: 'What is your name?\nHello, ' | literal 0
TICK: 000814 | PC: 00192 | STEP: 0 | IR: sub | A: 32 | AR: 1 | NZ: 01 | IE: 1 | PENDING: 0 | IN_INTR: 0 | DS: [0, 0] | RS: [40] | MEM: - | LATCH: IR | OUT: 'What is your name?\nHello, ' | fetch sub
TICK: 000815 | PC: 00192 | STEP: 1 | IR: sub | A: 32 | AR: 1 | NZ: 01 | IE: 1 | PENDING: 0 | IN_INTR: 0 | DS: [] | RS: [40] | MEM: - | LATCH: ALU.left,ALU.right | OUT: 'What is your name?\nHello, ' | sub.load_operands
TICK: 000816 | PC: 00193 | STEP: 0 | IR: sub | A: 32 | AR: 1 | NZ: 01 | IE: 1 | PENDING: 0 | IN_INTR: 0 | DS: [0] | RS: [40] | MEM: - | LATCH: DS.push(ALU),PC,IR.clear | OUT: 'What is your name?\nHello, ' | sub.write_result
TICK: 000817 | PC: 00193 | STEP: 0 | IR: nif 203 | A: 32 | AR: 1 | NZ: 01 | IE: 1 | PENDING: 0 | IN_INTR: 0 | DS: [0] | RS: [40] | MEM: - | LATCH: IR | OUT: 'What is your name?\nHello, ' | fetch nif 203
TICK: 000818 | PC: 00193 | STEP: 1 | IR: nif 203 | A: 32 | AR: 1 | NZ: 01 | IE: 1 | PENDING: 0 | IN_INTR: 0 | DS: [] | RS: [40] | MEM: - | LATCH: ALU.left | OUT: 'What is your name?\nHello, ' | nif.test
TICK: 000819 | PC: 00198 | STEP: 0 | IR: nif 203 | A: 32 | AR: 1 | NZ: 01 | IE: 1 | PENDING: 0 | IN_INTR: 0 | DS: [] | RS: [40] | MEM: - | LATCH: PC,IR.clear | OUT: 'What is your name?\nHello, ' | nif.branch
TICK: 000820 | PC: 00198 | STEP: 0 | IR: jmp 182 | A: 32 | AR: 1 | NZ: 01 | IE: 1 | PENDING: 0 | IN_INTR: 0 | DS: [] | RS: [40] | MEM: - | LATCH: IR | OUT: 'What is your name?\nHello, ' | fetch jmp 182
TICK: 000821 | PC: 00182 | STEP: 0 | IR: jmp 182 | A: 32 | AR: 1 | NZ: 01 | IE: 1 | PENDING: 0 | IN_INTR: 0 | DS: [] | RS: [40] | MEM: - | LATCH: PC,IR.clear | OUT: 'What is your name?\nHello, ' | jmp 182
TICK: 000822 | PC: 00182 | STEP: 0 | IR: load 1 | A: 32 | AR: 1 | NZ: 01 | IE: 1 | PENDING: 0 | IN_INTR: 0 | DS: [] | RS: [40] | MEM: - | LATCH: IR | OUT: 'What is your name?\nHello, ' | fetch load 1
TICK: 000823 | PC: 00182 | STEP: 1 | IR: load 1 | A: 32 | AR: 1 | NZ: 01 | IE: 1 | PENDING: 0 | IN_INTR: 0 | DS: [] | RS: [40] | MEM: - | LATCH: AR | OUT: 'What is your name?\nHello, ' | load.addr 1
TICK: 000824 | PC: 00187 | STEP: 0 | IR: load 1 | A: 32 | AR: 1 | NZ: 01 | IE: 1 | PENDING: 0 | IN_INTR: 0 | DS: [0] | RS: [40] | MEM: read mem[1] | LATCH: DS.push,PC,IR.clear | OUT: 'What is your name?\nHello, ' | load.read
TICK: 000825 | PC: 00187 | STEP: 0 | IR: literal 0 | A: 32 | AR: 1 | NZ: 01 | IE: 1 | PENDING: 0 | IN_INTR: 0 | DS: [0] | RS: [40] | MEM: - | LATCH: IR | OUT: 'What is your name?\nHello, ' | fetch literal 0
TICK: 000826 | PC: 00192 | STEP: 0 | IR: literal 0 | A: 32 | AR: 1 | NZ: 01 | IE: 1 | PENDING: 0 | IN_INTR: 0 | DS: [0, 0] | RS: [40] | MEM: - | LATCH: DS.push,PC,IR.clear | OUT: 'What is your name?\nHello, ' | literal 0
TICK: 000827 | PC: 00192 | STEP: 0 | IR: sub | A: 32 | AR: 1 | NZ: 01 | IE: 1 | PENDING: 0 | IN_INTR: 0 | DS: [0, 0] | RS: [40] | MEM: - | LATCH: IR | OUT: 'What is your name?\nHello, ' | fetch sub
TICK: 000828 | PC: 00192 | STEP: 1 | IR: sub | A: 32 | AR: 1 | NZ: 01 | IE: 1 | PENDING: 0 | IN_INTR: 0 | DS: [] | RS: [40] | MEM: - | LATCH: ALU.left,ALU.right | OUT: 'What is your name?\nHello, ' | sub.load_operands
TICK: 000829 | PC: 00193 | STEP: 0 | IR: sub | A: 32 | AR: 1 | NZ: 01 | IE: 1 | PENDING: 0 | IN_INTR: 0 | DS: [0] | RS: [40] | MEM: - | LATCH: DS.push(ALU),PC,IR.clear | OUT: 'What is your name?\nHello, ' | sub.write_result
TICK: 000830 | PC: 00193 | STEP: 0 | IR: nif 203 | A: 32 | AR: 1 | NZ: 01 | IE: 1 | PENDING: 0 | IN_INTR: 0 | DS: [0] | RS: [40] | MEM: - | LATCH: IR | OUT: 'What is your name?\nHello, ' | fetch nif 203
TICK: 000831 | PC: 00193 | STEP: 1 | IR: nif 203 | A: 32 | AR: 1 | NZ: 01 | IE: 1 | PENDING: 0 | IN_INTR: 0 | DS: [] | RS: [40] | MEM: - | LATCH: ALU.left | OUT: 'What is your name?\nHello, ' | nif.test
TICK: 000832 | PC: 00198 | STEP: 0 | IR: nif 203 | A: 32 | AR: 1 | NZ: 01 | IE: 1 | PENDING: 0 | IN_INTR: 0 | DS: [] | RS: [40] | MEM: - | LATCH: PC,IR.clear | OUT: 'What is your name?\nHello, ' | nif.branch
TICK: 000833 | PC: 00198 | STEP: 0 | IR: jmp 182 | A: 32 | AR: 1 | NZ: 01 | IE: 1 | PENDING: 0 | IN_INTR: 0 | DS: [] | RS: [40] | MEM: - | LATCH: IR | OUT: 'What is your name?\nHello, ' | fetch jmp 182
TICK: 000834 | PC: 00182 | STEP: 0 | IR: jmp 182 | A: 32 | AR: 1 | NZ: 01 | IE: 1 | PENDING: 0 | IN_INTR: 0 | DS: [] | RS: [40] | MEM: - | LATCH: PC,IR.clear | OUT: 'What is your name?\nHello, ' | jmp 182
TICK: 000835 | PC: 00182 | STEP: 0 | IR: load 1 | A: 32 | AR: 1 | NZ: 01 | IE: 1 | PENDING: 0 | IN_INTR: 0 | DS: [] | RS: [40] | MEM: - | LATCH: IR | OUT: 'What is your name?\nHello, ' | fetch load 1
TICK: 000836 | PC: 00182 | STEP: 1 | IR: load 1 | A: 32 | AR: 1 | NZ: 01 | IE: 1 | PENDING: 0 | IN_INTR: 0 | DS: [] | RS: [40] | MEM: - | LATCH: AR | OUT: 'What is your name?\nHello, ' | load.addr 1
TICK: 000837 | PC: 00187 | STEP: 0 | IR: load 1 | A: 32 | AR: 1 | NZ: 01 | IE: 1 | PENDING: 0 | IN_INTR: 0 | DS: [0] | RS: [40] | MEM: read mem[1] | LATCH: DS.push,PC,IR.clear | OUT: 'What is your name?\nHello, ' | load.read
TICK: 000838 | PC: 00187 | STEP: 0 | IR: literal 0 | A: 32 | AR: 1 | NZ: 01 | IE: 1 | PENDING: 0 | IN_INTR: 0 | DS: [0] | RS: [40] | MEM: - | LATCH: IR | OUT: 'What is your name?\nHello, ' | fetch literal 0
TICK: 000839 | PC: 00192 | STEP: 0 | IR: literal 0 | A: 32 | AR: 1 | NZ: 01 | IE: 1 | PENDING: 0 | IN_INTR: 0 | DS: [0, 0] | RS: [40] | MEM: - | LATCH: DS.push,PC,IR.clear | OUT: 'What is your name?\nHello, ' | literal 0
TICK: 000840 | PC: 00192 | STEP: 0 | IR: sub | A: 32 | AR: 1 | NZ: 01 | IE: 1 | PENDING: 0 | IN_INTR: 0 | DS: [0, 0] | RS: [40] | MEM: - | LATCH: IR | OUT: 'What is your name?\nHello, ' | fetch sub
TICK: 000841 | PC: 00192 | STEP: 1 | IR: sub | A: 32 | AR: 1 | NZ: 01 | IE: 1 | PENDING: 0 | IN_INTR: 0 | DS: [] | RS: [40] | MEM: - | LATCH: ALU.left,ALU.right | OUT: 'What is your name?\nHello, ' | sub.load_operands
TICK: 000842 | PC: 00193 | STEP: 0 | IR: sub | A: 32 | AR: 1 | NZ: 01 | IE: 1 | PENDING: 0 | IN_INTR: 0 | DS: [0] | RS: [40] | MEM: - | LATCH: DS.push(ALU),PC,IR.clear | OUT: 'What is your name?\nHello, ' | sub.write_result
TICK: 000843 | PC: 00193 | STEP: 0 | IR: nif 203 | A: 32 | AR: 1 | NZ: 01 | IE: 1 | PENDING: 0 | IN_INTR: 0 | DS: [0] | RS: [40] | MEM: - | LATCH: IR | OUT: 'What is your name?\nHello, ' | fetch nif 203
TICK: 000844 | PC: 00193 | STEP: 1 | IR: nif 203 | A: 32 | AR: 1 | NZ: 01 | IE: 1 | PENDING: 0 | IN_INTR: 0 | DS: [] | RS: [40] | MEM: - | LATCH: ALU.left | OUT: 'What is your name?\nHello, ' | nif.test
TICK: 000845 | PC: 00198 | STEP: 0 | IR: nif 203 | A: 32 | AR: 1 | NZ: 01 | IE: 1 | PENDING: 0 | IN_INTR: 0 | DS: [] | RS: [40] | MEM: - | LATCH: PC,IR.clear | OUT: 'What is your name?\nHello, ' | nif.branch
TICK: 000846 | PC: 00198 | STEP: 0 | IR: jmp 182 | A: 32 | AR: 1 | NZ: 01 | IE: 1 | PENDING: 0 | IN_INTR: 0 | DS: [] | RS: [40] | MEM: - | LATCH: IR | OUT: 'What is your name?\nHello, ' | fetch jmp 182
TICK: 000847 | PC: 00182 | STEP: 0 | IR: jmp 182 | A: 32 | AR: 1 | NZ: 01 | IE: 1 | PENDING: 0 | IN_INTR: 0 | DS: [] | RS: [40] | MEM: - | LATCH: PC,IR.clear | OUT: 'What is your name?\nHello, ' | jmp 182
TICK: 000848 | PC: 00182 | STEP: 0 | IR: load 1 | A: 32 | AR: 1 | NZ: 01 | IE: 1 | PENDING: 0 | IN_INTR: 0 | DS: [] | RS: [40] | MEM: - | LATCH: IR | OUT: 'What is your name?\nHello, ' | fetch load 1
TICK: 000849 | PC: 00182 | STEP: 1 | IR: load 1 | A: 32 | AR: 1 | NZ: 01 | IE: 1 | PENDING: 0 | IN_INTR: 0 | DS: [] | RS: [40] | MEM: - | LATCH: AR | OUT: 'What is your name?\nHello, ' | load.addr 1
TICK: 000850 | PC: 00187 | STEP: 0 | IR: load 1 | A: 32 | AR: 1 | NZ: 01 | IE: 1 | PENDING: 0 | IN_INTR: 0 | DS: [0] | RS: [40] | MEM: read mem[1] | LATCH: DS.push,PC,IR.clear | OUT: 'What is your name?\nHello, ' | load.read
TICK: 000851 | PC: 00187 | STEP: 0 | IR: literal 0 | A: 32 | AR: 1 | NZ: 01 | IE: 1 | PENDING: 0 | IN_INTR: 0 | DS: [0] | RS: [40] | MEM: - | LATCH: IR | OUT: 'What is your name?\nHello, ' | fetch literal 0
TICK: 000852 | PC: 00192 | STEP: 0 | IR: literal 0 | A: 32 | AR: 1 | NZ: 01 | IE: 1 | PENDING: 0 | IN_INTR: 0 | DS: [0, 0] | RS: [40] | MEM: - | LATCH: DS.push,PC,IR.clear | OUT: 'What is your name?\nHello, ' | literal 0
TICK: 000853 | PC: 00192 | STEP: 0 | IR: sub | A: 32 | AR: 1 | NZ: 01 | IE: 1 | PENDING: 0 | IN_INTR: 0 | DS: [0, 0] | RS: [40] | MEM: - | LATCH: IR | OUT: 'What is your name?\nHello, ' | fetch sub
TICK: 000854 | PC: 00192 | STEP: 1 | IR: sub | A: 32 | AR: 1 | NZ: 01 | IE: 1 | PENDING: 0 | IN_INTR: 0 | DS: [] | RS: [40] | MEM: - | LATCH: ALU.left,ALU.right | OUT: 'What is your name?\nHello, ' | sub.load_operands
TICK: 000855 | PC: 00193 | STEP: 0 | IR: sub | A: 32 | AR: 1 | NZ: 01 | IE: 1 | PENDING: 0 | IN_INTR: 0 | DS: [0] | RS: [40] | MEM: - | LATCH: DS.push(ALU),PC,IR.clear | OUT: 'What is your name?\nHello, ' | sub.write_result
TICK: 000856 | PC: 00193 | STEP: 0 | IR: nif 203 | A: 32 | AR: 1 | NZ: 01 | IE: 1 | PENDING: 0 | IN_INTR: 0 | DS: [0] | RS: [40] | MEM: - | LATCH: IR | OUT: 'What is your name?\nHello, ' | fetch nif 203
TICK: 000857 | PC: 00193 | STEP: 1 | IR: nif 203 | A: 32 | AR: 1 | NZ: 01 | IE: 1 | PENDING: 0 | IN_INTR: 0 | DS: [] | RS: [40] | MEM: - | LATCH: ALU.left | OUT: 'What is your name?\nHello, ' | nif.test
TICK: 000858 | PC: 00198 | STEP: 0 | IR: nif 203 | A: 32 | AR: 1 | NZ: 01 | IE: 1 | PENDING: 0 | IN_INTR: 0 | DS: [] | RS: [40] | MEM: - | LATCH: PC,IR.clear | OUT: 'What is your name?\nHello, ' | nif.branch
TICK: 000859 | PC: 00198 | STEP: 0 | IR: jmp 182 | A: 32 | AR: 1 | NZ: 01 | IE: 1 | PENDING: 0 | IN_INTR: 0 | DS: [] | RS: [40] | MEM: - | LATCH: IR | OUT: 'What is your name?\nHello, ' | fetch jmp 182
TICK: 000860 | PC: 00182 | STEP: 0 | IR: jmp 182 | A: 32 | AR: 1 | NZ: 01 | IE: 1 | PENDING: 0 | IN_INTR: 0 | DS: [] | RS: [40] | MEM: - | LATCH: PC,IR.clear | OUT: 'What is your name?\nHello, ' | jmp 182
TICK: 000861 | PC: 00182 | STEP: 0 | IR: load 1 | A: 32 | AR: 1 | NZ: 01 | IE: 1 | PENDING: 0 | IN_INTR: 0 | DS: [] | RS: [40] | MEM: - | LATCH: IR | OUT: 'What is your name?\nHello, ' | fetch load 1
TICK: 000862 | PC: 00182 | STEP: 1 | IR: load 1 | A: 32 | AR: 1 | NZ: 01 | IE: 1 | PENDING: 0 | IN_INTR: 0 | DS: [] | RS: [40] | MEM: - | LATCH: AR | OUT: 'What is your name?\nHello, ' | load.addr 1
TICK: 000863 | PC: 00187 | STEP: 0 | IR: load 1 | A: 32 | AR: 1 | NZ: 01 | IE: 1 | PENDING: 0 | IN_INTR: 0 | DS: [0] | RS: [40] | MEM: read mem[1] | LATCH: DS.push,PC,IR.clear | OUT: 'What is your name?\nHello, ' | load.read
TICK: 000864 | PC: 00187 | STEP: 0 | IR: literal 0 | A: 32 | AR: 1 | NZ: 01 | IE: 1 | PENDING: 0 | IN_INTR: 0 | DS: [0] | RS: [40] | MEM: - | LATCH: IR | OUT: 'What is your name?\nHello, ' | fetch literal 0
TICK: 000865 | PC: 00192 | STEP: 0 | IR: literal 0 | A: 32 | AR: 1 | NZ: 01 | IE: 1 | PENDING: 0 | IN_INTR: 0 | DS: [0, 0] | RS: [40] | MEM: - | LATCH: DS.push,PC,IR.clear | OUT: 'What is your name?\nHello, ' | literal 0
TICK: 000866 | PC: 00192 | STEP: 0 | IR: sub | A: 32 | AR: 1 | NZ: 01 | IE: 1 | PENDING: 0 | IN_INTR: 0 | DS: [0, 0] | RS: [40] | MEM: - | LATCH: IR | OUT: 'What is your name?\nHello, ' | fetch sub
TICK: 000867 | PC: 00192 | STEP: 1 | IR: sub | A: 32 | AR: 1 | NZ: 01 | IE: 1 | PENDING: 0 | IN_INTR: 0 | DS: [] | RS: [40] | MEM: - | LATCH: ALU.left,ALU.right | OUT: 'What is your name?\nHello, ' | sub.load_operands
TICK: 000868 | PC: 00193 | STEP: 0 | IR: sub | A: 32 | AR: 1 | NZ: 01 | IE: 1 | PENDING: 0 | IN_INTR: 0 | DS: [0] | RS: [40] | MEM: - | LATCH: DS.push(ALU),PC,IR.clear | OUT: 'What is your name?\nHello, ' | sub.write_result
TICK: 000869 | PC: 00193 | STEP: 0 | IR: nif 203 | A: 32 | AR: 1 | NZ: 01 | IE: 1 | PENDING: 0 | IN_INTR: 0 | DS: [0] | RS: [40] | MEM: - | LATCH: IR | OUT: 'What is your name?\nHello, ' | fetch nif 203
TICK: 000870 | PC: 00193 | STEP: 1 | IR: nif 203 | A: 32 | AR: 1 | NZ: 01 | IE: 1 | PENDING: 0 | IN_INTR: 0 | DS: [] | RS: [40] | MEM: - | LATCH: ALU.left | OUT: 'What is your name?\nHello, ' | nif.test
TICK: 000871 | PC: 00198 | STEP: 0 | IR: nif 203 | A: 32 | AR: 1 | NZ: 01 | IE: 1 | PENDING: 0 | IN_INTR: 0 | DS: [] | RS: [40] | MEM: - | LATCH: PC,IR.clear | OUT: 'What is your name?\nHello, ' | nif.branch
TICK: 000872 | PC: 00198 | STEP: 0 | IR: jmp 182 | A: 32 | AR: 1 | NZ: 01 | IE: 1 | PENDING: 0 | IN_INTR: 0 | DS: [] | RS: [40] | MEM: - | LATCH: IR | OUT: 'What is your name?\nHello, ' | fetch jmp 182
TICK: 000873 | PC: 00182 | STEP: 0 | IR: jmp 182 | A: 32 | AR: 1 | NZ: 01 | IE: 1 | PENDING: 0 | IN_INTR: 0 | DS: [] | RS: [40] | MEM: - | LATCH: PC,IR.clear | OUT: 'What is your name?\nHello, ' | jmp 182
TICK: 000874 | PC: 00182 | STEP: 0 | IR: load 1 | A: 32 | AR: 1 | NZ: 01 | IE: 1 | PENDING: 0 | IN_INTR: 0 | DS: [] | RS: [40] | MEM: - | LATCH: IR | OUT: 'What is your name?\nHello, ' | fetch load 1
TICK: 000875 | PC: 00182 | STEP: 1 | IR: load 1 | A: 32 | AR: 1 | NZ: 01 | IE: 1 | PENDING: 0 | IN_INTR: 0 | DS: [] | RS: [40] | MEM: - | LATCH: AR | OUT: 'What is your name?\nHello, ' | load.addr 1
TICK: 000876 | PC: 00187 | STEP: 0 | IR: load 1 | A: 32 | AR: 1 | NZ: 01 | IE: 1 | PENDING: 0 | IN_INTR: 0 | DS: [0] | RS: [40] | MEM: read mem[1] | LATCH: DS.push,PC,IR.clear | OUT: 'What is your name?\nHello, ' | load.read
TICK: 000877 | PC: 00187 | STEP: 0 | IR: literal 0 | A: 32 | AR: 1 | NZ: 01 | IE: 1 | PENDING: 0 | IN_INTR: 0 | DS: [0] | RS: [40] | MEM: - | LATCH: IR | OUT: 'What is your name?\nHello, ' | fetch literal 0
TICK: 000878 | PC: 00192 | STEP: 0 | IR: literal 0 | A: 32 | AR: 1 | NZ: 01 | IE: 1 | PENDING: 0 | IN_INTR: 0 | DS: [0, 0] | RS: [40] | MEM: - | LATCH: DS.push,PC,IR.clear | OUT: 'What is your name?\nHello, ' | literal 0
TICK: 000879 | PC: 00192 | STEP: 0 | IR: sub | A: 32 | AR: 1 | NZ: 01 | IE: 1 | PENDING: 0 | IN_INTR: 0 | DS: [0, 0] | RS: [40] | MEM: - | LATCH: IR | OUT: 'What is your name?\nHello, ' | fetch sub
TICK: 000880 | PC: 00192 | STEP: 1 | IR: sub | A: 32 | AR: 1 | NZ: 01 | IE: 1 | PENDING: 0 | IN_INTR: 0 | DS: [] | RS: [40] | MEM: - | LATCH: ALU.left,ALU.right | OUT: 'What is your name?\nHello, ' | sub.load_operands
TICK: 000881 | PC: 00193 | STEP: 0 | IR: sub | A: 32 | AR: 1 | NZ: 01 | IE: 1 | PENDING: 0 | IN_INTR: 0 | DS: [0] | RS: [40] | MEM: - | LATCH: DS.push(ALU),PC,IR.clear | OUT: 'What is your name?\nHello, ' | sub.write_result
TICK: 000882 | PC: 00193 | STEP: 0 | IR: nif 203 | A: 32 | AR: 1 | NZ: 01 | IE: 1 | PENDING: 0 | IN_INTR: 0 | DS: [0] | RS: [40] | MEM: - | LATCH: IR | OUT: 'What is your name?\nHello, ' | fetch nif 203
TICK: 000883 | PC: 00193 | STEP: 1 | IR: nif 203 | A: 32 | AR: 1 | NZ: 01 | IE: 1 | PENDING: 0 | IN_INTR: 0 | DS: [] | RS: [40] | MEM: - | LATCH: ALU.left | OUT: 'What is your name?\nHello, ' | nif.test
TICK: 000884 | PC: 00198 | STEP: 0 | IR: nif 203 | A: 32 | AR: 1 | NZ: 01 | IE: 1 | PENDING: 0 | IN_INTR: 0 | DS: [] | RS: [40] | MEM: - | LATCH: PC,IR.clear | OUT: 'What is your name?\nHello, ' | nif.branch
TICK: 000885 | PC: 00198 | STEP: 0 | IR: jmp 182 | A: 32 | AR: 1 | NZ: 01 | IE: 1 | PENDING: 0 | IN_INTR: 0 | DS: [] | RS: [40] | MEM: - | LATCH: IR | OUT: 'What is your name?\nHello, ' | fetch jmp 182
TICK: 000886 | PC: 00182 | STEP: 0 | IR: jmp 182 | A: 32 | AR: 1 | NZ: 01 | IE: 1 | PENDING: 0 | IN_INTR: 0 | DS: [] | RS: [40] | MEM: - | LATCH: PC,IR.clear | OUT: 'What is your name?\nHello, ' | jmp 182
TICK: 000887 | PC: 00182 | STEP: 0 | IR: load 1 | A: 32 | AR: 1 | NZ: 01 | IE: 1 | PENDING: 0 | IN_INTR: 0 | DS: [] | RS: [40] | MEM: - | LATCH: IR | OUT: 'What is your name?\nHello, ' | fetch load 1
TICK: 000888 | PC: 00182 | STEP: 1 | IR: load 1 | A: 32 | AR: 1 | NZ: 01 | IE: 1 | PENDING: 0 | IN_INTR: 0 | DS: [] | RS: [40] | MEM: - | LATCH: AR | OUT: 'What is your name?\nHello, ' | load.addr 1
TICK: 000889 | PC: 00187 | STEP: 0 | IR: load 1 | A: 32 | AR: 1 | NZ: 01 | IE: 1 | PENDING: 0 | IN_INTR: 0 | DS: [0] | RS: [40] | MEM: read mem[1] | LATCH: DS.push,PC,IR.clear | OUT: 'What is your name?\nHello, ' | load.read
TICK: 000890 | PC: 00187 | STEP: 0 | IR: literal 0 | A: 32 | AR: 1 | NZ: 01 | IE: 1 | PENDING: 0 | IN_INTR: 0 | DS: [0] | RS: [40] | MEM: - | LATCH: IR | OUT: 'What is your name?\nHello, ' | fetch literal 0
TICK: 000891 | PC: 00192 | STEP: 0 | IR: literal 0 | A: 32 | AR: 1 | NZ: 01 | IE: 1 | PENDING: 0 | IN_INTR: 0 | DS: [0, 0] | RS: [40] | MEM: - | LATCH: DS.push,PC,IR.clear | OUT: 'What is your name?\nHello, ' | literal 0
TICK: 000892 | PC: 00192 | STEP: 0 | IR: sub | A: 32 | AR: 1 | NZ: 01 | IE: 1 | PENDING: 0 | IN_INTR: 0 | DS: [0, 0] | RS: [40] | MEM: - | LATCH: IR | OUT: 'What is your name?\nHello, ' | fetch sub
TICK: 000893 | PC: 00192 | STEP: 1 | IR: sub | A: 32 | AR: 1 | NZ: 01 | IE: 1 | PENDING: 0 | IN_INTR: 0 | DS: [] | RS: [40] | MEM: - | LATCH: ALU.left,ALU.right | OUT: 'What is your name?\nHello, ' | sub.load_operands
TICK: 000894 | PC: 00193 | STEP: 0 | IR: sub | A: 32 | AR: 1 | NZ: 01 | IE: 1 | PENDING: 0 | IN_INTR: 0 | DS: [0] | RS: [40] | MEM: - | LATCH: DS.push(ALU),PC,IR.clear | OUT: 'What is your name?\nHello, ' | sub.write_result
TICK: 000895 | PC: 00193 | STEP: 0 | IR: nif 203 | A: 32 | AR: 1 | NZ: 01 | IE: 1 | PENDING: 0 | IN_INTR: 0 | DS: [0] | RS: [40] | MEM: - | LATCH: IR | OUT: 'What is your name?\nHello, ' | fetch nif 203
TICK: 000896 | PC: 00193 | STEP: 1 | IR: nif 203 | A: 32 | AR: 1 | NZ: 01 | IE: 1 | PENDING: 0 | IN_INTR: 0 | DS: [] | RS: [40] | MEM: - | LATCH: ALU.left | OUT: 'What is your name?\nHello, ' | nif.test
TICK: 000897 | PC: 00198 | STEP: 0 | IR: nif 203 | A: 32 | AR: 1 | NZ: 01 | IE: 1 | PENDING: 0 | IN_INTR: 0 | DS: [] | RS: [40] | MEM: - | LATCH: PC,IR.clear | OUT: 'What is your name?\nHello, ' | nif.branch
TICK: 000898 | PC: 00198 | STEP: 0 | IR: jmp 182 | A: 32 | AR: 1 | NZ: 01 | IE: 1 | PENDING: 0 | IN_INTR: 0 | DS: [] | RS: [40] | MEM: - | LATCH: IR | OUT: 'What is your name?\nHello, ' | fetch jmp 182
TICK: 000899 | PC: 00182 | STEP: 0 | IR: jmp 182 | A: 32 | AR: 1 | NZ: 01 | IE: 1 | PENDING: 0 | IN_INTR: 0 | DS: [] | RS: [40] | MEM: - | LATCH: PC,IR.clear | OUT: 'What is your name?\nHello, ' | jmp 182
TICK: 000900 | PC: 00182 | STEP: 0 | IR: load 1 | A: 32 | AR: 1 | NZ: 01 | IE: 1 | PENDING: 0 | IN_INTR: 0 | DS: [] | RS: [40] | MEM: - | LATCH: IR | OUT: 'What is your name?\nHello, ' | fetch load 1
TICK: 000901 | PC: 00182 | STEP: 1 | IR: load 1 | A: 32 | AR: 1 | NZ: 01 | IE: 1 | PENDING: 0 | IN_INTR: 0 | DS: [] | RS: [40] | MEM: - | LATCH: AR | OUT: 'What is your name?\nHello, ' | load.addr 1
TICK: 000902 | PC: 00187 | STEP: 0 | IR: load 1 | A: 32 | AR: 1 | NZ: 01 | IE: 1 | PENDING: 0 | IN_INTR: 0 | DS: [0] | RS: [40] | MEM: read mem[1] | LATCH: DS.push,PC,IR.clear | OUT: 'What is your name?\nHello, ' | load.read
TICK: 000903 | PC: 00187 | STEP: 0 | IR: literal 0 | A: 32 | AR: 1 | NZ: 01 | IE: 1 | PENDING: 0 | IN_INTR: 0 | DS: [0] | RS: [40] | MEM: - | LATCH: IR | OUT: 'What is your name?\nHello, ' | fetch literal 0
TICK: 000904 | PC: 00192 | STEP: 0 | IR: literal 0 | A: 32 | AR: 1 | NZ: 01 | IE: 1 | PENDING: 0 | IN_INTR: 0 | DS: [0, 0] | RS: [40] | MEM: - | LATCH: DS.push,PC,IR.clear | OUT: 'What is your name?\nHello, ' | literal 0
TICK: 000905 | PC: 00192 | STEP: 0 | IR: sub | A: 32 | AR: 1 | NZ: 01 | IE: 1 | PENDING: 0 | IN_INTR: 0 | DS: [0, 0] | RS: [40] | MEM: - | LATCH: IR | OUT: 'What is your name?\nHello, ' | fetch sub
TICK: 000906 | PC: 00192 | STEP: 1 | IR: sub | A: 32 | AR: 1 | NZ: 01 | IE: 1 | PENDING: 0 | IN_INTR: 0 | DS: [] | RS: [40] | MEM: - | LATCH: ALU.left,ALU.right | OUT: 'What is your name?\nHello, ' | sub.load_operands
TICK: 000907 | PC: 00193 | STEP: 0 | IR: sub | A: 32 | AR: 1 | NZ: 01 | IE: 1 | PENDING: 0 | IN_INTR: 0 | DS: [0] | RS: [40] | MEM: - | LATCH: DS.push(ALU),PC,IR.clear | OUT: 'What is your name?\nHello, ' | sub.write_result
TICK: 000908 | PC: 00193 | STEP: 0 | IR: nif 203 | A: 32 | AR: 1 | NZ: 01 | IE: 1 | PENDING: 0 | IN_INTR: 0 | DS: [0] | RS: [40] | MEM: - | LATCH: IR | OUT: 'What is your name?\nHello, ' | fetch nif 203
TICK: 000909 | PC: 00193 | STEP: 1 | IR: nif 203 | A: 32 | AR: 1 | NZ: 01 | IE: 1 | PENDING: 0 | IN_INTR: 0 | DS: [] | RS: [40] | MEM: - | LATCH: ALU.left | OUT: 'What is your name?\nHello, ' | nif.test
TICK: 000910 | PC: 00198 | STEP: 0 | IR: nif 203 | A: 32 | AR: 1 | NZ: 01 | IE: 1 | PENDING: 0 | IN_INTR: 0 | DS: [] | RS: [40] | MEM: - | LATCH: PC,IR.clear | OUT: 'What is your name?\nHello, ' | nif.branch
TICK: 000911 | PC: 00198 | STEP: 0 | IR: jmp 182 | A: 32 | AR: 1 | NZ: 01 | IE: 1 | PENDING: 0 | IN_INTR: 0 | DS: [] | RS: [40] | MEM: - | LATCH: IR | OUT: 'What is your name?\nHello, ' | fetch jmp 182
TICK: 000912 | PC: 00182 | STEP: 0 | IR: jmp 182 | A: 32 | AR: 1 | NZ: 01 | IE: 1 | PENDING: 0 | IN_INTR: 0 | DS: [] | RS: [40] | MEM: - | LATCH: PC,IR.clear | OUT: 'What is your name?\nHello, ' | jmp 182
TICK: 000913 | PC: 00182 | STEP: 0 | IR: load 1 | A: 32 | AR: 1 | NZ: 01 | IE: 1 | PENDING: 0 | IN_INTR: 0 | DS: [] | RS: [40] | MEM: - | LATCH: IR | OUT: 'What is your name?\nHello, ' | fetch load 1
TICK: 000914 | PC: 00182 | STEP: 1 | IR: load 1 | A: 32 | AR: 1 | NZ: 01 | IE: 1 | PENDING: 0 | IN_INTR: 0 | DS: [] | RS: [40] | MEM: - | LATCH: AR | OUT: 'What is your name?\nHello, ' | load.addr 1
TICK: 000915 | PC: 00187 | STEP: 0 | IR: load 1 | A: 32 | AR: 1 | NZ: 01 | IE: 1 | PENDING: 0 | IN_INTR: 0 | DS: [0] | RS: [40] | MEM: read mem[1] | LATCH: DS.push,PC,IR.clear | OUT: 'What is your name?\nHello, ' | load.read
TICK: 000916 | PC: 00187 | STEP: 0 | IR: literal 0 | A: 32 | AR: 1 | NZ: 01 | IE: 1 | PENDING: 0 | IN_INTR: 0 | DS: [0] | RS: [40] | MEM: - | LATCH: IR | OUT: 'What is your name?\nHello, ' | fetch literal 0
TICK: 000917 | PC: 00192 | STEP: 0 | IR: literal 0 | A: 32 | AR: 1 | NZ: 01 | IE: 1 | PENDING: 0 | IN_INTR: 0 | DS: [0, 0] | RS: [40] | MEM: - | LATCH: DS.push,PC,IR.clear | OUT: 'What is your name?\nHello, ' | literal 0
TICK: 000918 | PC: 00192 | STEP: 0 | IR: sub | A: 32 | AR: 1 | NZ: 01 | IE: 1 | PENDING: 0 | IN_INTR: 0 | DS: [0, 0] | RS: [40] | MEM: - | LATCH: IR | OUT: 'What is your name?\nHello, ' | fetch sub
TICK: 000919 | PC: 00192 | STEP: 1 | IR: sub | A: 32 | AR: 1 | NZ: 01 | IE: 1 | PENDING: 0 | IN_INTR: 0 | DS: [] | RS: [40] | MEM: - | LATCH: ALU.left,ALU.right | OUT: 'What is your name?\nHello, ' | sub.load_operands
TICK: 000920 | PC: 00193 | STEP: 0 | IR: sub | A: 32 | AR: 1 | NZ: 01 | IE: 1 | PENDING: 0 | IN_INTR: 0 | DS: [0] | RS: [40] | MEM: - | LATCH: DS.push(ALU),PC,IR.clear | OUT: 'What is your name?\nHello, ' | sub.write_result
TICK: 000921 | PC: 00193 | STEP: 0 | IR: nif 203 | A: 32 | AR: 1 | NZ: 01 | IE: 1 | PENDING: 0 | IN_INTR: 0 | DS: [0] | RS: [40] | MEM: - | LATCH: IR | OUT: 'What is your name?\nHello, ' | fetch nif 203
TICK: 000922 | PC: 00193 | STEP: 1 | IR: nif 203 | A: 32 | AR: 1 | NZ: 01 | IE: 1 | PENDING: 0 | IN_INTR: 0 | DS: [] | RS: [40] | MEM: - | LATCH: ALU.left | OUT: 'What is your name?\nHello, ' | nif.test
TICK: 000923 | PC: 00198 | STEP: 0 | IR: nif 203 | A: 32 | AR: 1 | NZ: 01 | IE: 1 | PENDING: 0 | IN_INTR: 0 | DS: [] | RS: [40] | MEM: - | LATCH: PC,IR.clear | OUT: 'What is your name?\nHello, ' | nif.branch
TICK: 000924 | PC: 00198 | STEP: 0 | IR: jmp 182 | A: 32 | AR: 1 | NZ: 01 | IE: 1 | PENDING: 0 | IN_INTR: 0 | DS: [] | RS: [40] | MEM: - | LATCH: IR | OUT: 'What is your name?\nHello, ' | fetch jmp 182
TICK: 000925 | PC: 00182 | STEP: 0 | IR: jmp 182 | A: 32 | AR: 1 | NZ: 01 | IE: 1 | PENDING: 0 | IN_INTR: 0 | DS: [] | RS: [40] | MEM: - | LATCH: PC,IR.clear | OUT: 'What is your name?\nHello, ' | jmp 182
TICK: 000926 | PC: 00182 | STEP: 0 | IR: load 1 | A: 32 | AR: 1 | NZ: 01 | IE: 1 | PENDING: 0 | IN_INTR: 0 | DS: [] | RS: [40] | MEM: - | LATCH: IR | OUT: 'What is your name?\nHello, ' | fetch load 1
TICK: 000927 | PC: 00182 | STEP: 1 | IR: load 1 | A: 32 | AR: 1 | NZ: 01 | IE: 1 | PENDING: 0 | IN_INTR: 0 | DS: [] | RS: [40] | MEM: - | LATCH: AR | OUT: 'What is your name?\nHello, ' | load.addr 1
TICK: 000928 | PC: 00187 | STEP: 0 | IR: load 1 | A: 32 | AR: 1 | NZ: 01 | IE: 1 | PENDING: 0 | IN_INTR: 0 | DS: [0] | RS: [40] | MEM: read mem[1] | LATCH: DS.push,PC,IR.clear | OUT: 'What is your name?\nHello, ' | load.read
TICK: 000929 | PC: 00187 | STEP: 0 | IR: literal 0 | A: 32 | AR: 1 | NZ: 01 | IE: 1 | PENDING: 0 | IN_INTR: 0 | DS: [0] | RS: [40] | MEM: - | LATCH: IR | OUT: 'What is your name?\nHello, ' | fetch literal 0
TICK: 000930 | PC: 00192 | STEP: 0 | IR: literal 0 | A: 32 | AR: 1 | NZ: 01 | IE: 1 | PENDING: 0 | IN_INTR: 0 | DS: [0, 0] | RS: [40] | MEM: - | LATCH: DS.push,PC,IR.clear | OUT: 'What is your name?\nHello, ' | literal 0
TICK: 000931 | PC: 00192 | STEP: 0 | IR: sub | A: 32 | AR: 1 | NZ: 01 | IE: 1 | PENDING: 0 | IN_INTR: 0 | DS: [0, 0] | RS: [40] | MEM: - | LATCH: IR | OUT: 'What is your name?\nHello, ' | fetch sub
TICK: 000932 | PC: 00192 | STEP: 1 | IR: sub | A: 32 | AR: 1 | NZ: 01 | IE: 1 | PENDING: 0 | IN_INTR: 0 | DS: [] | RS: [40] | MEM: - | LATCH: ALU.left,ALU.right | OUT: 'What is your name?\nHello, ' | sub.load_operands
TICK: 000933 | PC: 00193 | STEP: 0 | IR: sub | A: 32 | AR: 1 | NZ: 01 | IE: 1 | PENDING: 0 | IN_INTR: 0 | DS: [0] | RS: [40] | MEM: - | LATCH: DS.push(ALU),PC,IR.clear | OUT: 'What is your name?\nHello, ' | sub.write_result
TICK: 000934 | PC: 00193 | STEP: 0 | IR: nif 203 | A: 32 | AR: 1 | NZ: 01 | IE: 1 | PENDING: 0 | IN_INTR: 0 | DS: [0] | RS: [40] | MEM: - | LATCH: IR | OUT: 'What is your name?\nHello, ' | fetch nif 203
TICK: 000935 | PC: 00193 | STEP: 1 | IR: nif 203 | A: 32 | AR: 1 | NZ: 01 | IE: 1 | PENDING: 0 | IN_INTR: 0 | DS: [] | RS: [40] | MEM: - | LATCH: ALU.left | OUT: 'What is your name?\nHello, ' | nif.test
TICK: 000936 | PC: 00198 | STEP: 0 | IR: nif 203 | A: 32 | AR: 1 | NZ: 01 | IE: 1 | PENDING: 0 | IN_INTR: 0 | DS: [] | RS: [40] | MEM: - | LATCH: PC,IR.clear | OUT: 'What is your name?\nHello, ' | nif.branch
TICK: 000937 | PC: 00198 | STEP: 0 | IR: jmp 182 | A: 32 | AR: 1 | NZ: 01 | IE: 1 | PENDING: 0 | IN_INTR: 0 | DS: [] | RS: [40] | MEM: - | LATCH: IR | OUT: 'What is your name?\nHello, ' | fetch jmp 182
TICK: 000938 | PC: 00182 | STEP: 0 | IR: jmp 182 | A: 32 | AR: 1 | NZ: 01 | IE: 1 | PENDING: 0 | IN_INTR: 0 | DS: [] | RS: [40] | MEM: - | LATCH: PC,IR.clear | OUT: 'What is your name?\nHello, ' | jmp 182
TICK: 000939 | PC: 00182 | STEP: 0 | IR: load 1 | A: 32 | AR: 1 | NZ: 01 | IE: 1 | PENDING: 0 | IN_INTR: 0 | DS: [] | RS: [40] | MEM: - | LATCH: IR | OUT: 'What is your name?\nHello, ' | fetch load 1
TICK: 000940 | PC: 00182 | STEP: 1 | IR: load 1 | A: 32 | AR: 1 | NZ: 01 | IE: 1 | PENDING: 0 | IN_INTR: 0 | DS: [] | RS: [40] | MEM: - | LATCH: AR | OUT: 'What is your name?\nHello, ' | load.addr 1
TICK: 000941 | PC: 00187 | STEP: 0 | IR: load 1 | A: 32 | AR: 1 | NZ: 01 | IE: 1 | PENDING: 0 | IN_INTR: 0 | DS: [0] | RS: [40] | MEM: read mem[1] | LATCH: DS.push,PC,IR.clear | OUT: 'What is your name?\nHello, ' | load.read
TICK: 000942 | PC: 00187 | STEP: 0 | IR: literal 0 | A: 32 | AR: 1 | NZ: 01 | IE: 1 | PENDING: 0 | IN_INTR: 0 | DS: [0] | RS: [40] | MEM: - | LATCH: IR | OUT: 'What is your name?\nHello, ' | fetch literal 0
TICK: 000943 | PC: 00192 | STEP: 0 | IR: literal 0 | A: 32 | AR: 1 | NZ: 01 | IE: 1 | PENDING: 0 | IN_INTR: 0 | DS: [0, 0] | RS: [40] | MEM: - | LATCH: DS.push,PC,IR.clear | OUT: 'What is your name?\nHello, ' | literal 0
TICK: 000944 | PC: 00192 | STEP: 0 | IR: sub | A: 32 | AR: 1 | NZ: 01 | IE: 1 | PENDING: 0 | IN_INTR: 0 | DS: [0, 0] | RS: [40] | MEM: - | LATCH: IR | OUT: 'What is your name?\nHello, ' | fetch sub
TICK: 000945 | PC: 00192 | STEP: 1 | IR: sub | A: 32 | AR: 1 | NZ: 01 | IE: 1 | PENDING: 0 | IN_INTR: 0 | DS: [] | RS: [40] | MEM: - | LATCH: ALU.left,ALU.right | OUT: 'What is your name?\nHello, ' | sub.load_operands
TICK: 000946 | PC: 00193 | STEP: 0 | IR: sub | A: 32 | AR: 1 | NZ: 01 | IE: 1 | PENDING: 0 | IN_INTR: 0 | DS: [0] | RS: [40] | MEM: - | LATCH: DS.push(ALU),PC,IR.clear | OUT: 'What is your name?\nHello, ' | sub.write_result
TICK: 000947 | PC: 00193 | STEP: 0 | IR: nif 203 | A: 32 | AR: 1 | NZ: 01 | IE: 1 | PENDING: 0 | IN_INTR: 0 | DS: [0] | RS: [40] | MEM: - | LATCH: IR | OUT: 'What is your name?\nHello, ' | fetch nif 203
TICK: 000948 | PC: 00193 | STEP: 1 | IR: nif 203 | A: 32 | AR: 1 | NZ: 01 | IE: 1 | PENDING: 0 | IN_INTR: 0 | DS: [] | RS: [40] | MEM: - | LATCH: ALU.left | OUT: 'What is your name?\nHello, ' | nif.test
TICK: 000949 | PC: 00198 | STEP: 0 | IR: nif 203 | A: 32 | AR: 1 | NZ: 01 | IE: 1 | PENDING: 0 | IN_INTR: 0 | DS: [] | RS: [40] | MEM: - | LATCH: PC,IR.clear | OUT: 'What is your name?\nHello, ' | nif.branch
TICK: 000950 | PC: 00198 | STEP: 0 | IR: jmp 182 | A: 32 | AR: 1 | NZ: 01 | IE: 1 | PENDING: 0 | IN_INTR: 0 | DS: [] | RS: [40] | MEM: - | LATCH: IR | OUT: 'What is your name?\nHello, ' | fetch jmp 182
TICK: 000951 | PC: 00182 | STEP: 0 | IR: jmp 182 | A: 32 | AR: 1 | NZ: 01 | IE: 1 | PENDING: 0 | IN_INTR: 0 | DS: [] | RS: [40] | MEM: - | LATCH: PC,IR.clear | OUT: 'What is your name?\nHello, ' | jmp 182
TICK: 000952 | PC: 00182 | STEP: 0 | IR: load 1 | A: 32 | AR: 1 | NZ: 01 | IE: 1 | PENDING: 0 | IN_INTR: 0 | DS: [] | RS: [40] | MEM: - | LATCH: IR | OUT: 'What is your name?\nHello, ' | fetch load 1
TICK: 000953 | PC: 00182 | STEP: 1 | IR: load 1 | A: 32 | AR: 1 | NZ: 01 | IE: 1 | PENDING: 0 | IN_INTR: 0 | DS: [] | RS: [40] | MEM: - | LATCH: AR | OUT: 'What is your name?\nHello, ' | load.addr 1
TICK: 000954 | PC: 00187 | STEP: 0 | IR: load 1 | A: 32 | AR: 1 | NZ: 01 | IE: 1 | PENDING: 0 | IN_INTR: 0 | DS: [0] | RS: [40] | MEM: read mem[1] | LATCH: DS.push,PC,IR.clear | OUT: 'What is your name?\nHello, ' | load.read
TICK: 000955 | PC: 00187 | STEP: 0 | IR: literal 0 | A: 32 | AR: 1 | NZ: 01 | IE: 1 | PENDING: 0 | IN_INTR: 0 | DS: [0] | RS: [40] | MEM: - | LATCH: IR | OUT: 'What is your name?\nHello, ' | fetch literal 0
TICK: 000956 | PC: 00192 | STEP: 0 | IR: literal 0 | A: 32 | AR: 1 | NZ: 01 | IE: 1 | PENDING: 0 | IN_INTR: 0 | DS: [0, 0] | RS: [40] | MEM: - | LATCH: DS.push,PC,IR.clear | OUT: 'What is your name?\nHello, ' | literal 0
TICK: 000957 | PC: 00192 | STEP: 0 | IR: sub | A: 32 | AR: 1 | NZ: 01 | IE: 1 | PENDING: 0 | IN_INTR: 0 | DS: [0, 0] | RS: [40] | MEM: - | LATCH: IR | OUT: 'What is your name?\nHello, ' | fetch sub
TICK: 000958 | PC: 00192 | STEP: 1 | IR: sub | A: 32 | AR: 1 | NZ: 01 | IE: 1 | PENDING: 0 | IN_INTR: 0 | DS: [] | RS: [40] | MEM: - | LATCH: ALU.left,ALU.right | OUT: 'What is your name?\nHello, ' | sub.load_operands
TICK: 000959 | PC: 00193 | STEP: 0 | IR: sub | A: 32 | AR: 1 | NZ: 01 | IE: 1 | PENDING: 0 | IN_INTR: 0 | DS: [0] | RS: [40] | MEM: - | LATCH: DS.push(ALU),PC,IR.clear | OUT: 'What is your name?\nHello, ' | sub.write_result
TICK: 000960 | PC: 00193 | STEP: 0 | IR: nif 203 | A: 32 | AR: 1 | NZ: 01 | IE: 1 | PENDING: 0 | IN_INTR: 0 | DS: [0] | RS: [40] | MEM: - | LATCH: IR | OUT: 'What is your name?\nHello, ' | fetch nif 203
TICK: 000961 | PC: 00193 | STEP: 1 | IR: nif 203 | A: 32 | AR: 1 | NZ: 01 | IE: 1 | PENDING: 0 | IN_INTR: 0 | DS: [] | RS: [40] | MEM: - | LATCH: ALU.left | OUT: 'What is your name?\nHello, ' | nif.test
TICK: 000962 | PC: 00198 | STEP: 0 | IR: nif 203 | A: 32 | AR: 1 | NZ: 01 | IE: 1 | PENDING: 0 | IN_INTR: 0 | DS: [] | RS: [40] | MEM: - | LATCH: PC,IR.clear | OUT: 'What is your name?\nHello, ' | nif.branch
TICK: 000963 | PC: 00198 | STEP: 0 | IR: jmp 182 | A: 32 | AR: 1 | NZ: 01 | IE: 1 | PENDING: 0 | IN_INTR: 0 | DS: [] | RS: [40] | MEM: - | LATCH: IR | OUT: 'What is your name?\nHello, ' | fetch jmp 182
TICK: 000964 | PC: 00182 | STEP: 0 | IR: jmp 182 | A: 32 | AR: 1 | NZ: 01 | IE: 1 | PENDING: 0 | IN_INTR: 0 | DS: [] | RS: [40] | MEM: - | LATCH: PC,IR.clear | OUT: 'What is your name?\nHello, ' | jmp 182
TICK: 000965 | PC: 00182 | STEP: 0 | IR: load 1 | A: 32 | AR: 1 | NZ: 01 | IE: 1 | PENDING: 0 | IN_INTR: 0 | DS: [] | RS: [40] | MEM: - | LATCH: IR | OUT: 'What is your name?\nHello, ' | fetch load 1
TICK: 000966 | PC: 00182 | STEP: 1 | IR: load 1 | A: 32 | AR: 1 | NZ: 01 | IE: 1 | PENDING: 0 | IN_INTR: 0 | DS: [] | RS: [40] | MEM: - | LATCH: AR | OUT: 'What is your name?\nHello, ' | load.addr 1
TICK: 000967 | PC: 00187 | STEP: 0 | IR: load 1 | A: 32 | AR: 1 | NZ: 01 | IE: 1 | PENDING: 0 | IN_INTR: 0 | DS: [0] | RS: [40] | MEM: read mem[1] | LATCH: DS.push,PC,IR.clear | OUT: 'What is your name?\nHello, ' | load.read
TICK: 000968 | PC: 00187 | STEP: 0 | IR: literal 0 | A: 32 | AR: 1 | NZ: 01 | IE: 1 | PENDING: 0 | IN_INTR: 0 | DS: [0] | RS: [40] | MEM: - | LATCH: IR | OUT: 'What is your name?\nHello, ' | fetch literal 0
TICK: 000969 | PC: 00192 | STEP: 0 | IR: literal 0 | A: 32 | AR: 1 | NZ: 01 | IE: 1 | PENDING: 0 | IN_INTR: 0 | DS: [0, 0] | RS: [40] | MEM: - | LATCH: DS.push,PC,IR.clear | OUT: 'What is your name?\nHello, ' | literal 0
TICK: 000970 | PC: 00192 | STEP: 0 | IR: sub | A: 32 | AR: 1 | NZ: 01 | IE: 1 | PENDING: 0 | IN_INTR: 0 | DS: [0, 0] | RS: [40] | MEM: - | LATCH: IR | OUT: 'What is your name?\nHello, ' | fetch sub
TICK: 000971 | PC: 00192 | STEP: 1 | IR: sub | A: 32 | AR: 1 | NZ: 01 | IE: 1 | PENDING: 0 | IN_INTR: 0 | DS: [] | RS: [40] | MEM: - | LATCH: ALU.left,ALU.right | OUT: 'What is your name?\nHello, ' | sub.load_operands
TICK: 000972 | PC: 00193 | STEP: 0 | IR: sub | A: 32 | AR: 1 | NZ: 01 | IE: 1 | PENDING: 0 | IN_INTR: 0 | DS: [0] | RS: [40] | MEM: - | LATCH: DS.push(ALU),PC,IR.clear | OUT: 'What is your name?\nHello, ' | sub.write_result
TICK: 000973 | PC: 00193 | STEP: 0 | IR: nif 203 | A: 32 | AR: 1 | NZ: 01 | IE: 1 | PENDING: 0 | IN_INTR: 0 | DS: [0] | RS: [40] | MEM: - | LATCH: IR | OUT: 'What is your name?\nHello, ' | fetch nif 203
TICK: 000974 | PC: 00193 | STEP: 1 | IR: nif 203 | A: 32 | AR: 1 | NZ: 01 | IE: 1 | PENDING: 0 | IN_INTR: 0 | DS: [] | RS: [40] | MEM: - | LATCH: ALU.left | OUT: 'What is your name?\nHello, ' | nif.test
TICK: 000975 | PC: 00198 | STEP: 0 | IR: nif 203 | A: 32 | AR: 1 | NZ: 01 | IE: 1 | PENDING: 0 | IN_INTR: 0 | DS: [] | RS: [40] | MEM: - | LATCH: PC,IR.clear | OUT: 'What is your name?\nHello, ' | nif.branch
TICK: 000976 | PC: 00198 | STEP: 0 | IR: jmp 182 | A: 32 | AR: 1 | NZ: 01 | IE: 1 | PENDING: 0 | IN_INTR: 0 | DS: [] | RS: [40] | MEM: - | LATCH: IR | OUT: 'What is your name?\nHello, ' | fetch jmp 182
TICK: 000977 | PC: 00182 | STEP: 0 | IR: jmp 182 | A: 32 | AR: 1 | NZ: 01 | IE: 1 | PENDING: 0 | IN_INTR: 0 | DS: [] | RS: [40] | MEM: - | LATCH: PC,IR.clear | OUT: 'What is your name?\nHello, ' | jmp 182
TICK: 000978 | PC: 00182 | STEP: 0 | IR: load 1 | A: 32 | AR: 1 | NZ: 01 | IE: 1 | PENDING: 0 | IN_INTR: 0 | DS: [] | RS: [40] | MEM: - | LATCH: IR | OUT: 'What is your name?\nHello, ' | fetch load 1
TICK: 000979 | PC: 00182 | STEP: 1 | IR: load 1 | A: 32 | AR: 1 | NZ: 01 | IE: 1 | PENDING: 0 | IN_INTR: 0 | DS: [] | RS: [40] | MEM: - | LATCH: AR | OUT: 'What is your name?\nHello, ' | load.addr 1
TICK: 000980 | PC: 00187 | STEP: 0 | IR: load 1 | A: 32 | AR: 1 | NZ: 01 | IE: 1 | PENDING: 0 | IN_INTR: 0 | DS: [0] | RS: [40] | MEM: read mem[1] | LATCH: DS.push,PC,IR.clear | OUT: 'What is your name?\nHello, ' | load.read
TICK: 000981 | PC: 00187 | STEP: 0 | IR: literal 0 | A: 32 | AR: 1 | NZ: 01 | IE: 1 | PENDING: 0 | IN_INTR: 0 | DS: [0] | RS: [40] | MEM: - | LATCH: IR | OUT: 'What is your name?\nHello, ' | fetch literal 0
TICK: 000982 | PC: 00192 | STEP: 0 | IR: literal 0 | A: 32 | AR: 1 | NZ: 01 | IE: 1 | PENDING: 0 | IN_INTR: 0 | DS: [0, 0] | RS: [40] | MEM: - | LATCH: DS.push,PC,IR.clear | OUT: 'What is your name?\nHello, ' | literal 0
TICK: 000983 | PC: 00192 | STEP: 0 | IR: sub | A: 32 | AR: 1 | NZ: 01 | IE: 1 | PENDING: 0 | IN_INTR: 0 | DS: [0, 0] | RS: [40] | MEM: - | LATCH: IR | OUT: 'What is your name?\nHello, ' | fetch sub
TICK: 000984 | PC: 00192 | STEP: 1 | IR: sub | A: 32 | AR: 1 | NZ: 01 | IE: 1 | PENDING: 0 | IN_INTR: 0 | DS: [] | RS: [40] | MEM: - | LATCH: ALU.left,ALU.right | OUT: 'What is your name?\nHello, ' | sub.load_operands
TICK: 000985 | PC: 00193 | STEP: 0 | IR: sub | A: 32 | AR: 1 | NZ: 01 | IE: 1 | PENDING: 0 | IN_INTR: 0 | DS: [0] | RS: [40] | MEM: - | LATCH: DS.push(ALU),PC,IR.clear | OUT: 'What is your name?\nHello, ' | sub.write_result
TICK: 000986 | PC: 00193 | STEP: 0 | IR: nif 203 | A: 32 | AR: 1 | NZ: 01 | IE: 1 | PENDING: 0 | IN_INTR: 0 | DS: [0] | RS: [40] | MEM: - | LATCH: IR | OUT: 'What is your name?\nHello, ' | fetch nif 203
TICK: 000987 | PC: 00193 | STEP: 1 | IR: nif 203 | A: 32 | AR: 1 | NZ: 01 | IE: 1 | PENDING: 0 | IN_INTR: 0 | DS: [] | RS: [40] | MEM: - | LATCH: ALU.left | OUT: 'What is your name?\nHello, ' | nif.test
TICK: 000988 | PC: 00198 | STEP: 0 | IR: nif 203 | A: 32 | AR: 1 | NZ: 01 | IE: 1 | PENDING: 0 | IN_INTR: 0 | DS: [] | RS: [40] | MEM: - | LATCH: PC,IR.clear | OUT: 'What is your name?\nHello, ' | nif.branch
TICK: 000989 | PC: 00198 | STEP: 0 | IR: jmp 182 | A: 32 | AR: 1 | NZ: 01 | IE: 1 | PENDING: 0 | IN_INTR: 0 | DS: [] | RS: [40] | MEM: - | LATCH: IR | OUT: 'What is your name?\nHello, ' | fetch jmp 182
TICK: 000990 | PC: 00182 | STEP: 0 | IR: jmp 182 | A: 32 | AR: 1 | NZ: 01 | IE: 1 | PENDING: 0 | IN_INTR: 0 | DS: [] | RS: [40] | MEM: - | LATCH: PC,IR.clear | OUT: 'What is your name?\nHello, ' | jmp 182
TICK: 000991 | PC: 00182 | STEP: 0 | IR: load 1 | A: 32 | AR: 1 | NZ: 01 | IE: 1 | PENDING: 0 | IN_INTR: 0 | DS: [] | RS: [40] | MEM: - | LATCH: IR | OUT: 'What is your name?\nHello, ' | fetch load 1
TICK: 000992 | PC: 00182 | STEP: 1 | IR: load 1 | A: 32 | AR: 1 | NZ: 01 | IE: 1 | PENDING: 0 | IN_INTR: 0 | DS: [] | RS: [40] | MEM: - | LATCH: AR | OUT: 'What is your name?\nHello, ' | load.addr 1
TICK: 000993 | PC: 00187 | STEP: 0 | IR: load 1 | A: 32 | AR: 1 | NZ: 01 | IE: 1 | PENDING: 0 | IN_INTR: 0 | DS: [0] | RS: [40] | MEM: read mem[1] | LATCH: DS.push,PC,IR.clear | OUT: 'What is your name?\nHello, ' | load.read
TICK: 000994 | PC: 00187 | STEP: 0 | IR: literal 0 | A: 32 | AR: 1 | NZ: 01 | IE: 1 | PENDING: 0 | IN_INTR: 0 | DS: [0] | RS: [40] | MEM: - | LATCH: IR | OUT: 'What is your name?\nHello, ' | fetch literal 0
TICK: 000995 | PC: 00192 | STEP: 0 | IR: literal 0 | A: 32 | AR: 1 | NZ: 01 | IE: 1 | PENDING: 0 | IN_INTR: 0 | DS: [0, 0] | RS: [40] | MEM: - | LATCH: DS.push,PC,IR.clear | OUT: 'What is your name?\nHello, ' | literal 0
TICK: 000996 | PC: 00192 | STEP: 0 | IR: sub | A: 32 | AR: 1 | NZ: 01 | IE: 1 | PENDING: 0 | IN_INTR: 0 | DS: [0, 0] | RS: [40] | MEM: - | LATCH: IR | OUT: 'What is your name?\nHello, ' | fetch sub
TICK: 000997 | PC: 00192 | STEP: 1 | IR: sub | A: 32 | AR: 1 | NZ: 01 | IE: 1 | PENDING: 0 | IN_INTR: 0 | DS: [] | RS: [40] | MEM: - | LATCH: ALU.left,ALU.right | OUT: 'What is your name?\nHello, ' | sub.load_operands
TICK: 000998 | PC: 00193 | STEP: 0 | IR: sub | A: 32 | AR: 1 | NZ: 01 | IE: 1 | PENDING: 0 | IN_INTR: 0 | DS: [0] | RS: [40] | MEM: - | LATCH: DS.push(ALU),PC,IR.clear | OUT: 'What is your name?\nHello, ' | sub.write_result
TICK: 000999 | PC: 00193 | STEP: 0 | IR: nif 203 | A: 32 | AR: 1 | NZ: 01 | IE: 1 | PENDING: 0 | IN_INTR: 0 | DS: [0] | RS: [40] | MEM: - | LATCH: IR | OUT: 'What is your name?\nHello, ' | fetch nif 203
TICK: 001000 | PC: 00193 | STEP: 1 | IR: nif 203 | A: 32 | AR: 1 | NZ: 01 | IE: 1 | PENDING: 0 | IN_INTR: 0 | DS: [] | RS: [40] | MEM: - | LATCH: ALU.left | OUT: 'What is your name?\nHello, ' | nif.test
TICK: 001001 | PC: 00198 | STEP: 0 | IR: nif 203 | A: 32 | AR: 1 | NZ: 01 | IE: 1 | PENDING: 0 | IN_INTR: 0 | DS: [] | RS: [40] | MEM: - | LATCH: PC,IR.clear | OUT: 'What is your name?\nHello, ' | nif.branch
TICK: 001002 | PC: 00198 | STEP: 0 | IR: jmp 182 | A: 32 | AR: 1 | NZ: 01 | IE: 1 | PENDING: 0 | IN_INTR: 0 | DS: [] | RS: [40] | MEM: - | LATCH: IR | OUT: 'What is your name?\nHello, ' | fetch jmp 182
TICK: 001003 | PC: 00182 | STEP: 0 | IR: jmp 182 | A: 32 | AR: 1 | NZ: 01 | IE: 1 | PENDING: 0 | IN_INTR: 0 | DS: [] | RS: [40] | MEM: - | LATCH: PC,IR.clear | OUT: 'What is your name?\nHello, ' | jmp 182
TICK: 001004 | PC: 00182 | STEP: 0 | IR: load 1 | A: 32 | AR: 1 | NZ: 01 | IE: 1 | PENDING: 0 | IN_INTR: 0 | DS: [] | RS: [40] | MEM: - | LATCH: IR | OUT: 'What is your name?\nHello, ' | fetch load 1
TICK: 001005 | PC: 00182 | STEP: 1 | IR: load 1 | A: 32 | AR: 1 | NZ: 01 | IE: 1 | PENDING: 0 | IN_INTR: 0 | DS: [] | RS: [40] | MEM: - | LATCH: AR | OUT: 'What is your name?\nHello, ' | load.addr 1
TICK: 001006 | PC: 00187 | STEP: 0 | IR: load 1 | A: 32 | AR: 1 | NZ: 01 | IE: 1 | PENDING: 0 | IN_INTR: 0 | DS: [0] | RS: [40] | MEM: read mem[1] | LATCH: DS.push,PC,IR.clear | OUT: 'What is your name?\nHello, ' | load.read
TICK: 001007 | PC: 00187 | STEP: 0 | IR: literal 0 | A: 32 | AR: 1 | NZ: 01 | IE: 1 | PENDING: 0 | IN_INTR: 0 | DS: [0] | RS: [40] | MEM: - | LATCH: IR | OUT: 'What is your name?\nHello, ' | fetch literal 0
TICK: 001008 | PC: 00192 | STEP: 0 | IR: literal 0 | A: 32 | AR: 1 | NZ: 01 | IE: 1 | PENDING: 0 | IN_INTR: 0 | DS: [0, 0] | RS: [40] | MEM: - | LATCH: DS.push,PC,IR.clear | OUT: 'What is your name?\nHello, ' | literal 0
TICK: 001009 | PC: 00192 | STEP: 0 | IR: sub | A: 32 | AR: 1 | NZ: 01 | IE: 1 | PENDING: 0 | IN_INTR: 0 | DS: [0, 0] | RS: [40] | MEM: - | LATCH: IR | OUT: 'What is your name?\nHello, ' | fetch sub
TICK: 001010 | PC: 00192 | STEP: 1 | IR: sub | A: 32 | AR: 1 | NZ: 01 | IE: 1 | PENDING: 0 | IN_INTR: 0 | DS: [] | RS: [40] | MEM: - | LATCH: ALU.left,ALU.right | OUT: 'What is your name?\nHello, ' | sub.load_operands
TICK: 001011 | PC: 00193 | STEP: 0 | IR: sub | A: 32 | AR: 1 | NZ: 01 | IE: 1 | PENDING: 0 | IN_INTR: 0 | DS: [0] | RS: [40] | MEM: - | LATCH: DS.push(ALU),PC,IR.clear | OUT: 'What is your name?\nHello, ' | sub.write_result
TICK: 001012 | PC: 00193 | STEP: 0 | IR: nif 203 | A: 32 | AR: 1 | NZ: 01 | IE: 1 | PENDING: 0 | IN_INTR: 0 | DS: [0] | RS: [40] | MEM: - | LATCH: IR | OUT: 'What is your name?\nHello, ' | fetch nif 203
TICK: 001013 | PC: 00193 | STEP: 1 | IR: nif 203 | A: 32 | AR: 1 | NZ: 01 | IE: 1 | PENDING: 0 | IN_INTR: 0 | DS: [] | RS: [40] | MEM: - | LATCH: ALU.left | OUT: 'What is your name?\nHello, ' | nif.test
TICK: 001014 | PC: 00198 | STEP: 0 | IR: nif 203 | A: 32 | AR: 1 | NZ: 01 | IE: 1 | PENDING: 0 | IN_INTR: 0 | DS: [] | RS: [40] | MEM: - | LATCH: PC,IR.clear | OUT: 'What is your name?\nHello, ' | nif.branch
TICK: 001015 | PC: 00198 | STEP: 0 | IR: jmp 182 | A: 32 | AR: 1 | NZ: 01 | IE: 1 | PENDING: 0 | IN_INTR: 0 | DS: [] | RS: [40] | MEM: - | LATCH: IR | OUT: 'What is your name?\nHello, ' | fetch jmp 182
TICK: 001016 | PC: 00182 | STEP: 0 | IR: jmp 182 | A: 32 | AR: 1 | NZ: 01 | IE: 1 | PENDING: 0 | IN_INTR: 0 | DS: [] | RS: [40] | MEM: - | LATCH: PC,IR.clear | OUT: 'What is your name?\nHello, ' | jmp 182
TICK: 001017 | PC: 00182 | STEP: 0 | IR: load 1 | A: 32 | AR: 1 | NZ: 01 | IE: 1 | PENDING: 0 | IN_INTR: 0 | DS: [] | RS: [40] | MEM: - | LATCH: IR | OUT: 'What is your name?\nHello, ' | fetch load 1
TICK: 001018 | PC: 00182 | STEP: 1 | IR: load 1 | A: 32 | AR: 1 | NZ: 01 | IE: 1 | PENDING: 0 | IN_INTR: 0 | DS: [] | RS: [40] | MEM: - | LATCH: AR | OUT: 'What is your name?\nHello, ' | load.addr 1
TICK: 001019 | PC: 00187 | STEP: 0 | IR: load 1 | A: 32 | AR: 1 | NZ: 01 | IE: 1 | PENDING: 0 | IN_INTR: 0 | DS: [0] | RS: [40] | MEM: read mem[1] | LATCH: DS.push,PC,IR.clear | OUT: 'What is your name?\nHello, ' | load.read
TICK: 001020 | PC: 00187 | STEP: 0 | IR: literal 0 | A: 32 | AR: 1 | NZ: 01 | IE: 1 | PENDING: 0 | IN_INTR: 0 | DS: [0] | RS: [40] | MEM: - | LATCH: IR | OUT: 'What is your name?\nHello, ' | fetch literal 0
TICK: 001021 | PC: 00192 | STEP: 0 | IR: literal 0 | A: 32 | AR: 1 | NZ: 01 | IE: 1 | PENDING: 0 | IN_INTR: 0 | DS: [0, 0] | RS: [40] | MEM: - | LATCH: DS.push,PC,IR.clear | OUT: 'What is your name?\nHello, ' | literal 0
TICK: 001022 | PC: 00192 | STEP: 0 | IR: sub | A: 32 | AR: 1 | NZ: 01 | IE: 1 | PENDING: 0 | IN_INTR: 0 | DS: [0, 0] | RS: [40] | MEM: - | LATCH: IR | OUT: 'What is your name?\nHello, ' | fetch sub
TICK: 001023 | PC: 00192 | STEP: 1 | IR: sub | A: 32 | AR: 1 | NZ: 01 | IE: 1 | PENDING: 0 | IN_INTR: 0 | DS: [] | RS: [40] | MEM: - | LATCH: ALU.left,ALU.right | OUT: 'What is your name?\nHello, ' | sub.load_operands
TICK: 001024 | PC: 00193 | STEP: 0 | IR: sub | A: 32 | AR: 1 | NZ: 01 | IE: 1 | PENDING: 0 | IN_INTR: 0 | DS: [0] | RS: [40] | MEM: - | LATCH: DS.push(ALU),PC,IR.clear | OUT: 'What is your name?\nHello, ' | sub.write_result
TICK: 001025 | PC: 00193 | STEP: 0 | IR: nif 203 | A: 32 | AR: 1 | NZ: 01 | IE: 1 | PENDING: 0 | IN_INTR: 0 | DS: [0] | RS: [40] | MEM: - | LATCH: IR | OUT: 'What is your name?\nHello, ' | fetch nif 203
TICK: 001026 | PC: 00193 | STEP: 1 | IR: nif 203 | A: 32 | AR: 1 | NZ: 01 | IE: 1 | PENDING: 0 | IN_INTR: 0 | DS: [] | RS: [40] | MEM: - | LATCH: ALU.left | OUT: 'What is your name?\nHello, ' | nif.test
TICK: 001027 | PC: 00198 | STEP: 0 | IR: nif 203 | A: 32 | AR: 1 | NZ: 01 | IE: 1 | PENDING: 0 | IN_INTR: 0 | DS: [] | RS: [40] | MEM: - | LATCH: PC,IR.clear | OUT: 'What is your name?\nHello, ' | nif.branch
TICK: 001028 | PC: 00198 | STEP: 0 | IR: jmp 182 | A: 32 | AR: 1 | NZ: 01 | IE: 1 | PENDING: 0 | IN_INTR: 0 | DS: [] | RS: [40] | MEM: - | LATCH: IR | OUT: 'What is your name?\nHello, ' | fetch jmp 182
TICK: 001029 | PC: 00182 | STEP: 0 | IR: jmp 182 | A: 32 | AR: 1 | NZ: 01 | IE: 1 | PENDING: 0 | IN_INTR: 0 | DS: [] | RS: [40] | MEM: - | LATCH: PC,IR.clear | OUT: 'What is your name?\nHello, ' | jmp 182
TICK: 001030 | PC: 00182 | STEP: 0 | IR: load 1 | A: 32 | AR: 1 | NZ: 01 | IE: 1 | PENDING: 0 | IN_INTR: 0 | DS: [] | RS: [40] | MEM: - | LATCH: IR | OUT: 'What is your name?\nHello, ' | fetch load 1
TICK: 001031 | PC: 00182 | STEP: 1 | IR: load 1 | A: 32 | AR: 1 | NZ: 01 | IE: 1 | PENDING: 0 | IN_INTR: 0 | DS: [] | RS: [40] | MEM: - | LATCH: AR | OUT: 'What is your name?\nHello, ' | load.addr 1
TICK: 001032 | PC: 00187 | STEP: 0 | IR: load 1 | A: 32 | AR: 1 | NZ: 01 | IE: 1 | PENDING: 0 | IN_INTR: 0 | DS: [0] | RS: [40] | MEM: read mem[1] | LATCH: DS.push,PC,IR.clear | OUT: 'What is your name?\nHello, ' | load.read
TICK: 001033 | PC: 00187 | STEP: 0 | IR: literal 0 | A: 32 | AR: 1 | NZ: 01 | IE: 1 | PENDING: 0 | IN_INTR: 0 | DS: [0] | RS: [40] | MEM: - | LATCH: IR | OUT: 'What is your name?\nHello, ' | fetch literal 0
TICK: 001034 | PC: 00192 | STEP: 0 | IR: literal 0 | A: 32 | AR: 1 | NZ: 01 | IE: 1 | PENDING: 0 | IN_INTR: 0 | DS: [0, 0] | RS: [40] | MEM: - | LATCH: DS.push,PC,IR.clear | OUT: 'What is your name?\nHello, ' | literal 0
TICK: 001035 | PC: 00192 | STEP: 0 | IR: sub | A: 32 | AR: 1 | NZ: 01 | IE: 1 | PENDING: 0 | IN_INTR: 0 | DS: [0, 0] | RS: [40] | MEM: - | LATCH: IR | OUT: 'What is your name?\nHello, ' | fetch sub
TICK: 001036 | PC: 00192 | STEP: 1 | IR: sub | A: 32 | AR: 1 | NZ: 01 | IE: 1 | PENDING: 0 | IN_INTR: 0 | DS: [] | RS: [40] | MEM: - | LATCH: ALU.left,ALU.right | OUT: 'What is your name?\nHello, ' | sub.load_operands
TICK: 001037 | PC: 00193 | STEP: 0 | IR: sub | A: 32 | AR: 1 | NZ: 01 | IE: 1 | PENDING: 0 | IN_INTR: 0 | DS: [0] | RS: [40] | MEM: - | LATCH: DS.push(ALU),PC,IR.clear | OUT: 'What is your name?\nHello, ' | sub.write_result
TICK: 001038 | PC: 00193 | STEP: 0 | IR: nif 203 | A: 32 | AR: 1 | NZ: 01 | IE: 1 | PENDING: 0 | IN_INTR: 0 | DS: [0] | RS: [40] | MEM: - | LATCH: IR | OUT: 'What is your name?\nHello, ' | fetch nif 203
TICK: 001039 | PC: 00193 | STEP: 1 | IR: nif 203 | A: 32 | AR: 1 | NZ: 01 | IE: 1 | PENDING: 0 | IN_INTR: 0 | DS: [] | RS: [40] | MEM: - | LATCH: ALU.left | OUT: 'What is your name?\nHello, ' | nif.test
TICK: 001040 | PC: 00198 | STEP: 0 | IR: nif 203 | A: 32 | AR: 1 | NZ: 01 | IE: 1 | PENDING: 0 | IN_INTR: 0 | DS: [] | RS: [40] | MEM: - | LATCH: PC,IR.clear | OUT: 'What is your name?\nHello, ' | nif.branch
TICK: 001041 | PC: 00198 | STEP: 0 | IR: jmp 182 | A: 32 | AR: 1 | NZ: 01 | IE: 1 | PENDING: 0 | IN_INTR: 0 | DS: [] | RS: [40] | MEM: - | LATCH: IR | OUT: 'What is your name?\nHello, ' | fetch jmp 182
TICK: 001042 | PC: 00182 | STEP: 0 | IR: jmp 182 | A: 32 | AR: 1 | NZ: 01 | IE: 1 | PENDING: 0 | IN_INTR: 0 | DS: [] | RS: [40] | MEM: - | LATCH: PC,IR.clear | OUT: 'What is your name?\nHello, ' | jmp 182
TICK: 001043 | PC: 00182 | STEP: 0 | IR: load 1 | A: 32 | AR: 1 | NZ: 01 | IE: 1 | PENDING: 0 | IN_INTR: 0 | DS: [] | RS: [40] | MEM: - | LATCH: IR | OUT: 'What is your name?\nHello, ' | fetch load 1
TICK: 001044 | PC: 00182 | STEP: 1 | IR: load 1 | A: 32 | AR: 1 | NZ: 01 | IE: 1 | PENDING: 0 | IN_INTR: 0 | DS: [] | RS: [40] | MEM: - | LATCH: AR | OUT: 'What is your name?\nHello, ' | load.addr 1
TICK: 001045 | PC: 00187 | STEP: 0 | IR: load 1 | A: 32 | AR: 1 | NZ: 01 | IE: 1 | PENDING: 0 | IN_INTR: 0 | DS: [0] | RS: [40] | MEM: read mem[1] | LATCH: DS.push,PC,IR.clear | OUT: 'What is your name?\nHello, ' | load.read
TICK: 001046 | PC: 00187 | STEP: 0 | IR: literal 0 | A: 32 | AR: 1 | NZ: 01 | IE: 1 | PENDING: 0 | IN_INTR: 0 | DS: [0] | RS: [40] | MEM: - | LATCH: IR | OUT: 'What is your name?\nHello, ' | fetch literal 0
TICK: 001047 | PC: 00192 | STEP: 0 | IR: literal 0 | A: 32 | AR: 1 | NZ: 01 | IE: 1 | PENDING: 0 | IN_INTR: 0 | DS: [0, 0] | RS: [40] | MEM: - | LATCH: DS.push,PC,IR.clear | OUT: 'What is your name?\nHello, ' | literal 0
TICK: 001048 | PC: 00192 | STEP: 0 | IR: sub | A: 32 | AR: 1 | NZ: 01 | IE: 1 | PENDING: 0 | IN_INTR: 0 | DS: [0, 0] | RS: [40] | MEM: - | LATCH: IR | OUT: 'What is your name?\nHello, ' | fetch sub
TICK: 001049 | PC: 00192 | STEP: 1 | IR: sub | A: 32 | AR: 1 | NZ: 01 | IE: 1 | PENDING: 0 | IN_INTR: 0 | DS: [] | RS: [40] | MEM: - | LATCH: ALU.left,ALU.right | OUT: 'What is your name?\nHello, ' | sub.load_operands
TICK: 001050 | PC: 00193 | STEP: 0 | IR: sub | A: 32 | AR: 1 | NZ: 01 | IE: 1 | PENDING: 0 | IN_INTR: 0 | DS: [0] | RS: [40] | MEM: - | LATCH: DS.push(ALU),PC,IR.clear | OUT: 'What is your name?\nHello, ' | sub.write_result
TICK: 001051 | PC: 00193 | STEP: 0 | IR: nif 203 | A: 32 | AR: 1 | NZ: 01 | IE: 1 | PENDING: 0 | IN_INTR: 0 | DS: [0] | RS: [40] | MEM: - | LATCH: IR | OUT: 'What is your name?\nHello, ' | fetch nif 203
TICK: 001052 | PC: 00193 | STEP: 1 | IR: nif 203 | A: 32 | AR: 1 | NZ: 01 | IE: 1 | PENDING: 0 | IN_INTR: 0 | DS: [] | RS: [40] | MEM: - | LATCH: ALU.left | OUT: 'What is your name?\nHello, ' | nif.test
TICK: 001053 | PC: 00198 | STEP: 0 | IR: nif 203 | A: 32 | AR: 1 | NZ: 01 | IE: 1 | PENDING: 0 | IN_INTR: 0 | DS: [] | RS: [40] | MEM: - | LATCH: PC,IR.clear | OUT: 'What is your name?\nHello, ' | nif.branch
TICK: 001054 | PC: 00198 | STEP: 0 | IR: jmp 182 | A: 32 | AR: 1 | NZ: 01 | IE: 1 | PENDING: 0 | IN_INTR: 0 | DS: [] | RS: [40] | MEM: - | LATCH: IR | OUT: 'What is your name?\nHello, ' | fetch jmp 182
TICK: 001055 | PC: 00182 | STEP: 0 | IR: jmp 182 | A: 32 | AR: 1 | NZ: 01 | IE: 1 | PENDING: 0 | IN_INTR: 0 | DS: [] | RS: [40] | MEM: - | LATCH: PC,IR.clear | OUT: 'What is your name?\nHello, ' | jmp 182
TICK: 001056 | PC: 00182 | STEP: 0 | IR: load 1 | A: 32 | AR: 1 | NZ: 01 | IE: 1 | PENDING: 0 | IN_INTR: 0 | DS: [] | RS: [40] | MEM: - | LATCH: IR | OUT: 'What is your name?\nHello, ' | fetch load 1
TICK: 001057 | PC: 00182 | STEP: 1 | IR: load 1 | A: 32 | AR: 1 | NZ: 01 | IE: 1 | PENDING: 0 | IN_INTR: 0 | DS: [] | RS: [40] | MEM: - | LATCH: AR | OUT: 'What is your name?\nHello, ' | load.addr 1
TICK: 001058 | PC: 00187 | STEP: 0 | IR: load 1 | A: 32 | AR: 1 | NZ: 01 | IE: 1 | PENDING: 0 | IN_INTR: 0 | DS: [0] | RS: [40] | MEM: read mem[1] | LATCH: DS.push,PC,IR.clear | OUT: 'What is your name?\nHello, ' | load.read
TICK: 001059 | PC: 00187 | STEP: 0 | IR: literal 0 | A: 32 | AR: 1 | NZ: 01 | IE: 1 | PENDING: 0 | IN_INTR: 0 | DS: [0] | RS: [40] | MEM: - | LATCH: IR | OUT: 'What is your name?\nHello, ' | fetch literal 0
TICK: 001060 | PC: 00192 | STEP: 0 | IR: literal 0 | A: 32 | AR: 1 | NZ: 01 | IE: 1 | PENDING: 0 | IN_INTR: 0 | DS: [0, 0] | RS: [40] | MEM: - | LATCH: DS.push,PC,IR.clear | OUT: 'What is your name?\nHello, ' | literal 0
TICK: 001061 | PC: 00192 | STEP: 0 | IR: sub | A: 32 | AR: 1 | NZ: 01 | IE: 1 | PENDING: 0 | IN_INTR: 0 | DS: [0, 0] | RS: [40] | MEM: - | LATCH: IR | OUT: 'What is your name?\nHello, ' | fetch sub
TICK: 001062 | PC: 00192 | STEP: 1 | IR: sub | A: 32 | AR: 1 | NZ: 01 | IE: 1 | PENDING: 0 | IN_INTR: 0 | DS: [] | RS: [40] | MEM: - | LATCH: ALU.left,ALU.right | OUT: 'What is your name?\nHello, ' | sub.load_operands
TICK: 001063 | PC: 00193 | STEP: 0 | IR: sub | A: 32 | AR: 1 | NZ: 01 | IE: 1 | PENDING: 0 | IN_INTR: 0 | DS: [0] | RS: [40] | MEM: - | LATCH: DS.push(ALU),PC,IR.clear | OUT: 'What is your name?\nHello, ' | sub.write_result
TICK: 001064 | PC: 00193 | STEP: 0 | IR: nif 203 | A: 32 | AR: 1 | NZ: 01 | IE: 1 | PENDING: 0 | IN_INTR: 0 | DS: [0] | RS: [40] | MEM: - | LATCH: IR | OUT: 'What is your name?\nHello, ' | fetch nif 203
TICK: 001065 | PC: 00193 | STEP: 1 | IR: nif 203 | A: 32 | AR: 1 | NZ: 01 | IE: 1 | PENDING: 0 | IN_INTR: 0 | DS: [] | RS: [40] | MEM: - | LATCH: ALU.left | OUT: 'What is your name?\nHello, ' | nif.test
TICK: 001066 | PC: 00198 | STEP: 0 | IR: nif 203 | A: 32 | AR: 1 | NZ: 01 | IE: 1 | PENDING: 0 | IN_INTR: 0 | DS: [] | RS: [40] | MEM: - | LATCH: PC,IR.clear | OUT: 'What is your name?\nHello, ' | nif.branch
TICK: 001067 | PC: 00198 | STEP: 0 | IR: jmp 182 | A: 32 | AR: 1 | NZ: 01 | IE: 1 | PENDING: 0 | IN_INTR: 0 | DS: [] | RS: [40] | MEM: - | LATCH: IR | OUT: 'What is your name?\nHello, ' | fetch jmp 182
TICK: 001068 | PC: 00182 | STEP: 0 | IR: jmp 182 | A: 32 | AR: 1 | NZ: 01 | IE: 1 | PENDING: 0 | IN_INTR: 0 | DS: [] | RS: [40] | MEM: - | LATCH: PC,IR.clear | OUT: 'What is your name?\nHello, ' | jmp 182
TICK: 001069 | PC: 00182 | STEP: 0 | IR: load 1 | A: 32 | AR: 1 | NZ: 01 | IE: 1 | PENDING: 0 | IN_INTR: 0 | DS: [] | RS: [40] | MEM: - | LATCH: IR | OUT: 'What is your name?\nHello, ' | fetch load 1
TICK: 001070 | PC: 00182 | STEP: 1 | IR: load 1 | A: 32 | AR: 1 | NZ: 01 | IE: 1 | PENDING: 0 | IN_INTR: 0 | DS: [] | RS: [40] | MEM: - | LATCH: AR | OUT: 'What is your name?\nHello, ' | load.addr 1
TICK: 001071 | PC: 00187 | STEP: 0 | IR: load 1 | A: 32 | AR: 1 | NZ: 01 | IE: 1 | PENDING: 0 | IN_INTR: 0 | DS: [0] | RS: [40] | MEM: read mem[1] | LATCH: DS.push,PC,IR.clear | OUT: 'What is your name?\nHello, ' | load.read
TICK: 001072 | PC: 00187 | STEP: 0 | IR: literal 0 | A: 32 | AR: 1 | NZ: 01 | IE: 1 | PENDING: 0 | IN_INTR: 0 | DS: [0] | RS: [40] | MEM: - | LATCH: IR | OUT: 'What is your name?\nHello, ' | fetch literal 0
TICK: 001073 | PC: 00192 | STEP: 0 | IR: literal 0 | A: 32 | AR: 1 | NZ: 01 | IE: 1 | PENDING: 0 | IN_INTR: 0 | DS: [0, 0] | RS: [40] | MEM: - | LATCH: DS.push,PC,IR.clear | OUT: 'What is your name?\nHello, ' | literal 0
TICK: 001074 | PC: 00192 | STEP: 0 | IR: sub | A: 32 | AR: 1 | NZ: 01 | IE: 1 | PENDING: 0 | IN_INTR: 0 | DS: [0, 0] | RS: [40] | MEM: - | LATCH: IR | OUT: 'What is your name?\nHello, ' | fetch sub
TICK: 001075 | PC: 00192 | STEP: 1 | IR: sub | A: 32 | AR: 1 | NZ: 01 | IE: 1 | PENDING: 0 | IN_INTR: 0 | DS: [] | RS: [40] | MEM: - | LATCH: ALU.left,ALU.right | OUT: 'What is your name?\nHello, ' | sub.load_operands
TICK: 001076 | PC: 00193 | STEP: 0 | IR: sub | A: 32 | AR: 1 | NZ: 01 | IE: 1 | PENDING: 0 | IN_INTR: 0 | DS: [0] | RS: [40] | MEM: - | LATCH: DS.push(ALU),PC,IR.clear | OUT: 'What is your name?\nHello, ' | sub.write_result
TICK: 001077 | PC: 00193 | STEP: 0 | IR: nif 203 | A: 32 | AR: 1 | NZ: 01 | IE: 1 | PENDING: 0 | IN_INTR: 0 | DS: [0] | RS: [40] | MEM: - | LATCH: IR | OUT: 'What is your name?\nHello, ' | fetch nif 203
TICK: 001078 | PC: 00193 | STEP: 1 | IR: nif 203 | A: 32 | AR: 1 | NZ: 01 | IE: 1 | PENDING: 0 | IN_INTR: 0 | DS: [] | RS: [40] | MEM: - | LATCH: ALU.left | OUT: 'What is your name?\nHello, ' | nif.test
TICK: 001079 | PC: 00198 | STEP: 0 | IR: nif 203 | A: 32 | AR: 1 | NZ: 01 | IE: 1 | PENDING: 0 | IN_INTR: 0 | DS: [] | RS: [40] | MEM: - | LATCH: PC,IR.clear | OUT: 'What is your name?\nHello, ' | nif.branch
TICK: 001080 | PC: 00198 | STEP: 0 | IR: jmp 182 | A: 32 | AR: 1 | NZ: 01 | IE: 1 | PENDING: 0 | IN_INTR: 0 | DS: [] | RS: [40] | MEM: - | LATCH: IR | OUT: 'What is your name?\nHello, ' | fetch jmp 182
TICK: 001081 | PC: 00182 | STEP: 0 | IR: jmp 182 | A: 32 | AR: 1 | NZ: 01 | IE: 1 | PENDING: 0 | IN_INTR: 0 | DS: [] | RS: [40] | MEM: - | LATCH: PC,IR.clear | OUT: 'What is your name?\nHello, ' | jmp 182
TICK: 001082 | PC: 00182 | STEP: 0 | IR: load 1 | A: 32 | AR: 1 | NZ: 01 | IE: 1 | PENDING: 0 | IN_INTR: 0 | DS: [] | RS: [40] | MEM: - | LATCH: IR | OUT: 'What is your name?\nHello, ' | fetch load 1
TICK: 001083 | PC: 00182 | STEP: 1 | IR: load 1 | A: 32 | AR: 1 | NZ: 01 | IE: 1 | PENDING: 0 | IN_INTR: 0 | DS: [] | RS: [40] | MEM: - | LATCH: AR | OUT: 'What is your name?\nHello, ' | load.addr 1
TICK: 001084 | PC: 00187 | STEP: 0 | IR: load 1 | A: 32 | AR: 1 | NZ: 01 | IE: 1 | PENDING: 0 | IN_INTR: 0 | DS: [0] | RS: [40] | MEM: read mem[1] | LATCH: DS.push,PC,IR.clear | OUT: 'What is your name?\nHello, ' | load.read
TICK: 001085 | PC: 00187 | STEP: 0 | IR: literal 0 | A: 32 | AR: 1 | NZ: 01 | IE: 1 | PENDING: 0 | IN_INTR: 0 | DS: [0] | RS: [40] | MEM: - | LATCH: IR | OUT: 'What is your name?\nHello, ' | fetch literal 0
TICK: 001086 | PC: 00192 | STEP: 0 | IR: literal 0 | A: 32 | AR: 1 | NZ: 01 | IE: 1 | PENDING: 0 | IN_INTR: 0 | DS: [0, 0] | RS: [40] | MEM: - | LATCH: DS.push,PC,IR.clear | OUT: 'What is your name?\nHello, ' | literal 0
TICK: 001087 | PC: 00192 | STEP: 0 | IR: sub | A: 32 | AR: 1 | NZ: 01 | IE: 1 | PENDING: 0 | IN_INTR: 0 | DS: [0, 0] | RS: [40] | MEM: - | LATCH: IR | OUT: 'What is your name?\nHello, ' | fetch sub
TICK: 001088 | PC: 00192 | STEP: 1 | IR: sub | A: 32 | AR: 1 | NZ: 01 | IE: 1 | PENDING: 0 | IN_INTR: 0 | DS: [] | RS: [40] | MEM: - | LATCH: ALU.left,ALU.right | OUT: 'What is your name?\nHello, ' | sub.load_operands
TICK: 001089 | PC: 00193 | STEP: 0 | IR: sub | A: 32 | AR: 1 | NZ: 01 | IE: 1 | PENDING: 0 | IN_INTR: 0 | DS: [0] | RS: [40] | MEM: - | LATCH: DS.push(ALU),PC,IR.clear | OUT: 'What is your name?\nHello, ' | sub.write_result
TICK: 001090 | PC: 00193 | STEP: 0 | IR: nif 203 | A: 32 | AR: 1 | NZ: 01 | IE: 1 | PENDING: 0 | IN_INTR: 0 | DS: [0] | RS: [40] | MEM: - | LATCH: IR | OUT: 'What is your name?\nHello, ' | fetch nif 203
TICK: 001091 | PC: 00193 | STEP: 1 | IR: nif 203 | A: 32 | AR: 1 | NZ: 01 | IE: 1 | PENDING: 0 | IN_INTR: 0 | DS: [] | RS: [40] | MEM: - | LATCH: ALU.left | OUT: 'What is your name?\nHello, ' | nif.test
TICK: 001092 | PC: 00198 | STEP: 0 | IR: nif 203 | A: 32 | AR: 1 | NZ: 01 | IE: 1 | PENDING: 0 | IN_INTR: 0 | DS: [] | RS: [40] | MEM: - | LATCH: PC,IR.clear | OUT: 'What is your name?\nHello, ' | nif.branch
TICK: 001093 | PC: 00198 | STEP: 0 | IR: jmp 182 | A: 32 | AR: 1 | NZ: 01 | IE: 1 | PENDING: 0 | IN_INTR: 0 | DS: [] | RS: [40] | MEM: - | LATCH: IR | OUT: 'What is your name?\nHello, ' | fetch jmp 182
TICK: 001094 | PC: 00182 | STEP: 0 | IR: jmp 182 | A: 32 | AR: 1 | NZ: 01 | IE: 1 | PENDING: 0 | IN_INTR: 0 | DS: [] | RS: [40] | MEM: - | LATCH: PC,IR.clear | OUT: 'What is your name?\nHello, ' | jmp 182
TICK: 001095 | PC: 00182 | STEP: 0 | IR: load 1 | A: 32 | AR: 1 | NZ: 01 | IE: 1 | PENDING: 0 | IN_INTR: 0 | DS: [] | RS: [40] | MEM: - | LATCH: IR | OUT: 'What is your name?\nHello, ' | fetch load 1
TICK: 001096 | PC: 00182 | STEP: 1 | IR: load 1 | A: 32 | AR: 1 | NZ: 01 | IE: 1 | PENDING: 0 | IN_INTR: 0 | DS: [] | RS: [40] | MEM: - | LATCH: AR | OUT: 'What is your name?\nHello, ' | load.addr 1
TICK: 001097 | PC: 00187 | STEP: 0 | IR: load 1 | A: 32 | AR: 1 | NZ: 01 | IE: 1 | PENDING: 0 | IN_INTR: 0 | DS: [0] | RS: [40] | MEM: read mem[1] | LATCH: DS.push,PC,IR.clear | OUT: 'What is your name?\nHello, ' | load.read
TICK: 001098 | PC: 00187 | STEP: 0 | IR: literal 0 | A: 32 | AR: 1 | NZ: 01 | IE: 1 | PENDING: 0 | IN_INTR: 0 | DS: [0] | RS: [40] | MEM: - | LATCH: IR | OUT: 'What is your name?\nHello, ' | fetch literal 0
TICK: 001099 | PC: 00192 | STEP: 0 | IR: literal 0 | A: 32 | AR: 1 | NZ: 01 | IE: 1 | PENDING: 0 | IN_INTR: 0 | DS: [0, 0] | RS: [40] | MEM: - | LATCH: DS.push,PC,IR.clear | OUT: 'What is your name?\nHello, ' | literal 0
TICK: 001100 | PC: 00192 | STEP: 0 | IR: sub | A: 32 | AR: 1 | NZ: 01 | IE: 1 | PENDING: 0 | IN_INTR: 0 | DS: [0, 0] | RS: [40] | MEM: - | LATCH: IR | OUT: 'What is your name?\nHello, ' | fetch sub
TICK: 001101 | PC: 00192 | STEP: 1 | IR: sub | A: 32 | AR: 1 | NZ: 01 | IE: 1 | PENDING: 0 | IN_INTR: 0 | DS: [] | RS: [40] | MEM: - | LATCH: ALU.left,ALU.right | OUT: 'What is your name?\nHello, ' | sub.load_operands
TICK: 001102 | PC: 00193 | STEP: 0 | IR: sub | A: 32 | AR: 1 | NZ: 01 | IE: 1 | PENDING: 0 | IN_INTR: 0 | DS: [0] | RS: [40] | MEM: - | LATCH: DS.push(ALU),PC,IR.clear | OUT: 'What is your name?\nHello, ' | sub.write_result
TICK: 001103 | PC: 00193 | STEP: 0 | IR: nif 203 | A: 32 | AR: 1 | NZ: 01 | IE: 1 | PENDING: 0 | IN_INTR: 0 | DS: [0] | RS: [40] | MEM: - | LATCH: IR | OUT: 'What is your name?\nHello, ' | fetch nif 203
TICK: 001104 | PC: 00193 | STEP: 1 | IR: nif 203 | A: 32 | AR: 1 | NZ: 01 | IE: 1 | PENDING: 0 | IN_INTR: 0 | DS: [] | RS: [40] | MEM: - | LATCH: ALU.left | OUT: 'What is your name?\nHello, ' | nif.test
TICK: 001105 | PC: 00198 | STEP: 0 | IR: nif 203 | A: 32 | AR: 1 | NZ: 01 | IE: 1 | PENDING: 0 | IN_INTR: 0 | DS: [] | RS: [40] | MEM: - | LATCH: PC,IR.clear | OUT: 'What is your name?\nHello, ' | nif.branch
TICK: 001106 | PC: 00198 | STEP: 0 | IR: jmp 182 | A: 32 | AR: 1 | NZ: 01 | IE: 1 | PENDING: 0 | IN_INTR: 0 | DS: [] | RS: [40] | MEM: - | LATCH: IR | OUT: 'What is your name?\nHello, ' | fetch jmp 182
TICK: 001107 | PC: 00182 | STEP: 0 | IR: jmp 182 | A: 32 | AR: 1 | NZ: 01 | IE: 1 | PENDING: 0 | IN_INTR: 0 | DS: [] | RS: [40] | MEM: - | LATCH: PC,IR.clear | OUT: 'What is your name?\nHello, ' | jmp 182
TICK: 001108 | PC: 00182 | STEP: 0 | IR: load 1 | A: 32 | AR: 1 | NZ: 01 | IE: 1 | PENDING: 0 | IN_INTR: 0 | DS: [] | RS: [40] | MEM: - | LATCH: IR | OUT: 'What is your name?\nHello, ' | fetch load 1
TICK: 001109 | PC: 00182 | STEP: 1 | IR: load 1 | A: 32 | AR: 1 | NZ: 01 | IE: 1 | PENDING: 0 | IN_INTR: 0 | DS: [] | RS: [40] | MEM: - | LATCH: AR | OUT: 'What is your name?\nHello, ' | load.addr 1
TICK: 001110 | PC: 00187 | STEP: 0 | IR: load 1 | A: 32 | AR: 1 | NZ: 01 | IE: 1 | PENDING: 0 | IN_INTR: 0 | DS: [0] | RS: [40] | MEM: read mem[1] | LATCH: DS.push,PC,IR.clear | OUT: 'What is your name?\nHello, ' | load.read
TICK: 001111 | PC: 00187 | STEP: 0 | IR: literal 0 | A: 32 | AR: 1 | NZ: 01 | IE: 1 | PENDING: 0 | IN_INTR: 0 | DS: [0] | RS: [40] | MEM: - | LATCH: IR | OUT: 'What is your name?\nHello, ' | fetch literal 0
TICK: 001112 | PC: 00192 | STEP: 0 | IR: literal 0 | A: 32 | AR: 1 | NZ: 01 | IE: 1 | PENDING: 0 | IN_INTR: 0 | DS: [0, 0] | RS: [40] | MEM: - | LATCH: DS.push,PC,IR.clear | OUT: 'What is your name?\nHello, ' | literal 0
TICK: 001113 | PC: 00192 | STEP: 0 | IR: sub | A: 32 | AR: 1 | NZ: 01 | IE: 1 | PENDING: 0 | IN_INTR: 0 | DS: [0, 0] | RS: [40] | MEM: - | LATCH: IR | OUT: 'What is your name?\nHello, ' | fetch sub
TICK: 001114 | PC: 00192 | STEP: 1 | IR: sub | A: 32 | AR: 1 | NZ: 01 | IE: 1 | PENDING: 0 | IN_INTR: 0 | DS: [] | RS: [40] | MEM: - | LATCH: ALU.left,ALU.right | OUT: 'What is your name?\nHello, ' | sub.load_operands
TICK: 001115 | PC: 00193 | STEP: 0 | IR: sub | A: 32 | AR: 1 | NZ: 01 | IE: 1 | PENDING: 0 | IN_INTR: 0 | DS: [0] | RS: [40] | MEM: - | LATCH: DS.push(ALU),PC,IR.clear | OUT: 'What is your name?\nHello, ' | sub.write_result
TICK: 001116 | PC: 00193 | STEP: 0 | IR: nif 203 | A: 32 | AR: 1 | NZ: 01 | IE: 1 | PENDING: 0 | IN_INTR: 0 | DS: [0] | RS: [40] | MEM: - | LATCH: IR | OUT: 'What is your name?\nHello, ' | fetch nif 203
TICK: 001117 | PC: 00193 | STEP: 1 | IR: nif 203 | A: 32 | AR: 1 | NZ: 01 | IE: 1 | PENDING: 0 | IN_INTR: 0 | DS: [] | RS: [40] | MEM: - | LATCH: ALU.left | OUT: 'What is your name?\nHello, ' | nif.test
TICK: 001118 | PC: 00198 | STEP: 0 | IR: nif 203 | A: 32 | AR: 1 | NZ: 01 | IE: 1 | PENDING: 0 | IN_INTR: 0 | DS: [] | RS: [40] | MEM: - | LATCH: PC,IR.clear | OUT: 'What is your name?\nHello, ' | nif.branch
TICK: 001119 | PC: 00198 | STEP: 0 | IR: jmp 182 | A: 32 | AR: 1 | NZ: 01 | IE: 1 | PENDING: 0 | IN_INTR: 0 | DS: [] | RS: [40] | MEM: - | LATCH: IR | OUT: 'What is your name?\nHello, ' | fetch jmp 182
TICK: 001120 | PC: 00182 | STEP: 0 | IR: jmp 182 | A: 32 | AR: 1 | NZ: 01 | IE: 1 | PENDING: 0 | IN_INTR: 0 | DS: [] | RS: [40] | MEM: - | LATCH: PC,IR.clear | OUT: 'What is your name?\nHello, ' | jmp 182
TICK: 001121 | PC: 00182 | STEP: 0 | IR: load 1 | A: 32 | AR: 1 | NZ: 01 | IE: 1 | PENDING: 0 | IN_INTR: 0 | DS: [] | RS: [40] | MEM: - | LATCH: IR | OUT: 'What is your name?\nHello, ' | fetch load 1
TICK: 001122 | PC: 00182 | STEP: 1 | IR: load 1 | A: 32 | AR: 1 | NZ: 01 | IE: 1 | PENDING: 0 | IN_INTR: 0 | DS: [] | RS: [40] | MEM: - | LATCH: AR | OUT: 'What is your name?\nHello, ' | load.addr 1
TICK: 001123 | PC: 00187 | STEP: 0 | IR: load 1 | A: 32 | AR: 1 | NZ: 01 | IE: 1 | PENDING: 0 | IN_INTR: 0 | DS: [0] | RS: [40] | MEM: read mem[1] | LATCH: DS.push,PC,IR.clear | OUT: 'What is your name?\nHello, ' | load.read
TICK: 001124 | PC: 00187 | STEP: 0 | IR: literal 0 | A: 32 | AR: 1 | NZ: 01 | IE: 1 | PENDING: 0 | IN_INTR: 0 | DS: [0] | RS: [40] | MEM: - | LATCH: IR | OUT: 'What is your name?\nHello, ' | fetch literal 0
TICK: 001125 | PC: 00192 | STEP: 0 | IR: literal 0 | A: 32 | AR: 1 | NZ: 01 | IE: 1 | PENDING: 0 | IN_INTR: 0 | DS: [0, 0] | RS: [40] | MEM: - | LATCH: DS.push,PC,IR.clear | OUT: 'What is your name?\nHello, ' | literal 0
TICK: 001126 | PC: 00192 | STEP: 0 | IR: sub | A: 32 | AR: 1 | NZ: 01 | IE: 1 | PENDING: 0 | IN_INTR: 0 | DS: [0, 0] | RS: [40] | MEM: - | LATCH: IR | OUT: 'What is your name?\nHello, ' | fetch sub
TICK: 001127 | PC: 00192 | STEP: 1 | IR: sub | A: 32 | AR: 1 | NZ: 01 | IE: 1 | PENDING: 0 | IN_INTR: 0 | DS: [] | RS: [40] | MEM: - | LATCH: ALU.left,ALU.right | OUT: 'What is your name?\nHello, ' | sub.load_operands
TICK: 001128 | PC: 00193 | STEP: 0 | IR: sub | A: 32 | AR: 1 | NZ: 01 | IE: 1 | PENDING: 0 | IN_INTR: 0 | DS: [0] | RS: [40] | MEM: - | LATCH: DS.push(ALU),PC,IR.clear | OUT: 'What is your name?\nHello, ' | sub.write_result
TICK: 001129 | PC: 00193 | STEP: 0 | IR: nif 203 | A: 32 | AR: 1 | NZ: 01 | IE: 1 | PENDING: 0 | IN_INTR: 0 | DS: [0] | RS: [40] | MEM: - | LATCH: IR | OUT: 'What is your name?\nHello, ' | fetch nif 203
TICK: 001130 | PC: 00193 | STEP: 1 | IR: nif 203 | A: 32 | AR: 1 | NZ: 01 | IE: 1 | PENDING: 0 | IN_INTR: 0 | DS: [] | RS: [40] | MEM: - | LATCH: ALU.left | OUT: 'What is your name?\nHello, ' | nif.test
TICK: 001131 | PC: 00198 | STEP: 0 | IR: nif 203 | A: 32 | AR: 1 | NZ: 01 | IE: 1 | PENDING: 0 | IN_INTR: 0 | DS: [] | RS: [40] | MEM: - | LATCH: PC,IR.clear | OUT: 'What is your name?\nHello, ' | nif.branch
TICK: 001132 | PC: 00198 | STEP: 0 | IR: jmp 182 | A: 32 | AR: 1 | NZ: 01 | IE: 1 | PENDING: 0 | IN_INTR: 0 | DS: [] | RS: [40] | MEM: - | LATCH: IR | OUT: 'What is your name?\nHello, ' | fetch jmp 182
TICK: 001133 | PC: 00182 | STEP: 0 | IR: jmp 182 | A: 32 | AR: 1 | NZ: 01 | IE: 1 | PENDING: 0 | IN_INTR: 0 | DS: [] | RS: [40] | MEM: - | LATCH: PC,IR.clear | OUT: 'What is your name?\nHello, ' | jmp 182
TICK: 001134 | PC: 00182 | STEP: 0 | IR: load 1 | A: 32 | AR: 1 | NZ: 01 | IE: 1 | PENDING: 0 | IN_INTR: 0 | DS: [] | RS: [40] | MEM: - | LATCH: IR | OUT: 'What is your name?\nHello, ' | fetch load 1
TICK: 001135 | PC: 00182 | STEP: 1 | IR: load 1 | A: 32 | AR: 1 | NZ: 01 | IE: 1 | PENDING: 0 | IN_INTR: 0 | DS: [] | RS: [40] | MEM: - | LATCH: AR | OUT: 'What is your name?\nHello, ' | load.addr 1
TICK: 001136 | PC: 00187 | STEP: 0 | IR: load 1 | A: 32 | AR: 1 | NZ: 01 | IE: 1 | PENDING: 0 | IN_INTR: 0 | DS: [0] | RS: [40] | MEM: read mem[1] | LATCH: DS.push,PC,IR.clear | OUT: 'What is your name?\nHello, ' | load.read
TICK: 001137 | PC: 00187 | STEP: 0 | IR: literal 0 | A: 32 | AR: 1 | NZ: 01 | IE: 1 | PENDING: 0 | IN_INTR: 0 | DS: [0] | RS: [40] | MEM: - | LATCH: IR | OUT: 'What is your name?\nHello, ' | fetch literal 0
TICK: 001138 | PC: 00192 | STEP: 0 | IR: literal 0 | A: 32 | AR: 1 | NZ: 01 | IE: 1 | PENDING: 0 | IN_INTR: 0 | DS: [0, 0] | RS: [40] | MEM: - | LATCH: DS.push,PC,IR.clear | OUT: 'What is your name?\nHello, ' | literal 0
TICK: 001139 | PC: 00192 | STEP: 0 | IR: sub | A: 32 | AR: 1 | NZ: 01 | IE: 1 | PENDING: 0 | IN_INTR: 0 | DS: [0, 0] | RS: [40] | MEM: - | LATCH: IR | OUT: 'What is your name?\nHello, ' | fetch sub
TICK: 001140 | PC: 00192 | STEP: 1 | IR: sub | A: 32 | AR: 1 | NZ: 01 | IE: 1 | PENDING: 0 | IN_INTR: 0 | DS: [] | RS: [40] | MEM: - | LATCH: ALU.left,ALU.right | OUT: 'What is your name?\nHello, ' | sub.load_operands
TICK: 001141 | PC: 00193 | STEP: 0 | IR: sub | A: 32 | AR: 1 | NZ: 01 | IE: 1 | PENDING: 0 | IN_INTR: 0 | DS: [0] | RS: [40] | MEM: - | LATCH: DS.push(ALU),PC,IR.clear | OUT: 'What is your name?\nHello, ' | sub.write_result
TICK: 001142 | PC: 00193 | STEP: 0 | IR: nif 203 | A: 32 | AR: 1 | NZ: 01 | IE: 1 | PENDING: 0 | IN_INTR: 0 | DS: [0] | RS: [40] | MEM: - | LATCH: IR | OUT: 'What is your name?\nHello, ' | fetch nif 203
TICK: 001143 | PC: 00193 | STEP: 1 | IR: nif 203 | A: 32 | AR: 1 | NZ: 01 | IE: 1 | PENDING: 0 | IN_INTR: 0 | DS: [] | RS: [40] | MEM: - | LATCH: ALU.left | OUT: 'What is your name?\nHello, ' | nif.test
TICK: 001144 | PC: 00198 | STEP: 0 | IR: nif 203 | A: 32 | AR: 1 | NZ: 01 | IE: 1 | PENDING: 0 | IN_INTR: 0 | DS: [] | RS: [40] | MEM: - | LATCH: PC,IR.clear | OUT: 'What is your name?\nHello, ' | nif.branch
TICK: 001145 | PC: 00198 | STEP: 0 | IR: jmp 182 | A: 32 | AR: 1 | NZ: 01 | IE: 1 | PENDING: 0 | IN_INTR: 0 | DS: [] | RS: [40] | MEM: - | LATCH: IR | OUT: 'What is your name?\nHello, ' | fetch jmp 182
TICK: 001146 | PC: 00182 | STEP: 0 | IR: jmp 182 | A: 32 | AR: 1 | NZ: 01 | IE: 1 | PENDING: 0 | IN_INTR: 0 | DS: [] | RS: [40] | MEM: - | LATCH: PC,IR.clear | OUT: 'What is your name?\nHello, ' | jmp 182
TICK: 001147 | PC: 00182 | STEP: 0 | IR: load 1 | A: 32 | AR: 1 | NZ: 01 | IE: 1 | PENDING: 0 | IN_INTR: 0 | DS: [] | RS: [40] | MEM: - | LATCH: IR | OUT: 'What is your name?\nHello, ' | fetch load 1
TICK: 001148 | PC: 00182 | STEP: 1 | IR: load 1 | A: 32 | AR: 1 | NZ: 01 | IE: 1 | PENDING: 0 | IN_INTR: 0 | DS: [] | RS: [40] | MEM: - | LATCH: AR | OUT: 'What is your name?\nHello, ' | load.addr 1
TICK: 001149 | PC: 00187 | STEP: 0 | IR: load 1 | A: 32 | AR: 1 | NZ: 01 | IE: 1 | PENDING: 0 | IN_INTR: 0 | DS: [0] | RS: [40] | MEM: read mem[1] | LATCH: DS.push,PC,IR.clear | OUT: 'What is your name?\nHello, ' | load.read
TICK: 001150 | PC: 00187 | STEP: 0 | IR: literal 0 | A: 32 | AR: 1 | NZ: 01 | IE: 1 | PENDING: 0 | IN_INTR: 0 | DS: [0] | RS: [40] | MEM: - | LATCH: IR | OUT: 'What is your name?\nHello, ' | fetch literal 0
TICK: 001151 | PC: 00192 | STEP: 0 | IR: literal 0 | A: 32 | AR: 1 | NZ: 01 | IE: 1 | PENDING: 0 | IN_INTR: 0 | DS: [0, 0] | RS: [40] | MEM: - | LATCH: DS.push,PC,IR.clear | OUT: 'What is your name?\nHello, ' | literal 0
TICK: 001152 | PC: 00192 | STEP: 0 | IR: sub | A: 32 | AR: 1 | NZ: 01 | IE: 1 | PENDING: 0 | IN_INTR: 0 | DS: [0, 0] | RS: [40] | MEM: - | LATCH: IR | OUT: 'What is your name?\nHello, ' | fetch sub
TICK: 001153 | PC: 00192 | STEP: 1 | IR: sub | A: 32 | AR: 1 | NZ: 01 | IE: 1 | PENDING: 0 | IN_INTR: 0 | DS: [] | RS: [40] | MEM: - | LATCH: ALU.left,ALU.right | OUT: 'What is your name?\nHello, ' | sub.load_operands
TICK: 001154 | PC: 00193 | STEP: 0 | IR: sub | A: 32 | AR: 1 | NZ: 01 | IE: 1 | PENDING: 0 | IN_INTR: 0 | DS: [0] | RS: [40] | MEM: - | LATCH: DS.push(ALU),PC,IR.clear | OUT: 'What is your name?\nHello, ' | sub.write_result
TICK: 001155 | PC: 00193 | STEP: 0 | IR: nif 203 | A: 32 | AR: 1 | NZ: 01 | IE: 1 | PENDING: 0 | IN_INTR: 0 | DS: [0] | RS: [40] | MEM: - | LATCH: IR | OUT: 'What is your name?\nHello, ' | fetch nif 203
TICK: 001156 | PC: 00193 | STEP: 1 | IR: nif 203 | A: 32 | AR: 1 | NZ: 01 | IE: 1 | PENDING: 0 | IN_INTR: 0 | DS: [] | RS: [40] | MEM: - | LATCH: ALU.left | OUT: 'What is your name?\nHello, ' | nif.test
TICK: 001157 | PC: 00198 | STEP: 0 | IR: nif 203 | A: 32 | AR: 1 | NZ: 01 | IE: 1 | PENDING: 0 | IN_INTR: 0 | DS: [] | RS: [40] | MEM: - | LATCH: PC,IR.clear | OUT: 'What is your name?\nHello, ' | nif.branch
TICK: 001158 | PC: 00198 | STEP: 0 | IR: jmp 182 | A: 32 | AR: 1 | NZ: 01 | IE: 1 | PENDING: 0 | IN_INTR: 0 | DS: [] | RS: [40] | MEM: - | LATCH: IR | OUT: 'What is your name?\nHello, ' | fetch jmp 182
TICK: 001159 | PC: 00182 | STEP: 0 | IR: jmp 182 | A: 32 | AR: 1 | NZ: 01 | IE: 1 | PENDING: 0 | IN_INTR: 0 | DS: [] | RS: [40] | MEM: - | LATCH: PC,IR.clear | OUT: 'What is your name?\nHello, ' | jmp 182
TICK: 001160 | PC: 00182 | STEP: 0 | IR: load 1 | A: 32 | AR: 1 | NZ: 01 | IE: 1 | PENDING: 0 | IN_INTR: 0 | DS: [] | RS: [40] | MEM: - | LATCH: IR | OUT: 'What is your name?\nHello, ' | fetch load 1
TICK: 001161 | PC: 00182 | STEP: 1 | IR: load 1 | A: 32 | AR: 1 | NZ: 01 | IE: 1 | PENDING: 0 | IN_INTR: 0 | DS: [] | RS: [40] | MEM: - | LATCH: AR | OUT: 'What is your name?\nHello, ' | load.addr 1
TICK: 001162 | PC: 00187 | STEP: 0 | IR: load 1 | A: 32 | AR: 1 | NZ: 01 | IE: 1 | PENDING: 0 | IN_INTR: 0 | DS: [0] | RS: [40] | MEM: read mem[1] | LATCH: DS.push,PC,IR.clear | OUT: 'What is your name?\nHello, ' | load.read
TICK: 001163 | PC: 00187 | STEP: 0 | IR: literal 0 | A: 32 | AR: 1 | NZ: 01 | IE: 1 | PENDING: 0 | IN_INTR: 0 | DS: [0] | RS: [40] | MEM: - | LATCH: IR | OUT: 'What is your name?\nHello, ' | fetch literal 0
TICK: 001164 | PC: 00192 | STEP: 0 | IR: literal 0 | A: 32 | AR: 1 | NZ: 01 | IE: 1 | PENDING: 0 | IN_INTR: 0 | DS: [0, 0] | RS: [40] | MEM: - | LATCH: DS.push,PC,IR.clear | OUT: 'What is your name?\nHello, ' | literal 0
TICK: 001165 | PC: 00192 | STEP: 0 | IR: sub | A: 32 | AR: 1 | NZ: 01 | IE: 1 | PENDING: 0 | IN_INTR: 0 | DS: [0, 0] | RS: [40] | MEM: - | LATCH: IR | OUT: 'What is your name?\nHello, ' | fetch sub
TICK: 001166 | PC: 00192 | STEP: 1 | IR: sub | A: 32 | AR: 1 | NZ: 01 | IE: 1 | PENDING: 0 | IN_INTR: 0 | DS: [] | RS: [40] | MEM: - | LATCH: ALU.left,ALU.right | OUT: 'What is your name?\nHello, ' | sub.load_operands
TICK: 001167 | PC: 00193 | STEP: 0 | IR: sub | A: 32 | AR: 1 | NZ: 01 | IE: 1 | PENDING: 0 | IN_INTR: 0 | DS: [0] | RS: [40] | MEM: - | LATCH: DS.push(ALU),PC,IR.clear | OUT: 'What is your name?\nHello, ' | sub.write_result
TICK: 001168 | PC: 00193 | STEP: 0 | IR: nif 203 | A: 32 | AR: 1 | NZ: 01 | IE: 1 | PENDING: 0 | IN_INTR: 0 | DS: [0] | RS: [40] | MEM: - | LATCH: IR | OUT: 'What is your name?\nHello, ' | fetch nif 203
TICK: 001169 | PC: 00193 | STEP: 1 | IR: nif 203 | A: 32 | AR: 1 | NZ: 01 | IE: 1 | PENDING: 0 | IN_INTR: 0 | DS: [] | RS: [40] | MEM: - | LATCH: ALU.left | OUT: 'What is your name?\nHello, ' | nif.test
TICK: 001170 | PC: 00198 | STEP: 0 | IR: nif 203 | A: 32 | AR: 1 | NZ: 01 | IE: 1 | PENDING: 0 | IN_INTR: 0 | DS: [] | RS: [40] | MEM: - | LATCH: PC,IR.clear | OUT: 'What is your name?\nHello, ' | nif.branch
TICK: 001171 | PC: 00198 | STEP: 0 | IR: jmp 182 | A: 32 | AR: 1 | NZ: 01 | IE: 1 | PENDING: 0 | IN_INTR: 0 | DS: [] | RS: [40] | MEM: - | LATCH: IR | OUT: 'What is your name?\nHello, ' | fetch jmp 182
TICK: 001172 | PC: 00182 | STEP: 0 | IR: jmp 182 | A: 32 | AR: 1 | NZ: 01 | IE: 1 | PENDING: 0 | IN_INTR: 0 | DS: [] | RS: [40] | MEM: - | LATCH: PC,IR.clear | OUT: 'What is your name?\nHello, ' | jmp 182
TICK: 001173 | PC: 00182 | STEP: 0 | IR: load 1 | A: 32 | AR: 1 | NZ: 01 | IE: 1 | PENDING: 0 | IN_INTR: 0 | DS: [] | RS: [40] | MEM: - | LATCH: IR | OUT: 'What is your name?\nHello, ' | fetch load 1
TICK: 001174 | PC: 00182 | STEP: 1 | IR: load 1 | A: 32 | AR: 1 | NZ: 01 | IE: 1 | PENDING: 0 | IN_INTR: 0 | DS: [] | RS: [40] | MEM: - | LATCH: AR | OUT: 'What is your name?\nHello, ' | load.addr 1
TICK: 001175 | PC: 00187 | STEP: 0 | IR: load 1 | A: 32 | AR: 1 | NZ: 01 | IE: 1 | PENDING: 0 | IN_INTR: 0 | DS: [0] | RS: [40] | MEM: read mem[1] | LATCH: DS.push,PC,IR.clear | OUT: 'What is your name?\nHello, ' | load.read
TICK: 001176 | PC: 00187 | STEP: 0 | IR: literal 0 | A: 32 | AR: 1 | NZ: 01 | IE: 1 | PENDING: 0 | IN_INTR: 0 | DS: [0] | RS: [40] | MEM: - | LATCH: IR | OUT: 'What is your name?\nHello, ' | fetch literal 0
TICK: 001177 | PC: 00192 | STEP: 0 | IR: literal 0 | A: 32 | AR: 1 | NZ: 01 | IE: 1 | PENDING: 0 | IN_INTR: 0 | DS: [0, 0] | RS: [40] | MEM: - | LATCH: DS.push,PC,IR.clear | OUT: 'What is your name?\nHello, ' | literal 0
TICK: 001178 | PC: 00192 | STEP: 0 | IR: sub | A: 32 | AR: 1 | NZ: 01 | IE: 1 | PENDING: 0 | IN_INTR: 0 | DS: [0, 0] | RS: [40] | MEM: - | LATCH: IR | OUT: 'What is your name?\nHello, ' | fetch sub
TICK: 001179 | PC: 00192 | STEP: 1 | IR: sub | A: 32 | AR: 1 | NZ: 01 | IE: 1 | PENDING: 0 | IN_INTR: 0 | DS: [] | RS: [40] | MEM: - | LATCH: ALU.left,ALU.right | OUT: 'What is your name?\nHello, ' | sub.load_operands
TICK: 001180 | PC: 00193 | STEP: 0 | IR: sub | A: 32 | AR: 1 | NZ: 01 | IE: 1 | PENDING: 0 | IN_INTR: 0 | DS: [0] | RS: [40] | MEM: - | LATCH: DS.push(ALU),PC,IR.clear | OUT: 'What is your name?\nHello, ' | sub.write_result
TICK: 001181 | PC: 00193 | STEP: 0 | IR: nif 203 | A: 32 | AR: 1 | NZ: 01 | IE: 1 | PENDING: 0 | IN_INTR: 0 | DS: [0] | RS: [40] | MEM: - | LATCH: IR | OUT: 'What is your name?\nHello, ' | fetch nif 203
TICK: 001182 | PC: 00193 | STEP: 1 | IR: nif 203 | A: 32 | AR: 1 | NZ: 01 | IE: 1 | PENDING: 0 | IN_INTR: 0 | DS: [] | RS: [40] | MEM: - | LATCH: ALU.left | OUT: 'What is your name?\nHello, ' | nif.test
TICK: 001183 | PC: 00198 | STEP: 0 | IR: nif 203 | A: 32 | AR: 1 | NZ: 01 | IE: 1 | PENDING: 0 | IN_INTR: 0 | DS: [] | RS: [40] | MEM: - | LATCH: PC,IR.clear | OUT: 'What is your name?\nHello, ' | nif.branch
TICK: 001184 | PC: 00198 | STEP: 0 | IR: jmp 182 | A: 32 | AR: 1 | NZ: 01 | IE: 1 | PENDING: 0 | IN_INTR: 0 | DS: [] | RS: [40] | MEM: - | LATCH: IR | OUT: 'What is your name?\nHello, ' | fetch jmp 182
TICK: 001185 | PC: 00182 | STEP: 0 | IR: jmp 182 | A: 32 | AR: 1 | NZ: 01 | IE: 1 | PENDING: 0 | IN_INTR: 0 | DS: [] | RS: [40] | MEM: - | LATCH: PC,IR.clear | OUT: 'What is your name?\nHello, ' | jmp 182
TICK: 001186 | PC: 00182 | STEP: 0 | IR: load 1 | A: 32 | AR: 1 | NZ: 01 | IE: 1 | PENDING: 0 | IN_INTR: 0 | DS: [] | RS: [40] | MEM: - | LATCH: IR | OUT: 'What is your name?\nHello, ' | fetch load 1
TICK: 001187 | PC: 00182 | STEP: 1 | IR: load 1 | A: 32 | AR: 1 | NZ: 01 | IE: 1 | PENDING: 0 | IN_INTR: 0 | DS: [] | RS: [40] | MEM: - | LATCH: AR | OUT: 'What is your name?\nHello, ' | load.addr 1
TICK: 001188 | PC: 00187 | STEP: 0 | IR: load 1 | A: 32 | AR: 1 | NZ: 01 | IE: 1 | PENDING: 0 | IN_INTR: 0 | DS: [0] | RS: [40] | MEM: read mem[1] | LATCH: DS.push,PC,IR.clear | OUT: 'What is your name?\nHello, ' | load.read
TICK: 001189 | PC: 00187 | STEP: 0 | IR: literal 0 | A: 32 | AR: 1 | NZ: 01 | IE: 1 | PENDING: 0 | IN_INTR: 0 | DS: [0] | RS: [40] | MEM: - | LATCH: IR | OUT: 'What is your name?\nHello, ' | fetch literal 0
TICK: 001190 | PC: 00192 | STEP: 0 | IR: literal 0 | A: 32 | AR: 1 | NZ: 01 | IE: 1 | PENDING: 0 | IN_INTR: 0 | DS: [0, 0] | RS: [40] | MEM: - | LATCH: DS.push,PC,IR.clear | OUT: 'What is your name?\nHello, ' | literal 0
TICK: 001191 | PC: 00192 | STEP: 0 | IR: sub | A: 32 | AR: 1 | NZ: 01 | IE: 1 | PENDING: 0 | IN_INTR: 0 | DS: [0, 0] | RS: [40] | MEM: - | LATCH: IR | OUT: 'What is your name?\nHello, ' | fetch sub
TICK: 001192 | PC: 00192 | STEP: 1 | IR: sub | A: 32 | AR: 1 | NZ: 01 | IE: 1 | PENDING: 0 | IN_INTR: 0 | DS: [] | RS: [40] | MEM: - | LATCH: ALU.left,ALU.right | OUT: 'What is your name?\nHello, ' | sub.load_operands
TICK: 001193 | PC: 00193 | STEP: 0 | IR: sub | A: 32 | AR: 1 | NZ: 01 | IE: 1 | PENDING: 0 | IN_INTR: 0 | DS: [0] | RS: [40] | MEM: - | LATCH: DS.push(ALU),PC,IR.clear | OUT: 'What is your name?\nHello, ' | sub.write_result
TICK: 001194 | PC: 00193 | STEP: 0 | IR: nif 203 | A: 32 | AR: 1 | NZ: 01 | IE: 1 | PENDING: 0 | IN_INTR: 0 | DS: [0] | RS: [40] | MEM: - | LATCH: IR | OUT: 'What is your name?\nHello, ' | fetch nif 203
TICK: 001195 | PC: 00193 | STEP: 1 | IR: nif 203 | A: 32 | AR: 1 | NZ: 01 | IE: 1 | PENDING: 0 | IN_INTR: 0 | DS: [] | RS: [40] | MEM: - | LATCH: ALU.left | OUT: 'What is your name?\nHello, ' | nif.test
TICK: 001196 | PC: 00198 | STEP: 0 | IR: nif 203 | A: 32 | AR: 1 | NZ: 01 | IE: 1 | PENDING: 0 | IN_INTR: 0 | DS: [] | RS: [40] | MEM: - | LATCH: PC,IR.clear | OUT: 'What is your name?\nHello, ' | nif.branch
TICK: 001197 | PC: 00198 | STEP: 0 | IR: jmp 182 | A: 32 | AR: 1 | NZ: 01 | IE: 1 | PENDING: 0 | IN_INTR: 0 | DS: [] | RS: [40] | MEM: - | LATCH: IR | OUT: 'What is your name?\nHello, ' | fetch jmp 182
TICK: 001198 | PC: 00182 | STEP: 0 | IR: jmp 182 | A: 32 | AR: 1 | NZ: 01 | IE: 1 | PENDING: 0 | IN_INTR: 0 | DS: [] | RS: [40] | MEM: - | LATCH: PC,IR.clear | OUT: 'What is your name?\nHello, ' | jmp 182
TICK: 001199 | PC: 00182 | STEP: 0 | IR: load 1 | A: 32 | AR: 1 | NZ: 01 | IE: 1 | PENDING: 0 | IN_INTR: 0 | DS: [] | RS: [40] | MEM: - | LATCH: IR | OUT: 'What is your name?\nHello, ' | fetch load 1
TICK: 001200 | PC: 00182 | STEP: 1 | IR: load 1 | A: 32 | AR: 1 | NZ: 01 | IE: 1 | PENDING: 0 | IN_INTR: 0 | DS: [] | RS: [40] | MEM: - | LATCH: AR | OUT: 'What is your name?\nHello, ' | load.addr 1
TICK: 001201 | PC: 00187 | STEP: 0 | IR: load 1 | A: 32 | AR: 1 | NZ: 01 | IE: 1 | PENDING: 0 | IN_INTR: 0 | DS: [0] | RS: [40] | MEM: read mem[1] | LATCH: DS.push,PC,IR.clear | OUT: 'What is your name?\nHello, ' | load.read
TICK: 001202 | PC: 00187 | STEP: 0 | IR: literal 0 | A: 32 | AR: 1 | NZ: 01 | IE: 1 | PENDING: 0 | IN_INTR: 0 | DS: [0] | RS: [40] | MEM: - | LATCH: IR | OUT: 'What is your name?\nHello, ' | fetch literal 0
TICK: 001203 | PC: 00192 | STEP: 0 | IR: literal 0 | A: 32 | AR: 1 | NZ: 01 | IE: 1 | PENDING: 0 | IN_INTR: 0 | DS: [0, 0] | RS: [40] | MEM: - | LATCH: DS.push,PC,IR.clear | OUT: 'What is your name?\nHello, ' | literal 0
TICK: 001204 | PC: 00192 | STEP: 0 | IR: sub | A: 32 | AR: 1 | NZ: 01 | IE: 1 | PENDING: 0 | IN_INTR: 0 | DS: [0, 0] | RS: [40] | MEM: - | LATCH: IR | OUT: 'What is your name?\nHello, ' | fetch sub
TICK: 001205 | PC: 00192 | STEP: 1 | IR: sub | A: 32 | AR: 1 | NZ: 01 | IE: 1 | PENDING: 0 | IN_INTR: 0 | DS: [] | RS: [40] | MEM: - | LATCH: ALU.left,ALU.right | OUT: 'What is your name?\nHello, ' | sub.load_operands
TICK: 001206 | PC: 00193 | STEP: 0 | IR: sub | A: 32 | AR: 1 | NZ: 01 | IE: 1 | PENDING: 0 | IN_INTR: 0 | DS: [0] | RS: [40] | MEM: - | LATCH: DS.push(ALU),PC,IR.clear | OUT: 'What is your name?\nHello, ' | sub.write_result
TICK: 001207 | PC: 00193 | STEP: 0 | IR: nif 203 | A: 32 | AR: 1 | NZ: 01 | IE: 1 | PENDING: 0 | IN_INTR: 0 | DS: [0] | RS: [40] | MEM: - | LATCH: IR | OUT: 'What is your name?\nHello, ' | fetch nif 203
TICK: 001208 | PC: 00193 | STEP: 1 | IR: nif 203 | A: 32 | AR: 1 | NZ: 01 | IE: 1 | PENDING: 0 | IN_INTR: 0 | DS: [] | RS: [40] | MEM: - | LATCH: ALU.left | OUT: 'What is your name?\nHello, ' | nif.test
TICK: 001209 | PC: 00198 | STEP: 0 | IR: nif 203 | A: 32 | AR: 1 | NZ: 01 | IE: 1 | PENDING: 0 | IN_INTR: 0 | DS: [] | RS: [40] | MEM: - | LATCH: PC,IR.clear | OUT: 'What is your name?\nHello, ' | nif.branch
TICK: 001210 | PC: 00198 | STEP: 0 | IR: jmp 182 | A: 32 | AR: 1 | NZ: 01 | IE: 1 | PENDING: 0 | IN_INTR: 0 | DS: [] | RS: [40] | MEM: - | LATCH: IR | OUT: 'What is your name?\nHello, ' | fetch jmp 182
TICK: 001211 | PC: 00182 | STEP: 0 | IR: jmp 182 | A: 32 | AR: 1 | NZ: 01 | IE: 1 | PENDING: 0 | IN_INTR: 0 | DS: [] | RS: [40] | MEM: - | LATCH: PC,IR.clear | OUT: 'What is your name?\nHello, ' | jmp 182
TICK: 001212 | PC: 00182 | STEP: 0 | IR: load 1 | A: 32 | AR: 1 | NZ: 01 | IE: 1 | PENDING: 0 | IN_INTR: 0 | DS: [] | RS: [40] | MEM: - | LATCH: IR | OUT: 'What is your name?\nHello, ' | fetch load 1
TICK: 001213 | PC: 00182 | STEP: 1 | IR: load 1 | A: 32 | AR: 1 | NZ: 01 | IE: 1 | PENDING: 0 | IN_INTR: 0 | DS: [] | RS: [40] | MEM: - | LATCH: AR | OUT: 'What is your name?\nHello, ' | load.addr 1
TICK: 001214 | PC: 00187 | STEP: 0 | IR: load 1 | A: 32 | AR: 1 | NZ: 01 | IE: 1 | PENDING: 0 | IN_INTR: 0 | DS: [0] | RS: [40] | MEM: read mem[1] | LATCH: DS.push,PC,IR.clear | OUT: 'What is your name?\nHello, ' | load.read
TICK: 001215 | PC: 00187 | STEP: 0 | IR: literal 0 | A: 32 | AR: 1 | NZ: 01 | IE: 1 | PENDING: 0 | IN_INTR: 0 | DS: [0] | RS: [40] | MEM: - | LATCH: IR | OUT: 'What is your name?\nHello, ' | fetch literal 0
TICK: 001216 | PC: 00192 | STEP: 0 | IR: literal 0 | A: 32 | AR: 1 | NZ: 01 | IE: 1 | PENDING: 0 | IN_INTR: 0 | DS: [0, 0] | RS: [40] | MEM: - | LATCH: DS.push,PC,IR.clear | OUT: 'What is your name?\nHello, ' | literal 0
TICK: 001217 | PC: 00192 | STEP: 0 | IR: sub | A: 32 | AR: 1 | NZ: 01 | IE: 1 | PENDING: 0 | IN_INTR: 0 | DS: [0, 0] | RS: [40] | MEM: - | LATCH: IR | OUT: 'What is your name?\nHello, ' | fetch sub
TICK: 001218 | PC: 00192 | STEP: 1 | IR: sub | A: 32 | AR: 1 | NZ: 01 | IE: 1 | PENDING: 0 | IN_INTR: 0 | DS: [] | RS: [40] | MEM: - | LATCH: ALU.left,ALU.right | OUT: 'What is your name?\nHello, ' | sub.load_operands
TICK: 001219 | PC: 00193 | STEP: 0 | IR: sub | A: 32 | AR: 1 | NZ: 01 | IE: 1 | PENDING: 0 | IN_INTR: 0 | DS: [0] | RS: [40] | MEM: - | LATCH: DS.push(ALU),PC,IR.clear | OUT: 'What is your name?\nHello, ' | sub.write_result
TICK: 001220 | PC: 00193 | STEP: 0 | IR: nif 203 | A: 32 | AR: 1 | NZ: 01 | IE: 1 | PENDING: 0 | IN_INTR: 0 | DS: [0] | RS: [40] | MEM: - | LATCH: IR | OUT: 'What is your name?\nHello, ' | fetch nif 203
TICK: 001221 | PC: 00193 | STEP: 1 | IR: nif 203 | A: 32 | AR: 1 | NZ: 01 | IE: 1 | PENDING: 0 | IN_INTR: 0 | DS: [] | RS: [40] | MEM: - | LATCH: ALU.left | OUT: 'What is your name?\nHello, ' | nif.test
TICK: 001222 | PC: 00198 | STEP: 0 | IR: nif 203 | A: 32 | AR: 1 | NZ: 01 | IE: 1 | PENDING: 0 | IN_INTR: 0 | DS: [] | RS: [40] | MEM: - | LATCH: PC,IR.clear | OUT: 'What is your name?\nHello, ' | nif.branch
TICK: 001223 | PC: 00198 | STEP: 0 | IR: jmp 182 | A: 32 | AR: 1 | NZ: 01 | IE: 1 | PENDING: 0 | IN_INTR: 0 | DS: [] | RS: [40] | MEM: - | LATCH: IR | OUT: 'What is your name?\nHello, ' | fetch jmp 182
TICK: 001224 | PC: 00182 | STEP: 0 | IR: jmp 182 | A: 32 | AR: 1 | NZ: 01 | IE: 1 | PENDING: 0 | IN_INTR: 0 | DS: [] | RS: [40] | MEM: - | LATCH: PC,IR.clear | OUT: 'What is your name?\nHello, ' | jmp 182
TICK: 001225 | PC: 00182 | STEP: 0 | IR: load 1 | A: 32 | AR: 1 | NZ: 01 | IE: 1 | PENDING: 0 | IN_INTR: 0 | DS: [] | RS: [40] | MEM: - | LATCH: IR | OUT: 'What is your name?\nHello, ' | fetch load 1
TICK: 001226 | PC: 00182 | STEP: 1 | IR: load 1 | A: 32 | AR: 1 | NZ: 01 | IE: 1 | PENDING: 0 | IN_INTR: 0 | DS: [] | RS: [40] | MEM: - | LATCH: AR | OUT: 'What is your name?\nHello, ' | load.addr 1
TICK: 001227 | PC: 00187 | STEP: 0 | IR: load 1 | A: 32 | AR: 1 | NZ: 01 | IE: 1 | PENDING: 0 | IN_INTR: 0 | DS: [0] | RS: [40] | MEM: read mem[1] | LATCH: DS.push,PC,IR.clear | OUT: 'What is your name?\nHello, ' | load.read
TICK: 001228 | PC: 00187 | STEP: 0 | IR: literal 0 | A: 32 | AR: 1 | NZ: 01 | IE: 1 | PENDING: 0 | IN_INTR: 0 | DS: [0] | RS: [40] | MEM: - | LATCH: IR | OUT: 'What is your name?\nHello, ' | fetch literal 0
TICK: 001229 | PC: 00192 | STEP: 0 | IR: literal 0 | A: 32 | AR: 1 | NZ: 01 | IE: 1 | PENDING: 0 | IN_INTR: 0 | DS: [0, 0] | RS: [40] | MEM: - | LATCH: DS.push,PC,IR.clear | OUT: 'What is your name?\nHello, ' | literal 0
TICK: 001230 | PC: 00192 | STEP: 0 | IR: sub | A: 32 | AR: 1 | NZ: 01 | IE: 1 | PENDING: 0 | IN_INTR: 0 | DS: [0, 0] | RS: [40] | MEM: - | LATCH: IR | OUT: 'What is your name?\nHello, ' | fetch sub
TICK: 001231 | PC: 00192 | STEP: 1 | IR: sub | A: 32 | AR: 1 | NZ: 01 | IE: 1 | PENDING: 0 | IN_INTR: 0 | DS: [] | RS: [40] | MEM: - | LATCH: ALU.left,ALU.right | OUT: 'What is your name?\nHello, ' | sub.load_operands
TICK: 001232 | PC: 00193 | STEP: 0 | IR: sub | A: 32 | AR: 1 | NZ: 01 | IE: 1 | PENDING: 0 | IN_INTR: 0 | DS: [0] | RS: [40] | MEM: - | LATCH: DS.push(ALU),PC,IR.clear | OUT: 'What is your name?\nHello, ' | sub.write_result
TICK: 001233 | PC: 00193 | STEP: 0 | IR: nif 203 | A: 32 | AR: 1 | NZ: 01 | IE: 1 | PENDING: 0 | IN_INTR: 0 | DS: [0] | RS: [40] | MEM: - | LATCH: IR | OUT: 'What is your name?\nHello, ' | fetch nif 203
TICK: 001234 | PC: 00193 | STEP: 1 | IR: nif 203 | A: 32 | AR: 1 | NZ: 01 | IE: 1 | PENDING: 0 | IN_INTR: 0 | DS: [] | RS: [40] | MEM: - | LATCH: ALU.left | OUT: 'What is your name?\nHello, ' | nif.test
TICK: 001235 | PC: 00198 | STEP: 0 | IR: nif 203 | A: 32 | AR: 1 | NZ: 01 | IE: 1 | PENDING: 0 | IN_INTR: 0 | DS: [] | RS: [40] | MEM: - | LATCH: PC,IR.clear | OUT: 'What is your name?\nHello, ' | nif.branch
TICK: 001236 | PC: 00198 | STEP: 0 | IR: jmp 182 | A: 32 | AR: 1 | NZ: 01 | IE: 1 | PENDING: 0 | IN_INTR: 0 | DS: [] | RS: [40] | MEM: - | LATCH: IR | OUT: 'What is your name?\nHello, ' | fetch jmp 182
TICK: 001237 | PC: 00182 | STEP: 0 | IR: jmp 182 | A: 32 | AR: 1 | NZ: 01 | IE: 1 | PENDING: 0 | IN_INTR: 0 | DS: [] | RS: [40] | MEM: - | LATCH: PC,IR.clear | OUT: 'What is your name?\nHello, ' | jmp 182
TICK: 001238 | PC: 00182 | STEP: 0 | IR: load 1 | A: 32 | AR: 1 | NZ: 01 | IE: 1 | PENDING: 0 | IN_INTR: 0 | DS: [] | RS: [40] | MEM: - | LATCH: IR | OUT: 'What is your name?\nHello, ' | fetch load 1
TICK: 001239 | PC: 00182 | STEP: 1 | IR: load 1 | A: 32 | AR: 1 | NZ: 01 | IE: 1 | PENDING: 0 | IN_INTR: 0 | DS: [] | RS: [40] | MEM: - | LATCH: AR | OUT: 'What is your name?\nHello, ' | load.addr 1
TICK: 001240 | PC: 00187 | STEP: 0 | IR: load 1 | A: 32 | AR: 1 | NZ: 01 | IE: 1 | PENDING: 0 | IN_INTR: 0 | DS: [0] | RS: [40] | MEM: read mem[1] | LATCH: DS.push,PC,IR.clear | OUT: 'What is your name?\nHello, ' | load.read
TICK: 001241 | PC: 00187 | STEP: 0 | IR: literal 0 | A: 32 | AR: 1 | NZ: 01 | IE: 1 | PENDING: 0 | IN_INTR: 0 | DS: [0] | RS: [40] | MEM: - | LATCH: IR | OUT: 'What is your name?\nHello, ' | fetch literal 0
TICK: 001242 | PC: 00192 | STEP: 0 | IR: literal 0 | A: 32 | AR: 1 | NZ: 01 | IE: 1 | PENDING: 0 | IN_INTR: 0 | DS: [0, 0] | RS: [40] | MEM: - | LATCH: DS.push,PC,IR.clear | OUT: 'What is your name?\nHello, ' | literal 0
TICK: 001243 | PC: 00192 | STEP: 0 | IR: sub | A: 32 | AR: 1 | NZ: 01 | IE: 1 | PENDING: 0 | IN_INTR: 0 | DS: [0, 0] | RS: [40] | MEM: - | LATCH: IR | OUT: 'What is your name?\nHello, ' | fetch sub
TICK: 001244 | PC: 00192 | STEP: 1 | IR: sub | A: 32 | AR: 1 | NZ: 01 | IE: 1 | PENDING: 0 | IN_INTR: 0 | DS: [] | RS: [40] | MEM: - | LATCH: ALU.left,ALU.right | OUT: 'What is your name?\nHello, ' | sub.load_operands
TICK: 001245 | PC: 00193 | STEP: 0 | IR: sub | A: 32 | AR: 1 | NZ: 01 | IE: 1 | PENDING: 0 | IN_INTR: 0 | DS: [0] | RS: [40] | MEM: - | LATCH: DS.push(ALU),PC,IR.clear | OUT: 'What is your name?\nHello, ' | sub.write_result
TICK: 001246 | PC: 00193 | STEP: 0 | IR: nif 203 | A: 32 | AR: 1 | NZ: 01 | IE: 1 | PENDING: 0 | IN_INTR: 0 | DS: [0] | RS: [40] | MEM: - | LATCH: IR | OUT: 'What is your name?\nHello, ' | fetch nif 203
TICK: 001247 | PC: 00193 | STEP: 1 | IR: nif 203 | A: 32 | AR: 1 | NZ: 01 | IE: 1 | PENDING: 0 | IN_INTR: 0 | DS: [] | RS: [40] | MEM: - | LATCH: ALU.left | OUT: 'What is your name?\nHello, ' | nif.test
TICK: 001248 | PC: 00198 | STEP: 0 | IR: nif 203 | A: 32 | AR: 1 | NZ: 01 | IE: 1 | PENDING: 0 | IN_INTR: 0 | DS: [] | RS: [40] | MEM: - | LATCH: PC,IR.clear | OUT: 'What is your name?\nHello, ' | nif.branch
TICK: 001249 | PC: 00198 | STEP: 0 | IR: jmp 182 | A: 32 | AR: 1 | NZ: 01 | IE: 1 | PENDING: 0 | IN_INTR: 0 | DS: [] | RS: [40] | MEM: - | LATCH: IR | OUT: 'What is your name?\nHello, ' | fetch jmp 182
TICK: 001250 | PC: 00182 | STEP: 0 | IR: jmp 182 | A: 32 | AR: 1 | NZ: 01 | IE: 1 | PENDING: 0 | IN_INTR: 0 | DS: [] | RS: [40] | MEM: - | LATCH: PC,IR.clear | OUT: 'What is your name?\nHello, ' | jmp 182
TICK: 001251 | PC: 00182 | STEP: 0 | IR: load 1 | A: 32 | AR: 1 | NZ: 01 | IE: 1 | PENDING: 0 | IN_INTR: 0 | DS: [] | RS: [40] | MEM: - | LATCH: IR | OUT: 'What is your name?\nHello, ' | fetch load 1
TICK: 001252 | PC: 00182 | STEP: 1 | IR: load 1 | A: 32 | AR: 1 | NZ: 01 | IE: 1 | PENDING: 0 | IN_INTR: 0 | DS: [] | RS: [40] | MEM: - | LATCH: AR | OUT: 'What is your name?\nHello, ' | load.addr 1
TICK: 001253 | PC: 00187 | STEP: 0 | IR: load 1 | A: 32 | AR: 1 | NZ: 01 | IE: 1 | PENDING: 0 | IN_INTR: 0 | DS: [0] | RS: [40] | MEM: read mem[1] | LATCH: DS.push,PC,IR.clear | OUT: 'What is your name?\nHello, ' | load.read
TICK: 001254 | PC: 00187 | STEP: 0 | IR: literal 0 | A: 32 | AR: 1 | NZ: 01 | IE: 1 | PENDING: 0 | IN_INTR: 0 | DS: [0] | RS: [40] | MEM: - | LATCH: IR | OUT: 'What is your name?\nHello, ' | fetch literal 0
TICK: 001255 | PC: 00192 | STEP: 0 | IR: literal 0 | A: 32 | AR: 1 | NZ: 01 | IE: 1 | PENDING: 0 | IN_INTR: 0 | DS: [0, 0] | RS: [40] | MEM: - | LATCH: DS.push,PC,IR.clear | OUT: 'What is your name?\nHello, ' | literal 0
TICK: 001256 | PC: 00192 | STEP: 0 | IR: sub | A: 32 | AR: 1 | NZ: 01 | IE: 1 | PENDING: 0 | IN_INTR: 0 | DS: [0, 0] | RS: [40] | MEM: - | LATCH: IR | OUT: 'What is your name?\nHello, ' | fetch sub
TICK: 001257 | PC: 00192 | STEP: 1 | IR: sub | A: 32 | AR: 1 | NZ: 01 | IE: 1 | PENDING: 0 | IN_INTR: 0 | DS: [] | RS: [40] | MEM: - | LATCH: ALU.left,ALU.right | OUT: 'What is your name?\nHello, ' | sub.load_operands
TICK: 001258 | PC: 00193 | STEP: 0 | IR: sub | A: 32 | AR: 1 | NZ: 01 | IE: 1 | PENDING: 0 | IN_INTR: 0 | DS: [0] | RS: [40] | MEM: - | LATCH: DS.push(ALU),PC,IR.clear | OUT: 'What is your name?\nHello, ' | sub.write_result
TICK: 001259 | PC: 00193 | STEP: 0 | IR: nif 203 | A: 32 | AR: 1 | NZ: 01 | IE: 1 | PENDING: 0 | IN_INTR: 0 | DS: [0] | RS: [40] | MEM: - | LATCH: IR | OUT: 'What is your name?\nHello, ' | fetch nif 203
TICK: 001260 | PC: 00193 | STEP: 1 | IR: nif 203 | A: 32 | AR: 1 | NZ: 01 | IE: 1 | PENDING: 0 | IN_INTR: 0 | DS: [] | RS: [40] | MEM: - | LATCH: ALU.left | OUT: 'What is your name?\nHello, ' | nif.test
TICK: 001261 | PC: 00198 | STEP: 0 | IR: nif 203 | A: 32 | AR: 1 | NZ: 01 | IE: 1 | PENDING: 0 | IN_INTR: 0 | DS: [] | RS: [40] | MEM: - | LATCH: PC,IR.clear | OUT: 'What is your name?\nHello, ' | nif.branch
TICK: 001262 | PC: 00198 | STEP: 0 | IR: jmp 182 | A: 32 | AR: 1 | NZ: 01 | IE: 1 | PENDING: 0 | IN_INTR: 0 | DS: [] | RS: [40] | MEM: - | LATCH: IR | OUT: 'What is your name?\nHello, ' | fetch jmp 182
TICK: 001263 | PC: 00182 | STEP: 0 | IR: jmp 182 | A: 32 | AR: 1 | NZ: 01 | IE: 1 | PENDING: 0 | IN_INTR: 0 | DS: [] | RS: [40] | MEM: - | LATCH: PC,IR.clear | OUT: 'What is your name?\nHello, ' | jmp 182
TICK: 001264 | PC: 00182 | STEP: 0 | IR: load 1 | A: 32 | AR: 1 | NZ: 01 | IE: 1 | PENDING: 0 | IN_INTR: 0 | DS: [] | RS: [40] | MEM: - | LATCH: IR | OUT: 'What is your name?\nHello, ' | fetch load 1
TICK: 001265 | PC: 00182 | STEP: 1 | IR: load 1 | A: 32 | AR: 1 | NZ: 01 | IE: 1 | PENDING: 0 | IN_INTR: 0 | DS: [] | RS: [40] | MEM: - | LATCH: AR | OUT: 'What is your name?\nHello, ' | load.addr 1
TICK: 001266 | PC: 00187 | STEP: 0 | IR: load 1 | A: 32 | AR: 1 | NZ: 01 | IE: 1 | PENDING: 0 | IN_INTR: 0 | DS: [0] | RS: [40] | MEM: read mem[1] | LATCH: DS.push,PC,IR.clear | OUT: 'What is your name?\nHello, ' | load.read
TICK: 001267 | PC: 00187 | STEP: 0 | IR: literal 0 | A: 32 | AR: 1 | NZ: 01 | IE: 1 | PENDING: 0 | IN_INTR: 0 | DS: [0] | RS: [40] | MEM: - | LATCH: IR | OUT: 'What is your name?\nHello, ' | fetch literal 0
TICK: 001268 | PC: 00192 | STEP: 0 | IR: literal 0 | A: 32 | AR: 1 | NZ: 01 | IE: 1 | PENDING: 0 | IN_INTR: 0 | DS: [0, 0] | RS: [40] | MEM: - | LATCH: DS.push,PC,IR.clear | OUT: 'What is your name?\nHello, ' | literal 0
TICK: 001269 | PC: 00192 | STEP: 0 | IR: sub | A: 32 | AR: 1 | NZ: 01 | IE: 1 | PENDING: 0 | IN_INTR: 0 | DS: [0, 0] | RS: [40] | MEM: - | LATCH: IR | OUT: 'What is your name?\nHello, ' | fetch sub
TICK: 001270 | PC: 00192 | STEP: 1 | IR: sub | A: 32 | AR: 1 | NZ: 01 | IE: 1 | PENDING: 0 | IN_INTR: 0 | DS: [] | RS: [40] | MEM: - | LATCH: ALU.left,ALU.right | OUT: 'What is your name?\nHello, ' | sub.load_operands
TICK: 001271 | PC: 00193 | STEP: 0 | IR: sub | A: 32 | AR: 1 | NZ: 01 | IE: 1 | PENDING: 0 | IN_INTR: 0 | DS: [0] | RS: [40] | MEM: - | LATCH: DS.push(ALU),PC,IR.clear | OUT: 'What is your name?\nHello, ' | sub.write_result
TICK: 001272 | PC: 00193 | STEP: 0 | IR: nif 203 | A: 32 | AR: 1 | NZ: 01 | IE: 1 | PENDING: 0 | IN_INTR: 0 | DS: [0] | RS: [40] | MEM: - | LATCH: IR | OUT: 'What is your name?\nHello, ' | fetch nif 203
TICK: 001273 | PC: 00193 | STEP: 1 | IR: nif 203 | A: 32 | AR: 1 | NZ: 01 | IE: 1 | PENDING: 0 | IN_INTR: 0 | DS: [] | RS: [40] | MEM: - | LATCH: ALU.left | OUT: 'What is your name?\nHello, ' | nif.test
TICK: 001274 | PC: 00198 | STEP: 0 | IR: nif 203 | A: 32 | AR: 1 | NZ: 01 | IE: 1 | PENDING: 0 | IN_INTR: 0 | DS: [] | RS: [40] | MEM: - | LATCH: PC,IR.clear | OUT: 'What is your name?\nHello, ' | nif.branch
TICK: 001275 | PC: 00198 | STEP: 0 | IR: jmp 182 | A: 32 | AR: 1 | NZ: 01 | IE: 1 | PENDING: 0 | IN_INTR: 0 | DS: [] | RS: [40] | MEM: - | LATCH: IR | OUT: 'What is your name?\nHello, ' | fetch jmp 182
TICK: 001276 | PC: 00182 | STEP: 0 | IR: jmp 182 | A: 32 | AR: 1 | NZ: 01 | IE: 1 | PENDING: 0 | IN_INTR: 0 | DS: [] | RS: [40] | MEM: - | LATCH: PC,IR.clear | OUT: 'What is your name?\nHello, ' | jmp 182
TICK: 001277 | PC: 00182 | STEP: 0 | IR: load 1 | A: 32 | AR: 1 | NZ: 01 | IE: 1 | PENDING: 0 | IN_INTR: 0 | DS: [] | RS: [40] | MEM: - | LATCH: IR | OUT: 'What is your name?\nHello, ' | fetch load 1
TICK: 001278 | PC: 00182 | STEP: 1 | IR: load 1 | A: 32 | AR: 1 | NZ: 01 | IE: 1 | PENDING: 0 | IN_INTR: 0 | DS: [] | RS: [40] | MEM: - | LATCH: AR | OUT: 'What is your name?\nHello, ' | load.addr 1
TICK: 001279 | PC: 00187 | STEP: 0 | IR: load 1 | A: 32 | AR: 1 | NZ: 01 | IE: 1 | PENDING: 0 | IN_INTR: 0 | DS: [0] | RS: [40] | MEM: read mem[1] | LATCH: DS.push,PC,IR.clear | OUT: 'What is your name?\nHello, ' | load.read
TICK: 001280 | PC: 00187 | STEP: 0 | IR: literal 0 | A: 32 | AR: 1 | NZ: 01 | IE: 1 | PENDING: 0 | IN_INTR: 0 | DS: [0] | RS: [40] | MEM: - | LATCH: IR | OUT: 'What is your name?\nHello, ' | fetch literal 0
TICK: 001281 | PC: 00192 | STEP: 0 | IR: literal 0 | A: 32 | AR: 1 | NZ: 01 | IE: 1 | PENDING: 0 | IN_INTR: 0 | DS: [0, 0] | RS: [40] | MEM: - | LATCH: DS.push,PC,IR.clear | OUT: 'What is your name?\nHello, ' | literal 0
TICK: 001282 | PC: 00192 | STEP: 0 | IR: sub | A: 32 | AR: 1 | NZ: 01 | IE: 1 | PENDING: 0 | IN_INTR: 0 | DS: [0, 0] | RS: [40] | MEM: - | LATCH: IR | OUT: 'What is your name?\nHello, ' | fetch sub
TICK: 001283 | PC: 00192 | STEP: 1 | IR: sub | A: 32 | AR: 1 | NZ: 01 | IE: 1 | PENDING: 0 | IN_INTR: 0 | DS: [] | RS: [40] | MEM: - | LATCH: ALU.left,ALU.right | OUT: 'What is your name?\nHello, ' | sub.load_operands
TICK: 001284 | PC: 00193 | STEP: 0 | IR: sub | A: 32 | AR: 1 | NZ: 01 | IE: 1 | PENDING: 0 | IN_INTR: 0 | DS: [0] | RS: [40] | MEM: - | LATCH: DS.push(ALU),PC,IR.clear | OUT: 'What is your name?\nHello, ' | sub.write_result
TICK: 001285 | PC: 00193 | STEP: 0 | IR: nif 203 | A: 32 | AR: 1 | NZ: 01 | IE: 1 | PENDING: 0 | IN_INTR: 0 | DS: [0] | RS: [40] | MEM: - | LATCH: IR | OUT: 'What is your name?\nHello, ' | fetch nif 203
TICK: 001286 | PC: 00193 | STEP: 1 | IR: nif 203 | A: 32 | AR: 1 | NZ: 01 | IE: 1 | PENDING: 0 | IN_INTR: 0 | DS: [] | RS: [40] | MEM: - | LATCH: ALU.left | OUT: 'What is your name?\nHello, ' | nif.test
TICK: 001287 | PC: 00198 | STEP: 0 | IR: nif 203 | A: 32 | AR: 1 | NZ: 01 | IE: 1 | PENDING: 0 | IN_INTR: 0 | DS: [] | RS: [40] | MEM: - | LATCH: PC,IR.clear | OUT: 'What is your name?\nHello, ' | nif.branch
TICK: 001288 | PC: 00198 | STEP: 0 | IR: jmp 182 | A: 32 | AR: 1 | NZ: 01 | IE: 1 | PENDING: 0 | IN_INTR: 0 | DS: [] | RS: [40] | MEM: - | LATCH: IR | OUT: 'What is your name?\nHello, ' | fetch jmp 182
TICK: 001289 | PC: 00182 | STEP: 0 | IR: jmp 182 | A: 32 | AR: 1 | NZ: 01 | IE: 1 | PENDING: 0 | IN_INTR: 0 | DS: [] | RS: [40] | MEM: - | LATCH: PC,IR.clear | OUT: 'What is your name?\nHello, ' | jmp 182
TICK: 001290 | PC: 00182 | STEP: 0 | IR: load 1 | A: 32 | AR: 1 | NZ: 01 | IE: 1 | PENDING: 0 | IN_INTR: 0 | DS: [] | RS: [40] | MEM: - | LATCH: IR | OUT: 'What is your name?\nHello, ' | fetch load 1
TICK: 001291 | PC: 00182 | STEP: 1 | IR: load 1 | A: 32 | AR: 1 | NZ: 01 | IE: 1 | PENDING: 0 | IN_INTR: 0 | DS: [] | RS: [40] | MEM: - | LATCH: AR | OUT: 'What is your name?\nHello, ' | load.addr 1
TICK: 001292 | PC: 00187 | STEP: 0 | IR: load 1 | A: 32 | AR: 1 | NZ: 01 | IE: 1 | PENDING: 0 | IN_INTR: 0 | DS: [0] | RS: [40] | MEM: read mem[1] | LATCH: DS.push,PC,IR.clear | OUT: 'What is your name?\nHello, ' | load.read
TICK: 001293 | PC: 00187 | STEP: 0 | IR: literal 0 | A: 32 | AR: 1 | NZ: 01 | IE: 1 | PENDING: 0 | IN_INTR: 0 | DS: [0] | RS: [40] | MEM: - | LATCH: IR | OUT: 'What is your name?\nHello, ' | fetch literal 0
TICK: 001294 | PC: 00192 | STEP: 0 | IR: literal 0 | A: 32 | AR: 1 | NZ: 01 | IE: 1 | PENDING: 0 | IN_INTR: 0 | DS: [0, 0] | RS: [40] | MEM: - | LATCH: DS.push,PC,IR.clear | OUT: 'What is your name?\nHello, ' | literal 0
TICK: 001295 | PC: 00192 | STEP: 0 | IR: sub | A: 32 | AR: 1 | NZ: 01 | IE: 1 | PENDING: 0 | IN_INTR: 0 | DS: [0, 0] | RS: [40] | MEM: - | LATCH: IR | OUT: 'What is your name?\nHello, ' | fetch sub
TICK: 001296 | PC: 00192 | STEP: 1 | IR: sub | A: 32 | AR: 1 | NZ: 01 | IE: 1 | PENDING: 0 | IN_INTR: 0 | DS: [] | RS: [40] | MEM: - | LATCH: ALU.left,ALU.right | OUT: 'What is your name?\nHello, ' | sub.load_operands
TICK: 001297 | PC: 00193 | STEP: 0 | IR: sub | A: 32 | AR: 1 | NZ: 01 | IE: 1 | PENDING: 0 | IN_INTR: 0 | DS: [0] | RS: [40] | MEM: - | LATCH: DS.push(ALU),PC,IR.clear | OUT: 'What is your name?\nHello, ' | sub.write_result
TICK: 001298 | PC: 00193 | STEP: 0 | IR: nif 203 | A: 32 | AR: 1 | NZ: 01 | IE: 1 | PENDING: 0 | IN_INTR: 0 | DS: [0] | RS: [40] | MEM: - | LATCH: IR | OUT: 'What is your name?\nHello, ' | fetch nif 203
TICK: 001299 | PC: 00193 | STEP: 1 | IR: nif 203 | A: 32 | AR: 1 | NZ: 01 | IE: 1 | PENDING: 0 | IN_INTR: 0 | DS: [] | RS: [40] | MEM: - | LATCH: ALU.left | OUT: 'What is your name?\nHello, ' | nif.test
TICK: 001300 | PC: 00198 | STEP: 0 | IR: nif 203 | A: 32 | AR: 1 | NZ: 01 | IE: 1 | PENDING: 0 | IN_INTR: 0 | DS: [] | RS: [40] | MEM: - | LATCH: PC,IR.clear | OUT: 'What is your name?\nHello, ' | nif.branch
TICK: 001301 | PC: 00198 | STEP: 0 | IR: jmp 182 | A: 32 | AR: 1 | NZ: 01 | IE: 1 | PENDING: 0 | IN_INTR: 0 | DS: [] | RS: [40] | MEM: - | LATCH: IR | OUT: 'What is your name?\nHello, ' | fetch jmp 182
TICK: 001302 | PC: 00182 | STEP: 0 | IR: jmp 182 | A: 32 | AR: 1 | NZ: 01 | IE: 1 | PENDING: 0 | IN_INTR: 0 | DS: [] | RS: [40] | MEM: - | LATCH: PC,IR.clear | OUT: 'What is your name?\nHello, ' | jmp 182
TICK: 001303 | PC: 00182 | STEP: 0 | IR: load 1 | A: 32 | AR: 1 | NZ: 01 | IE: 1 | PENDING: 0 | IN_INTR: 0 | DS: [] | RS: [40] | MEM: - | LATCH: IR | OUT: 'What is your name?\nHello, ' | fetch load 1
TICK: 001304 | PC: 00182 | STEP: 1 | IR: load 1 | A: 32 | AR: 1 | NZ: 01 | IE: 1 | PENDING: 0 | IN_INTR: 0 | DS: [] | RS: [40] | MEM: - | LATCH: AR | OUT: 'What is your name?\nHello, ' | load.addr 1
TICK: 001305 | PC: 00187 | STEP: 0 | IR: load 1 | A: 32 | AR: 1 | NZ: 01 | IE: 1 | PENDING: 0 | IN_INTR: 0 | DS: [0] | RS: [40] | MEM: read mem[1] | LATCH: DS.push,PC,IR.clear | OUT: 'What is your name?\nHello, ' | load.read
TICK: 001306 | PC: 00187 | STEP: 0 | IR: literal 0 | A: 32 | AR: 1 | NZ: 01 | IE: 1 | PENDING: 0 | IN_INTR: 0 | DS: [0] | RS: [40] | MEM: - | LATCH: IR | OUT: 'What is your name?\nHello, ' | fetch literal 0
TICK: 001307 | PC: 00192 | STEP: 0 | IR: literal 0 | A: 32 | AR: 1 | NZ: 01 | IE: 1 | PENDING: 0 | IN_INTR: 0 | DS: [0, 0] | RS: [40] | MEM: - | LATCH: DS.push,PC,IR.clear | OUT: 'What is your name?\nHello, ' | literal 0
TICK: 001308 | PC: 00192 | STEP: 0 | IR: sub | A: 32 | AR: 1 | NZ: 01 | IE: 1 | PENDING: 0 | IN_INTR: 0 | DS: [0, 0] | RS: [40] | MEM: - | LATCH: IR | OUT: 'What is your name?\nHello, ' | fetch sub
TICK: 001309 | PC: 00192 | STEP: 1 | IR: sub | A: 32 | AR: 1 | NZ: 01 | IE: 1 | PENDING: 0 | IN_INTR: 0 | DS: [] | RS: [40] | MEM: - | LATCH: ALU.left,ALU.right | OUT: 'What is your name?\nHello, ' | sub.load_operands
TICK: 001310 | PC: 00193 | STEP: 0 | IR: sub | A: 32 | AR: 1 | NZ: 01 | IE: 1 | PENDING: 0 | IN_INTR: 0 | DS: [0] | RS: [40] | MEM: - | LATCH: DS.push(ALU),PC,IR.clear | OUT: 'What is your name?\nHello, ' | sub.write_result
TICK: 001311 | PC: 00193 | STEP: 0 | IR: nif 203 | A: 32 | AR: 1 | NZ: 01 | IE: 1 | PENDING: 0 | IN_INTR: 0 | DS: [0] | RS: [40] | MEM: - | LATCH: IR | OUT: 'What is your name?\nHello, ' | fetch nif 203
TICK: 001312 | PC: 00193 | STEP: 1 | IR: nif 203 | A: 32 | AR: 1 | NZ: 01 | IE: 1 | PENDING: 0 | IN_INTR: 0 | DS: [] | RS: [40] | MEM: - | LATCH: ALU.left | OUT: 'What is your name?\nHello, ' | nif.test
TICK: 001313 | PC: 00198 | STEP: 0 | IR: nif 203 | A: 32 | AR: 1 | NZ: 01 | IE: 1 | PENDING: 0 | IN_INTR: 0 | DS: [] | RS: [40] | MEM: - | LATCH: PC,IR.clear | OUT: 'What is your name?\nHello, ' | nif.branch
TICK: 001314 | PC: 00198 | STEP: 0 | IR: jmp 182 | A: 32 | AR: 1 | NZ: 01 | IE: 1 | PENDING: 0 | IN_INTR: 0 | DS: [] | RS: [40] | MEM: - | LATCH: IR | OUT: 'What is your name?\nHello, ' | fetch jmp 182
TICK: 001315 | PC: 00182 | STEP: 0 | IR: jmp 182 | A: 32 | AR: 1 | NZ: 01 | IE: 1 | PENDING: 0 | IN_INTR: 0 | DS: [] | RS: [40] | MEM: - | LATCH: PC,IR.clear | OUT: 'What is your name?\nHello, ' | jmp 182
TICK: 001316 | PC: 00182 | STEP: 0 | IR: load 1 | A: 32 | AR: 1 | NZ: 01 | IE: 1 | PENDING: 0 | IN_INTR: 0 | DS: [] | RS: [40] | MEM: - | LATCH: IR | OUT: 'What is your name?\nHello, ' | fetch load 1
TICK: 001317 | PC: 00182 | STEP: 1 | IR: load 1 | A: 32 | AR: 1 | NZ: 01 | IE: 1 | PENDING: 0 | IN_INTR: 0 | DS: [] | RS: [40] | MEM: - | LATCH: AR | OUT: 'What is your name?\nHello, ' | load.addr 1
TICK: 001318 | PC: 00187 | STEP: 0 | IR: load 1 | A: 32 | AR: 1 | NZ: 01 | IE: 1 | PENDING: 0 | IN_INTR: 0 | DS: [0] | RS: [40] | MEM: read mem[1] | LATCH: DS.push,PC,IR.clear | OUT: 'What is your name?\nHello, ' | load.read
TICK: 001319 | PC: 00187 | STEP: 0 | IR: literal 0 | A: 32 | AR: 1 | NZ: 01 | IE: 1 | PENDING: 0 | IN_INTR: 0 | DS: [0] | RS: [40] | MEM: - | LATCH: IR | OUT: 'What is your name?\nHello, ' | fetch literal 0
TICK: 001320 | PC: 00192 | STEP: 0 | IR: literal 0 | A: 32 | AR: 1 | NZ: 01 | IE: 1 | PENDING: 0 | IN_INTR: 0 | DS: [0, 0] | RS: [40] | MEM: - | LATCH: DS.push,PC,IR.clear | OUT: 'What is your name?\nHello, ' | literal 0
TICK: 001321 | PC: 00192 | STEP: 0 | IR: sub | A: 32 | AR: 1 | NZ: 01 | IE: 1 | PENDING: 0 | IN_INTR: 0 | DS: [0, 0] | RS: [40] | MEM: - | LATCH: IR | OUT: 'What is your name?\nHello, ' | fetch sub
TICK: 001322 | PC: 00192 | STEP: 1 | IR: sub | A: 32 | AR: 1 | NZ: 01 | IE: 1 | PENDING: 0 | IN_INTR: 0 | DS: [] | RS: [40] | MEM: - | LATCH: ALU.left,ALU.right | OUT: 'What is your name?\nHello, ' | sub.load_operands
TICK: 001323 | PC: 00193 | STEP: 0 | IR: sub | A: 32 | AR: 1 | NZ: 01 | IE: 1 | PENDING: 0 | IN_INTR: 0 | DS: [0] | RS: [40] | MEM: - | LATCH: DS.push(ALU),PC,IR.clear | OUT: 'What is your name?\nHello, ' | sub.write_result
TICK: 001324 | PC: 00193 | STEP: 0 | IR: nif 203 | A: 32 | AR: 1 | NZ: 01 | IE: 1 | PENDING: 0 | IN_INTR: 0 | DS: [0] | RS: [40] | MEM: - | LATCH: IR | OUT: 'What is your name?\nHello, ' | fetch nif 203
TICK: 001325 | PC: 00193 | STEP: 1 | IR: nif 203 | A: 32 | AR: 1 | NZ: 01 | IE: 1 | PENDING: 0 | IN_INTR: 0 | DS: [] | RS: [40] | MEM: - | LATCH: ALU.left | OUT: 'What is your name?\nHello, ' | nif.test
TICK: 001326 | PC: 00198 | STEP: 0 | IR: nif 203 | A: 32 | AR: 1 | NZ: 01 | IE: 1 | PENDING: 0 | IN_INTR: 0 | DS: [] | RS: [40] | MEM: - | LATCH: PC,IR.clear | OUT: 'What is your name?\nHello, ' | nif.branch
TICK: 001327 | PC: 00198 | STEP: 0 | IR: jmp 182 | A: 32 | AR: 1 | NZ: 01 | IE: 1 | PENDING: 0 | IN_INTR: 0 | DS: [] | RS: [40] | MEM: - | LATCH: IR | OUT: 'What is your name?\nHello, ' | fetch jmp 182
TICK: 001328 | PC: 00182 | STEP: 0 | IR: jmp 182 | A: 32 | AR: 1 | NZ: 01 | IE: 1 | PENDING: 0 | IN_INTR: 0 | DS: [] | RS: [40] | MEM: - | LATCH: PC,IR.clear | OUT: 'What is your name?\nHello, ' | jmp 182
TICK: 001329 | PC: 00182 | STEP: 0 | IR: load 1 | A: 32 | AR: 1 | NZ: 01 | IE: 1 | PENDING: 0 | IN_INTR: 0 | DS: [] | RS: [40] | MEM: - | LATCH: IR | OUT: 'What is your name?\nHello, ' | fetch load 1
TICK: 001330 | PC: 00182 | STEP: 1 | IR: load 1 | A: 32 | AR: 1 | NZ: 01 | IE: 1 | PENDING: 0 | IN_INTR: 0 | DS: [] | RS: [40] | MEM: - | LATCH: AR | OUT: 'What is your name?\nHello, ' | load.addr 1
TICK: 001331 | PC: 00187 | STEP: 0 | IR: load 1 | A: 32 | AR: 1 | NZ: 01 | IE: 1 | PENDING: 0 | IN_INTR: 0 | DS: [0] | RS: [40] | MEM: read mem[1] | LATCH: DS.push,PC,IR.clear | OUT: 'What is your name?\nHello, ' | load.read
TICK: 001332 | PC: 00187 | STEP: 0 | IR: literal 0 | A: 32 | AR: 1 | NZ: 01 | IE: 1 | PENDING: 0 | IN_INTR: 0 | DS: [0] | RS: [40] | MEM: - | LATCH: IR | OUT: 'What is your name?\nHello, ' | fetch literal 0
TICK: 001333 | PC: 00192 | STEP: 0 | IR: literal 0 | A: 32 | AR: 1 | NZ: 01 | IE: 1 | PENDING: 0 | IN_INTR: 0 | DS: [0, 0] | RS: [40] | MEM: - | LATCH: DS.push,PC,IR.clear | OUT: 'What is your name?\nHello, ' | literal 0
TICK: 001334 | PC: 00192 | STEP: 0 | IR: sub | A: 32 | AR: 1 | NZ: 01 | IE: 1 | PENDING: 0 | IN_INTR: 0 | DS: [0, 0] | RS: [40] | MEM: - | LATCH: IR | OUT: 'What is your name?\nHello, ' | fetch sub
TICK: 001335 | PC: 00192 | STEP: 1 | IR: sub | A: 32 | AR: 1 | NZ: 01 | IE: 1 | PENDING: 0 | IN_INTR: 0 | DS: [] | RS: [40] | MEM: - | LATCH: ALU.left,ALU.right | OUT: 'What is your name?\nHello, ' | sub.load_operands
TICK: 001336 | PC: 00193 | STEP: 0 | IR: sub | A: 32 | AR: 1 | NZ: 01 | IE: 1 | PENDING: 0 | IN_INTR: 0 | DS: [0] | RS: [40] | MEM: - | LATCH: DS.push(ALU),PC,IR.clear | OUT: 'What is your name?\nHello, ' | sub.write_result
TICK: 001337 | PC: 00193 | STEP: 0 | IR: nif 203 | A: 32 | AR: 1 | NZ: 01 | IE: 1 | PENDING: 0 | IN_INTR: 0 | DS: [0] | RS: [40] | MEM: - | LATCH: IR | OUT: 'What is your name?\nHello, ' | fetch nif 203
TICK: 001338 | PC: 00193 | STEP: 1 | IR: nif 203 | A: 32 | AR: 1 | NZ: 01 | IE: 1 | PENDING: 0 | IN_INTR: 0 | DS: [] | RS: [40] | MEM: - | LATCH: ALU.left | OUT: 'What is your name?\nHello, ' | nif.test
TICK: 001339 | PC: 00198 | STEP: 0 | IR: nif 203 | A: 32 | AR: 1 | NZ: 01 | IE: 1 | PENDING: 0 | IN_INTR: 0 | DS: [] | RS: [40] | MEM: - | LATCH: PC,IR.clear | OUT: 'What is your name?\nHello, ' | nif.branch
TICK: 001340 | PC: 00198 | STEP: 0 | IR: jmp 182 | A: 32 | AR: 1 | NZ: 01 | IE: 1 | PENDING: 0 | IN_INTR: 0 | DS: [] | RS: [40] | MEM: - | LATCH: IR | OUT: 'What is your name?\nHello, ' | fetch jmp 182
TICK: 001341 | PC: 00182 | STEP: 0 | IR: jmp 182 | A: 32 | AR: 1 | NZ: 01 | IE: 1 | PENDING: 0 | IN_INTR: 0 | DS: [] | RS: [40] | MEM: - | LATCH: PC,IR.clear | OUT: 'What is your name?\nHello, ' | jmp 182
TICK: 001342 | PC: 00182 | STEP: 0 | IR: load 1 | A: 32 | AR: 1 | NZ: 01 | IE: 1 | PENDING: 0 | IN_INTR: 0 | DS: [] | RS: [40] | MEM: - | LATCH: IR | OUT: 'What is your name?\nHello, ' | fetch load 1
TICK: 001343 | PC: 00182 | STEP: 1 | IR: load 1 | A: 32 | AR: 1 | NZ: 01 | IE: 1 | PENDING: 0 | IN_INTR: 0 | DS: [] | RS: [40] | MEM: - | LATCH: AR | OUT: 'What is your name?\nHello, ' | load.addr 1
TICK: 001344 | PC: 00187 | STEP: 0 | IR: load 1 | A: 32 | AR: 1 | NZ: 01 | IE: 1 | PENDING: 0 | IN_INTR: 0 | DS: [0] | RS: [40] | MEM: read mem[1] | LATCH: DS.push,PC,IR.clear | OUT: 'What is your name?\nHello, ' | load.read
TICK: 001345 | PC: 00187 | STEP: 0 | IR: literal 0 | A: 32 | AR: 1 | NZ: 01 | IE: 1 | PENDING: 0 | IN_INTR: 0 | DS: [0] | RS: [40] | MEM: - | LATCH: IR | OUT: 'What is your name?\nHello, ' | fetch literal 0
TICK: 001346 | PC: 00192 | STEP: 0 | IR: literal 0 | A: 32 | AR: 1 | NZ: 01 | IE: 1 | PENDING: 0 | IN_INTR: 0 | DS: [0, 0] | RS: [40] | MEM: - | LATCH: DS.push,PC,IR.clear | OUT: 'What is your name?\nHello, ' | literal 0
TICK: 001347 | PC: 00192 | STEP: 0 | IR: sub | A: 32 | AR: 1 | NZ: 01 | IE: 1 | PENDING: 0 | IN_INTR: 0 | DS: [0, 0] | RS: [40] | MEM: - | LATCH: IR | OUT: 'What is your name?\nHello, ' | fetch sub
TICK: 001348 | PC: 00192 | STEP: 1 | IR: sub | A: 32 | AR: 1 | NZ: 01 | IE: 1 | PENDING: 0 | IN_INTR: 0 | DS: [] | RS: [40] | MEM: - | LATCH: ALU.left,ALU.right | OUT: 'What is your name?\nHello, ' | sub.load_operands
TICK: 001349 | PC: 00193 | STEP: 0 | IR: sub | A: 32 | AR: 1 | NZ: 01 | IE: 1 | PENDING: 0 | IN_INTR: 0 | DS: [0] | RS: [40] | MEM: - | LATCH: DS.push(ALU),PC,IR.clear | OUT: 'What is your name?\nHello, ' | sub.write_result
TICK: 001350 | PC: 00193 | STEP: 0 | IR: nif 203 | A: 32 | AR: 1 | NZ: 01 | IE: 1 | PENDING: 0 | IN_INTR: 0 | DS: [0] | RS: [40] | MEM: - | LATCH: IR | OUT: 'What is your name?\nHello, ' | fetch nif 203
TICK: 001351 | PC: 00193 | STEP: 1 | IR: nif 203 | A: 32 | AR: 1 | NZ: 01 | IE: 1 | PENDING: 0 | IN_INTR: 0 | DS: [] | RS: [40] | MEM: - | LATCH: ALU.left | OUT: 'What is your name?\nHello, ' | nif.test
TICK: 001352 | PC: 00198 | STEP: 0 | IR: nif 203 | A: 32 | AR: 1 | NZ: 01 | IE: 1 | PENDING: 0 | IN_INTR: 0 | DS: [] | RS: [40] | MEM: - | LATCH: PC,IR.clear | OUT: 'What is your name?\nHello, ' | nif.branch
TICK: 001353 | PC: 00198 | STEP: 0 | IR: jmp 182 | A: 32 | AR: 1 | NZ: 01 | IE: 1 | PENDING: 0 | IN_INTR: 0 | DS: [] | RS: [40] | MEM: - | LATCH: IR | OUT: 'What is your name?\nHello, ' | fetch jmp 182
TICK: 001354 | PC: 00182 | STEP: 0 | IR: jmp 182 | A: 32 | AR: 1 | NZ: 01 | IE: 1 | PENDING: 0 | IN_INTR: 0 | DS: [] | RS: [40] | MEM: - | LATCH: PC,IR.clear | OUT: 'What is your name?\nHello, ' | jmp 182
TICK: 001355 | PC: 00182 | STEP: 0 | IR: load 1 | A: 32 | AR: 1 | NZ: 01 | IE: 1 | PENDING: 0 | IN_INTR: 0 | DS: [] | RS: [40] | MEM: - | LATCH: IR | OUT: 'What is your name?\nHello, ' | fetch load 1
TICK: 001356 | PC: 00182 | STEP: 1 | IR: load 1 | A: 32 | AR: 1 | NZ: 01 | IE: 1 | PENDING: 0 | IN_INTR: 0 | DS: [] | RS: [40] | MEM: - | LATCH: AR | OUT: 'What is your name?\nHello, ' | load.addr 1
TICK: 001357 | PC: 00187 | STEP: 0 | IR: load 1 | A: 32 | AR: 1 | NZ: 01 | IE: 1 | PENDING: 0 | IN_INTR: 0 | DS: [0] | RS: [40] | MEM: read mem[1] | LATCH: DS.push,PC,IR.clear | OUT: 'What is your name?\nHello, ' | load.read
TICK: 001358 | PC: 00187 | STEP: 0 | IR: literal 0 | A: 32 | AR: 1 | NZ: 01 | IE: 1 | PENDING: 0 | IN_INTR: 0 | DS: [0] | RS: [40] | MEM: - | LATCH: IR | OUT: 'What is your name?\nHello, ' | fetch literal 0
TICK: 001359 | PC: 00192 | STEP: 0 | IR: literal 0 | A: 32 | AR: 1 | NZ: 01 | IE: 1 | PENDING: 0 | IN_INTR: 0 | DS: [0, 0] | RS: [40] | MEM: - | LATCH: DS.push,PC,IR.clear | OUT: 'What is your name?\nHello, ' | literal 0
TICK: 001360 | PC: 00192 | STEP: 0 | IR: sub | A: 32 | AR: 1 | NZ: 01 | IE: 1 | PENDING: 0 | IN_INTR: 0 | DS: [0, 0] | RS: [40] | MEM: - | LATCH: IR | OUT: 'What is your name?\nHello, ' | fetch sub
TICK: 001361 | PC: 00192 | STEP: 1 | IR: sub | A: 32 | AR: 1 | NZ: 01 | IE: 1 | PENDING: 0 | IN_INTR: 0 | DS: [] | RS: [40] | MEM: - | LATCH: ALU.left,ALU.right | OUT: 'What is your name?\nHello, ' | sub.load_operands
TICK: 001362 | PC: 00193 | STEP: 0 | IR: sub | A: 32 | AR: 1 | NZ: 01 | IE: 1 | PENDING: 0 | IN_INTR: 0 | DS: [0] | RS: [40] | MEM: - | LATCH: DS.push(ALU),PC,IR.clear | OUT: 'What is your name?\nHello, ' | sub.write_result
TICK: 001363 | PC: 00193 | STEP: 0 | IR: nif 203 | A: 32 | AR: 1 | NZ: 01 | IE: 1 | PENDING: 0 | IN_INTR: 0 | DS: [0] | RS: [40] | MEM: - | LATCH: IR | OUT: 'What is your name?\nHello, ' | fetch nif 203
TICK: 001364 | PC: 00193 | STEP: 1 | IR: nif 203 | A: 32 | AR: 1 | NZ: 01 | IE: 1 | PENDING: 0 | IN_INTR: 0 | DS: [] | RS: [40] | MEM: - | LATCH: ALU.left | OUT: 'What is your name?\nHello, ' | nif.test
TICK: 001365 | PC: 00198 | STEP: 0 | IR: nif 203 | A: 32 | AR: 1 | NZ: 01 | IE: 1 | PENDING: 0 | IN_INTR: 0 | DS: [] | RS: [40] | MEM: - | LATCH: PC,IR.clear | OUT: 'What is your name?\nHello, ' | nif.branch
TICK: 001366 | PC: 00198 | STEP: 0 | IR: jmp 182 | A: 32 | AR: 1 | NZ: 01 | IE: 1 | PENDING: 0 | IN_INTR: 0 | DS: [] | RS: [40] | MEM: - | LATCH: IR | OUT: 'What is your name?\nHello, ' | fetch jmp 182
TICK: 001367 | PC: 00182 | STEP: 0 | IR: jmp 182 | A: 32 | AR: 1 | NZ: 01 | IE: 1 | PENDING: 0 | IN_INTR: 0 | DS: [] | RS: [40] | MEM: - | LATCH: PC,IR.clear | OUT: 'What is your name?\nHello, ' | jmp 182
TICK: 001368 | PC: 00182 | STEP: 0 | IR: load 1 | A: 32 | AR: 1 | NZ: 01 | IE: 1 | PENDING: 0 | IN_INTR: 0 | DS: [] | RS: [40] | MEM: - | LATCH: IR | OUT: 'What is your name?\nHello, ' | fetch load 1
TICK: 001369 | PC: 00182 | STEP: 1 | IR: load 1 | A: 32 | AR: 1 | NZ: 01 | IE: 1 | PENDING: 0 | IN_INTR: 0 | DS: [] | RS: [40] | MEM: - | LATCH: AR | OUT: 'What is your name?\nHello, ' | load.addr 1
TICK: 001370 | PC: 00187 | STEP: 0 | IR: load 1 | A: 32 | AR: 1 | NZ: 01 | IE: 1 | PENDING: 0 | IN_INTR: 0 | DS: [0] | RS: [40] | MEM: read mem[1] | LATCH: DS.push,PC,IR.clear | OUT: 'What is your name?\nHello, ' | load.read
TICK: 001371 | PC: 00187 | STEP: 0 | IR: literal 0 | A: 32 | AR: 1 | NZ: 01 | IE: 1 | PENDING: 0 | IN_INTR: 0 | DS: [0] | RS: [40] | MEM: - | LATCH: IR | OUT: 'What is your name?\nHello, ' | fetch literal 0
TICK: 001372 | PC: 00192 | STEP: 0 | IR: literal 0 | A: 32 | AR: 1 | NZ: 01 | IE: 1 | PENDING: 0 | IN_INTR: 0 | DS: [0, 0] | RS: [40] | MEM: - | LATCH: DS.push,PC,IR.clear | OUT: 'What is your name?\nHello, ' | literal 0
TICK: 001373 | PC: 00192 | STEP: 0 | IR: sub | A: 32 | AR: 1 | NZ: 01 | IE: 1 | PENDING: 0 | IN_INTR: 0 | DS: [0, 0] | RS: [40] | MEM: - | LATCH: IR | OUT: 'What is your name?\nHello, ' | fetch sub
TICK: 001374 | PC: 00192 | STEP: 1 | IR: sub | A: 32 | AR: 1 | NZ: 01 | IE: 1 | PENDING: 0 | IN_INTR: 0 | DS: [] | RS: [40] | MEM: - | LATCH: ALU.left,ALU.right | OUT: 'What is your name?\nHello, ' | sub.load_operands
TICK: 001375 | PC: 00193 | STEP: 0 | IR: sub | A: 32 | AR: 1 | NZ: 01 | IE: 1 | PENDING: 0 | IN_INTR: 0 | DS: [0] | RS: [40] | MEM: - | LATCH: DS.push(ALU),PC,IR.clear | OUT: 'What is your name?\nHello, ' | sub.write_result
TICK: 001376 | PC: 00193 | STEP: 0 | IR: nif 203 | A: 32 | AR: 1 | NZ: 01 | IE: 1 | PENDING: 0 | IN_INTR: 0 | DS: [0] | RS: [40] | MEM: - | LATCH: IR | OUT: 'What is your name?\nHello, ' | fetch nif 203
TICK: 001377 | PC: 00193 | STEP: 1 | IR: nif 203 | A: 32 | AR: 1 | NZ: 01 | IE: 1 | PENDING: 0 | IN_INTR: 0 | DS: [] | RS: [40] | MEM: - | LATCH: ALU.left | OUT: 'What is your name?\nHello, ' | nif.test
TICK: 001378 | PC: 00198 | STEP: 0 | IR: nif 203 | A: 32 | AR: 1 | NZ: 01 | IE: 1 | PENDING: 0 | IN_INTR: 0 | DS: [] | RS: [40] | MEM: - | LATCH: PC,IR.clear | OUT: 'What is your name?\nHello, ' | nif.branch
TICK: 001379 | PC: 00198 | STEP: 0 | IR: jmp 182 | A: 32 | AR: 1 | NZ: 01 | IE: 1 | PENDING: 0 | IN_INTR: 0 | DS: [] | RS: [40] | MEM: - | LATCH: IR | OUT: 'What is your name?\nHello, ' | fetch jmp 182
TICK: 001380 | PC: 00182 | STEP: 0 | IR: jmp 182 | A: 32 | AR: 1 | NZ: 01 | IE: 1 | PENDING: 0 | IN_INTR: 0 | DS: [] | RS: [40] | MEM: - | LATCH: PC,IR.clear | OUT: 'What is your name?\nHello, ' | jmp 182
TICK: 001381 | PC: 00182 | STEP: 0 | IR: load 1 | A: 32 | AR: 1 | NZ: 01 | IE: 1 | PENDING: 0 | IN_INTR: 0 | DS: [] | RS: [40] | MEM: - | LATCH: IR | OUT: 'What is your name?\nHello, ' | fetch load 1
TICK: 001382 | PC: 00182 | STEP: 1 | IR: load 1 | A: 32 | AR: 1 | NZ: 01 | IE: 1 | PENDING: 0 | IN_INTR: 0 | DS: [] | RS: [40] | MEM: - | LATCH: AR | OUT: 'What is your name?\nHello, ' | load.addr 1
TICK: 001383 | PC: 00187 | STEP: 0 | IR: load 1 | A: 32 | AR: 1 | NZ: 01 | IE: 1 | PENDING: 0 | IN_INTR: 0 | DS: [0] | RS: [40] | MEM: read mem[1] | LATCH: DS.push,PC,IR.clear | OUT: 'What is your name?\nHello, ' | load.read
TICK: 001384 | PC: 00187 | STEP: 0 | IR: literal 0 | A: 32 | AR: 1 | NZ: 01 | IE: 1 | PENDING: 0 | IN_INTR: 0 | DS: [0] | RS: [40] | MEM: - | LATCH: IR | OUT: 'What is your name?\nHello, ' | fetch literal 0
TICK: 001385 | PC: 00192 | STEP: 0 | IR: literal 0 | A: 32 | AR: 1 | NZ: 01 | IE: 1 | PENDING: 0 | IN_INTR: 0 | DS: [0, 0] | RS: [40] | MEM: - | LATCH: DS.push,PC,IR.clear | OUT: 'What is your name?\nHello, ' | literal 0
TICK: 001386 | PC: 00192 | STEP: 0 | IR: sub | A: 32 | AR: 1 | NZ: 01 | IE: 1 | PENDING: 0 | IN_INTR: 0 | DS: [0, 0] | RS: [40] | MEM: - | LATCH: IR | OUT: 'What is your name?\nHello, ' | fetch sub
TICK: 001387 | PC: 00192 | STEP: 1 | IR: sub | A: 32 | AR: 1 | NZ: 01 | IE: 1 | PENDING: 0 | IN_INTR: 0 | DS: [] | RS: [40] | MEM: - | LATCH: ALU.left,ALU.right | OUT: 'What is your name?\nHello, ' | sub.load_operands
TICK: 001388 | PC: 00193 | STEP: 0 | IR: sub | A: 32 | AR: 1 | NZ: 01 | IE: 1 | PENDING: 0 | IN_INTR: 0 | DS: [0] | RS: [40] | MEM: - | LATCH: DS.push(ALU),PC,IR.clear | OUT: 'What is your name?\nHello, ' | sub.write_result
TICK: 001389 | PC: 00193 | STEP: 0 | IR: nif 203 | A: 32 | AR: 1 | NZ: 01 | IE: 1 | PENDING: 0 | IN_INTR: 0 | DS: [0] | RS: [40] | MEM: - | LATCH: IR | OUT: 'What is your name?\nHello, ' | fetch nif 203
TICK: 001390 | PC: 00193 | STEP: 1 | IR: nif 203 | A: 32 | AR: 1 | NZ: 01 | IE: 1 | PENDING: 0 | IN_INTR: 0 | DS: [] | RS: [40] | MEM: - | LATCH: ALU.left | OUT: 'What is your name?\nHello, ' | nif.test
TICK: 001391 | PC: 00198 | STEP: 0 | IR: nif 203 | A: 32 | AR: 1 | NZ: 01 | IE: 1 | PENDING: 0 | IN_INTR: 0 | DS: [] | RS: [40] | MEM: - | LATCH: PC,IR.clear | OUT: 'What is your name?\nHello, ' | nif.branch
TICK: 001392 | PC: 00198 | STEP: 0 | IR: jmp 182 | A: 32 | AR: 1 | NZ: 01 | IE: 1 | PENDING: 0 | IN_INTR: 0 | DS: [] | RS: [40] | MEM: - | LATCH: IR | OUT: 'What is your name?\nHello, ' | fetch jmp 182
TICK: 001393 | PC: 00182 | STEP: 0 | IR: jmp 182 | A: 32 | AR: 1 | NZ: 01 | IE: 1 | PENDING: 0 | IN_INTR: 0 | DS: [] | RS: [40] | MEM: - | LATCH: PC,IR.clear | OUT: 'What is your name?\nHello, ' | jmp 182
TICK: 001394 | PC: 00182 | STEP: 0 | IR: load 1 | A: 32 | AR: 1 | NZ: 01 | IE: 1 | PENDING: 0 | IN_INTR: 0 | DS: [] | RS: [40] | MEM: - | LATCH: IR | OUT: 'What is your name?\nHello, ' | fetch load 1
TICK: 001395 | PC: 00182 | STEP: 1 | IR: load 1 | A: 32 | AR: 1 | NZ: 01 | IE: 1 | PENDING: 0 | IN_INTR: 0 | DS: [] | RS: [40] | MEM: - | LATCH: AR | OUT: 'What is your name?\nHello, ' | load.addr 1
TICK: 001396 | PC: 00187 | STEP: 0 | IR: load 1 | A: 32 | AR: 1 | NZ: 01 | IE: 1 | PENDING: 0 | IN_INTR: 0 | DS: [0] | RS: [40] | MEM: read mem[1] | LATCH: DS.push,PC,IR.clear | OUT: 'What is your name?\nHello, ' | load.read
TICK: 001397 | PC: 00187 | STEP: 0 | IR: literal 0 | A: 32 | AR: 1 | NZ: 01 | IE: 1 | PENDING: 0 | IN_INTR: 0 | DS: [0] | RS: [40] | MEM: - | LATCH: IR | OUT: 'What is your name?\nHello, ' | fetch literal 0
TICK: 001398 | PC: 00192 | STEP: 0 | IR: literal 0 | A: 32 | AR: 1 | NZ: 01 | IE: 1 | PENDING: 0 | IN_INTR: 0 | DS: [0, 0] | RS: [40] | MEM: - | LATCH: DS.push,PC,IR.clear | OUT: 'What is your name?\nHello, ' | literal 0
TICK: 001399 | PC: 00192 | STEP: 0 | IR: sub | A: 32 | AR: 1 | NZ: 01 | IE: 1 | PENDING: 0 | IN_INTR: 0 | DS: [0, 0] | RS: [40] | MEM: - | LATCH: IR | OUT: 'What is your name?\nHello, ' | fetch sub
TICK: 001400 | PC: 00192 | STEP: 1 | IR: sub | A: 32 | AR: 1 | NZ: 01 | IE: 1 | PENDING: 0 | IN_INTR: 0 | DS: [] | RS: [40] | MEM: - | LATCH: ALU.left,ALU.right | OUT: 'What is your name?\nHello, ' | sub.load_operands
TICK: 001401 | PC: 00193 | STEP: 0 | IR: sub | A: 32 | AR: 1 | NZ: 01 | IE: 1 | PENDING: 0 | IN_INTR: 0 | DS: [0] | RS: [40] | MEM: - | LATCH: DS.push(ALU),PC,IR.clear | OUT: 'What is your name?\nHello, ' | sub.write_result
TICK: 001402 | PC: 00193 | STEP: 0 | IR: nif 203 | A: 32 | AR: 1 | NZ: 01 | IE: 1 | PENDING: 0 | IN_INTR: 0 | DS: [0] | RS: [40] | MEM: - | LATCH: IR | OUT: 'What is your name?\nHello, ' | fetch nif 203
TICK: 001403 | PC: 00193 | STEP: 1 | IR: nif 203 | A: 32 | AR: 1 | NZ: 01 | IE: 1 | PENDING: 0 | IN_INTR: 0 | DS: [] | RS: [40] | MEM: - | LATCH: ALU.left | OUT: 'What is your name?\nHello, ' | nif.test
TICK: 001404 | PC: 00198 | STEP: 0 | IR: nif 203 | A: 32 | AR: 1 | NZ: 01 | IE: 1 | PENDING: 0 | IN_INTR: 0 | DS: [] | RS: [40] | MEM: - | LATCH: PC,IR.clear | OUT: 'What is your name?\nHello, ' | nif.branch
TICK: 001405 | PC: 00198 | STEP: 0 | IR: jmp 182 | A: 32 | AR: 1 | NZ: 01 | IE: 1 | PENDING: 0 | IN_INTR: 0 | DS: [] | RS: [40] | MEM: - | LATCH: IR | OUT: 'What is your name?\nHello, ' | fetch jmp 182
TICK: 001406 | PC: 00182 | STEP: 0 | IR: jmp 182 | A: 32 | AR: 1 | NZ: 01 | IE: 1 | PENDING: 0 | IN_INTR: 0 | DS: [] | RS: [40] | MEM: - | LATCH: PC,IR.clear | OUT: 'What is your name?\nHello, ' | jmp 182
TICK: 001407 | PC: 00182 | STEP: 0 | IR: load 1 | A: 32 | AR: 1 | NZ: 01 | IE: 1 | PENDING: 0 | IN_INTR: 0 | DS: [] | RS: [40] | MEM: - | LATCH: IR | OUT: 'What is your name?\nHello, ' | fetch load 1
TICK: 001408 | PC: 00182 | STEP: 1 | IR: load 1 | A: 32 | AR: 1 | NZ: 01 | IE: 1 | PENDING: 0 | IN_INTR: 0 | DS: [] | RS: [40] | MEM: - | LATCH: AR | OUT: 'What is your name?\nHello, ' | load.addr 1
TICK: 001409 | PC: 00187 | STEP: 0 | IR: load 1 | A: 32 | AR: 1 | NZ: 01 | IE: 1 | PENDING: 0 | IN_INTR: 0 | DS: [0] | RS: [40] | MEM: read mem[1] | LATCH: DS.push,PC,IR.clear | OUT: 'What is your name?\nHello, ' | load.read
TICK: 001410 | PC: 00187 | STEP: 0 | IR: literal 0 | A: 32 | AR: 1 | NZ: 01 | IE: 1 | PENDING: 0 | IN_INTR: 0 | DS: [0] | RS: [40] | MEM: - | LATCH: IR | OUT: 'What is your name?\nHello, ' | fetch literal 0
TICK: 001411 | PC: 00192 | STEP: 0 | IR: literal 0 | A: 32 | AR: 1 | NZ: 01 | IE: 1 | PENDING: 0 | IN_INTR: 0 | DS: [0, 0] | RS: [40] | MEM: - | LATCH: DS.push,PC,IR.clear | OUT: 'What is your name?\nHello, ' | literal 0
TICK: 001412 | PC: 00192 | STEP: 0 | IR: sub | A: 32 | AR: 1 | NZ: 01 | IE: 1 | PENDING: 0 | IN_INTR: 0 | DS: [0, 0] | RS: [40] | MEM: - | LATCH: IR | OUT: 'What is your name?\nHello, ' | fetch sub
TICK: 001413 | PC: 00192 | STEP: 1 | IR: sub | A: 32 | AR: 1 | NZ: 01 | IE: 1 | PENDING: 0 | IN_INTR: 0 | DS: [] | RS: [40] | MEM: - | LATCH: ALU.left,ALU.right | OUT: 'What is your name?\nHello, ' | sub.load_operands
TICK: 001414 | PC: 00193 | STEP: 0 | IR: sub | A: 32 | AR: 1 | NZ: 01 | IE: 1 | PENDING: 0 | IN_INTR: 0 | DS: [0] | RS: [40] | MEM: - | LATCH: DS.push(ALU),PC,IR.clear | OUT: 'What is your name?\nHello, ' | sub.write_result
TICK: 001415 | PC: 00193 | STEP: 0 | IR: nif 203 | A: 32 | AR: 1 | NZ: 01 | IE: 1 | PENDING: 0 | IN_INTR: 0 | DS: [0] | RS: [40] | MEM: - | LATCH: IR | OUT: 'What is your name?\nHello, ' | fetch nif 203
TICK: 001416 | PC: 00193 | STEP: 1 | IR: nif 203 | A: 32 | AR: 1 | NZ: 01 | IE: 1 | PENDING: 0 | IN_INTR: 0 | DS: [] | RS: [40] | MEM: - | LATCH: ALU.left | OUT: 'What is your name?\nHello, ' | nif.test
TICK: 001417 | PC: 00198 | STEP: 0 | IR: nif 203 | A: 32 | AR: 1 | NZ: 01 | IE: 1 | PENDING: 0 | IN_INTR: 0 | DS: [] | RS: [40] | MEM: - | LATCH: PC,IR.clear | OUT: 'What is your name?\nHello, ' | nif.branch
TICK: 001418 | PC: 00198 | STEP: 0 | IR: jmp 182 | A: 32 | AR: 1 | NZ: 01 | IE: 1 | PENDING: 0 | IN_INTR: 0 | DS: [] | RS: [40] | MEM: - | LATCH: IR | OUT: 'What is your name?\nHello, ' | fetch jmp 182
TICK: 001419 | PC: 00182 | STEP: 0 | IR: jmp 182 | A: 32 | AR: 1 | NZ: 01 | IE: 1 | PENDING: 0 | IN_INTR: 0 | DS: [] | RS: [40] | MEM: - | LATCH: PC,IR.clear | OUT: 'What is your name?\nHello, ' | jmp 182
TICK: 001420 | PC: 00182 | STEP: 0 | IR: load 1 | A: 32 | AR: 1 | NZ: 01 | IE: 1 | PENDING: 0 | IN_INTR: 0 | DS: [] | RS: [40] | MEM: - | LATCH: IR | OUT: 'What is your name?\nHello, ' | fetch load 1
TICK: 001421 | PC: 00182 | STEP: 1 | IR: load 1 | A: 32 | AR: 1 | NZ: 01 | IE: 1 | PENDING: 0 | IN_INTR: 0 | DS: [] | RS: [40] | MEM: - | LATCH: AR | OUT: 'What is your name?\nHello, ' | load.addr 1
TICK: 001422 | PC: 00187 | STEP: 0 | IR: load 1 | A: 32 | AR: 1 | NZ: 01 | IE: 1 | PENDING: 0 | IN_INTR: 0 | DS: [0] | RS: [40] | MEM: read mem[1] | LATCH: DS.push,PC,IR.clear | OUT: 'What is your name?\nHello, ' | load.read
TICK: 001423 | PC: 00187 | STEP: 0 | IR: literal 0 | A: 32 | AR: 1 | NZ: 01 | IE: 1 | PENDING: 0 | IN_INTR: 0 | DS: [0] | RS: [40] | MEM: - | LATCH: IR | OUT: 'What is your name?\nHello, ' | fetch literal 0
TICK: 001424 | PC: 00192 | STEP: 0 | IR: literal 0 | A: 32 | AR: 1 | NZ: 01 | IE: 1 | PENDING: 0 | IN_INTR: 0 | DS: [0, 0] | RS: [40] | MEM: - | LATCH: DS.push,PC,IR.clear | OUT: 'What is your name?\nHello, ' | literal 0
TICK: 001425 | PC: 00192 | STEP: 0 | IR: sub | A: 32 | AR: 1 | NZ: 01 | IE: 1 | PENDING: 0 | IN_INTR: 0 | DS: [0, 0] | RS: [40] | MEM: - | LATCH: IR | OUT: 'What is your name?\nHello, ' | fetch sub
TICK: 001426 | PC: 00192 | STEP: 1 | IR: sub | A: 32 | AR: 1 | NZ: 01 | IE: 1 | PENDING: 0 | IN_INTR: 0 | DS: [] | RS: [40] | MEM: - | LATCH: ALU.left,ALU.right | OUT: 'What is your name?\nHello, ' | sub.load_operands
TICK: 001427 | PC: 00193 | STEP: 0 | IR: sub | A: 32 | AR: 1 | NZ: 01 | IE: 1 | PENDING: 0 | IN_INTR: 0 | DS: [0] | RS: [40] | MEM: - | LATCH: DS.push(ALU),PC,IR.clear | OUT: 'What is your name?\nHello, ' | sub.write_result
TICK: 001428 | PC: 00193 | STEP: 0 | IR: nif 203 | A: 32 | AR: 1 | NZ: 01 | IE: 1 | PENDING: 0 | IN_INTR: 0 | DS: [0] | RS: [40] | MEM: - | LATCH: IR | OUT: 'What is your name?\nHello, ' | fetch nif 203
TICK: 001429 | PC: 00193 | STEP: 1 | IR: nif 203 | A: 32 | AR: 1 | NZ: 01 | IE: 1 | PENDING: 0 | IN_INTR: 0 | DS: [] | RS: [40] | MEM: - | LATCH: ALU.left | OUT: 'What is your name?\nHello, ' | nif.test
TICK: 001430 | PC: 00198 | STEP: 0 | IR: nif 203 | A: 32 | AR: 1 | NZ: 01 | IE: 1 | PENDING: 0 | IN_INTR: 0 | DS: [] | RS: [40] | MEM: - | LATCH: PC,IR.clear | OUT: 'What is your name?\nHello, ' | nif.branch
TICK: 001431 | PC: 00198 | STEP: 0 | IR: jmp 182 | A: 32 | AR: 1 | NZ: 01 | IE: 1 | PENDING: 0 | IN_INTR: 0 | DS: [] | RS: [40] | MEM: - | LATCH: IR | OUT: 'What is your name?\nHello, ' | fetch jmp 182
TICK: 001432 | PC: 00182 | STEP: 0 | IR: jmp 182 | A: 32 | AR: 1 | NZ: 01 | IE: 1 | PENDING: 0 | IN_INTR: 0 | DS: [] | RS: [40] | MEM: - | LATCH: PC,IR.clear | OUT: 'What is your name?\nHello, ' | jmp 182
TICK: 001433 | PC: 00182 | STEP: 0 | IR: load 1 | A: 32 | AR: 1 | NZ: 01 | IE: 1 | PENDING: 0 | IN_INTR: 0 | DS: [] | RS: [40] | MEM: - | LATCH: IR | OUT: 'What is your name?\nHello, ' | fetch load 1
TICK: 001434 | PC: 00182 | STEP: 1 | IR: load 1 | A: 32 | AR: 1 | NZ: 01 | IE: 1 | PENDING: 0 | IN_INTR: 0 | DS: [] | RS: [40] | MEM: - | LATCH: AR | OUT: 'What is your name?\nHello, ' | load.addr 1
TICK: 001435 | PC: 00187 | STEP: 0 | IR: load 1 | A: 32 | AR: 1 | NZ: 01 | IE: 1 | PENDING: 0 | IN_INTR: 0 | DS: [0] | RS: [40] | MEM: read mem[1] | LATCH: DS.push,PC,IR.clear | OUT: 'What is your name?\nHello, ' | load.read
TICK: 001436 | PC: 00187 | STEP: 0 | IR: literal 0 | A: 32 | AR: 1 | NZ: 01 | IE: 1 | PENDING: 0 | IN_INTR: 0 | DS: [0] | RS: [40] | MEM: - | LATCH: IR | OUT: 'What is your name?\nHello, ' | fetch literal 0
TICK: 001437 | PC: 00192 | STEP: 0 | IR: literal 0 | A: 32 | AR: 1 | NZ: 01 | IE: 1 | PENDING: 0 | IN_INTR: 0 | DS: [0, 0] | RS: [40] | MEM: - | LATCH: DS.push,PC,IR.clear | OUT: 'What is your name?\nHello, ' | literal 0
TICK: 001438 | PC: 00192 | STEP: 0 | IR: sub | A: 32 | AR: 1 | NZ: 01 | IE: 1 | PENDING: 0 | IN_INTR: 0 | DS: [0, 0] | RS: [40] | MEM: - | LATCH: IR | OUT: 'What is your name?\nHello, ' | fetch sub
TICK: 001439 | PC: 00192 | STEP: 1 | IR: sub | A: 32 | AR: 1 | NZ: 01 | IE: 1 | PENDING: 0 | IN_INTR: 0 | DS: [] | RS: [40] | MEM: - | LATCH: ALU.left,ALU.right | OUT: 'What is your name?\nHello, ' | sub.load_operands
TICK: 001440 | PC: 00193 | STEP: 0 | IR: sub | A: 32 | AR: 1 | NZ: 01 | IE: 1 | PENDING: 0 | IN_INTR: 0 | DS: [0] | RS: [40] | MEM: - | LATCH: DS.push(ALU),PC,IR.clear | OUT: 'What is your name?\nHello, ' | sub.write_result
TICK: 001441 | PC: 00193 | STEP: 0 | IR: nif 203 | A: 32 | AR: 1 | NZ: 01 | IE: 1 | PENDING: 0 | IN_INTR: 0 | DS: [0] | RS: [40] | MEM: - | LATCH: IR | OUT: 'What is your name?\nHello, ' | fetch nif 203
TICK: 001442 | PC: 00193 | STEP: 1 | IR: nif 203 | A: 32 | AR: 1 | NZ: 01 | IE: 1 | PENDING: 0 | IN_INTR: 0 | DS: [] | RS: [40] | MEM: - | LATCH: ALU.left | OUT: 'What is your name?\nHello, ' | nif.test
TICK: 001443 | PC: 00198 | STEP: 0 | IR: nif 203 | A: 32 | AR: 1 | NZ: 01 | IE: 1 | PENDING: 0 | IN_INTR: 0 | DS: [] | RS: [40] | MEM: - | LATCH: PC,IR.clear | OUT: 'What is your name?\nHello, ' | nif.branch
TICK: 001444 | PC: 00198 | STEP: 0 | IR: jmp 182 | A: 32 | AR: 1 | NZ: 01 | IE: 1 | PENDING: 0 | IN_INTR: 0 | DS: [] | RS: [40] | MEM: - | LATCH: IR | OUT: 'What is your name?\nHello, ' | fetch jmp 182
TICK: 001445 | PC: 00182 | STEP: 0 | IR: jmp 182 | A: 32 | AR: 1 | NZ: 01 | IE: 1 | PENDING: 0 | IN_INTR: 0 | DS: [] | RS: [40] | MEM: - | LATCH: PC,IR.clear | OUT: 'What is your name?\nHello, ' | jmp 182
TICK: 001446 | PC: 00182 | STEP: 0 | IR: load 1 | A: 32 | AR: 1 | NZ: 01 | IE: 1 | PENDING: 0 | IN_INTR: 0 | DS: [] | RS: [40] | MEM: - | LATCH: IR | OUT: 'What is your name?\nHello, ' | fetch load 1
TICK: 001447 | PC: 00182 | STEP: 1 | IR: load 1 | A: 32 | AR: 1 | NZ: 01 | IE: 1 | PENDING: 0 | IN_INTR: 0 | DS: [] | RS: [40] | MEM: - | LATCH: AR | OUT: 'What is your name?\nHello, ' | load.addr 1
TICK: 001448 | PC: 00187 | STEP: 0 | IR: load 1 | A: 32 | AR: 1 | NZ: 01 | IE: 1 | PENDING: 0 | IN_INTR: 0 | DS: [0] | RS: [40] | MEM: read mem[1] | LATCH: DS.push,PC,IR.clear | OUT: 'What is your name?\nHello, ' | load.read
TICK: 001449 | PC: 00187 | STEP: 0 | IR: literal 0 | A: 32 | AR: 1 | NZ: 01 | IE: 1 | PENDING: 0 | IN_INTR: 0 | DS: [0] | RS: [40] | MEM: - | LATCH: IR | OUT: 'What is your name?\nHello, ' | fetch literal 0
TICK: 001450 | PC: 00192 | STEP: 0 | IR: literal 0 | A: 32 | AR: 1 | NZ: 01 | IE: 1 | PENDING: 0 | IN_INTR: 0 | DS: [0, 0] | RS: [40] | MEM: - | LATCH: DS.push,PC,IR.clear | OUT: 'What is your name?\nHello, ' | literal 0
TICK: 001451 | PC: 00192 | STEP: 0 | IR: sub | A: 32 | AR: 1 | NZ: 01 | IE: 1 | PENDING: 0 | IN_INTR: 0 | DS: [0, 0] | RS: [40] | MEM: - | LATCH: IR | OUT: 'What is your name?\nHello, ' | fetch sub
TICK: 001452 | PC: 00192 | STEP: 1 | IR: sub | A: 32 | AR: 1 | NZ: 01 | IE: 1 | PENDING: 0 | IN_INTR: 0 | DS: [] | RS: [40] | MEM: - | LATCH: ALU.left,ALU.right | OUT: 'What is your name?\nHello, ' | sub.load_operands
TICK: 001453 | PC: 00193 | STEP: 0 | IR: sub | A: 32 | AR: 1 | NZ: 01 | IE: 1 | PENDING: 0 | IN_INTR: 0 | DS: [0] | RS: [40] | MEM: - | LATCH: DS.push(ALU),PC,IR.clear | OUT: 'What is your name?\nHello, ' | sub.write_result
TICK: 001454 | PC: 00193 | STEP: 0 | IR: nif 203 | A: 32 | AR: 1 | NZ: 01 | IE: 1 | PENDING: 0 | IN_INTR: 0 | DS: [0] | RS: [40] | MEM: - | LATCH: IR | OUT: 'What is your name?\nHello, ' | fetch nif 203
TICK: 001455 | PC: 00193 | STEP: 1 | IR: nif 203 | A: 32 | AR: 1 | NZ: 01 | IE: 1 | PENDING: 0 | IN_INTR: 0 | DS: [] | RS: [40] | MEM: - | LATCH: ALU.left | OUT: 'What is your name?\nHello, ' | nif.test
TICK: 001456 | PC: 00198 | STEP: 0 | IR: nif 203 | A: 32 | AR: 1 | NZ: 01 | IE: 1 | PENDING: 0 | IN_INTR: 0 | DS: [] | RS: [40] | MEM: - | LATCH: PC,IR.clear | OUT: 'What is your name?\nHello, ' | nif.branch
TICK: 001457 | PC: 00198 | STEP: 0 | IR: jmp 182 | A: 32 | AR: 1 | NZ: 01 | IE: 1 | PENDING: 0 | IN_INTR: 0 | DS: [] | RS: [40] | MEM: - | LATCH: IR | OUT: 'What is your name?\nHello, ' | fetch jmp 182
TICK: 001458 | PC: 00182 | STEP: 0 | IR: jmp 182 | A: 32 | AR: 1 | NZ: 01 | IE: 1 | PENDING: 0 | IN_INTR: 0 | DS: [] | RS: [40] | MEM: - | LATCH: PC,IR.clear | OUT: 'What is your name?\nHello, ' | jmp 182
TICK: 001459 | PC: 00182 | STEP: 0 | IR: load 1 | A: 32 | AR: 1 | NZ: 01 | IE: 1 | PENDING: 0 | IN_INTR: 0 | DS: [] | RS: [40] | MEM: - | LATCH: IR | OUT: 'What is your name?\nHello, ' | fetch load 1
TICK: 001460 | PC: 00182 | STEP: 1 | IR: load 1 | A: 32 | AR: 1 | NZ: 01 | IE: 1 | PENDING: 0 | IN_INTR: 0 | DS: [] | RS: [40] | MEM: - | LATCH: AR | OUT: 'What is your name?\nHello, ' | load.addr 1
TICK: 001461 | PC: 00187 | STEP: 0 | IR: load 1 | A: 32 | AR: 1 | NZ: 01 | IE: 1 | PENDING: 0 | IN_INTR: 0 | DS: [0] | RS: [40] | MEM: read mem[1] | LATCH: DS.push,PC,IR.clear | OUT: 'What is your name?\nHello, ' | load.read
TICK: 001462 | PC: 00187 | STEP: 0 | IR: literal 0 | A: 32 | AR: 1 | NZ: 01 | IE: 1 | PENDING: 0 | IN_INTR: 0 | DS: [0] | RS: [40] | MEM: - | LATCH: IR | OUT: 'What is your name?\nHello, ' | fetch literal 0
TICK: 001463 | PC: 00192 | STEP: 0 | IR: literal 0 | A: 32 | AR: 1 | NZ: 01 | IE: 1 | PENDING: 0 | IN_INTR: 0 | DS: [0, 0] | RS: [40] | MEM: - | LATCH: DS.push,PC,IR.clear | OUT: 'What is your name?\nHello, ' | literal 0
TICK: 001464 | PC: 00192 | STEP: 0 | IR: sub | A: 32 | AR: 1 | NZ: 01 | IE: 1 | PENDING: 0 | IN_INTR: 0 | DS: [0, 0] | RS: [40] | MEM: - | LATCH: IR | OUT: 'What is your name?\nHello, ' | fetch sub
TICK: 001465 | PC: 00192 | STEP: 1 | IR: sub | A: 32 | AR: 1 | NZ: 01 | IE: 1 | PENDING: 0 | IN_INTR: 0 | DS: [] | RS: [40] | MEM: - | LATCH: ALU.left,ALU.right | OUT: 'What is your name?\nHello, ' | sub.load_operands
TICK: 001466 | PC: 00193 | STEP: 0 | IR: sub | A: 32 | AR: 1 | NZ: 01 | IE: 1 | PENDING: 0 | IN_INTR: 0 | DS: [0] | RS: [40] | MEM: - | LATCH: DS.push(ALU),PC,IR.clear | OUT: 'What is your name?\nHello, ' | sub.write_result
TICK: 001467 | PC: 00193 | STEP: 0 | IR: nif 203 | A: 32 | AR: 1 | NZ: 01 | IE: 1 | PENDING: 0 | IN_INTR: 0 | DS: [0] | RS: [40] | MEM: - | LATCH: IR | OUT: 'What is your name?\nHello, ' | fetch nif 203
TICK: 001468 | PC: 00193 | STEP: 1 | IR: nif 203 | A: 32 | AR: 1 | NZ: 01 | IE: 1 | PENDING: 0 | IN_INTR: 0 | DS: [] | RS: [40] | MEM: - | LATCH: ALU.left | OUT: 'What is your name?\nHello, ' | nif.test
TICK: 001469 | PC: 00198 | STEP: 0 | IR: nif 203 | A: 32 | AR: 1 | NZ: 01 | IE: 1 | PENDING: 0 | IN_INTR: 0 | DS: [] | RS: [40] | MEM: - | LATCH: PC,IR.clear | OUT: 'What is your name?\nHello, ' | nif.branch
TICK: 001470 | PC: 00198 | STEP: 0 | IR: jmp 182 | A: 32 | AR: 1 | NZ: 01 | IE: 1 | PENDING: 0 | IN_INTR: 0 | DS: [] | RS: [40] | MEM: - | LATCH: IR | OUT: 'What is your name?\nHello, ' | fetch jmp 182
TICK: 001471 | PC: 00182 | STEP: 0 | IR: jmp 182 | A: 32 | AR: 1 | NZ: 01 | IE: 1 | PENDING: 0 | IN_INTR: 0 | DS: [] | RS: [40] | MEM: - | LATCH: PC,IR.clear | OUT: 'What is your name?\nHello, ' | jmp 182
TICK: 001472 | PC: 00182 | STEP: 0 | IR: load 1 | A: 32 | AR: 1 | NZ: 01 | IE: 1 | PENDING: 0 | IN_INTR: 0 | DS: [] | RS: [40] | MEM: - | LATCH: IR | OUT: 'What is your name?\nHello, ' | fetch load 1
TICK: 001473 | PC: 00182 | STEP: 1 | IR: load 1 | A: 32 | AR: 1 | NZ: 01 | IE: 1 | PENDING: 0 | IN_INTR: 0 | DS: [] | RS: [40] | MEM: - | LATCH: AR | OUT: 'What is your name?\nHello, ' | load.addr 1
TICK: 001474 | PC: 00187 | STEP: 0 | IR: load 1 | A: 32 | AR: 1 | NZ: 01 | IE: 1 | PENDING: 0 | IN_INTR: 0 | DS: [0] | RS: [40] | MEM: read mem[1] | LATCH: DS.push,PC,IR.clear | OUT: 'What is your name?\nHello, ' | load.read
TICK: 001475 | PC: 00187 | STEP: 0 | IR: literal 0 | A: 32 | AR: 1 | NZ: 01 | IE: 1 | PENDING: 0 | IN_INTR: 0 | DS: [0] | RS: [40] | MEM: - | LATCH: IR | OUT: 'What is your name?\nHello, ' | fetch literal 0
TICK: 001476 | PC: 00192 | STEP: 0 | IR: literal 0 | A: 32 | AR: 1 | NZ: 01 | IE: 1 | PENDING: 0 | IN_INTR: 0 | DS: [0, 0] | RS: [40] | MEM: - | LATCH: DS.push,PC,IR.clear | OUT: 'What is your name?\nHello, ' | literal 0
TICK: 001477 | PC: 00192 | STEP: 0 | IR: sub | A: 32 | AR: 1 | NZ: 01 | IE: 1 | PENDING: 0 | IN_INTR: 0 | DS: [0, 0] | RS: [40] | MEM: - | LATCH: IR | OUT: 'What is your name?\nHello, ' | fetch sub
TICK: 001478 | PC: 00192 | STEP: 1 | IR: sub | A: 32 | AR: 1 | NZ: 01 | IE: 1 | PENDING: 0 | IN_INTR: 0 | DS: [] | RS: [40] | MEM: - | LATCH: ALU.left,ALU.right | OUT: 'What is your name?\nHello, ' | sub.load_operands
TICK: 001479 | PC: 00193 | STEP: 0 | IR: sub | A: 32 | AR: 1 | NZ: 01 | IE: 1 | PENDING: 0 | IN_INTR: 0 | DS: [0] | RS: [40] | MEM: - | LATCH: DS.push(ALU),PC,IR.clear | OUT: 'What is your name?\nHello, ' | sub.write_result
TICK: 001480 | PC: 00193 | STEP: 0 | IR: nif 203 | A: 32 | AR: 1 | NZ: 01 | IE: 1 | PENDING: 0 | IN_INTR: 0 | DS: [0] | RS: [40] | MEM: - | LATCH: IR | OUT: 'What is your name?\nHello, ' | fetch nif 203
TICK: 001481 | PC: 00193 | STEP: 1 | IR: nif 203 | A: 32 | AR: 1 | NZ: 01 | IE: 1 | PENDING: 0 | IN_INTR: 0 | DS: [] | RS: [40] | MEM: - | LATCH: ALU.left | OUT: 'What is your name?\nHello, ' | nif.test
TICK: 001482 | PC: 00198 | STEP: 0 | IR: nif 203 | A: 32 | AR: 1 | NZ: 01 | IE: 1 | PENDING: 0 | IN_INTR: 0 | DS: [] | RS: [40] | MEM: - | LATCH: PC,IR.clear | OUT: 'What is your name?\nHello, ' | nif.branch
TICK: 001483 | PC: 00198 | STEP: 0 | IR: jmp 182 | A: 32 | AR: 1 | NZ: 01 | IE: 1 | PENDING: 0 | IN_INTR: 0 | DS: [] | RS: [40] | MEM: - | LATCH: IR | OUT: 'What is your name?\nHello, ' | fetch jmp 182
TICK: 001484 | PC: 00182 | STEP: 0 | IR: jmp 182 | A: 32 | AR: 1 | NZ: 01 | IE: 1 | PENDING: 0 | IN_INTR: 0 | DS: [] | RS: [40] | MEM: - | LATCH: PC,IR.clear | OUT: 'What is your name?\nHello, ' | jmp 182
TICK: 001485 | PC: 00182 | STEP: 0 | IR: load 1 | A: 32 | AR: 1 | NZ: 01 | IE: 1 | PENDING: 0 | IN_INTR: 0 | DS: [] | RS: [40] | MEM: - | LATCH: IR | OUT: 'What is your name?\nHello, ' | fetch load 1
TICK: 001486 | PC: 00182 | STEP: 1 | IR: load 1 | A: 32 | AR: 1 | NZ: 01 | IE: 1 | PENDING: 0 | IN_INTR: 0 | DS: [] | RS: [40] | MEM: - | LATCH: AR | OUT: 'What is your name?\nHello, ' | load.addr 1
TICK: 001487 | PC: 00187 | STEP: 0 | IR: load 1 | A: 32 | AR: 1 | NZ: 01 | IE: 1 | PENDING: 0 | IN_INTR: 0 | DS: [0] | RS: [40] | MEM: read mem[1] | LATCH: DS.push,PC,IR.clear | OUT: 'What is your name?\nHello, ' | load.read
TICK: 001488 | PC: 00187 | STEP: 0 | IR: literal 0 | A: 32 | AR: 1 | NZ: 01 | IE: 1 | PENDING: 0 | IN_INTR: 0 | DS: [0] | RS: [40] | MEM: - | LATCH: IR | OUT: 'What is your name?\nHello, ' | fetch literal 0
TICK: 001489 | PC: 00192 | STEP: 0 | IR: literal 0 | A: 32 | AR: 1 | NZ: 01 | IE: 1 | PENDING: 0 | IN_INTR: 0 | DS: [0, 0] | RS: [40] | MEM: - | LATCH: DS.push,PC,IR.clear | OUT: 'What is your name?\nHello, ' | literal 0
TICK: 001490 | PC: 00192 | STEP: 0 | IR: sub | A: 32 | AR: 1 | NZ: 01 | IE: 1 | PENDING: 0 | IN_INTR: 0 | DS: [0, 0] | RS: [40] | MEM: - | LATCH: IR | OUT: 'What is your name?\nHello, ' | fetch sub
TICK: 001491 | PC: 00192 | STEP: 1 | IR: sub | A: 32 | AR: 1 | NZ: 01 | IE: 1 | PENDING: 0 | IN_INTR: 0 | DS: [] | RS: [40] | MEM: - | LATCH: ALU.left,ALU.right | OUT: 'What is your name?\nHello, ' | sub.load_operands
TICK: 001492 | PC: 00193 | STEP: 0 | IR: sub | A: 32 | AR: 1 | NZ: 01 | IE: 1 | PENDING: 0 | IN_INTR: 0 | DS: [0] | RS: [40] | MEM: - | LATCH: DS.push(ALU),PC,IR.clear | OUT: 'What is your name?\nHello, ' | sub.write_result
TICK: 001493 | PC: 00193 | STEP: 0 | IR: nif 203 | A: 32 | AR: 1 | NZ: 01 | IE: 1 | PENDING: 0 | IN_INTR: 0 | DS: [0] | RS: [40] | MEM: - | LATCH: IR | OUT: 'What is your name?\nHello, ' | fetch nif 203
TICK: 001494 | PC: 00193 | STEP: 1 | IR: nif 203 | A: 32 | AR: 1 | NZ: 01 | IE: 1 | PENDING: 0 | IN_INTR: 0 | DS: [] | RS: [40] | MEM: - | LATCH: ALU.left | OUT: 'What is your name?\nHello, ' | nif.test
TICK: 001495 | PC: 00198 | STEP: 0 | IR: nif 203 | A: 32 | AR: 1 | NZ: 01 | IE: 1 | PENDING: 0 | IN_INTR: 0 | DS: [] | RS: [40] | MEM: - | LATCH: PC,IR.clear | OUT: 'What is your name?\nHello, ' | nif.branch
TICK: 001496 | PC: 00198 | STEP: 0 | IR: jmp 182 | A: 32 | AR: 1 | NZ: 01 | IE: 1 | PENDING: 0 | IN_INTR: 0 | DS: [] | RS: [40] | MEM: - | LATCH: IR | OUT: 'What is your name?\nHello, ' | fetch jmp 182
TICK: 001497 | PC: 00182 | STEP: 0 | IR: jmp 182 | A: 32 | AR: 1 | NZ: 01 | IE: 1 | PENDING: 0 | IN_INTR: 0 | DS: [] | RS: [40] | MEM: - | LATCH: PC,IR.clear | OUT: 'What is your name?\nHello, ' | jmp 182
TICK: 001498 | PC: 00182 | STEP: 0 | IR: load 1 | A: 32 | AR: 1 | NZ: 01 | IE: 1 | PENDING: 0 | IN_INTR: 0 | DS: [] | RS: [40] | MEM: - | LATCH: IR | OUT: 'What is your name?\nHello, ' | fetch load 1
TICK: 001499 | PC: 00182 | STEP: 1 | IR: load 1 | A: 32 | AR: 1 | NZ: 01 | IE: 1 | PENDING: 0 | IN_INTR: 0 | DS: [] | RS: [40] | MEM: - | LATCH: AR | OUT: 'What is your name?\nHello, ' | load.addr 1
TICK: 001500 | PC: 00187 | STEP: 0 | IR: load 1 | A: 32 | AR: 1 | NZ: 01 | IE: 1 | PENDING: 0 | IN_INTR: 0 | DS: [0] | RS: [40] | MEM: read mem[1] | LATCH: DS.push,PC,IR.clear | OUT: 'What is your name?\nHello, ' | load.read
TICK: 001501 | PC: 00187 | STEP: 0 | IR: literal 0 | A: 32 | AR: 1 | NZ: 01 | IE: 1 | PENDING: 0 | IN_INTR: 0 | DS: [0] | RS: [40] | MEM: - | LATCH: IR | OUT: 'What is your name?\nHello, ' | fetch literal 0
TICK: 001502 | PC: 00192 | STEP: 0 | IR: literal 0 | A: 32 | AR: 1 | NZ: 01 | IE: 1 | PENDING: 0 | IN_INTR: 0 | DS: [0, 0] | RS: [40] | MEM: - | LATCH: DS.push,PC,IR.clear | OUT: 'What is your name?\nHello, ' | literal 0
TICK: 001503 | PC: 00192 | STEP: 0 | IR: sub | A: 32 | AR: 1 | NZ: 01 | IE: 1 | PENDING: 0 | IN_INTR: 0 | DS: [0, 0] | RS: [40] | MEM: - | LATCH: IR | OUT: 'What is your name?\nHello, ' | fetch sub
TICK: 001504 | PC: 00192 | STEP: 1 | IR: sub | A: 32 | AR: 1 | NZ: 01 | IE: 1 | PENDING: 0 | IN_INTR: 0 | DS: [] | RS: [40] | MEM: - | LATCH: ALU.left,ALU.right | OUT: 'What is your name?\nHello, ' | sub.load_operands
TICK: 001505 | PC: 00193 | STEP: 0 | IR: sub | A: 32 | AR: 1 | NZ: 01 | IE: 1 | PENDING: 0 | IN_INTR: 0 | DS: [0] | RS: [40] | MEM: - | LATCH: DS.push(ALU),PC,IR.clear | OUT: 'What is your name?\nHello, ' | sub.write_result
TICK: 001506 | PC: 00193 | STEP: 0 | IR: nif 203 | A: 32 | AR: 1 | NZ: 01 | IE: 1 | PENDING: 0 | IN_INTR: 0 | DS: [0] | RS: [40] | MEM: - | LATCH: IR | OUT: 'What is your name?\nHello, ' | fetch nif 203
TICK: 001507 | PC: 00193 | STEP: 1 | IR: nif 203 | A: 32 | AR: 1 | NZ: 01 | IE: 1 | PENDING: 0 | IN_INTR: 0 | DS: [] | RS: [40] | MEM: - | LATCH: ALU.left | OUT: 'What is your name?\nHello, ' | nif.test
TICK: 001508 | PC: 00198 | STEP: 0 | IR: nif 203 | A: 32 | AR: 1 | NZ: 01 | IE: 1 | PENDING: 0 | IN_INTR: 0 | DS: [] | RS: [40] | MEM: - | LATCH: PC,IR.clear | OUT: 'What is your name?\nHello, ' | nif.branch
TICK: 001509 | PC: 00198 | STEP: 0 | IR: jmp 182 | A: 32 | AR: 1 | NZ: 01 | IE: 1 | PENDING: 0 | IN_INTR: 0 | DS: [] | RS: [40] | MEM: - | LATCH: IR | OUT: 'What is your name?\nHello, ' | fetch jmp 182
TICK: 001510 | PC: 00182 | STEP: 0 | IR: jmp 182 | A: 32 | AR: 1 | NZ: 01 | IE: 1 | PENDING: 0 | IN_INTR: 0 | DS: [] | RS: [40] | MEM: - | LATCH: PC,IR.clear | OUT: 'What is your name?\nHello, ' | jmp 182
TICK: 001511 | PC: 00182 | STEP: 0 | IR: load 1 | A: 32 | AR: 1 | NZ: 01 | IE: 1 | PENDING: 0 | IN_INTR: 0 | DS: [] | RS: [40] | MEM: - | LATCH: IR | OUT: 'What is your name?\nHello, ' | fetch load 1
TICK: 001512 | PC: 00182 | STEP: 1 | IR: load 1 | A: 32 | AR: 1 | NZ: 01 | IE: 1 | PENDING: 0 | IN_INTR: 0 | DS: [] | RS: [40] | MEM: - | LATCH: AR | OUT: 'What is your name?\nHello, ' | load.addr 1
TICK: 001513 | PC: 00187 | STEP: 0 | IR: load 1 | A: 32 | AR: 1 | NZ: 01 | IE: 1 | PENDING: 0 | IN_INTR: 0 | DS: [0] | RS: [40] | MEM: read mem[1] | LATCH: DS.push,PC,IR.clear | OUT: 'What is your name?\nHello, ' | load.read
TICK: 001514 | PC: 00187 | STEP: 0 | IR: literal 0 | A: 32 | AR: 1 | NZ: 01 | IE: 1 | PENDING: 0 | IN_INTR: 0 | DS: [0] | RS: [40] | MEM: - | LATCH: IR | OUT: 'What is your name?\nHello, ' | fetch literal 0
TICK: 001515 | PC: 00192 | STEP: 0 | IR: literal 0 | A: 32 | AR: 1 | NZ: 01 | IE: 1 | PENDING: 0 | IN_INTR: 0 | DS: [0, 0] | RS: [40] | MEM: - | LATCH: DS.push,PC,IR.clear | OUT: 'What is your name?\nHello, ' | literal 0
TICK: 001516 | PC: 00192 | STEP: 0 | IR: sub | A: 32 | AR: 1 | NZ: 01 | IE: 1 | PENDING: 0 | IN_INTR: 0 | DS: [0, 0] | RS: [40] | MEM: - | LATCH: IR | OUT: 'What is your name?\nHello, ' | fetch sub
TICK: 001517 | PC: 00192 | STEP: 1 | IR: sub | A: 32 | AR: 1 | NZ: 01 | IE: 1 | PENDING: 0 | IN_INTR: 0 | DS: [] | RS: [40] | MEM: - | LATCH: ALU.left,ALU.right | OUT: 'What is your name?\nHello, ' | sub.load_operands
TICK: 001518 | PC: 00193 | STEP: 0 | IR: sub | A: 32 | AR: 1 | NZ: 01 | IE: 1 | PENDING: 0 | IN_INTR: 0 | DS: [0] | RS: [40] | MEM: - | LATCH: DS.push(ALU),PC,IR.clear | OUT: 'What is your name?\nHello, ' | sub.write_result
TICK: 001519 | PC: 00193 | STEP: 0 | IR: nif 203 | A: 32 | AR: 1 | NZ: 01 | IE: 1 | PENDING: 0 | IN_INTR: 0 | DS: [0] | RS: [40] | MEM: - | LATCH: IR | OUT: 'What is your name?\nHello, ' | fetch nif 203
TICK: 001520 | PC: 00193 | STEP: 1 | IR: nif 203 | A: 32 | AR: 1 | NZ: 01 | IE: 1 | PENDING: 0 | IN_INTR: 0 | DS: [] | RS: [40] | MEM: - | LATCH: ALU.left | OUT: 'What is your name?\nHello, ' | nif.test
TICK: 001521 | PC: 00198 | STEP: 0 | IR: nif 203 | A: 32 | AR: 1 | NZ: 01 | IE: 1 | PENDING: 0 | IN_INTR: 0 | DS: [] | RS: [40] | MEM: - | LATCH: PC,IR.clear | OUT: 'What is your name?\nHello, ' | nif.branch
TICK: 001522 | PC: 00198 | STEP: 0 | IR: jmp 182 | A: 32 | AR: 1 | NZ: 01 | IE: 1 | PENDING: 0 | IN_INTR: 0 | DS: [] | RS: [40] | MEM: - | LATCH: IR | OUT: 'What is your name?\nHello, ' | fetch jmp 182
TICK: 001523 | PC: 00182 | STEP: 0 | IR: jmp 182 | A: 32 | AR: 1 | NZ: 01 | IE: 1 | PENDING: 0 | IN_INTR: 0 | DS: [] | RS: [40] | MEM: - | LATCH: PC,IR.clear | OUT: 'What is your name?\nHello, ' | jmp 182
TICK: 001524 | PC: 00182 | STEP: 0 | IR: load 1 | A: 32 | AR: 1 | NZ: 01 | IE: 1 | PENDING: 0 | IN_INTR: 0 | DS: [] | RS: [40] | MEM: - | LATCH: IR | OUT: 'What is your name?\nHello, ' | fetch load 1
TICK: 001525 | PC: 00182 | STEP: 1 | IR: load 1 | A: 32 | AR: 1 | NZ: 01 | IE: 1 | PENDING: 0 | IN_INTR: 0 | DS: [] | RS: [40] | MEM: - | LATCH: AR | OUT: 'What is your name?\nHello, ' | load.addr 1
TICK: 001526 | PC: 00187 | STEP: 0 | IR: load 1 | A: 32 | AR: 1 | NZ: 01 | IE: 1 | PENDING: 0 | IN_INTR: 0 | DS: [0] | RS: [40] | MEM: read mem[1] | LATCH: DS.push,PC,IR.clear | OUT: 'What is your name?\nHello, ' | load.read
TICK: 001527 | PC: 00187 | STEP: 0 | IR: literal 0 | A: 32 | AR: 1 | NZ: 01 | IE: 1 | PENDING: 0 | IN_INTR: 0 | DS: [0] | RS: [40] | MEM: - | LATCH: IR | OUT: 'What is your name?\nHello, ' | fetch literal 0
TICK: 001528 | PC: 00192 | STEP: 0 | IR: literal 0 | A: 32 | AR: 1 | NZ: 01 | IE: 1 | PENDING: 0 | IN_INTR: 0 | DS: [0, 0] | RS: [40] | MEM: - | LATCH: DS.push,PC,IR.clear | OUT: 'What is your name?\nHello, ' | literal 0
TICK: 001529 | PC: 00192 | STEP: 0 | IR: sub | A: 32 | AR: 1 | NZ: 01 | IE: 1 | PENDING: 0 | IN_INTR: 0 | DS: [0, 0] | RS: [40] | MEM: - | LATCH: IR | OUT: 'What is your name?\nHello, ' | fetch sub
TICK: 001530 | PC: 00192 | STEP: 1 | IR: sub | A: 32 | AR: 1 | NZ: 01 | IE: 1 | PENDING: 0 | IN_INTR: 0 | DS: [] | RS: [40] | MEM: - | LATCH: ALU.left,ALU.right | OUT: 'What is your name?\nHello, ' | sub.load_operands
TICK: 001531 | PC: 00193 | STEP: 0 | IR: sub | A: 32 | AR: 1 | NZ: 01 | IE: 1 | PENDING: 0 | IN_INTR: 0 | DS: [0] | RS: [40] | MEM: - | LATCH: DS.push(ALU),PC,IR.clear | OUT: 'What is your name?\nHello, ' | sub.write_result
TICK: 001532 | PC: 00193 | STEP: 0 | IR: nif 203 | A: 32 | AR: 1 | NZ: 01 | IE: 1 | PENDING: 0 | IN_INTR: 0 | DS: [0] | RS: [40] | MEM: - | LATCH: IR | OUT: 'What is your name?\nHello, ' | fetch nif 203
TICK: 001533 | PC: 00193 | STEP: 1 | IR: nif 203 | A: 32 | AR: 1 | NZ: 01 | IE: 1 | PENDING: 0 | IN_INTR: 0 | DS: [] | RS: [40] | MEM: - | LATCH: ALU.left | OUT: 'What is your name?\nHello, ' | nif.test
TICK: 001534 | PC: 00198 | STEP: 0 | IR: nif 203 | A: 32 | AR: 1 | NZ: 01 | IE: 1 | PENDING: 0 | IN_INTR: 0 | DS: [] | RS: [40] | MEM: - | LATCH: PC,IR.clear | OUT: 'What is your name?\nHello, ' | nif.branch
TICK: 001535 | PC: 00198 | STEP: 0 | IR: jmp 182 | A: 32 | AR: 1 | NZ: 01 | IE: 1 | PENDING: 0 | IN_INTR: 0 | DS: [] | RS: [40] | MEM: - | LATCH: IR | OUT: 'What is your name?\nHello, ' | fetch jmp 182
TICK: 001536 | PC: 00182 | STEP: 0 | IR: jmp 182 | A: 32 | AR: 1 | NZ: 01 | IE: 1 | PENDING: 0 | IN_INTR: 0 | DS: [] | RS: [40] | MEM: - | LATCH: PC,IR.clear | OUT: 'What is your name?\nHello, ' | jmp 182
TICK: 001537 | PC: 00182 | STEP: 0 | IR: load 1 | A: 32 | AR: 1 | NZ: 01 | IE: 1 | PENDING: 0 | IN_INTR: 0 | DS: [] | RS: [40] | MEM: - | LATCH: IR | OUT: 'What is your name?\nHello, ' | fetch load 1
TICK: 001538 | PC: 00182 | STEP: 1 | IR: load 1 | A: 32 | AR: 1 | NZ: 01 | IE: 1 | PENDING: 0 | IN_INTR: 0 | DS: [] | RS: [40] | MEM: - | LATCH: AR | OUT: 'What is your name?\nHello, ' | load.addr 1
TICK: 001539 | PC: 00187 | STEP: 0 | IR: load 1 | A: 32 | AR: 1 | NZ: 01 | IE: 1 | PENDING: 0 | IN_INTR: 0 | DS: [0] | RS: [40] | MEM: read mem[1] | LATCH: DS.push,PC,IR.clear | OUT: 'What is your name?\nHello, ' | load.read
TICK: 001540 | PC: 00187 | STEP: 0 | IR: literal 0 | A: 32 | AR: 1 | NZ: 01 | IE: 1 | PENDING: 0 | IN_INTR: 0 | DS: [0] | RS: [40] | MEM: - | LATCH: IR | OUT: 'What is your name?\nHello, ' | fetch literal 0
TICK: 001541 | PC: 00192 | STEP: 0 | IR: literal 0 | A: 32 | AR: 1 | NZ: 01 | IE: 1 | PENDING: 0 | IN_INTR: 0 | DS: [0, 0] | RS: [40] | MEM: - | LATCH: DS.push,PC,IR.clear | OUT: 'What is your name?\nHello, ' | literal 0
TICK: 001542 | PC: 00192 | STEP: 0 | IR: sub | A: 32 | AR: 1 | NZ: 01 | IE: 1 | PENDING: 0 | IN_INTR: 0 | DS: [0, 0] | RS: [40] | MEM: - | LATCH: IR | OUT: 'What is your name?\nHello, ' | fetch sub
TICK: 001543 | PC: 00192 | STEP: 1 | IR: sub | A: 32 | AR: 1 | NZ: 01 | IE: 1 | PENDING: 0 | IN_INTR: 0 | DS: [] | RS: [40] | MEM: - | LATCH: ALU.left,ALU.right | OUT: 'What is your name?\nHello, ' | sub.load_operands
TICK: 001544 | PC: 00193 | STEP: 0 | IR: sub | A: 32 | AR: 1 | NZ: 01 | IE: 1 | PENDING: 0 | IN_INTR: 0 | DS: [0] | RS: [40] | MEM: - | LATCH: DS.push(ALU),PC,IR.clear | OUT: 'What is your name?\nHello, ' | sub.write_result
TICK: 001545 | PC: 00193 | STEP: 0 | IR: nif 203 | A: 32 | AR: 1 | NZ: 01 | IE: 1 | PENDING: 0 | IN_INTR: 0 | DS: [0] | RS: [40] | MEM: - | LATCH: IR | OUT: 'What is your name?\nHello, ' | fetch nif 203
TICK: 001546 | PC: 00193 | STEP: 1 | IR: nif 203 | A: 32 | AR: 1 | NZ: 01 | IE: 1 | PENDING: 0 | IN_INTR: 0 | DS: [] | RS: [40] | MEM: - | LATCH: ALU.left | OUT: 'What is your name?\nHello, ' | nif.test
TICK: 001547 | PC: 00198 | STEP: 0 | IR: nif 203 | A: 32 | AR: 1 | NZ: 01 | IE: 1 | PENDING: 0 | IN_INTR: 0 | DS: [] | RS: [40] | MEM: - | LATCH: PC,IR.clear | OUT: 'What is your name?\nHello, ' | nif.branch
TICK: 001548 | PC: 00198 | STEP: 0 | IR: jmp 182 | A: 32 | AR: 1 | NZ: 01 | IE: 1 | PENDING: 0 | IN_INTR: 0 | DS: [] | RS: [40] | MEM: - | LATCH: IR | OUT: 'What is your name?\nHello, ' | fetch jmp 182
TICK: 001549 | PC: 00182 | STEP: 0 | IR: jmp 182 | A: 32 | AR: 1 | NZ: 01 | IE: 1 | PENDING: 0 | IN_INTR: 0 | DS: [] | RS: [40] | MEM: - | LATCH: PC,IR.clear | OUT: 'What is your name?\nHello, ' | jmp 182
TICK: 001550 | PC: 00182 | STEP: 0 | IR: load 1 | A: 32 | AR: 1 | NZ: 01 | IE: 1 | PENDING: 0 | IN_INTR: 0 | DS: [] | RS: [40] | MEM: - | LATCH: IR | OUT: 'What is your name?\nHello, ' | fetch load 1
TICK: 001551 | PC: 00182 | STEP: 1 | IR: load 1 | A: 32 | AR: 1 | NZ: 01 | IE: 1 | PENDING: 0 | IN_INTR: 0 | DS: [] | RS: [40] | MEM: - | LATCH: AR | OUT: 'What is your name?\nHello, ' | load.addr 1
TICK: 001552 | PC: 00187 | STEP: 0 | IR: load 1 | A: 32 | AR: 1 | NZ: 01 | IE: 1 | PENDING: 0 | IN_INTR: 0 | DS: [0] | RS: [40] | MEM: read mem[1] | LATCH: DS.push,PC,IR.clear | OUT: 'What is your name?\nHello, ' | load.read
TICK: 001553 | PC: 00187 | STEP: 0 | IR: literal 0 | A: 32 | AR: 1 | NZ: 01 | IE: 1 | PENDING: 0 | IN_INTR: 0 | DS: [0] | RS: [40] | MEM: - | LATCH: IR | OUT: 'What is your name?\nHello, ' | fetch literal 0
TICK: 001554 | PC: 00192 | STEP: 0 | IR: literal 0 | A: 32 | AR: 1 | NZ: 01 | IE: 1 | PENDING: 0 | IN_INTR: 0 | DS: [0, 0] | RS: [40] | MEM: - | LATCH: DS.push,PC,IR.clear | OUT: 'What is your name?\nHello, ' | literal 0
TICK: 001555 | PC: 00192 | STEP: 0 | IR: sub | A: 32 | AR: 1 | NZ: 01 | IE: 1 | PENDING: 0 | IN_INTR: 0 | DS: [0, 0] | RS: [40] | MEM: - | LATCH: IR | OUT: 'What is your name?\nHello, ' | fetch sub
TICK: 001556 | PC: 00192 | STEP: 1 | IR: sub | A: 32 | AR: 1 | NZ: 01 | IE: 1 | PENDING: 0 | IN_INTR: 0 | DS: [] | RS: [40] | MEM: - | LATCH: ALU.left,ALU.right | OUT: 'What is your name?\nHello, ' | sub.load_operands
TICK: 001557 | PC: 00193 | STEP: 0 | IR: sub | A: 32 | AR: 1 | NZ: 01 | IE: 1 | PENDING: 0 | IN_INTR: 0 | DS: [0] | RS: [40] | MEM: - | LATCH: DS.push(ALU),PC,IR.clear | OUT: 'What is your name?\nHello, ' | sub.write_result
TICK: 001558 | PC: 00193 | STEP: 0 | IR: nif 203 | A: 32 | AR: 1 | NZ: 01 | IE: 1 | PENDING: 0 | IN_INTR: 0 | DS: [0] | RS: [40] | MEM: - | LATCH: IR | OUT: 'What is your name?\nHello, ' | fetch nif 203
TICK: 001559 | PC: 00193 | STEP: 1 | IR: nif 203 | A: 32 | AR: 1 | NZ: 01 | IE: 1 | PENDING: 0 | IN_INTR: 0 | DS: [] | RS: [40] | MEM: - | LATCH: ALU.left | OUT: 'What is your name?\nHello, ' | nif.test
TICK: 001560 | PC: 00198 | STEP: 0 | IR: nif 203 | A: 32 | AR: 1 | NZ: 01 | IE: 1 | PENDING: 0 | IN_INTR: 0 | DS: [] | RS: [40] | MEM: - | LATCH: PC,IR.clear | OUT: 'What is your name?\nHello, ' | nif.branch
TICK: 001561 | PC: 00198 | STEP: 0 | IR: jmp 182 | A: 32 | AR: 1 | NZ: 01 | IE: 1 | PENDING: 0 | IN_INTR: 0 | DS: [] | RS: [40] | MEM: - | LATCH: IR | OUT: 'What is your name?\nHello, ' | fetch jmp 182
TICK: 001562 | PC: 00182 | STEP: 0 | IR: jmp 182 | A: 32 | AR: 1 | NZ: 01 | IE: 1 | PENDING: 0 | IN_INTR: 0 | DS: [] | RS: [40] | MEM: - | LATCH: PC,IR.clear | OUT: 'What is your name?\nHello, ' | jmp 182
TICK: 001563 | PC: 00182 | STEP: 0 | IR: load 1 | A: 32 | AR: 1 | NZ: 01 | IE: 1 | PENDING: 0 | IN_INTR: 0 | DS: [] | RS: [40] | MEM: - | LATCH: IR | OUT: 'What is your name?\nHello, ' | fetch load 1
TICK: 001564 | PC: 00182 | STEP: 1 | IR: load 1 | A: 32 | AR: 1 | NZ: 01 | IE: 1 | PENDING: 0 | IN_INTR: 0 | DS: [] | RS: [40] | MEM: - | LATCH: AR | OUT: 'What is your name?\nHello, ' | load.addr 1
TICK: 001565 | PC: 00187 | STEP: 0 | IR: load 1 | A: 32 | AR: 1 | NZ: 01 | IE: 1 | PENDING: 0 | IN_INTR: 0 | DS: [0] | RS: [40] | MEM: read mem[1] | LATCH: DS.push,PC,IR.clear | OUT: 'What is your name?\nHello, ' | load.read
TICK: 001566 | PC: 00187 | STEP: 0 | IR: literal 0 | A: 32 | AR: 1 | NZ: 01 | IE: 1 | PENDING: 0 | IN_INTR: 0 | DS: [0] | RS: [40] | MEM: - | LATCH: IR | OUT: 'What is your name?\nHello, ' | fetch literal 0
TICK: 001567 | PC: 00192 | STEP: 0 | IR: literal 0 | A: 32 | AR: 1 | NZ: 01 | IE: 1 | PENDING: 0 | IN_INTR: 0 | DS: [0, 0] | RS: [40] | MEM: - | LATCH: DS.push,PC,IR.clear | OUT: 'What is your name?\nHello, ' | literal 0
TICK: 001568 | PC: 00192 | STEP: 0 | IR: sub | A: 32 | AR: 1 | NZ: 01 | IE: 1 | PENDING: 0 | IN_INTR: 0 | DS: [0, 0] | RS: [40] | MEM: - | LATCH: IR | OUT: 'What is your name?\nHello, ' | fetch sub
TICK: 001569 | PC: 00192 | STEP: 1 | IR: sub | A: 32 | AR: 1 | NZ: 01 | IE: 1 | PENDING: 0 | IN_INTR: 0 | DS: [] | RS: [40] | MEM: - | LATCH: ALU.left,ALU.right | OUT: 'What is your name?\nHello, ' | sub.load_operands
TICK: 001570 | PC: 00193 | STEP: 0 | IR: sub | A: 32 | AR: 1 | NZ: 01 | IE: 1 | PENDING: 0 | IN_INTR: 0 | DS: [0] | RS: [40] | MEM: - | LATCH: DS.push(ALU),PC,IR.clear | OUT: 'What is your name?\nHello, ' | sub.write_result
TICK: 001571 | PC: 00193 | STEP: 0 | IR: nif 203 | A: 32 | AR: 1 | NZ: 01 | IE: 1 | PENDING: 0 | IN_INTR: 0 | DS: [0] | RS: [40] | MEM: - | LATCH: IR | OUT: 'What is your name?\nHello, ' | fetch nif 203
TICK: 001572 | PC: 00193 | STEP: 1 | IR: nif 203 | A: 32 | AR: 1 | NZ: 01 | IE: 1 | PENDING: 0 | IN_INTR: 0 | DS: [] | RS: [40] | MEM: - | LATCH: ALU.left | OUT: 'What is your name?\nHello, ' | nif.test
TICK: 001573 | PC: 00198 | STEP: 0 | IR: nif 203 | A: 32 | AR: 1 | NZ: 01 | IE: 1 | PENDING: 0 | IN_INTR: 0 | DS: [] | RS: [40] | MEM: - | LATCH: PC,IR.clear | OUT: 'What is your name?\nHello, ' | nif.branch
TICK: 001574 | PC: 00198 | STEP: 0 | IR: jmp 182 | A: 32 | AR: 1 | NZ: 01 | IE: 1 | PENDING: 0 | IN_INTR: 0 | DS: [] | RS: [40] | MEM: - | LATCH: IR | OUT: 'What is your name?\nHello, ' | fetch jmp 182
TICK: 001575 | PC: 00182 | STEP: 0 | IR: jmp 182 | A: 32 | AR: 1 | NZ: 01 | IE: 1 | PENDING: 0 | IN_INTR: 0 | DS: [] | RS: [40] | MEM: - | LATCH: PC,IR.clear | OUT: 'What is your name?\nHello, ' | jmp 182
TICK: 001576 | PC: 00182 | STEP: 0 | IR: load 1 | A: 32 | AR: 1 | NZ: 01 | IE: 1 | PENDING: 0 | IN_INTR: 0 | DS: [] | RS: [40] | MEM: - | LATCH: IR | OUT: 'What is your name?\nHello, ' | fetch load 1
TICK: 001577 | PC: 00182 | STEP: 1 | IR: load 1 | A: 32 | AR: 1 | NZ: 01 | IE: 1 | PENDING: 0 | IN_INTR: 0 | DS: [] | RS: [40] | MEM: - | LATCH: AR | OUT: 'What is your name?\nHello, ' | load.addr 1
TICK: 001578 | PC: 00187 | STEP: 0 | IR: load 1 | A: 32 | AR: 1 | NZ: 01 | IE: 1 | PENDING: 0 | IN_INTR: 0 | DS: [0] | RS: [40] | MEM: read mem[1] | LATCH: DS.push,PC,IR.clear | OUT: 'What is your name?\nHello, ' | load.read
TICK: 001579 | PC: 00187 | STEP: 0 | IR: literal 0 | A: 32 | AR: 1 | NZ: 01 | IE: 1 | PENDING: 0 | IN_INTR: 0 | DS: [0] | RS: [40] | MEM: - | LATCH: IR | OUT: 'What is your name?\nHello, ' | fetch literal 0
TICK: 001580 | PC: 00192 | STEP: 0 | IR: literal 0 | A: 32 | AR: 1 | NZ: 01 | IE: 1 | PENDING: 0 | IN_INTR: 0 | DS: [0, 0] | RS: [40] | MEM: - | LATCH: DS.push,PC,IR.clear | OUT: 'What is your name?\nHello, ' | literal 0
TICK: 001581 | PC: 00192 | STEP: 0 | IR: sub | A: 32 | AR: 1 | NZ: 01 | IE: 1 | PENDING: 0 | IN_INTR: 0 | DS: [0, 0] | RS: [40] | MEM: - | LATCH: IR | OUT: 'What is your name?\nHello, ' | fetch sub
TICK: 001582 | PC: 00192 | STEP: 1 | IR: sub | A: 32 | AR: 1 | NZ: 01 | IE: 1 | PENDING: 0 | IN_INTR: 0 | DS: [] | RS: [40] | MEM: - | LATCH: ALU.left,ALU.right | OUT: 'What is your name?\nHello, ' | sub.load_operands
TICK: 001583 | PC: 00193 | STEP: 0 | IR: sub | A: 32 | AR: 1 | NZ: 01 | IE: 1 | PENDING: 0 | IN_INTR: 0 | DS: [0] | RS: [40] | MEM: - | LATCH: DS.push(ALU),PC,IR.clear | OUT: 'What is your name?\nHello, ' | sub.write_result
TICK: 001584 | PC: 00193 | STEP: 0 | IR: nif 203 | A: 32 | AR: 1 | NZ: 01 | IE: 1 | PENDING: 0 | IN_INTR: 0 | DS: [0] | RS: [40] | MEM: - | LATCH: IR | OUT: 'What is your name?\nHello, ' | fetch nif 203
TICK: 001585 | PC: 00193 | STEP: 1 | IR: nif 203 | A: 32 | AR: 1 | NZ: 01 | IE: 1 | PENDING: 0 | IN_INTR: 0 | DS: [] | RS: [40] | MEM: - | LATCH: ALU.left | OUT: 'What is your name?\nHello, ' | nif.test
TICK: 001586 | PC: 00198 | STEP: 0 | IR: nif 203 | A: 32 | AR: 1 | NZ: 01 | IE: 1 | PENDING: 0 | IN_INTR: 0 | DS: [] | RS: [40] | MEM: - | LATCH: PC,IR.clear | OUT: 'What is your name?\nHello, ' | nif.branch
TICK: 001587 | PC: 00198 | STEP: 0 | IR: jmp 182 | A: 32 | AR: 1 | NZ: 01 | IE: 1 | PENDING: 0 | IN_INTR: 0 | DS: [] | RS: [40] | MEM: - | LATCH: IR | OUT: 'What is your name?\nHello, ' | fetch jmp 182
TICK: 001588 | PC: 00182 | STEP: 0 | IR: jmp 182 | A: 32 | AR: 1 | NZ: 01 | IE: 1 | PENDING: 0 | IN_INTR: 0 | DS: [] | RS: [40] | MEM: - | LATCH: PC,IR.clear | OUT: 'What is your name?\nHello, ' | jmp 182
TICK: 001589 | PC: 00182 | STEP: 0 | IR: load 1 | A: 32 | AR: 1 | NZ: 01 | IE: 1 | PENDING: 0 | IN_INTR: 0 | DS: [] | RS: [40] | MEM: - | LATCH: IR | OUT: 'What is your name?\nHello, ' | fetch load 1
TICK: 001590 | PC: 00182 | STEP: 1 | IR: load 1 | A: 32 | AR: 1 | NZ: 01 | IE: 1 | PENDING: 0 | IN_INTR: 0 | DS: [] | RS: [40] | MEM: - | LATCH: AR | OUT: 'What is your name?\nHello, ' | load.addr 1
TICK: 001591 | PC: 00187 | STEP: 0 | IR: load 1 | A: 32 | AR: 1 | NZ: 01 | IE: 1 | PENDING: 0 | IN_INTR: 0 | DS: [0] | RS: [40] | MEM: read mem[1] | LATCH: DS.push,PC,IR.clear | OUT: 'What is your name?\nHello, ' | load.read
TICK: 001592 | PC: 00187 | STEP: 0 | IR: literal 0 | A: 32 | AR: 1 | NZ: 01 | IE: 1 | PENDING: 0 | IN_INTR: 0 | DS: [0] | RS: [40] | MEM: - | LATCH: IR | OUT: 'What is your name?\nHello, ' | fetch literal 0
TICK: 001593 | PC: 00192 | STEP: 0 | IR: literal 0 | A: 32 | AR: 1 | NZ: 01 | IE: 1 | PENDING: 0 | IN_INTR: 0 | DS: [0, 0] | RS: [40] | MEM: - | LATCH: DS.push,PC,IR.clear | OUT: 'What is your name?\nHello, ' | literal 0
TICK: 001594 | PC: 00192 | STEP: 0 | IR: sub | A: 32 | AR: 1 | NZ: 01 | IE: 1 | PENDING: 0 | IN_INTR: 0 | DS: [0, 0] | RS: [40] | MEM: - | LATCH: IR | OUT: 'What is your name?\nHello, ' | fetch sub
TICK: 001595 | PC: 00192 | STEP: 1 | IR: sub | A: 32 | AR: 1 | NZ: 01 | IE: 1 | PENDING: 0 | IN_INTR: 0 | DS: [] | RS: [40] | MEM: - | LATCH: ALU.left,ALU.right | OUT: 'What is your name?\nHello, ' | sub.load_operands
TICK: 001596 | PC: 00193 | STEP: 0 | IR: sub | A: 32 | AR: 1 | NZ: 01 | IE: 1 | PENDING: 0 | IN_INTR: 0 | DS: [0] | RS: [40] | MEM: - | LATCH: DS.push(ALU),PC,IR.clear | OUT: 'What is your name?\nHello, ' | sub.write_result
TICK: 001597 | PC: 00193 | STEP: 0 | IR: nif 203 | A: 32 | AR: 1 | NZ: 01 | IE: 1 | PENDING: 0 | IN_INTR: 0 | DS: [0] | RS: [40] | MEM: - | LATCH: IR | OUT: 'What is your name?\nHello, ' | fetch nif 203
TICK: 001598 | PC: 00193 | STEP: 1 | IR: nif 203 | A: 32 | AR: 1 | NZ: 01 | IE: 1 | PENDING: 0 | IN_INTR: 0 | DS: [] | RS: [40] | MEM: - | LATCH: ALU.left | OUT: 'What is your name?\nHello, ' | nif.test
TICK: 001599 | PC: 00198 | STEP: 0 | IR: nif 203 | A: 32 | AR: 1 | NZ: 01 | IE: 1 | PENDING: 0 | IN_INTR: 0 | DS: [] | RS: [40] | MEM: - | LATCH: PC,IR.clear | OUT: 'What is your name?\nHello, ' | nif.branch
TICK: 001600 | PC: 00198 | STEP: 0 | IR: jmp 182 | A: 32 | AR: 1 | NZ: 01 | IE: 1 | PENDING: 0 | IN_INTR: 0 | DS: [] | RS: [40] | MEM: - | LATCH: IR | OUT: 'What is your name?\nHello, ' | fetch jmp 182
TICK: 001601 | PC: 00182 | STEP: 0 | IR: jmp 182 | A: 32 | AR: 1 | NZ: 01 | IE: 1 | PENDING: 0 | IN_INTR: 0 | DS: [] | RS: [40] | MEM: - | LATCH: PC,IR.clear | OUT: 'What is your name?\nHello, ' | jmp 182
TICK: 001602 | PC: 00182 | STEP: 0 | IR: load 1 | A: 32 | AR: 1 | NZ: 01 | IE: 1 | PENDING: 0 | IN_INTR: 0 | DS: [] | RS: [40] | MEM: - | LATCH: IR | OUT: 'What is your name?\nHello, ' | fetch load 1
TICK: 001603 | PC: 00182 | STEP: 1 | IR: load 1 | A: 32 | AR: 1 | NZ: 01 | IE: 1 | PENDING: 0 | IN_INTR: 0 | DS: [] | RS: [40] | MEM: - | LATCH: AR | OUT: 'What is your name?\nHello, ' | load.addr 1
TICK: 001604 | PC: 00187 | STEP: 0 | IR: load 1 | A: 32 | AR: 1 | NZ: 01 | IE: 1 | PENDING: 0 | IN_INTR: 0 | DS: [0] | RS: [40] | MEM: read mem[1] | LATCH: DS.push,PC,IR.clear | OUT: 'What is your name?\nHello, ' | load.read
TICK: 001605 | PC: 00187 | STEP: 0 | IR: literal 0 | A: 32 | AR: 1 | NZ: 01 | IE: 1 | PENDING: 0 | IN_INTR: 0 | DS: [0] | RS: [40] | MEM: - | LATCH: IR | OUT: 'What is your name?\nHello, ' | fetch literal 0
TICK: 001606 | PC: 00192 | STEP: 0 | IR: literal 0 | A: 32 | AR: 1 | NZ: 01 | IE: 1 | PENDING: 0 | IN_INTR: 0 | DS: [0, 0] | RS: [40] | MEM: - | LATCH: DS.push,PC,IR.clear | OUT: 'What is your name?\nHello, ' | literal 0
TICK: 001607 | PC: 00192 | STEP: 0 | IR: sub | A: 32 | AR: 1 | NZ: 01 | IE: 1 | PENDING: 0 | IN_INTR: 0 | DS: [0, 0] | RS: [40] | MEM: - | LATCH: IR | OUT: 'What is your name?\nHello, ' | fetch sub
TICK: 001608 | PC: 00192 | STEP: 1 | IR: sub | A: 32 | AR: 1 | NZ: 01 | IE: 1 | PENDING: 0 | IN_INTR: 0 | DS: [] | RS: [40] | MEM: - | LATCH: ALU.left,ALU.right | OUT: 'What is your name?\nHello, ' | sub.load_operands
TICK: 001609 | PC: 00193 | STEP: 0 | IR: sub | A: 32 | AR: 1 | NZ: 01 | IE: 1 | PENDING: 0 | IN_INTR: 0 | DS: [0] | RS: [40] | MEM: - | LATCH: DS.push(ALU),PC,IR.clear | OUT: 'What is your name?\nHello, ' | sub.write_result
TICK: 001610 | PC: 00193 | STEP: 0 | IR: nif 203 | A: 32 | AR: 1 | NZ: 01 | IE: 1 | PENDING: 0 | IN_INTR: 0 | DS: [0] | RS: [40] | MEM: - | LATCH: IR | OUT: 'What is your name?\nHello, ' | fetch nif 203
TICK: 001611 | PC: 00193 | STEP: 1 | IR: nif 203 | A: 32 | AR: 1 | NZ: 01 | IE: 1 | PENDING: 0 | IN_INTR: 0 | DS: [] | RS: [40] | MEM: - | LATCH: ALU.left | OUT: 'What is your name?\nHello, ' | nif.test
TICK: 001612 | PC: 00198 | STEP: 0 | IR: nif 203 | A: 32 | AR: 1 | NZ: 01 | IE: 1 | PENDING: 0 | IN_INTR: 0 | DS: [] | RS: [40] | MEM: - | LATCH: PC,IR.clear | OUT: 'What is your name?\nHello, ' | nif.branch
TICK: 001613 | PC: 00198 | STEP: 0 | IR: jmp 182 | A: 32 | AR: 1 | NZ: 01 | IE: 1 | PENDING: 0 | IN_INTR: 0 | DS: [] | RS: [40] | MEM: - | LATCH: IR | OUT: 'What is your name?\nHello, ' | fetch jmp 182
TICK: 001614 | PC: 00182 | STEP: 0 | IR: jmp 182 | A: 32 | AR: 1 | NZ: 01 | IE: 1 | PENDING: 0 | IN_INTR: 0 | DS: [] | RS: [40] | MEM: - | LATCH: PC,IR.clear | OUT: 'What is your name?\nHello, ' | jmp 182
TICK: 001615 | PC: 00182 | STEP: 0 | IR: load 1 | A: 32 | AR: 1 | NZ: 01 | IE: 1 | PENDING: 0 | IN_INTR: 0 | DS: [] | RS: [40] | MEM: - | LATCH: IR | OUT: 'What is your name?\nHello, ' | fetch load 1
TICK: 001616 | PC: 00182 | STEP: 1 | IR: load 1 | A: 32 | AR: 1 | NZ: 01 | IE: 1 | PENDING: 0 | IN_INTR: 0 | DS: [] | RS: [40] | MEM: - | LATCH: AR | OUT: 'What is your name?\nHello, ' | load.addr 1
TICK: 001617 | PC: 00187 | STEP: 0 | IR: load 1 | A: 32 | AR: 1 | NZ: 01 | IE: 1 | PENDING: 0 | IN_INTR: 0 | DS: [0] | RS: [40] | MEM: read mem[1] | LATCH: DS.push,PC,IR.clear | OUT: 'What is your name?\nHello, ' | load.read
TICK: 001618 | PC: 00187 | STEP: 0 | IR: literal 0 | A: 32 | AR: 1 | NZ: 01 | IE: 1 | PENDING: 0 | IN_INTR: 0 | DS: [0] | RS: [40] | MEM: - | LATCH: IR | OUT: 'What is your name?\nHello, ' | fetch literal 0
TICK: 001619 | PC: 00192 | STEP: 0 | IR: literal 0 | A: 32 | AR: 1 | NZ: 01 | IE: 1 | PENDING: 0 | IN_INTR: 0 | DS: [0, 0] | RS: [40] | MEM: - | LATCH: DS.push,PC,IR.clear | OUT: 'What is your name?\nHello, ' | literal 0
TICK: 001620 | PC: 00192 | STEP: 0 | IR: sub | A: 32 | AR: 1 | NZ: 01 | IE: 1 | PENDING: 0 | IN_INTR: 0 | DS: [0, 0] | RS: [40] | MEM: - | LATCH: IR | OUT: 'What is your name?\nHello, ' | fetch sub
TICK: 001621 | PC: 00192 | STEP: 1 | IR: sub | A: 32 | AR: 1 | NZ: 01 | IE: 1 | PENDING: 0 | IN_INTR: 0 | DS: [] | RS: [40] | MEM: - | LATCH: ALU.left,ALU.right | OUT: 'What is your name?\nHello, ' | sub.load_operands
TICK: 001622 | PC: 00193 | STEP: 0 | IR: sub | A: 32 | AR: 1 | NZ: 01 | IE: 1 | PENDING: 0 | IN_INTR: 0 | DS: [0] | RS: [40] | MEM: - | LATCH: DS.push(ALU),PC,IR.clear | OUT: 'What is your name?\nHello, ' | sub.write_result
TICK: 001623 | PC: 00193 | STEP: 0 | IR: nif 203 | A: 32 | AR: 1 | NZ: 01 | IE: 1 | PENDING: 0 | IN_INTR: 0 | DS: [0] | RS: [40] | MEM: - | LATCH: IR | OUT: 'What is your name?\nHello, ' | fetch nif 203
TICK: 001624 | PC: 00193 | STEP: 1 | IR: nif 203 | A: 32 | AR: 1 | NZ: 01 | IE: 1 | PENDING: 0 | IN_INTR: 0 | DS: [] | RS: [40] | MEM: - | LATCH: ALU.left | OUT: 'What is your name?\nHello, ' | nif.test
TICK: 001625 | PC: 00198 | STEP: 0 | IR: nif 203 | A: 32 | AR: 1 | NZ: 01 | IE: 1 | PENDING: 0 | IN_INTR: 0 | DS: [] | RS: [40] | MEM: - | LATCH: PC,IR.clear | OUT: 'What is your name?\nHello, ' | nif.branch
TICK: 001626 | PC: 00198 | STEP: 0 | IR: jmp 182 | A: 32 | AR: 1 | NZ: 01 | IE: 1 | PENDING: 0 | IN_INTR: 0 | DS: [] | RS: [40] | MEM: - | LATCH: IR | OUT: 'What is your name?\nHello, ' | fetch jmp 182
TICK: 001627 | PC: 00182 | STEP: 0 | IR: jmp 182 | A: 32 | AR: 1 | NZ: 01 | IE: 1 | PENDING: 0 | IN_INTR: 0 | DS: [] | RS: [40] | MEM: - | LATCH: PC,IR.clear | OUT: 'What is your name?\nHello, ' | jmp 182
TICK: 001628 | PC: 00182 | STEP: 0 | IR: load 1 | A: 32 | AR: 1 | NZ: 01 | IE: 1 | PENDING: 0 | IN_INTR: 0 | DS: [] | RS: [40] | MEM: - | LATCH: IR | OUT: 'What is your name?\nHello, ' | fetch load 1
TICK: 001629 | PC: 00182 | STEP: 1 | IR: load 1 | A: 32 | AR: 1 | NZ: 01 | IE: 1 | PENDING: 0 | IN_INTR: 0 | DS: [] | RS: [40] | MEM: - | LATCH: AR | OUT: 'What is your name?\nHello, ' | load.addr 1
TICK: 001630 | PC: 00187 | STEP: 0 | IR: load 1 | A: 32 | AR: 1 | NZ: 01 | IE: 1 | PENDING: 0 | IN_INTR: 0 | DS: [0] | RS: [40] | MEM: read mem[1] | LATCH: DS.push,PC,IR.clear | OUT: 'What is your name?\nHello, ' | load.read
TICK: 001631 | PC: 00187 | STEP: 0 | IR: literal 0 | A: 32 | AR: 1 | NZ: 01 | IE: 1 | PENDING: 0 | IN_INTR: 0 | DS: [0] | RS: [40] | MEM: - | LATCH: IR | OUT: 'What is your name?\nHello, ' | fetch literal 0
TICK: 001632 | PC: 00192 | STEP: 0 | IR: literal 0 | A: 32 | AR: 1 | NZ: 01 | IE: 1 | PENDING: 0 | IN_INTR: 0 | DS: [0, 0] | RS: [40] | MEM: - | LATCH: DS.push,PC,IR.clear | OUT: 'What is your name?\nHello, ' | literal 0
TICK: 001633 | PC: 00192 | STEP: 0 | IR: sub | A: 32 | AR: 1 | NZ: 01 | IE: 1 | PENDING: 0 | IN_INTR: 0 | DS: [0, 0] | RS: [40] | MEM: - | LATCH: IR | OUT: 'What is your name?\nHello, ' | fetch sub
TICK: 001634 | PC: 00192 | STEP: 1 | IR: sub | A: 32 | AR: 1 | NZ: 01 | IE: 1 | PENDING: 0 | IN_INTR: 0 | DS: [] | RS: [40] | MEM: - | LATCH: ALU.left,ALU.right | OUT: 'What is your name?\nHello, ' | sub.load_operands
TICK: 001635 | PC: 00193 | STEP: 0 | IR: sub | A: 32 | AR: 1 | NZ: 01 | IE: 1 | PENDING: 0 | IN_INTR: 0 | DS: [0] | RS: [40] | MEM: - | LATCH: DS.push(ALU),PC,IR.clear | OUT: 'What is your name?\nHello, ' | sub.write_result
TICK: 001636 | PC: 00193 | STEP: 0 | IR: nif 203 | A: 32 | AR: 1 | NZ: 01 | IE: 1 | PENDING: 0 | IN_INTR: 0 | DS: [0] | RS: [40] | MEM: - | LATCH: IR | OUT: 'What is your name?\nHello, ' | fetch nif 203
TICK: 001637 | PC: 00193 | STEP: 1 | IR: nif 203 | A: 32 | AR: 1 | NZ: 01 | IE: 1 | PENDING: 0 | IN_INTR: 0 | DS: [] | RS: [40] | MEM: - | LATCH: ALU.left | OUT: 'What is your name?\nHello, ' | nif.test
TICK: 001638 | PC: 00198 | STEP: 0 | IR: nif 203 | A: 32 | AR: 1 | NZ: 01 | IE: 1 | PENDING: 0 | IN_INTR: 0 | DS: [] | RS: [40] | MEM: - | LATCH: PC,IR.clear | OUT: 'What is your name?\nHello, ' | nif.branch
TICK: 001639 | PC: 00198 | STEP: 0 | IR: jmp 182 | A: 32 | AR: 1 | NZ: 01 | IE: 1 | PENDING: 0 | IN_INTR: 0 | DS: [] | RS: [40] | MEM: - | LATCH: IR | OUT: 'What is your name?\nHello, ' | fetch jmp 182
TICK: 001640 | PC: 00182 | STEP: 0 | IR: jmp 182 | A: 32 | AR: 1 | NZ: 01 | IE: 1 | PENDING: 0 | IN_INTR: 0 | DS: [] | RS: [40] | MEM: - | LATCH: PC,IR.clear | OUT: 'What is your name?\nHello, ' | jmp 182
TICK: 001641 | PC: 00182 | STEP: 0 | IR: load 1 | A: 32 | AR: 1 | NZ: 01 | IE: 1 | PENDING: 0 | IN_INTR: 0 | DS: [] | RS: [40] | MEM: - | LATCH: IR | OUT: 'What is your name?\nHello, ' | fetch load 1
TICK: 001642 | PC: 00182 | STEP: 1 | IR: load 1 | A: 32 | AR: 1 | NZ: 01 | IE: 1 | PENDING: 0 | IN_INTR: 0 | DS: [] | RS: [40] | MEM: - | LATCH: AR | OUT: 'What is your name?\nHello, ' | load.addr 1
TICK: 001643 | PC: 00187 | STEP: 0 | IR: load 1 | A: 32 | AR: 1 | NZ: 01 | IE: 1 | PENDING: 0 | IN_INTR: 0 | DS: [0] | RS: [40] | MEM: read mem[1] | LATCH: DS.push,PC,IR.clear | OUT: 'What is your name?\nHello, ' | load.read
TICK: 001644 | PC: 00187 | STEP: 0 | IR: literal 0 | A: 32 | AR: 1 | NZ: 01 | IE: 1 | PENDING: 0 | IN_INTR: 0 | DS: [0] | RS: [40] | MEM: - | LATCH: IR | OUT: 'What is your name?\nHello, ' | fetch literal 0
TICK: 001645 | PC: 00192 | STEP: 0 | IR: literal 0 | A: 32 | AR: 1 | NZ: 01 | IE: 1 | PENDING: 0 | IN_INTR: 0 | DS: [0, 0] | RS: [40] | MEM: - | LATCH: DS.push,PC,IR.clear | OUT: 'What is your name?\nHello, ' | literal 0
TICK: 001646 | PC: 00192 | STEP: 0 | IR: sub | A: 32 | AR: 1 | NZ: 01 | IE: 1 | PENDING: 0 | IN_INTR: 0 | DS: [0, 0] | RS: [40] | MEM: - | LATCH: IR | OUT: 'What is your name?\nHello, ' | fetch sub
TICK: 001647 | PC: 00192 | STEP: 1 | IR: sub | A: 32 | AR: 1 | NZ: 01 | IE: 1 | PENDING: 0 | IN_INTR: 0 | DS: [] | RS: [40] | MEM: - | LATCH: ALU.left,ALU.right | OUT: 'What is your name?\nHello, ' | sub.load_operands
TICK: 001648 | PC: 00193 | STEP: 0 | IR: sub | A: 32 | AR: 1 | NZ: 01 | IE: 1 | PENDING: 0 | IN_INTR: 0 | DS: [0] | RS: [40] | MEM: - | LATCH: DS.push(ALU),PC,IR.clear | OUT: 'What is your name?\nHello, ' | sub.write_result
TICK: 001649 | PC: 00193 | STEP: 0 | IR: nif 203 | A: 32 | AR: 1 | NZ: 01 | IE: 1 | PENDING: 0 | IN_INTR: 0 | DS: [0] | RS: [40] | MEM: - | LATCH: IR | OUT: 'What is your name?\nHello, ' | fetch nif 203
TICK: 001650 | PC: 00193 | STEP: 1 | IR: nif 203 | A: 32 | AR: 1 | NZ: 01 | IE: 1 | PENDING: 0 | IN_INTR: 0 | DS: [] | RS: [40] | MEM: - | LATCH: ALU.left | OUT: 'What is your name?\nHello, ' | nif.test
TICK: 001651 | PC: 00198 | STEP: 0 | IR: nif 203 | A: 32 | AR: 1 | NZ: 01 | IE: 1 | PENDING: 0 | IN_INTR: 0 | DS: [] | RS: [40] | MEM: - | LATCH: PC,IR.clear | OUT: 'What is your name?\nHello, ' | nif.branch
TICK: 001652 | PC: 00198 | STEP: 0 | IR: jmp 182 | A: 32 | AR: 1 | NZ: 01 | IE: 1 | PENDING: 0 | IN_INTR: 0 | DS: [] | RS: [40] | MEM: - | LATCH: IR | OUT: 'What is your name?\nHello, ' | fetch jmp 182
TICK: 001653 | PC: 00182 | STEP: 0 | IR: jmp 182 | A: 32 | AR: 1 | NZ: 01 | IE: 1 | PENDING: 0 | IN_INTR: 0 | DS: [] | RS: [40] | MEM: - | LATCH: PC,IR.clear | OUT: 'What is your name?\nHello, ' | jmp 182
TICK: 001654 | PC: 00182 | STEP: 0 | IR: load 1 | A: 32 | AR: 1 | NZ: 01 | IE: 1 | PENDING: 0 | IN_INTR: 0 | DS: [] | RS: [40] | MEM: - | LATCH: IR | OUT: 'What is your name?\nHello, ' | fetch load 1
TICK: 001655 | PC: 00182 | STEP: 1 | IR: load 1 | A: 32 | AR: 1 | NZ: 01 | IE: 1 | PENDING: 0 | IN_INTR: 0 | DS: [] | RS: [40] | MEM: - | LATCH: AR | OUT: 'What is your name?\nHello, ' | load.addr 1
TICK: 001656 | PC: 00187 | STEP: 0 | IR: load 1 | A: 32 | AR: 1 | NZ: 01 | IE: 1 | PENDING: 0 | IN_INTR: 0 | DS: [0] | RS: [40] | MEM: read mem[1] | LATCH: DS.push,PC,IR.clear | OUT: 'What is your name?\nHello, ' | load.read
TICK: 001657 | PC: 00187 | STEP: 0 | IR: literal 0 | A: 32 | AR: 1 | NZ: 01 | IE: 1 | PENDING: 0 | IN_INTR: 0 | DS: [0] | RS: [40] | MEM: - | LATCH: IR | OUT: 'What is your name?\nHello, ' | fetch literal 0
TICK: 001658 | PC: 00192 | STEP: 0 | IR: literal 0 | A: 32 | AR: 1 | NZ: 01 | IE: 1 | PENDING: 0 | IN_INTR: 0 | DS: [0, 0] | RS: [40] | MEM: - | LATCH: DS.push,PC,IR.clear | OUT: 'What is your name?\nHello, ' | literal 0
TICK: 001659 | PC: 00192 | STEP: 0 | IR: sub | A: 32 | AR: 1 | NZ: 01 | IE: 1 | PENDING: 0 | IN_INTR: 0 | DS: [0, 0] | RS: [40] | MEM: - | LATCH: IR | OUT: 'What is your name?\nHello, ' | fetch sub
TICK: 001660 | PC: 00192 | STEP: 1 | IR: sub | A: 32 | AR: 1 | NZ: 01 | IE: 1 | PENDING: 0 | IN_INTR: 0 | DS: [] | RS: [40] | MEM: - | LATCH: ALU.left,ALU.right | OUT: 'What is your name?\nHello, ' | sub.load_operands
TICK: 001661 | PC: 00193 | STEP: 0 | IR: sub | A: 32 | AR: 1 | NZ: 01 | IE: 1 | PENDING: 0 | IN_INTR: 0 | DS: [0] | RS: [40] | MEM: - | LATCH: DS.push(ALU),PC,IR.clear | OUT: 'What is your name?\nHello, ' | sub.write_result
TICK: 001662 | PC: 00193 | STEP: 0 | IR: nif 203 | A: 32 | AR: 1 | NZ: 01 | IE: 1 | PENDING: 0 | IN_INTR: 0 | DS: [0] | RS: [40] | MEM: - | LATCH: IR | OUT: 'What is your name?\nHello, ' | fetch nif 203
TICK: 001663 | PC: 00193 | STEP: 1 | IR: nif 203 | A: 32 | AR: 1 | NZ: 01 | IE: 1 | PENDING: 0 | IN_INTR: 0 | DS: [] | RS: [40] | MEM: - | LATCH: ALU.left | OUT: 'What is your name?\nHello, ' | nif.test
TICK: 001664 | PC: 00198 | STEP: 0 | IR: nif 203 | A: 32 | AR: 1 | NZ: 01 | IE: 1 | PENDING: 0 | IN_INTR: 0 | DS: [] | RS: [40] | MEM: - | LATCH: PC,IR.clear | OUT: 'What is your name?\nHello, ' | nif.branch
TICK: 001665 | PC: 00198 | STEP: 0 | IR: jmp 182 | A: 32 | AR: 1 | NZ: 01 | IE: 1 | PENDING: 0 | IN_INTR: 0 | DS: [] | RS: [40] | MEM: - | LATCH: IR | OUT: 'What is your name?\nHello, ' | fetch jmp 182
TICK: 001666 | PC: 00182 | STEP: 0 | IR: jmp 182 | A: 32 | AR: 1 | NZ: 01 | IE: 1 | PENDING: 0 | IN_INTR: 0 | DS: [] | RS: [40] | MEM: - | LATCH: PC,IR.clear | OUT: 'What is your name?\nHello, ' | jmp 182
TICK: 001667 | PC: 00182 | STEP: 0 | IR: load 1 | A: 32 | AR: 1 | NZ: 01 | IE: 1 | PENDING: 0 | IN_INTR: 0 | DS: [] | RS: [40] | MEM: - | LATCH: IR | OUT: 'What is your name?\nHello, ' | fetch load 1
TICK: 001668 | PC: 00182 | STEP: 1 | IR: load 1 | A: 32 | AR: 1 | NZ: 01 | IE: 1 | PENDING: 0 | IN_INTR: 0 | DS: [] | RS: [40] | MEM: - | LATCH: AR | OUT: 'What is your name?\nHello, ' | load.addr 1
TICK: 001669 | PC: 00187 | STEP: 0 | IR: load 1 | A: 32 | AR: 1 | NZ: 01 | IE: 1 | PENDING: 0 | IN_INTR: 0 | DS: [0] | RS: [40] | MEM: read mem[1] | LATCH: DS.push,PC,IR.clear | OUT: 'What is your name?\nHello, ' | load.read
TICK: 001670 | PC: 00187 | STEP: 0 | IR: literal 0 | A: 32 | AR: 1 | NZ: 01 | IE: 1 | PENDING: 0 | IN_INTR: 0 | DS: [0] | RS: [40] | MEM: - | LATCH: IR | OUT: 'What is your name?\nHello, ' | fetch literal 0
TICK: 001671 | PC: 00192 | STEP: 0 | IR: literal 0 | A: 32 | AR: 1 | NZ: 01 | IE: 1 | PENDING: 0 | IN_INTR: 0 | DS: [0, 0] | RS: [40] | MEM: - | LATCH: DS.push,PC,IR.clear | OUT: 'What is your name?\nHello, ' | literal 0
TICK: 001672 | PC: 00192 | STEP: 0 | IR: sub | A: 32 | AR: 1 | NZ: 01 | IE: 1 | PENDING: 0 | IN_INTR: 0 | DS: [0, 0] | RS: [40] | MEM: - | LATCH: IR | OUT: 'What is your name?\nHello, ' | fetch sub
TICK: 001673 | PC: 00192 | STEP: 1 | IR: sub | A: 32 | AR: 1 | NZ: 01 | IE: 1 | PENDING: 0 | IN_INTR: 0 | DS: [] | RS: [40] | MEM: - | LATCH: ALU.left,ALU.right | OUT: 'What is your name?\nHello, ' | sub.load_operands
TICK: 001674 | PC: 00193 | STEP: 0 | IR: sub | A: 32 | AR: 1 | NZ: 01 | IE: 1 | PENDING: 0 | IN_INTR: 0 | DS: [0] | RS: [40] | MEM: - | LATCH: DS.push(ALU),PC,IR.clear | OUT: 'What is your name?\nHello, ' | sub.write_result
TICK: 001675 | PC: 00193 | STEP: 0 | IR: nif 203 | A: 32 | AR: 1 | NZ: 01 | IE: 1 | PENDING: 0 | IN_INTR: 0 | DS: [0] | RS: [40] | MEM: - | LATCH: IR | OUT: 'What is your name?\nHello, ' | fetch nif 203
TICK: 001676 | PC: 00193 | STEP: 1 | IR: nif 203 | A: 32 | AR: 1 | NZ: 01 | IE: 1 | PENDING: 0 | IN_INTR: 0 | DS: [] | RS: [40] | MEM: - | LATCH: ALU.left | OUT: 'What is your name?\nHello, ' | nif.test
TICK: 001677 | PC: 00198 | STEP: 0 | IR: nif 203 | A: 32 | AR: 1 | NZ: 01 | IE: 1 | PENDING: 0 | IN_INTR: 0 | DS: [] | RS: [40] | MEM: - | LATCH: PC,IR.clear | OUT: 'What is your name?\nHello, ' | nif.branch
TICK: 001678 | PC: 00198 | STEP: 0 | IR: jmp 182 | A: 32 | AR: 1 | NZ: 01 | IE: 1 | PENDING: 0 | IN_INTR: 0 | DS: [] | RS: [40] | MEM: - | LATCH: IR | OUT: 'What is your name?\nHello, ' | fetch jmp 182
TICK: 001679 | PC: 00182 | STEP: 0 | IR: jmp 182 | A: 32 | AR: 1 | NZ: 01 | IE: 1 | PENDING: 0 | IN_INTR: 0 | DS: [] | RS: [40] | MEM: - | LATCH: PC,IR.clear | OUT: 'What is your name?\nHello, ' | jmp 182
TICK: 001680 | PC: 00182 | STEP: 0 | IR: load 1 | A: 32 | AR: 1 | NZ: 01 | IE: 1 | PENDING: 0 | IN_INTR: 0 | DS: [] | RS: [40] | MEM: - | LATCH: IR | OUT: 'What is your name?\nHello, ' | fetch load 1
TICK: 001681 | PC: 00182 | STEP: 1 | IR: load 1 | A: 32 | AR: 1 | NZ: 01 | IE: 1 | PENDING: 0 | IN_INTR: 0 | DS: [] | RS: [40] | MEM: - | LATCH: AR | OUT: 'What is your name?\nHello, ' | load.addr 1
TICK: 001682 | PC: 00187 | STEP: 0 | IR: load 1 | A: 32 | AR: 1 | NZ: 01 | IE: 1 | PENDING: 0 | IN_INTR: 0 | DS: [0] | RS: [40] | MEM: read mem[1] | LATCH: DS.push,PC,IR.clear | OUT: 'What is your name?\nHello, ' | load.read
TICK: 001683 | PC: 00187 | STEP: 0 | IR: literal 0 | A: 32 | AR: 1 | NZ: 01 | IE: 1 | PENDING: 0 | IN_INTR: 0 | DS: [0] | RS: [40] | MEM: - | LATCH: IR | OUT: 'What is your name?\nHello, ' | fetch literal 0
TICK: 001684 | PC: 00192 | STEP: 0 | IR: literal 0 | A: 32 | AR: 1 | NZ: 01 | IE: 1 | PENDING: 0 | IN_INTR: 0 | DS: [0, 0] | RS: [40] | MEM: - | LATCH: DS.push,PC,IR.clear | OUT: 'What is your name?\nHello, ' | literal 0
TICK: 001685 | PC: 00192 | STEP: 0 | IR: sub | A: 32 | AR: 1 | NZ: 01 | IE: 1 | PENDING: 0 | IN_INTR: 0 | DS: [0, 0] | RS: [40] | MEM: - | LATCH: IR | OUT: 'What is your name?\nHello, ' | fetch sub
TICK: 001686 | PC: 00192 | STEP: 1 | IR: sub | A: 32 | AR: 1 | NZ: 01 | IE: 1 | PENDING: 0 | IN_INTR: 0 | DS: [] | RS: [40] | MEM: - | LATCH: ALU.left,ALU.right | OUT: 'What is your name?\nHello, ' | sub.load_operands
TICK: 001687 | PC: 00193 | STEP: 0 | IR: sub | A: 32 | AR: 1 | NZ: 01 | IE: 1 | PENDING: 0 | IN_INTR: 0 | DS: [0] | RS: [40] | MEM: - | LATCH: DS.push(ALU),PC,IR.clear | OUT: 'What is your name?\nHello, ' | sub.write_result
TICK: 001688 | PC: 00193 | STEP: 0 | IR: nif 203 | A: 32 | AR: 1 | NZ: 01 | IE: 1 | PENDING: 0 | IN_INTR: 0 | DS: [0] | RS: [40] | MEM: - | LATCH: IR | OUT: 'What is your name?\nHello, ' | fetch nif 203
TICK: 001689 | PC: 00193 | STEP: 1 | IR: nif 203 | A: 32 | AR: 1 | NZ: 01 | IE: 1 | PENDING: 0 | IN_INTR: 0 | DS: [] | RS: [40] | MEM: - | LATCH: ALU.left | OUT: 'What is your name?\nHello, ' | nif.test
TICK: 001690 | PC: 00198 | STEP: 0 | IR: nif 203 | A: 32 | AR: 1 | NZ: 01 | IE: 1 | PENDING: 0 | IN_INTR: 0 | DS: [] | RS: [40] | MEM: - | LATCH: PC,IR.clear | OUT: 'What is your name?\nHello, ' | nif.branch
TICK: 001691 | PC: 00198 | STEP: 0 | IR: jmp 182 | A: 32 | AR: 1 | NZ: 01 | IE: 1 | PENDING: 0 | IN_INTR: 0 | DS: [] | RS: [40] | MEM: - | LATCH: IR | OUT: 'What is your name?\nHello, ' | fetch jmp 182
TICK: 001692 | PC: 00182 | STEP: 0 | IR: jmp 182 | A: 32 | AR: 1 | NZ: 01 | IE: 1 | PENDING: 0 | IN_INTR: 0 | DS: [] | RS: [40] | MEM: - | LATCH: PC,IR.clear | OUT: 'What is your name?\nHello, ' | jmp 182
TICK: 001693 | PC: 00182 | STEP: 0 | IR: load 1 | A: 32 | AR: 1 | NZ: 01 | IE: 1 | PENDING: 0 | IN_INTR: 0 | DS: [] | RS: [40] | MEM: - | LATCH: IR | OUT: 'What is your name?\nHello, ' | fetch load 1
TICK: 001694 | PC: 00182 | STEP: 1 | IR: load 1 | A: 32 | AR: 1 | NZ: 01 | IE: 1 | PENDING: 0 | IN_INTR: 0 | DS: [] | RS: [40] | MEM: - | LATCH: AR | OUT: 'What is your name?\nHello, ' | load.addr 1
TICK: 001695 | PC: 00187 | STEP: 0 | IR: load 1 | A: 32 | AR: 1 | NZ: 01 | IE: 1 | PENDING: 0 | IN_INTR: 0 | DS: [0] | RS: [40] | MEM: read mem[1] | LATCH: DS.push,PC,IR.clear | OUT: 'What is your name?\nHello, ' | load.read
TICK: 001696 | PC: 00187 | STEP: 0 | IR: literal 0 | A: 32 | AR: 1 | NZ: 01 | IE: 1 | PENDING: 0 | IN_INTR: 0 | DS: [0] | RS: [40] | MEM: - | LATCH: IR | OUT: 'What is your name?\nHello, ' | fetch literal 0
TICK: 001697 | PC: 00192 | STEP: 0 | IR: literal 0 | A: 32 | AR: 1 | NZ: 01 | IE: 1 | PENDING: 0 | IN_INTR: 0 | DS: [0, 0] | RS: [40] | MEM: - | LATCH: DS.push,PC,IR.clear | OUT: 'What is your name?\nHello, ' | literal 0
TICK: 001698 | PC: 00192 | STEP: 0 | IR: sub | A: 32 | AR: 1 | NZ: 01 | IE: 1 | PENDING: 0 | IN_INTR: 0 | DS: [0, 0] | RS: [40] | MEM: - | LATCH: IR | OUT: 'What is your name?\nHello, ' | fetch sub
TICK: 001699 | PC: 00192 | STEP: 1 | IR: sub | A: 32 | AR: 1 | NZ: 01 | IE: 1 | PENDING: 0 | IN_INTR: 0 | DS: [] | RS: [40] | MEM: - | LATCH: ALU.left,ALU.right | OUT: 'What is your name?\nHello, ' | sub.load_operands
TICK: 001700 | PC: 00193 | STEP: 0 | IR: sub | A: 32 | AR: 1 | NZ: 01 | IE: 1 | PENDING: 0 | IN_INTR: 0 | DS: [0] | RS: [40] | MEM: - | LATCH: DS.push(ALU),PC,IR.clear | OUT: 'What is your name?\nHello, ' | sub.write_result
TICK: 001701 | PC: 00193 | STEP: 0 | IR: nif 203 | A: 32 | AR: 1 | NZ: 01 | IE: 1 | PENDING: 0 | IN_INTR: 0 | DS: [0] | RS: [40] | MEM: - | LATCH: IR | OUT: 'What is your name?\nHello, ' | fetch nif 203
TICK: 001702 | PC: 00193 | STEP: 1 | IR: nif 203 | A: 32 | AR: 1 | NZ: 01 | IE: 1 | PENDING: 0 | IN_INTR: 0 | DS: [] | RS: [40] | MEM: - | LATCH: ALU.left | OUT: 'What is your name?\nHello, ' | nif.test
TICK: 001703 | PC: 00198 | STEP: 0 | IR: nif 203 | A: 32 | AR: 1 | NZ: 01 | IE: 1 | PENDING: 0 | IN_INTR: 0 | DS: [] | RS: [40] | MEM: - | LATCH: PC,IR.clear | OUT: 'What is your name?\nHello, ' | nif.branch
TICK: 001704 | PC: 00198 | STEP: 0 | IR: jmp 182 | A: 32 | AR: 1 | NZ: 01 | IE: 1 | PENDING: 0 | IN_INTR: 0 | DS: [] | RS: [40] | MEM: - | LATCH: IR | OUT: 'What is your name?\nHello, ' | fetch jmp 182
TICK: 001705 | PC: 00182 | STEP: 0 | IR: jmp 182 | A: 32 | AR: 1 | NZ: 01 | IE: 1 | PENDING: 0 | IN_INTR: 0 | DS: [] | RS: [40] | MEM: - | LATCH: PC,IR.clear | OUT: 'What is your name?\nHello, ' | jmp 182
TICK: 001706 | PC: 00182 | STEP: 0 | IR: load 1 | A: 32 | AR: 1 | NZ: 01 | IE: 1 | PENDING: 0 | IN_INTR: 0 | DS: [] | RS: [40] | MEM: - | LATCH: IR | OUT: 'What is your name?\nHello, ' | fetch load 1
TICK: 001707 | PC: 00182 | STEP: 1 | IR: load 1 | A: 32 | AR: 1 | NZ: 01 | IE: 1 | PENDING: 0 | IN_INTR: 0 | DS: [] | RS: [40] | MEM: - | LATCH: AR | OUT: 'What is your name?\nHello, ' | load.addr 1
TICK: 001708 | PC: 00187 | STEP: 0 | IR: load 1 | A: 32 | AR: 1 | NZ: 01 | IE: 1 | PENDING: 0 | IN_INTR: 0 | DS: [0] | RS: [40] | MEM: read mem[1] | LATCH: DS.push,PC,IR.clear | OUT: 'What is your name?\nHello, ' | load.read
TICK: 001709 | PC: 00187 | STEP: 0 | IR: literal 0 | A: 32 | AR: 1 | NZ: 01 | IE: 1 | PENDING: 0 | IN_INTR: 0 | DS: [0] | RS: [40] | MEM: - | LATCH: IR | OUT: 'What is your name?\nHello, ' | fetch literal 0
TICK: 001710 | PC: 00192 | STEP: 0 | IR: literal 0 | A: 32 | AR: 1 | NZ: 01 | IE: 1 | PENDING: 0 | IN_INTR: 0 | DS: [0, 0] | RS: [40] | MEM: - | LATCH: DS.push,PC,IR.clear | OUT: 'What is your name?\nHello, ' | literal 0
TICK: 001711 | PC: 00192 | STEP: 0 | IR: sub | A: 32 | AR: 1 | NZ: 01 | IE: 1 | PENDING: 0 | IN_INTR: 0 | DS: [0, 0] | RS: [40] | MEM: - | LATCH: IR | OUT: 'What is your name?\nHello, ' | fetch sub
TICK: 001712 | PC: 00192 | STEP: 1 | IR: sub | A: 32 | AR: 1 | NZ: 01 | IE: 1 | PENDING: 0 | IN_INTR: 0 | DS: [] | RS: [40] | MEM: - | LATCH: ALU.left,ALU.right | OUT: 'What is your name?\nHello, ' | sub.load_operands
TICK: 001713 | PC: 00193 | STEP: 0 | IR: sub | A: 32 | AR: 1 | NZ: 01 | IE: 1 | PENDING: 0 | IN_INTR: 0 | DS: [0] | RS: [40] | MEM: - | LATCH: DS.push(ALU),PC,IR.clear | OUT: 'What is your name?\nHello, ' | sub.write_result
TICK: 001714 | PC: 00193 | STEP: 0 | IR: nif 203 | A: 32 | AR: 1 | NZ: 01 | IE: 1 | PENDING: 0 | IN_INTR: 0 | DS: [0] | RS: [40] | MEM: - | LATCH: IR | OUT: 'What is your name?\nHello, ' | fetch nif 203
TICK: 001715 | PC: 00193 | STEP: 1 | IR: nif 203 | A: 32 | AR: 1 | NZ: 01 | IE: 1 | PENDING: 0 | IN_INTR: 0 | DS: [] | RS: [40] | MEM: - | LATCH: ALU.left | OUT: 'What is your name?\nHello, ' | nif.test
TICK: 001716 | PC: 00198 | STEP: 0 | IR: nif 203 | A: 32 | AR: 1 | NZ: 01 | IE: 1 | PENDING: 0 | IN_INTR: 0 | DS: [] | RS: [40] | MEM: - | LATCH: PC,IR.clear | OUT: 'What is your name?\nHello, ' | nif.branch
TICK: 001717 | PC: 00198 | STEP: 0 | IR: jmp 182 | A: 32 | AR: 1 | NZ: 01 | IE: 1 | PENDING: 0 | IN_INTR: 0 | DS: [] | RS: [40] | MEM: - | LATCH: IR | OUT: 'What is your name?\nHello, ' | fetch jmp 182
TICK: 001718 | PC: 00182 | STEP: 0 | IR: jmp 182 | A: 32 | AR: 1 | NZ: 01 | IE: 1 | PENDING: 0 | IN_INTR: 0 | DS: [] | RS: [40] | MEM: - | LATCH: PC,IR.clear | OUT: 'What is your name?\nHello, ' | jmp 182
TICK: 001719 | PC: 00182 | STEP: 0 | IR: load 1 | A: 32 | AR: 1 | NZ: 01 | IE: 1 | PENDING: 0 | IN_INTR: 0 | DS: [] | RS: [40] | MEM: - | LATCH: IR | OUT: 'What is your name?\nHello, ' | fetch load 1
TICK: 001720 | PC: 00182 | STEP: 1 | IR: load 1 | A: 32 | AR: 1 | NZ: 01 | IE: 1 | PENDING: 0 | IN_INTR: 0 | DS: [] | RS: [40] | MEM: - | LATCH: AR | OUT: 'What is your name?\nHello, ' | load.addr 1
TICK: 001721 | PC: 00187 | STEP: 0 | IR: load 1 | A: 32 | AR: 1 | NZ: 01 | IE: 1 | PENDING: 0 | IN_INTR: 0 | DS: [0] | RS: [40] | MEM: read mem[1] | LATCH: DS.push,PC,IR.clear | OUT: 'What is your name?\nHello, ' | load.read
TICK: 001722 | PC: 00187 | STEP: 0 | IR: literal 0 | A: 32 | AR: 1 | NZ: 01 | IE: 1 | PENDING: 0 | IN_INTR: 0 | DS: [0] | RS: [40] | MEM: - | LATCH: IR | OUT: 'What is your name?\nHello, ' | fetch literal 0
TICK: 001723 | PC: 00192 | STEP: 0 | IR: literal 0 | A: 32 | AR: 1 | NZ: 01 | IE: 1 | PENDING: 0 | IN_INTR: 0 | DS: [0, 0] | RS: [40] | MEM: - | LATCH: DS.push,PC,IR.clear | OUT: 'What is your name?\nHello, ' | literal 0
TICK: 001724 | PC: 00192 | STEP: 0 | IR: sub | A: 32 | AR: 1 | NZ: 01 | IE: 1 | PENDING: 0 | IN_INTR: 0 | DS: [0, 0] | RS: [40] | MEM: - | LATCH: IR | OUT: 'What is your name?\nHello, ' | fetch sub
TICK: 001725 | PC: 00192 | STEP: 1 | IR: sub | A: 32 | AR: 1 | NZ: 01 | IE: 1 | PENDING: 0 | IN_INTR: 0 | DS: [] | RS: [40] | MEM: - | LATCH: ALU.left,ALU.right | OUT: 'What is your name?\nHello, ' | sub.load_operands
TICK: 001726 | PC: 00193 | STEP: 0 | IR: sub | A: 32 | AR: 1 | NZ: 01 | IE: 1 | PENDING: 0 | IN_INTR: 0 | DS: [0] | RS: [40] | MEM: - | LATCH: DS.push(ALU),PC,IR.clear | OUT: 'What is your name?\nHello, ' | sub.write_result
TICK: 001727 | PC: 00193 | STEP: 0 | IR: nif 203 | A: 32 | AR: 1 | NZ: 01 | IE: 1 | PENDING: 0 | IN_INTR: 0 | DS: [0] | RS: [40] | MEM: - | LATCH: IR | OUT: 'What is your name?\nHello, ' | fetch nif 203
TICK: 001728 | PC: 00193 | STEP: 1 | IR: nif 203 | A: 32 | AR: 1 | NZ: 01 | IE: 1 | PENDING: 0 | IN_INTR: 0 | DS: [] | RS: [40] | MEM: - | LATCH: ALU.left | OUT: 'What is your name?\nHello, ' | nif.test
TICK: 001729 | PC: 00198 | STEP: 0 | IR: nif 203 | A: 32 | AR: 1 | NZ: 01 | IE: 1 | PENDING: 0 | IN_INTR: 0 | DS: [] | RS: [40] | MEM: - | LATCH: PC,IR.clear | OUT: 'What is your name?\nHello, ' | nif.branch
TICK: 001730 | PC: 00198 | STEP: 0 | IR: jmp 182 | A: 32 | AR: 1 | NZ: 01 | IE: 1 | PENDING: 0 | IN_INTR: 0 | DS: [] | RS: [40] | MEM: - | LATCH: IR | OUT: 'What is your name?\nHello, ' | fetch jmp 182
TICK: 001731 | PC: 00182 | STEP: 0 | IR: jmp 182 | A: 32 | AR: 1 | NZ: 01 | IE: 1 | PENDING: 0 | IN_INTR: 0 | DS: [] | RS: [40] | MEM: - | LATCH: PC,IR.clear | OUT: 'What is your name?\nHello, ' | jmp 182
TICK: 001732 | PC: 00182 | STEP: 0 | IR: load 1 | A: 32 | AR: 1 | NZ: 01 | IE: 1 | PENDING: 0 | IN_INTR: 0 | DS: [] | RS: [40] | MEM: - | LATCH: IR | OUT: 'What is your name?\nHello, ' | fetch load 1
TICK: 001733 | PC: 00182 | STEP: 1 | IR: load 1 | A: 32 | AR: 1 | NZ: 01 | IE: 1 | PENDING: 0 | IN_INTR: 0 | DS: [] | RS: [40] | MEM: - | LATCH: AR | OUT: 'What is your name?\nHello, ' | load.addr 1
TICK: 001734 | PC: 00187 | STEP: 0 | IR: load 1 | A: 32 | AR: 1 | NZ: 01 | IE: 1 | PENDING: 0 | IN_INTR: 0 | DS: [0] | RS: [40] | MEM: read mem[1] | LATCH: DS.push,PC,IR.clear | OUT: 'What is your name?\nHello, ' | load.read
TICK: 001735 | PC: 00187 | STEP: 0 | IR: literal 0 | A: 32 | AR: 1 | NZ: 01 | IE: 1 | PENDING: 0 | IN_INTR: 0 | DS: [0] | RS: [40] | MEM: - | LATCH: IR | OUT: 'What is your name?\nHello, ' | fetch literal 0
TICK: 001736 | PC: 00192 | STEP: 0 | IR: literal 0 | A: 32 | AR: 1 | NZ: 01 | IE: 1 | PENDING: 0 | IN_INTR: 0 | DS: [0, 0] | RS: [40] | MEM: - | LATCH: DS.push,PC,IR.clear | OUT: 'What is your name?\nHello, ' | literal 0
TICK: 001737 | PC: 00192 | STEP: 0 | IR: sub | A: 32 | AR: 1 | NZ: 01 | IE: 1 | PENDING: 0 | IN_INTR: 0 | DS: [0, 0] | RS: [40] | MEM: - | LATCH: IR | OUT: 'What is your name?\nHello, ' | fetch sub
TICK: 001738 | PC: 00192 | STEP: 1 | IR: sub | A: 32 | AR: 1 | NZ: 01 | IE: 1 | PENDING: 0 | IN_INTR: 0 | DS: [] | RS: [40] | MEM: - | LATCH: ALU.left,ALU.right | OUT: 'What is your name?\nHello, ' | sub.load_operands
TICK: 001739 | PC: 00193 | STEP: 0 | IR: sub | A: 32 | AR: 1 | NZ: 01 | IE: 1 | PENDING: 0 | IN_INTR: 0 | DS: [0] | RS: [40] | MEM: - | LATCH: DS.push(ALU),PC,IR.clear | OUT: 'What is your name?\nHello, ' | sub.write_result
TICK: 001740 | PC: 00193 | STEP: 0 | IR: nif 203 | A: 32 | AR: 1 | NZ: 01 | IE: 1 | PENDING: 0 | IN_INTR: 0 | DS: [0] | RS: [40] | MEM: - | LATCH: IR | OUT: 'What is your name?\nHello, ' | fetch nif 203
TICK: 001741 | PC: 00193 | STEP: 1 | IR: nif 203 | A: 32 | AR: 1 | NZ: 01 | IE: 1 | PENDING: 0 | IN_INTR: 0 | DS: [] | RS: [40] | MEM: - | LATCH: ALU.left | OUT: 'What is your name?\nHello, ' | nif.test
TICK: 001742 | PC: 00198 | STEP: 0 | IR: nif 203 | A: 32 | AR: 1 | NZ: 01 | IE: 1 | PENDING: 0 | IN_INTR: 0 | DS: [] | RS: [40] | MEM: - | LATCH: PC,IR.clear | OUT: 'What is your name?\nHello, ' | nif.branch
TICK: 001743 | PC: 00198 | STEP: 0 | IR: jmp 182 | A: 32 | AR: 1 | NZ: 01 | IE: 1 | PENDING: 0 | IN_INTR: 0 | DS: [] | RS: [40] | MEM: - | LATCH: IR | OUT: 'What is your name?\nHello, ' | fetch jmp 182
TICK: 001744 | PC: 00182 | STEP: 0 | IR: jmp 182 | A: 32 | AR: 1 | NZ: 01 | IE: 1 | PENDING: 0 | IN_INTR: 0 | DS: [] | RS: [40] | MEM: - | LATCH: PC,IR.clear | OUT: 'What is your name?\nHello, ' | jmp 182
TICK: 001745 | PC: 00182 | STEP: 0 | IR: load 1 | A: 32 | AR: 1 | NZ: 01 | IE: 1 | PENDING: 0 | IN_INTR: 0 | DS: [] | RS: [40] | MEM: - | LATCH: IR | OUT: 'What is your name?\nHello, ' | fetch load 1
TICK: 001746 | PC: 00182 | STEP: 1 | IR: load 1 | A: 32 | AR: 1 | NZ: 01 | IE: 1 | PENDING: 0 | IN_INTR: 0 | DS: [] | RS: [40] | MEM: - | LATCH: AR | OUT: 'What is your name?\nHello, ' | load.addr 1
TICK: 001747 | PC: 00187 | STEP: 0 | IR: load 1 | A: 32 | AR: 1 | NZ: 01 | IE: 1 | PENDING: 0 | IN_INTR: 0 | DS: [0] | RS: [40] | MEM: read mem[1] | LATCH: DS.push,PC,IR.clear | OUT: 'What is your name?\nHello, ' | load.read
TICK: 001748 | PC: 00187 | STEP: 0 | IR: literal 0 | A: 32 | AR: 1 | NZ: 01 | IE: 1 | PENDING: 0 | IN_INTR: 0 | DS: [0] | RS: [40] | MEM: - | LATCH: IR | OUT: 'What is your name?\nHello, ' | fetch literal 0
TICK: 001749 | PC: 00192 | STEP: 0 | IR: literal 0 | A: 32 | AR: 1 | NZ: 01 | IE: 1 | PENDING: 0 | IN_INTR: 0 | DS: [0, 0] | RS: [40] | MEM: - | LATCH: DS.push,PC,IR.clear | OUT: 'What is your name?\nHello, ' | literal 0
TICK: 001750 | PC: 00192 | STEP: 0 | IR: sub | A: 32 | AR: 1 | NZ: 01 | IE: 1 | PENDING: 0 | IN_INTR: 0 | DS: [0, 0] | RS: [40] | MEM: - | LATCH: IR | OUT: 'What is your name?\nHello, ' | fetch sub
TICK: 001751 | PC: 00192 | STEP: 1 | IR: sub | A: 32 | AR: 1 | NZ: 01 | IE: 1 | PENDING: 0 | IN_INTR: 0 | DS: [] | RS: [40] | MEM: - | LATCH: ALU.left,ALU.right | OUT: 'What is your name?\nHello, ' | sub.load_operands
TICK: 001752 | PC: 00193 | STEP: 0 | IR: sub | A: 32 | AR: 1 | NZ: 01 | IE: 1 | PENDING: 0 | IN_INTR: 0 | DS: [0] | RS: [40] | MEM: - | LATCH: DS.push(ALU),PC,IR.clear | OUT: 'What is your name?\nHello, ' | sub.write_result
TICK: 001753 | PC: 00193 | STEP: 0 | IR: nif 203 | A: 32 | AR: 1 | NZ: 01 | IE: 1 | PENDING: 0 | IN_INTR: 0 | DS: [0] | RS: [40] | MEM: - | LATCH: IR | OUT: 'What is your name?\nHello, ' | fetch nif 203
TICK: 001754 | PC: 00193 | STEP: 1 | IR: nif 203 | A: 32 | AR: 1 | NZ: 01 | IE: 1 | PENDING: 0 | IN_INTR: 0 | DS: [] | RS: [40] | MEM: - | LATCH: ALU.left | OUT: 'What is your name?\nHello, ' | nif.test
TICK: 001755 | PC: 00198 | STEP: 0 | IR: nif 203 | A: 32 | AR: 1 | NZ: 01 | IE: 1 | PENDING: 0 | IN_INTR: 0 | DS: [] | RS: [40] | MEM: - | LATCH: PC,IR.clear | OUT: 'What is your name?\nHello, ' | nif.branch
TICK: 001756 | PC: 00198 | STEP: 0 | IR: jmp 182 | A: 32 | AR: 1 | NZ: 01 | IE: 1 | PENDING: 0 | IN_INTR: 0 | DS: [] | RS: [40] | MEM: - | LATCH: IR | OUT: 'What is your name?\nHello, ' | fetch jmp 182
TICK: 001757 | PC: 00182 | STEP: 0 | IR: jmp 182 | A: 32 | AR: 1 | NZ: 01 | IE: 1 | PENDING: 0 | IN_INTR: 0 | DS: [] | RS: [40] | MEM: - | LATCH: PC,IR.clear | OUT: 'What is your name?\nHello, ' | jmp 182
TICK: 001758 | PC: 00182 | STEP: 0 | IR: load 1 | A: 32 | AR: 1 | NZ: 01 | IE: 1 | PENDING: 0 | IN_INTR: 0 | DS: [] | RS: [40] | MEM: - | LATCH: IR | OUT: 'What is your name?\nHello, ' | fetch load 1
TICK: 001759 | PC: 00182 | STEP: 1 | IR: load 1 | A: 32 | AR: 1 | NZ: 01 | IE: 1 | PENDING: 0 | IN_INTR: 0 | DS: [] | RS: [40] | MEM: - | LATCH: AR | OUT: 'What is your name?\nHello, ' | load.addr 1
TICK: 001760 | PC: 00187 | STEP: 0 | IR: load 1 | A: 32 | AR: 1 | NZ: 01 | IE: 1 | PENDING: 0 | IN_INTR: 0 | DS: [0] | RS: [40] | MEM: read mem[1] | LATCH: DS.push,PC,IR.clear | OUT: 'What is your name?\nHello, ' | load.read
TICK: 001761 | PC: 00187 | STEP: 0 | IR: literal 0 | A: 32 | AR: 1 | NZ: 01 | IE: 1 | PENDING: 0 | IN_INTR: 0 | DS: [0] | RS: [40] | MEM: - | LATCH: IR | OUT: 'What is your name?\nHello, ' | fetch literal 0
TICK: 001762 | PC: 00192 | STEP: 0 | IR: literal 0 | A: 32 | AR: 1 | NZ: 01 | IE: 1 | PENDING: 0 | IN_INTR: 0 | DS: [0, 0] | RS: [40] | MEM: - | LATCH: DS.push,PC,IR.clear | OUT: 'What is your name?\nHello, ' | literal 0
TICK: 001763 | PC: 00192 | STEP: 0 | IR: sub | A: 32 | AR: 1 | NZ: 01 | IE: 1 | PENDING: 0 | IN_INTR: 0 | DS: [0, 0] | RS: [40] | MEM: - | LATCH: IR | OUT: 'What is your name?\nHello, ' | fetch sub
TICK: 001764 | PC: 00192 | STEP: 1 | IR: sub | A: 32 | AR: 1 | NZ: 01 | IE: 1 | PENDING: 0 | IN_INTR: 0 | DS: [] | RS: [40] | MEM: - | LATCH: ALU.left,ALU.right | OUT: 'What is your name?\nHello, ' | sub.load_operands
TICK: 001765 | PC: 00193 | STEP: 0 | IR: sub | A: 32 | AR: 1 | NZ: 01 | IE: 1 | PENDING: 0 | IN_INTR: 0 | DS: [0] | RS: [40] | MEM: - | LATCH: DS.push(ALU),PC,IR.clear | OUT: 'What is your name?\nHello, ' | sub.write_result
TICK: 001766 | PC: 00193 | STEP: 0 | IR: nif 203 | A: 32 | AR: 1 | NZ: 01 | IE: 1 | PENDING: 0 | IN_INTR: 0 | DS: [0] | RS: [40] | MEM: - | LATCH: IR | OUT: 'What is your name?\nHello, ' | fetch nif 203
TICK: 001767 | PC: 00193 | STEP: 1 | IR: nif 203 | A: 32 | AR: 1 | NZ: 01 | IE: 1 | PENDING: 0 | IN_INTR: 0 | DS: [] | RS: [40] | MEM: - | LATCH: ALU.left | OUT: 'What is your name?\nHello, ' | nif.test
TICK: 001768 | PC: 00198 | STEP: 0 | IR: nif 203 | A: 32 | AR: 1 | NZ: 01 | IE: 1 | PENDING: 0 | IN_INTR: 0 | DS: [] | RS: [40] | MEM: - | LATCH: PC,IR.clear | OUT: 'What is your name?\nHello, ' | nif.branch
TICK: 001769 | PC: 00198 | STEP: 0 | IR: jmp 182 | A: 32 | AR: 1 | NZ: 01 | IE: 1 | PENDING: 0 | IN_INTR: 0 | DS: [] | RS: [40] | MEM: - | LATCH: IR | OUT: 'What is your name?\nHello, ' | fetch jmp 182
TICK: 001770 | PC: 00182 | STEP: 0 | IR: jmp 182 | A: 32 | AR: 1 | NZ: 01 | IE: 1 | PENDING: 0 | IN_INTR: 0 | DS: [] | RS: [40] | MEM: - | LATCH: PC,IR.clear | OUT: 'What is your name?\nHello, ' | jmp 182
TICK: 001771 | PC: 00182 | STEP: 0 | IR: load 1 | A: 32 | AR: 1 | NZ: 01 | IE: 1 | PENDING: 0 | IN_INTR: 0 | DS: [] | RS: [40] | MEM: - | LATCH: IR | OUT: 'What is your name?\nHello, ' | fetch load 1
TICK: 001772 | PC: 00182 | STEP: 1 | IR: load 1 | A: 32 | AR: 1 | NZ: 01 | IE: 1 | PENDING: 0 | IN_INTR: 0 | DS: [] | RS: [40] | MEM: - | LATCH: AR | OUT: 'What is your name?\nHello, ' | load.addr 1
TICK: 001773 | PC: 00187 | STEP: 0 | IR: load 1 | A: 32 | AR: 1 | NZ: 01 | IE: 1 | PENDING: 0 | IN_INTR: 0 | DS: [0] | RS: [40] | MEM: read mem[1] | LATCH: DS.push,PC,IR.clear | OUT: 'What is your name?\nHello, ' | load.read
TICK: 001774 | PC: 00187 | STEP: 0 | IR: literal 0 | A: 32 | AR: 1 | NZ: 01 | IE: 1 | PENDING: 0 | IN_INTR: 0 | DS: [0] | RS: [40] | MEM: - | LATCH: IR | OUT: 'What is your name?\nHello, ' | fetch literal 0
TICK: 001775 | PC: 00192 | STEP: 0 | IR: literal 0 | A: 32 | AR: 1 | NZ: 01 | IE: 1 | PENDING: 0 | IN_INTR: 0 | DS: [0, 0] | RS: [40] | MEM: - | LATCH: DS.push,PC,IR.clear | OUT: 'What is your name?\nHello, ' | literal 0
TICK: 001776 | PC: 00192 | STEP: 0 | IR: sub | A: 32 | AR: 1 | NZ: 01 | IE: 1 | PENDING: 0 | IN_INTR: 0 | DS: [0, 0] | RS: [40] | MEM: - | LATCH: IR | OUT: 'What is your name?\nHello, ' | fetch sub
TICK: 001777 | PC: 00192 | STEP: 1 | IR: sub | A: 32 | AR: 1 | NZ: 01 | IE: 1 | PENDING: 0 | IN_INTR: 0 | DS: [] | RS: [40] | MEM: - | LATCH: ALU.left,ALU.right | OUT: 'What is your name?\nHello, ' | sub.load_operands
TICK: 001778 | PC: 00193 | STEP: 0 | IR: sub | A: 32 | AR: 1 | NZ: 01 | IE: 1 | PENDING: 0 | IN_INTR: 0 | DS: [0] | RS: [40] | MEM: - | LATCH: DS.push(ALU),PC,IR.clear | OUT: 'What is your name?\nHello, ' | sub.write_result
TICK: 001779 | PC: 00193 | STEP: 0 | IR: nif 203 | A: 32 | AR: 1 | NZ: 01 | IE: 1 | PENDING: 0 | IN_INTR: 0 | DS: [0] | RS: [40] | MEM: - | LATCH: IR | OUT: 'What is your name?\nHello, ' | fetch nif 203
TICK: 001780 | PC: 00193 | STEP: 1 | IR: nif 203 | A: 32 | AR: 1 | NZ: 01 | IE: 1 | PENDING: 0 | IN_INTR: 0 | DS: [] | RS: [40] | MEM: - | LATCH: ALU.left | OUT: 'What is your name?\nHello, ' | nif.test
TICK: 001781 | PC: 00198 | STEP: 0 | IR: nif 203 | A: 32 | AR: 1 | NZ: 01 | IE: 1 | PENDING: 0 | IN_INTR: 0 | DS: [] | RS: [40] | MEM: - | LATCH: PC,IR.clear | OUT: 'What is your name?\nHello, ' | nif.branch
TICK: 001782 | PC: 00198 | STEP: 0 | IR: jmp 182 | A: 32 | AR: 1 | NZ: 01 | IE: 1 | PENDING: 0 | IN_INTR: 0 | DS: [] | RS: [40] | MEM: - | LATCH: IR | OUT: 'What is your name?\nHello, ' | fetch jmp 182
TICK: 001783 | PC: 00182 | STEP: 0 | IR: jmp 182 | A: 32 | AR: 1 | NZ: 01 | IE: 1 | PENDING: 0 | IN_INTR: 0 | DS: [] | RS: [40] | MEM: - | LATCH: PC,IR.clear | OUT: 'What is your name?\nHello, ' | jmp 182
TICK: 001784 | PC: 00182 | STEP: 0 | IR: load 1 | A: 32 | AR: 1 | NZ: 01 | IE: 1 | PENDING: 0 | IN_INTR: 0 | DS: [] | RS: [40] | MEM: - | LATCH: IR | OUT: 'What is your name?\nHello, ' | fetch load 1
TICK: 001785 | PC: 00182 | STEP: 1 | IR: load 1 | A: 32 | AR: 1 | NZ: 01 | IE: 1 | PENDING: 0 | IN_INTR: 0 | DS: [] | RS: [40] | MEM: - | LATCH: AR | OUT: 'What is your name?\nHello, ' | load.addr 1
TICK: 001786 | PC: 00187 | STEP: 0 | IR: load 1 | A: 32 | AR: 1 | NZ: 01 | IE: 1 | PENDING: 0 | IN_INTR: 0 | DS: [0] | RS: [40] | MEM: read mem[1] | LATCH: DS.push,PC,IR.clear | OUT: 'What is your name?\nHello, ' | load.read
TICK: 001787 | PC: 00187 | STEP: 0 | IR: literal 0 | A: 32 | AR: 1 | NZ: 01 | IE: 1 | PENDING: 0 | IN_INTR: 0 | DS: [0] | RS: [40] | MEM: - | LATCH: IR | OUT: 'What is your name?\nHello, ' | fetch literal 0
TICK: 001788 | PC: 00192 | STEP: 0 | IR: literal 0 | A: 32 | AR: 1 | NZ: 01 | IE: 1 | PENDING: 0 | IN_INTR: 0 | DS: [0, 0] | RS: [40] | MEM: - | LATCH: DS.push,PC,IR.clear | OUT: 'What is your name?\nHello, ' | literal 0
TICK: 001789 | PC: 00192 | STEP: 0 | IR: sub | A: 32 | AR: 1 | NZ: 01 | IE: 1 | PENDING: 0 | IN_INTR: 0 | DS: [0, 0] | RS: [40] | MEM: - | LATCH: IR | OUT: 'What is your name?\nHello, ' | fetch sub
TICK: 001790 | PC: 00192 | STEP: 1 | IR: sub | A: 32 | AR: 1 | NZ: 01 | IE: 1 | PENDING: 0 | IN_INTR: 0 | DS: [] | RS: [40] | MEM: - | LATCH: ALU.left,ALU.right | OUT: 'What is your name?\nHello, ' | sub.load_operands
TICK: 001791 | PC: 00193 | STEP: 0 | IR: sub | A: 32 | AR: 1 | NZ: 01 | IE: 1 | PENDING: 0 | IN_INTR: 0 | DS: [0] | RS: [40] | MEM: - | LATCH: DS.push(ALU),PC,IR.clear | OUT: 'What is your name?\nHello, ' | sub.write_result
TICK: 001792 | PC: 00193 | STEP: 0 | IR: nif 203 | A: 32 | AR: 1 | NZ: 01 | IE: 1 | PENDING: 0 | IN_INTR: 0 | DS: [0] | RS: [40] | MEM: - | LATCH: IR | OUT: 'What is your name?\nHello, ' | fetch nif 203
TICK: 001793 | PC: 00193 | STEP: 1 | IR: nif 203 | A: 32 | AR: 1 | NZ: 01 | IE: 1 | PENDING: 0 | IN_INTR: 0 | DS: [] | RS: [40] | MEM: - | LATCH: ALU.left | OUT: 'What is your name?\nHello, ' | nif.test
TICK: 001794 | PC: 00198 | STEP: 0 | IR: nif 203 | A: 32 | AR: 1 | NZ: 01 | IE: 1 | PENDING: 0 | IN_INTR: 0 | DS: [] | RS: [40] | MEM: - | LATCH: PC,IR.clear | OUT: 'What is your name?\nHello, ' | nif.branch
TICK: 001795 | PC: 00198 | STEP: 0 | IR: jmp 182 | A: 32 | AR: 1 | NZ: 01 | IE: 1 | PENDING: 0 | IN_INTR: 0 | DS: [] | RS: [40] | MEM: - | LATCH: IR | OUT: 'What is your name?\nHello, ' | fetch jmp 182
TICK: 001796 | PC: 00182 | STEP: 0 | IR: jmp 182 | A: 32 | AR: 1 | NZ: 01 | IE: 1 | PENDING: 0 | IN_INTR: 0 | DS: [] | RS: [40] | MEM: - | LATCH: PC,IR.clear | OUT: 'What is your name?\nHello, ' | jmp 182
TICK: 001797 | PC: 00182 | STEP: 0 | IR: load 1 | A: 32 | AR: 1 | NZ: 01 | IE: 1 | PENDING: 0 | IN_INTR: 0 | DS: [] | RS: [40] | MEM: - | LATCH: IR | OUT: 'What is your name?\nHello, ' | fetch load 1
TICK: 001798 | PC: 00182 | STEP: 1 | IR: load 1 | A: 32 | AR: 1 | NZ: 01 | IE: 1 | PENDING: 0 | IN_INTR: 0 | DS: [] | RS: [40] | MEM: - | LATCH: AR | OUT: 'What is your name?\nHello, ' | load.addr 1
TICK: 001799 | PC: 00187 | STEP: 0 | IR: load 1 | A: 32 | AR: 1 | NZ: 01 | IE: 1 | PENDING: 0 | IN_INTR: 0 | DS: [0] | RS: [40] | MEM: read mem[1] | LATCH: DS.push,PC,IR.clear | OUT: 'What is your name?\nHello, ' | load.read
TICK: 001800 | PC: 00187 | STEP: 0 | IR: literal 0 | A: 32 | AR: 1 | NZ: 01 | IE: 1 | PENDING: 0 | IN_INTR: 0 | DS: [0] | RS: [40] | MEM: - | LATCH: IR | OUT: 'What is your name?\nHello, ' | fetch literal 0
TICK: 001801 | PC: 00192 | STEP: 0 | IR: literal 0 | A: 32 | AR: 1 | NZ: 01 | IE: 1 | PENDING: 0 | IN_INTR: 0 | DS: [0, 0] | RS: [40] | MEM: - | LATCH: DS.push,PC,IR.clear | OUT: 'What is your name?\nHello, ' | literal 0
TICK: 001802 | PC: 00192 | STEP: 0 | IR: sub | A: 32 | AR: 1 | NZ: 01 | IE: 1 | PENDING: 0 | IN_INTR: 0 | DS: [0, 0] | RS: [40] | MEM: - | LATCH: IR | OUT: 'What is your name?\nHello, ' | fetch sub
TICK: 001803 | PC: 00192 | STEP: 1 | IR: sub | A: 32 | AR: 1 | NZ: 01 | IE: 1 | PENDING: 0 | IN_INTR: 0 | DS: [] | RS: [40] | MEM: - | LATCH: ALU.left,ALU.right | OUT: 'What is your name?\nHello, ' | sub.load_operands
TICK: 001804 | PC: 00193 | STEP: 0 | IR: sub | A: 32 | AR: 1 | NZ: 01 | IE: 1 | PENDING: 0 | IN_INTR: 0 | DS: [0] | RS: [40] | MEM: - | LATCH: DS.push(ALU),PC,IR.clear | OUT: 'What is your name?\nHello, ' | sub.write_result
TICK: 001805 | PC: 00193 | STEP: 0 | IR: nif 203 | A: 32 | AR: 1 | NZ: 01 | IE: 1 | PENDING: 0 | IN_INTR: 0 | DS: [0] | RS: [40] | MEM: - | LATCH: IR | OUT: 'What is your name?\nHello, ' | fetch nif 203
TICK: 001806 | PC: 00193 | STEP: 1 | IR: nif 203 | A: 32 | AR: 1 | NZ: 01 | IE: 1 | PENDING: 0 | IN_INTR: 0 | DS: [] | RS: [40] | MEM: - | LATCH: ALU.left | OUT: 'What is your name?\nHello, ' | nif.test
TICK: 001807 | PC: 00198 | STEP: 0 | IR: nif 203 | A: 32 | AR: 1 | NZ: 01 | IE: 1 | PENDING: 0 | IN_INTR: 0 | DS: [] | RS: [40] | MEM: - | LATCH: PC,IR.clear | OUT: 'What is your name?\nHello, ' | nif.branch
TICK: 001808 | PC: 00198 | STEP: 0 | IR: jmp 182 | A: 32 | AR: 1 | NZ: 01 | IE: 1 | PENDING: 0 | IN_INTR: 0 | DS: [] | RS: [40] | MEM: - | LATCH: IR | OUT: 'What is your name?\nHello, ' | fetch jmp 182
TICK: 001809 | PC: 00182 | STEP: 0 | IR: jmp 182 | A: 32 | AR: 1 | NZ: 01 | IE: 1 | PENDING: 0 | IN_INTR: 0 | DS: [] | RS: [40] | MEM: - | LATCH: PC,IR.clear | OUT: 'What is your name?\nHello, ' | jmp 182
TICK: 001810 | PC: 00182 | STEP: 0 | IR: load 1 | A: 32 | AR: 1 | NZ: 01 | IE: 1 | PENDING: 0 | IN_INTR: 0 | DS: [] | RS: [40] | MEM: - | LATCH: IR | OUT: 'What is your name?\nHello, ' | fetch load 1
TICK: 001811 | PC: 00182 | STEP: 1 | IR: load 1 | A: 32 | AR: 1 | NZ: 01 | IE: 1 | PENDING: 0 | IN_INTR: 0 | DS: [] | RS: [40] | MEM: - | LATCH: AR | OUT: 'What is your name?\nHello, ' | load.addr 1
TICK: 001812 | PC: 00187 | STEP: 0 | IR: load 1 | A: 32 | AR: 1 | NZ: 01 | IE: 1 | PENDING: 0 | IN_INTR: 0 | DS: [0] | RS: [40] | MEM: read mem[1] | LATCH: DS.push,PC,IR.clear | OUT: 'What is your name?\nHello, ' | load.read
TICK: 001813 | PC: 00187 | STEP: 0 | IR: literal 0 | A: 32 | AR: 1 | NZ: 01 | IE: 1 | PENDING: 0 | IN_INTR: 0 | DS: [0] | RS: [40] | MEM: - | LATCH: IR | OUT: 'What is your name?\nHello, ' | fetch literal 0
TICK: 001814 | PC: 00192 | STEP: 0 | IR: literal 0 | A: 32 | AR: 1 | NZ: 01 | IE: 1 | PENDING: 0 | IN_INTR: 0 | DS: [0, 0] | RS: [40] | MEM: - | LATCH: DS.push,PC,IR.clear | OUT: 'What is your name?\nHello, ' | literal 0
TICK: 001815 | PC: 00192 | STEP: 0 | IR: sub | A: 32 | AR: 1 | NZ: 01 | IE: 1 | PENDING: 0 | IN_INTR: 0 | DS: [0, 0] | RS: [40] | MEM: - | LATCH: IR | OUT: 'What is your name?\nHello, ' | fetch sub
TICK: 001816 | PC: 00192 | STEP: 1 | IR: sub | A: 32 | AR: 1 | NZ: 01 | IE: 1 | PENDING: 0 | IN_INTR: 0 | DS: [] | RS: [40] | MEM: - | LATCH: ALU.left,ALU.right | OUT: 'What is your name?\nHello, ' | sub.load_operands
TICK: 001817 | PC: 00193 | STEP: 0 | IR: sub | A: 32 | AR: 1 | NZ: 01 | IE: 1 | PENDING: 0 | IN_INTR: 0 | DS: [0] | RS: [40] | MEM: - | LATCH: DS.push(ALU),PC,IR.clear | OUT: 'What is your name?\nHello, ' | sub.write_result
TICK: 001818 | PC: 00193 | STEP: 0 | IR: nif 203 | A: 32 | AR: 1 | NZ: 01 | IE: 1 | PENDING: 0 | IN_INTR: 0 | DS: [0] | RS: [40] | MEM: - | LATCH: IR | OUT: 'What is your name?\nHello, ' | fetch nif 203
TICK: 001819 | PC: 00193 | STEP: 1 | IR: nif 203 | A: 32 | AR: 1 | NZ: 01 | IE: 1 | PENDING: 0 | IN_INTR: 0 | DS: [] | RS: [40] | MEM: - | LATCH: ALU.left | OUT: 'What is your name?\nHello, ' | nif.test
TICK: 001820 | PC: 00198 | STEP: 0 | IR: nif 203 | A: 32 | AR: 1 | NZ: 01 | IE: 1 | PENDING: 0 | IN_INTR: 0 | DS: [] | RS: [40] | MEM: - | LATCH: PC,IR.clear | OUT: 'What is your name?\nHello, ' | nif.branch
TICK: 001821 | PC: 00198 | STEP: 0 | IR: jmp 182 | A: 32 | AR: 1 | NZ: 01 | IE: 1 | PENDING: 0 | IN_INTR: 0 | DS: [] | RS: [40] | MEM: - | LATCH: IR | OUT: 'What is your name?\nHello, ' | fetch jmp 182
TICK: 001822 | PC: 00182 | STEP: 0 | IR: jmp 182 | A: 32 | AR: 1 | NZ: 01 | IE: 1 | PENDING: 0 | IN_INTR: 0 | DS: [] | RS: [40] | MEM: - | LATCH: PC,IR.clear | OUT: 'What is your name?\nHello, ' | jmp 182
TICK: 001823 | PC: 00182 | STEP: 0 | IR: load 1 | A: 32 | AR: 1 | NZ: 01 | IE: 1 | PENDING: 0 | IN_INTR: 0 | DS: [] | RS: [40] | MEM: - | LATCH: IR | OUT: 'What is your name?\nHello, ' | fetch load 1
TICK: 001824 | PC: 00182 | STEP: 1 | IR: load 1 | A: 32 | AR: 1 | NZ: 01 | IE: 1 | PENDING: 0 | IN_INTR: 0 | DS: [] | RS: [40] | MEM: - | LATCH: AR | OUT: 'What is your name?\nHello, ' | load.addr 1
TICK: 001825 | PC: 00187 | STEP: 0 | IR: load 1 | A: 32 | AR: 1 | NZ: 01 | IE: 1 | PENDING: 0 | IN_INTR: 0 | DS: [0] | RS: [40] | MEM: read mem[1] | LATCH: DS.push,PC,IR.clear | OUT: 'What is your name?\nHello, ' | load.read
TICK: 001826 | PC: 00187 | STEP: 0 | IR: literal 0 | A: 32 | AR: 1 | NZ: 01 | IE: 1 | PENDING: 0 | IN_INTR: 0 | DS: [0] | RS: [40] | MEM: - | LATCH: IR | OUT: 'What is your name?\nHello, ' | fetch literal 0
TICK: 001827 | PC: 00192 | STEP: 0 | IR: literal 0 | A: 32 | AR: 1 | NZ: 01 | IE: 1 | PENDING: 0 | IN_INTR: 0 | DS: [0, 0] | RS: [40] | MEM: - | LATCH: DS.push,PC,IR.clear | OUT: 'What is your name?\nHello, ' | literal 0
TICK: 001828 | PC: 00192 | STEP: 0 | IR: sub | A: 32 | AR: 1 | NZ: 01 | IE: 1 | PENDING: 0 | IN_INTR: 0 | DS: [0, 0] | RS: [40] | MEM: - | LATCH: IR | OUT: 'What is your name?\nHello, ' | fetch sub
TICK: 001829 | PC: 00192 | STEP: 1 | IR: sub | A: 32 | AR: 1 | NZ: 01 | IE: 1 | PENDING: 0 | IN_INTR: 0 | DS: [] | RS: [40] | MEM: - | LATCH: ALU.left,ALU.right | OUT: 'What is your name?\nHello, ' | sub.load_operands
TICK: 001830 | PC: 00193 | STEP: 0 | IR: sub | A: 32 | AR: 1 | NZ: 01 | IE: 1 | PENDING: 0 | IN_INTR: 0 | DS: [0] | RS: [40] | MEM: - | LATCH: DS.push(ALU),PC,IR.clear | OUT: 'What is your name?\nHello, ' | sub.write_result
TICK: 001831 | PC: 00193 | STEP: 0 | IR: nif 203 | A: 32 | AR: 1 | NZ: 01 | IE: 1 | PENDING: 0 | IN_INTR: 0 | DS: [0] | RS: [40] | MEM: - | LATCH: IR | OUT: 'What is your name?\nHello, ' | fetch nif 203
TICK: 001832 | PC: 00193 | STEP: 1 | IR: nif 203 | A: 32 | AR: 1 | NZ: 01 | IE: 1 | PENDING: 0 | IN_INTR: 0 | DS: [] | RS: [40] | MEM: - | LATCH: ALU.left | OUT: 'What is your name?\nHello, ' | nif.test
TICK: 001833 | PC: 00198 | STEP: 0 | IR: nif 203 | A: 32 | AR: 1 | NZ: 01 | IE: 1 | PENDING: 0 | IN_INTR: 0 | DS: [] | RS: [40] | MEM: - | LATCH: PC,IR.clear | OUT: 'What is your name?\nHello, ' | nif.branch
TICK: 001834 | PC: 00198 | STEP: 0 | IR: jmp 182 | A: 32 | AR: 1 | NZ: 01 | IE: 1 | PENDING: 0 | IN_INTR: 0 | DS: [] | RS: [40] | MEM: - | LATCH: IR | OUT: 'What is your name?\nHello, ' | fetch jmp 182
TICK: 001835 | PC: 00182 | STEP: 0 | IR: jmp 182 | A: 32 | AR: 1 | NZ: 01 | IE: 1 | PENDING: 0 | IN_INTR: 0 | DS: [] | RS: [40] | MEM: - | LATCH: PC,IR.clear | OUT: 'What is your name?\nHello, ' | jmp 182
TICK: 001836 | PC: 00182 | STEP: 0 | IR: load 1 | A: 32 | AR: 1 | NZ: 01 | IE: 1 | PENDING: 0 | IN_INTR: 0 | DS: [] | RS: [40] | MEM: - | LATCH: IR | OUT: 'What is your name?\nHello, ' | fetch load 1
TICK: 001837 | PC: 00182 | STEP: 1 | IR: load 1 | A: 32 | AR: 1 | NZ: 01 | IE: 1 | PENDING: 0 | IN_INTR: 0 | DS: [] | RS: [40] | MEM: - | LATCH: AR | OUT: 'What is your name?\nHello, ' | load.addr 1
TICK: 001838 | PC: 00187 | STEP: 0 | IR: load 1 | A: 32 | AR: 1 | NZ: 01 | IE: 1 | PENDING: 0 | IN_INTR: 0 | DS: [0] | RS: [40] | MEM: read mem[1] | LATCH: DS.push,PC,IR.clear | OUT: 'What is your name?\nHello, ' | load.read
TICK: 001839 | PC: 00187 | STEP: 0 | IR: literal 0 | A: 32 | AR: 1 | NZ: 01 | IE: 1 | PENDING: 0 | IN_INTR: 0 | DS: [0] | RS: [40] | MEM: - | LATCH: IR | OUT: 'What is your name?\nHello, ' | fetch literal 0
TICK: 001840 | PC: 00192 | STEP: 0 | IR: literal 0 | A: 32 | AR: 1 | NZ: 01 | IE: 1 | PENDING: 0 | IN_INTR: 0 | DS: [0, 0] | RS: [40] | MEM: - | LATCH: DS.push,PC,IR.clear | OUT: 'What is your name?\nHello, ' | literal 0
TICK: 001841 | PC: 00192 | STEP: 0 | IR: sub | A: 32 | AR: 1 | NZ: 01 | IE: 1 | PENDING: 0 | IN_INTR: 0 | DS: [0, 0] | RS: [40] | MEM: - | LATCH: IR | OUT: 'What is your name?\nHello, ' | fetch sub
TICK: 001842 | PC: 00192 | STEP: 1 | IR: sub | A: 32 | AR: 1 | NZ: 01 | IE: 1 | PENDING: 0 | IN_INTR: 0 | DS: [] | RS: [40] | MEM: - | LATCH: ALU.left,ALU.right | OUT: 'What is your name?\nHello, ' | sub.load_operands
TICK: 001843 | PC: 00193 | STEP: 0 | IR: sub | A: 32 | AR: 1 | NZ: 01 | IE: 1 | PENDING: 0 | IN_INTR: 0 | DS: [0] | RS: [40] | MEM: - | LATCH: DS.push(ALU),PC,IR.clear | OUT: 'What is your name?\nHello, ' | sub.write_result
TICK: 001844 | PC: 00193 | STEP: 0 | IR: nif 203 | A: 32 | AR: 1 | NZ: 01 | IE: 1 | PENDING: 0 | IN_INTR: 0 | DS: [0] | RS: [40] | MEM: - | LATCH: IR | OUT: 'What is your name?\nHello, ' | fetch nif 203
TICK: 001845 | PC: 00193 | STEP: 1 | IR: nif 203 | A: 32 | AR: 1 | NZ: 01 | IE: 1 | PENDING: 0 | IN_INTR: 0 | DS: [] | RS: [40] | MEM: - | LATCH: ALU.left | OUT: 'What is your name?\nHello, ' | nif.test
TICK: 001846 | PC: 00198 | STEP: 0 | IR: nif 203 | A: 32 | AR: 1 | NZ: 01 | IE: 1 | PENDING: 0 | IN_INTR: 0 | DS: [] | RS: [40] | MEM: - | LATCH: PC,IR.clear | OUT: 'What is your name?\nHello, ' | nif.branch
TICK: 001847 | PC: 00198 | STEP: 0 | IR: jmp 182 | A: 32 | AR: 1 | NZ: 01 | IE: 1 | PENDING: 0 | IN_INTR: 0 | DS: [] | RS: [40] | MEM: - | LATCH: IR | OUT: 'What is your name?\nHello, ' | fetch jmp 182
TICK: 001848 | PC: 00182 | STEP: 0 | IR: jmp 182 | A: 32 | AR: 1 | NZ: 01 | IE: 1 | PENDING: 0 | IN_INTR: 0 | DS: [] | RS: [40] | MEM: - | LATCH: PC,IR.clear | OUT: 'What is your name?\nHello, ' | jmp 182
TICK: 001849 | PC: 00182 | STEP: 0 | IR: load 1 | A: 32 | AR: 1 | NZ: 01 | IE: 1 | PENDING: 0 | IN_INTR: 0 | DS: [] | RS: [40] | MEM: - | LATCH: IR | OUT: 'What is your name?\nHello, ' | fetch load 1
TICK: 001850 | PC: 00182 | STEP: 1 | IR: load 1 | A: 32 | AR: 1 | NZ: 01 | IE: 1 | PENDING: 0 | IN_INTR: 0 | DS: [] | RS: [40] | MEM: - | LATCH: AR | OUT: 'What is your name?\nHello, ' | load.addr 1
TICK: 001851 | PC: 00187 | STEP: 0 | IR: load 1 | A: 32 | AR: 1 | NZ: 01 | IE: 1 | PENDING: 0 | IN_INTR: 0 | DS: [0] | RS: [40] | MEM: read mem[1] | LATCH: DS.push,PC,IR.clear | OUT: 'What is your name?\nHello, ' | load.read
TICK: 001852 | PC: 00187 | STEP: 0 | IR: literal 0 | A: 32 | AR: 1 | NZ: 01 | IE: 1 | PENDING: 0 | IN_INTR: 0 | DS: [0] | RS: [40] | MEM: - | LATCH: IR | OUT: 'What is your name?\nHello, ' | fetch literal 0
TICK: 001853 | PC: 00192 | STEP: 0 | IR: literal 0 | A: 32 | AR: 1 | NZ: 01 | IE: 1 | PENDING: 0 | IN_INTR: 0 | DS: [0, 0] | RS: [40] | MEM: - | LATCH: DS.push,PC,IR.clear | OUT: 'What is your name?\nHello, ' | literal 0
TICK: 001854 | PC: 00192 | STEP: 0 | IR: sub | A: 32 | AR: 1 | NZ: 01 | IE: 1 | PENDING: 0 | IN_INTR: 0 | DS: [0, 0] | RS: [40] | MEM: - | LATCH: IR | OUT: 'What is your name?\nHello, ' | fetch sub
TICK: 001855 | PC: 00192 | STEP: 1 | IR: sub | A: 32 | AR: 1 | NZ: 01 | IE: 1 | PENDING: 0 | IN_INTR: 0 | DS: [] | RS: [40] | MEM: - | LATCH: ALU.left,ALU.right | OUT: 'What is your name?\nHello, ' | sub.load_operands
TICK: 001856 | PC: 00193 | STEP: 0 | IR: sub | A: 32 | AR: 1 | NZ: 01 | IE: 1 | PENDING: 0 | IN_INTR: 0 | DS: [0] | RS: [40] | MEM: - | LATCH: DS.push(ALU),PC,IR.clear | OUT: 'What is your name?\nHello, ' | sub.write_result
TICK: 001857 | PC: 00193 | STEP: 0 | IR: nif 203 | A: 32 | AR: 1 | NZ: 01 | IE: 1 | PENDING: 0 | IN_INTR: 0 | DS: [0] | RS: [40] | MEM: - | LATCH: IR | OUT: 'What is your name?\nHello, ' | fetch nif 203
TICK: 001858 | PC: 00193 | STEP: 1 | IR: nif 203 | A: 32 | AR: 1 | NZ: 01 | IE: 1 | PENDING: 0 | IN_INTR: 0 | DS: [] | RS: [40] | MEM: - | LATCH: ALU.left | OUT: 'What is your name?\nHello, ' | nif.test
TICK: 001859 | PC: 00198 | STEP: 0 | IR: nif 203 | A: 32 | AR: 1 | NZ: 01 | IE: 1 | PENDING: 0 | IN_INTR: 0 | DS: [] | RS: [40] | MEM: - | LATCH: PC,IR.clear | OUT: 'What is your name?\nHello, ' | nif.branch
TICK: 001860 | PC: 00198 | STEP: 0 | IR: jmp 182 | A: 32 | AR: 1 | NZ: 01 | IE: 1 | PENDING: 0 | IN_INTR: 0 | DS: [] | RS: [40] | MEM: - | LATCH: IR | OUT: 'What is your name?\nHello, ' | fetch jmp 182
TICK: 001861 | PC: 00182 | STEP: 0 | IR: jmp 182 | A: 32 | AR: 1 | NZ: 01 | IE: 1 | PENDING: 0 | IN_INTR: 0 | DS: [] | RS: [40] | MEM: - | LATCH: PC,IR.clear | OUT: 'What is your name?\nHello, ' | jmp 182
TICK: 001862 | PC: 00182 | STEP: 0 | IR: load 1 | A: 32 | AR: 1 | NZ: 01 | IE: 1 | PENDING: 0 | IN_INTR: 0 | DS: [] | RS: [40] | MEM: - | LATCH: IR | OUT: 'What is your name?\nHello, ' | fetch load 1
TICK: 001863 | PC: 00182 | STEP: 1 | IR: load 1 | A: 32 | AR: 1 | NZ: 01 | IE: 1 | PENDING: 0 | IN_INTR: 0 | DS: [] | RS: [40] | MEM: - | LATCH: AR | OUT: 'What is your name?\nHello, ' | load.addr 1
TICK: 001864 | PC: 00187 | STEP: 0 | IR: load 1 | A: 32 | AR: 1 | NZ: 01 | IE: 1 | PENDING: 0 | IN_INTR: 0 | DS: [0] | RS: [40] | MEM: read mem[1] | LATCH: DS.push,PC,IR.clear | OUT: 'What is your name?\nHello, ' | load.read
TICK: 001865 | PC: 00187 | STEP: 0 | IR: literal 0 | A: 32 | AR: 1 | NZ: 01 | IE: 1 | PENDING: 0 | IN_INTR: 0 | DS: [0] | RS: [40] | MEM: - | LATCH: IR | OUT: 'What is your name?\nHello, ' | fetch literal 0
TICK: 001866 | PC: 00192 | STEP: 0 | IR: literal 0 | A: 32 | AR: 1 | NZ: 01 | IE: 1 | PENDING: 0 | IN_INTR: 0 | DS: [0, 0] | RS: [40] | MEM: - | LATCH: DS.push,PC,IR.clear | OUT: 'What is your name?\nHello, ' | literal 0
TICK: 001867 | PC: 00192 | STEP: 0 | IR: sub | A: 32 | AR: 1 | NZ: 01 | IE: 1 | PENDING: 0 | IN_INTR: 0 | DS: [0, 0] | RS: [40] | MEM: - | LATCH: IR | OUT: 'What is your name?\nHello, ' | fetch sub
TICK: 001868 | PC: 00192 | STEP: 1 | IR: sub | A: 32 | AR: 1 | NZ: 01 | IE: 1 | PENDING: 0 | IN_INTR: 0 | DS: [] | RS: [40] | MEM: - | LATCH: ALU.left,ALU.right | OUT: 'What is your name?\nHello, ' | sub.load_operands
TICK: 001869 | PC: 00193 | STEP: 0 | IR: sub | A: 32 | AR: 1 | NZ: 01 | IE: 1 | PENDING: 0 | IN_INTR: 0 | DS: [0] | RS: [40] | MEM: - | LATCH: DS.push(ALU),PC,IR.clear | OUT: 'What is your name?\nHello, ' | sub.write_result
TICK: 001870 | PC: 00193 | STEP: 0 | IR: nif 203 | A: 32 | AR: 1 | NZ: 01 | IE: 1 | PENDING: 0 | IN_INTR: 0 | DS: [0] | RS: [40] | MEM: - | LATCH: IR | OUT: 'What is your name?\nHello, ' | fetch nif 203
TICK: 001871 | PC: 00193 | STEP: 1 | IR: nif 203 | A: 32 | AR: 1 | NZ: 01 | IE: 1 | PENDING: 0 | IN_INTR: 0 | DS: [] | RS: [40] | MEM: - | LATCH: ALU.left | OUT: 'What is your name?\nHello, ' | nif.test
TICK: 001872 | PC: 00198 | STEP: 0 | IR: nif 203 | A: 32 | AR: 1 | NZ: 01 | IE: 1 | PENDING: 0 | IN_INTR: 0 | DS: [] | RS: [40] | MEM: - | LATCH: PC,IR.clear | OUT: 'What is your name?\nHello, ' | nif.branch
TICK: 001873 | PC: 00198 | STEP: 0 | IR: jmp 182 | A: 32 | AR: 1 | NZ: 01 | IE: 1 | PENDING: 0 | IN_INTR: 0 | DS: [] | RS: [40] | MEM: - | LATCH: IR | OUT: 'What is your name?\nHello, ' | fetch jmp 182
TICK: 001874 | PC: 00182 | STEP: 0 | IR: jmp 182 | A: 32 | AR: 1 | NZ: 01 | IE: 1 | PENDING: 0 | IN_INTR: 0 | DS: [] | RS: [40] | MEM: - | LATCH: PC,IR.clear | OUT: 'What is your name?\nHello, ' | jmp 182
TICK: 001875 | PC: 00182 | STEP: 0 | IR: load 1 | A: 32 | AR: 1 | NZ: 01 | IE: 1 | PENDING: 0 | IN_INTR: 0 | DS: [] | RS: [40] | MEM: - | LATCH: IR | OUT: 'What is your name?\nHello, ' | fetch load 1
TICK: 001876 | PC: 00182 | STEP: 1 | IR: load 1 | A: 32 | AR: 1 | NZ: 01 | IE: 1 | PENDING: 0 | IN_INTR: 0 | DS: [] | RS: [40] | MEM: - | LATCH: AR | OUT: 'What is your name?\nHello, ' | load.addr 1
TICK: 001877 | PC: 00187 | STEP: 0 | IR: load 1 | A: 32 | AR: 1 | NZ: 01 | IE: 1 | PENDING: 0 | IN_INTR: 0 | DS: [0] | RS: [40] | MEM: read mem[1] | LATCH: DS.push,PC,IR.clear | OUT: 'What is your name?\nHello, ' | load.read
TICK: 001878 | PC: 00187 | STEP: 0 | IR: literal 0 | A: 32 | AR: 1 | NZ: 01 | IE: 1 | PENDING: 0 | IN_INTR: 0 | DS: [0] | RS: [40] | MEM: - | LATCH: IR | OUT: 'What is your name?\nHello, ' | fetch literal 0
TICK: 001879 | PC: 00192 | STEP: 0 | IR: literal 0 | A: 32 | AR: 1 | NZ: 01 | IE: 1 | PENDING: 0 | IN_INTR: 0 | DS: [0, 0] | RS: [40] | MEM: - | LATCH: DS.push,PC,IR.clear | OUT: 'What is your name?\nHello, ' | literal 0
TICK: 001880 | PC: 00192 | STEP: 0 | IR: sub | A: 32 | AR: 1 | NZ: 01 | IE: 1 | PENDING: 0 | IN_INTR: 0 | DS: [0, 0] | RS: [40] | MEM: - | LATCH: IR | OUT: 'What is your name?\nHello, ' | fetch sub
TICK: 001881 | PC: 00192 | STEP: 1 | IR: sub | A: 32 | AR: 1 | NZ: 01 | IE: 1 | PENDING: 0 | IN_INTR: 0 | DS: [] | RS: [40] | MEM: - | LATCH: ALU.left,ALU.right | OUT: 'What is your name?\nHello, ' | sub.load_operands
TICK: 001882 | PC: 00193 | STEP: 0 | IR: sub | A: 32 | AR: 1 | NZ: 01 | IE: 1 | PENDING: 0 | IN_INTR: 0 | DS: [0] | RS: [40] | MEM: - | LATCH: DS.push(ALU),PC,IR.clear | OUT: 'What is your name?\nHello, ' | sub.write_result
TICK: 001883 | PC: 00193 | STEP: 0 | IR: nif 203 | A: 32 | AR: 1 | NZ: 01 | IE: 1 | PENDING: 0 | IN_INTR: 0 | DS: [0] | RS: [40] | MEM: - | LATCH: IR | OUT: 'What is your name?\nHello, ' | fetch nif 203
TICK: 001884 | PC: 00193 | STEP: 1 | IR: nif 203 | A: 32 | AR: 1 | NZ: 01 | IE: 1 | PENDING: 0 | IN_INTR: 0 | DS: [] | RS: [40] | MEM: - | LATCH: ALU.left | OUT: 'What is your name?\nHello, ' | nif.test
TICK: 001885 | PC: 00198 | STEP: 0 | IR: nif 203 | A: 32 | AR: 1 | NZ: 01 | IE: 1 | PENDING: 0 | IN_INTR: 0 | DS: [] | RS: [40] | MEM: - | LATCH: PC,IR.clear | OUT: 'What is your name?\nHello, ' | nif.branch
TICK: 001886 | PC: 00198 | STEP: 0 | IR: jmp 182 | A: 32 | AR: 1 | NZ: 01 | IE: 1 | PENDING: 0 | IN_INTR: 0 | DS: [] | RS: [40] | MEM: - | LATCH: IR | OUT: 'What is your name?\nHello, ' | fetch jmp 182
TICK: 001887 | PC: 00182 | STEP: 0 | IR: jmp 182 | A: 32 | AR: 1 | NZ: 01 | IE: 1 | PENDING: 0 | IN_INTR: 0 | DS: [] | RS: [40] | MEM: - | LATCH: PC,IR.clear | OUT: 'What is your name?\nHello, ' | jmp 182
TICK: 001888 | PC: 00182 | STEP: 0 | IR: load 1 | A: 32 | AR: 1 | NZ: 01 | IE: 1 | PENDING: 0 | IN_INTR: 0 | DS: [] | RS: [40] | MEM: - | LATCH: IR | OUT: 'What is your name?\nHello, ' | fetch load 1
TICK: 001889 | PC: 00182 | STEP: 1 | IR: load 1 | A: 32 | AR: 1 | NZ: 01 | IE: 1 | PENDING: 0 | IN_INTR: 0 | DS: [] | RS: [40] | MEM: - | LATCH: AR | OUT: 'What is your name?\nHello, ' | load.addr 1
TICK: 001890 | PC: 00187 | STEP: 0 | IR: load 1 | A: 32 | AR: 1 | NZ: 01 | IE: 1 | PENDING: 0 | IN_INTR: 0 | DS: [0] | RS: [40] | MEM: read mem[1] | LATCH: DS.push,PC,IR.clear | OUT: 'What is your name?\nHello, ' | load.read
TICK: 001891 | PC: 00187 | STEP: 0 | IR: literal 0 | A: 32 | AR: 1 | NZ: 01 | IE: 1 | PENDING: 0 | IN_INTR: 0 | DS: [0] | RS: [40] | MEM: - | LATCH: IR | OUT: 'What is your name?\nHello, ' | fetch literal 0
TICK: 001892 | PC: 00192 | STEP: 0 | IR: literal 0 | A: 32 | AR: 1 | NZ: 01 | IE: 1 | PENDING: 0 | IN_INTR: 0 | DS: [0, 0] | RS: [40] | MEM: - | LATCH: DS.push,PC,IR.clear | OUT: 'What is your name?\nHello, ' | literal 0
TICK: 001893 | PC: 00192 | STEP: 0 | IR: sub | A: 32 | AR: 1 | NZ: 01 | IE: 1 | PENDING: 0 | IN_INTR: 0 | DS: [0, 0] | RS: [40] | MEM: - | LATCH: IR | OUT: 'What is your name?\nHello, ' | fetch sub
TICK: 001894 | PC: 00192 | STEP: 1 | IR: sub | A: 32 | AR: 1 | NZ: 01 | IE: 1 | PENDING: 0 | IN_INTR: 0 | DS: [] | RS: [40] | MEM: - | LATCH: ALU.left,ALU.right | OUT: 'What is your name?\nHello, ' | sub.load_operands
TICK: 001895 | PC: 00193 | STEP: 0 | IR: sub | A: 32 | AR: 1 | NZ: 01 | IE: 1 | PENDING: 0 | IN_INTR: 0 | DS: [0] | RS: [40] | MEM: - | LATCH: DS.push(ALU),PC,IR.clear | OUT: 'What is your name?\nHello, ' | sub.write_result
TICK: 001896 | PC: 00193 | STEP: 0 | IR: nif 203 | A: 32 | AR: 1 | NZ: 01 | IE: 1 | PENDING: 0 | IN_INTR: 0 | DS: [0] | RS: [40] | MEM: - | LATCH: IR | OUT: 'What is your name?\nHello, ' | fetch nif 203
TICK: 001897 | PC: 00193 | STEP: 1 | IR: nif 203 | A: 32 | AR: 1 | NZ: 01 | IE: 1 | PENDING: 0 | IN_INTR: 0 | DS: [] | RS: [40] | MEM: - | LATCH: ALU.left | OUT: 'What is your name?\nHello, ' | nif.test
TICK: 001898 | PC: 00198 | STEP: 0 | IR: nif 203 | A: 32 | AR: 1 | NZ: 01 | IE: 1 | PENDING: 0 | IN_INTR: 0 | DS: [] | RS: [40] | MEM: - | LATCH: PC,IR.clear | OUT: 'What is your name?\nHello, ' | nif.branch
TICK: 001899 | PC: 00198 | STEP: 0 | IR: jmp 182 | A: 32 | AR: 1 | NZ: 01 | IE: 1 | PENDING: 0 | IN_INTR: 0 | DS: [] | RS: [40] | MEM: - | LATCH: IR | OUT: 'What is your name?\nHello, ' | fetch jmp 182
TICK: 001900 | PC: 00182 | STEP: 0 | IR: jmp 182 | A: 32 | AR: 1 | NZ: 01 | IE: 1 | PENDING: 0 | IN_INTR: 0 | DS: [] | RS: [40] | MEM: - | LATCH: PC,IR.clear | OUT: 'What is your name?\nHello, ' | jmp 182
TICK: 001901 | PC: 00182 | STEP: 0 | IR: load 1 | A: 32 | AR: 1 | NZ: 01 | IE: 1 | PENDING: 0 | IN_INTR: 0 | DS: [] | RS: [40] | MEM: - | LATCH: IR | OUT: 'What is your name?\nHello, ' | fetch load 1
TICK: 001902 | PC: 00182 | STEP: 1 | IR: load 1 | A: 32 | AR: 1 | NZ: 01 | IE: 1 | PENDING: 0 | IN_INTR: 0 | DS: [] | RS: [40] | MEM: - | LATCH: AR | OUT: 'What is your name?\nHello, ' | load.addr 1
TICK: 001903 | PC: 00187 | STEP: 0 | IR: load 1 | A: 32 | AR: 1 | NZ: 01 | IE: 1 | PENDING: 0 | IN_INTR: 0 | DS: [0] | RS: [40] | MEM: read mem[1] | LATCH: DS.push,PC,IR.clear | OUT: 'What is your name?\nHello, ' | load.read
TICK: 001904 | PC: 00187 | STEP: 0 | IR: literal 0 | A: 32 | AR: 1 | NZ: 01 | IE: 1 | PENDING: 0 | IN_INTR: 0 | DS: [0] | RS: [40] | MEM: - | LATCH: IR | OUT: 'What is your name?\nHello, ' | fetch literal 0
TICK: 001905 | PC: 00192 | STEP: 0 | IR: literal 0 | A: 32 | AR: 1 | NZ: 01 | IE: 1 | PENDING: 0 | IN_INTR: 0 | DS: [0, 0] | RS: [40] | MEM: - | LATCH: DS.push,PC,IR.clear | OUT: 'What is your name?\nHello, ' | literal 0
TICK: 001906 | PC: 00192 | STEP: 0 | IR: sub | A: 32 | AR: 1 | NZ: 01 | IE: 1 | PENDING: 0 | IN_INTR: 0 | DS: [0, 0] | RS: [40] | MEM: - | LATCH: IR | OUT: 'What is your name?\nHello, ' | fetch sub
TICK: 001907 | PC: 00192 | STEP: 1 | IR: sub | A: 32 | AR: 1 | NZ: 01 | IE: 1 | PENDING: 0 | IN_INTR: 0 | DS: [] | RS: [40] | MEM: - | LATCH: ALU.left,ALU.right | OUT: 'What is your name?\nHello, ' | sub.load_operands
TICK: 001908 | PC: 00193 | STEP: 0 | IR: sub | A: 32 | AR: 1 | NZ: 01 | IE: 1 | PENDING: 0 | IN_INTR: 0 | DS: [0] | RS: [40] | MEM: - | LATCH: DS.push(ALU),PC,IR.clear | OUT: 'What is your name?\nHello, ' | sub.write_result
TICK: 001909 | PC: 00193 | STEP: 0 | IR: nif 203 | A: 32 | AR: 1 | NZ: 01 | IE: 1 | PENDING: 0 | IN_INTR: 0 | DS: [0] | RS: [40] | MEM: - | LATCH: IR | OUT: 'What is your name?\nHello, ' | fetch nif 203
TICK: 001910 | PC: 00193 | STEP: 1 | IR: nif 203 | A: 32 | AR: 1 | NZ: 01 | IE: 1 | PENDING: 0 | IN_INTR: 0 | DS: [] | RS: [40] | MEM: - | LATCH: ALU.left | OUT: 'What is your name?\nHello, ' | nif.test
TICK: 001911 | PC: 00198 | STEP: 0 | IR: nif 203 | A: 32 | AR: 1 | NZ: 01 | IE: 1 | PENDING: 0 | IN_INTR: 0 | DS: [] | RS: [40] | MEM: - | LATCH: PC,IR.clear | OUT: 'What is your name?\nHello, ' | nif.branch
TICK: 001912 | PC: 00198 | STEP: 0 | IR: jmp 182 | A: 32 | AR: 1 | NZ: 01 | IE: 1 | PENDING: 0 | IN_INTR: 0 | DS: [] | RS: [40] | MEM: - | LATCH: IR | OUT: 'What is your name?\nHello, ' | fetch jmp 182
TICK: 001913 | PC: 00182 | STEP: 0 | IR: jmp 182 | A: 32 | AR: 1 | NZ: 01 | IE: 1 | PENDING: 0 | IN_INTR: 0 | DS: [] | RS: [40] | MEM: - | LATCH: PC,IR.clear | OUT: 'What is your name?\nHello, ' | jmp 182
TICK: 001914 | PC: 00182 | STEP: 0 | IR: load 1 | A: 32 | AR: 1 | NZ: 01 | IE: 1 | PENDING: 0 | IN_INTR: 0 | DS: [] | RS: [40] | MEM: - | LATCH: IR | OUT: 'What is your name?\nHello, ' | fetch load 1
TICK: 001915 | PC: 00182 | STEP: 1 | IR: load 1 | A: 32 | AR: 1 | NZ: 01 | IE: 1 | PENDING: 0 | IN_INTR: 0 | DS: [] | RS: [40] | MEM: - | LATCH: AR | OUT: 'What is your name?\nHello, ' | load.addr 1
TICK: 001916 | PC: 00187 | STEP: 0 | IR: load 1 | A: 32 | AR: 1 | NZ: 01 | IE: 1 | PENDING: 0 | IN_INTR: 0 | DS: [0] | RS: [40] | MEM: read mem[1] | LATCH: DS.push,PC,IR.clear | OUT: 'What is your name?\nHello, ' | load.read
TICK: 001917 | PC: 00187 | STEP: 0 | IR: literal 0 | A: 32 | AR: 1 | NZ: 01 | IE: 1 | PENDING: 0 | IN_INTR: 0 | DS: [0] | RS: [40] | MEM: - | LATCH: IR | OUT: 'What is your name?\nHello, ' | fetch literal 0
TICK: 001918 | PC: 00192 | STEP: 0 | IR: literal 0 | A: 32 | AR: 1 | NZ: 01 | IE: 1 | PENDING: 0 | IN_INTR: 0 | DS: [0, 0] | RS: [40] | MEM: - | LATCH: DS.push,PC,IR.clear | OUT: 'What is your name?\nHello, ' | literal 0
TICK: 001919 | PC: 00192 | STEP: 0 | IR: sub | A: 32 | AR: 1 | NZ: 01 | IE: 1 | PENDING: 0 | IN_INTR: 0 | DS: [0, 0] | RS: [40] | MEM: - | LATCH: IR | OUT: 'What is your name?\nHello, ' | fetch sub
TICK: 001920 | PC: 00192 | STEP: 1 | IR: sub | A: 32 | AR: 1 | NZ: 01 | IE: 1 | PENDING: 0 | IN_INTR: 0 | DS: [] | RS: [40] | MEM: - | LATCH: ALU.left,ALU.right | OUT: 'What is your name?\nHello, ' | sub.load_operands
TICK: 001921 | PC: 00193 | STEP: 0 | IR: sub | A: 32 | AR: 1 | NZ: 01 | IE: 1 | PENDING: 0 | IN_INTR: 0 | DS: [0] | RS: [40] | MEM: - | LATCH: DS.push(ALU),PC,IR.clear | OUT: 'What is your name?\nHello, ' | sub.write_result
TICK: 001922 | PC: 00193 | STEP: 0 | IR: nif 203 | A: 32 | AR: 1 | NZ: 01 | IE: 1 | PENDING: 0 | IN_INTR: 0 | DS: [0] | RS: [40] | MEM: - | LATCH: IR | OUT: 'What is your name?\nHello, ' | fetch nif 203
TICK: 001923 | PC: 00193 | STEP: 1 | IR: nif 203 | A: 32 | AR: 1 | NZ: 01 | IE: 1 | PENDING: 0 | IN_INTR: 0 | DS: [] | RS: [40] | MEM: - | LATCH: ALU.left | OUT: 'What is your name?\nHello, ' | nif.test
TICK: 001924 | PC: 00198 | STEP: 0 | IR: nif 203 | A: 32 | AR: 1 | NZ: 01 | IE: 1 | PENDING: 0 | IN_INTR: 0 | DS: [] | RS: [40] | MEM: - | LATCH: PC,IR.clear | OUT: 'What is your name?\nHello, ' | nif.branch
TICK: 001925 | PC: 00198 | STEP: 0 | IR: jmp 182 | A: 32 | AR: 1 | NZ: 01 | IE: 1 | PENDING: 0 | IN_INTR: 0 | DS: [] | RS: [40] | MEM: - | LATCH: IR | OUT: 'What is your name?\nHello, ' | fetch jmp 182
TICK: 001926 | PC: 00182 | STEP: 0 | IR: jmp 182 | A: 32 | AR: 1 | NZ: 01 | IE: 1 | PENDING: 0 | IN_INTR: 0 | DS: [] | RS: [40] | MEM: - | LATCH: PC,IR.clear | OUT: 'What is your name?\nHello, ' | jmp 182
TICK: 001927 | PC: 00182 | STEP: 0 | IR: load 1 | A: 32 | AR: 1 | NZ: 01 | IE: 1 | PENDING: 0 | IN_INTR: 0 | DS: [] | RS: [40] | MEM: - | LATCH: IR | OUT: 'What is your name?\nHello, ' | fetch load 1
TICK: 001928 | PC: 00182 | STEP: 1 | IR: load 1 | A: 32 | AR: 1 | NZ: 01 | IE: 1 | PENDING: 0 | IN_INTR: 0 | DS: [] | RS: [40] | MEM: - | LATCH: AR | OUT: 'What is your name?\nHello, ' | load.addr 1
TICK: 001929 | PC: 00187 | STEP: 0 | IR: load 1 | A: 32 | AR: 1 | NZ: 01 | IE: 1 | PENDING: 0 | IN_INTR: 0 | DS: [0] | RS: [40] | MEM: read mem[1] | LATCH: DS.push,PC,IR.clear | OUT: 'What is your name?\nHello, ' | load.read
TICK: 001930 | PC: 00187 | STEP: 0 | IR: literal 0 | A: 32 | AR: 1 | NZ: 01 | IE: 1 | PENDING: 0 | IN_INTR: 0 | DS: [0] | RS: [40] | MEM: - | LATCH: IR | OUT: 'What is your name?\nHello, ' | fetch literal 0
TICK: 001931 | PC: 00192 | STEP: 0 | IR: literal 0 | A: 32 | AR: 1 | NZ: 01 | IE: 1 | PENDING: 0 | IN_INTR: 0 | DS: [0, 0] | RS: [40] | MEM: - | LATCH: DS.push,PC,IR.clear | OUT: 'What is your name?\nHello, ' | literal 0
TICK: 001932 | PC: 00192 | STEP: 0 | IR: sub | A: 32 | AR: 1 | NZ: 01 | IE: 1 | PENDING: 0 | IN_INTR: 0 | DS: [0, 0] | RS: [40] | MEM: - | LATCH: IR | OUT: 'What is your name?\nHello, ' | fetch sub
TICK: 001933 | PC: 00192 | STEP: 1 | IR: sub | A: 32 | AR: 1 | NZ: 01 | IE: 1 | PENDING: 0 | IN_INTR: 0 | DS: [] | RS: [40] | MEM: - | LATCH: ALU.left,ALU.right | OUT: 'What is your name?\nHello, ' | sub.load_operands
TICK: 001934 | PC: 00193 | STEP: 0 | IR: sub | A: 32 | AR: 1 | NZ: 01 | IE: 1 | PENDING: 0 | IN_INTR: 0 | DS: [0] | RS: [40] | MEM: - | LATCH: DS.push(ALU),PC,IR.clear | OUT: 'What is your name?\nHello, ' | sub.write_result
TICK: 001935 | PC: 00193 | STEP: 0 | IR: nif 203 | A: 32 | AR: 1 | NZ: 01 | IE: 1 | PENDING: 0 | IN_INTR: 0 | DS: [0] | RS: [40] | MEM: - | LATCH: IR | OUT: 'What is your name?\nHello, ' | fetch nif 203
TICK: 001936 | PC: 00193 | STEP: 1 | IR: nif 203 | A: 32 | AR: 1 | NZ: 01 | IE: 1 | PENDING: 0 | IN_INTR: 0 | DS: [] | RS: [40] | MEM: - | LATCH: ALU.left | OUT: 'What is your name?\nHello, ' | nif.test
TICK: 001937 | PC: 00198 | STEP: 0 | IR: nif 203 | A: 32 | AR: 1 | NZ: 01 | IE: 1 | PENDING: 0 | IN_INTR: 0 | DS: [] | RS: [40] | MEM: - | LATCH: PC,IR.clear | OUT: 'What is your name?\nHello, ' | nif.branch
TICK: 001938 | PC: 00198 | STEP: 0 | IR: jmp 182 | A: 32 | AR: 1 | NZ: 01 | IE: 1 | PENDING: 0 | IN_INTR: 0 | DS: [] | RS: [40] | MEM: - | LATCH: IR | OUT: 'What is your name?\nHello, ' | fetch jmp 182
TICK: 001939 | PC: 00182 | STEP: 0 | IR: jmp 182 | A: 32 | AR: 1 | NZ: 01 | IE: 1 | PENDING: 0 | IN_INTR: 0 | DS: [] | RS: [40] | MEM: - | LATCH: PC,IR.clear | OUT: 'What is your name?\nHello, ' | jmp 182
TICK: 001940 | PC: 00182 | STEP: 0 | IR: load 1 | A: 32 | AR: 1 | NZ: 01 | IE: 1 | PENDING: 0 | IN_INTR: 0 | DS: [] | RS: [40] | MEM: - | LATCH: IR | OUT: 'What is your name?\nHello, ' | fetch load 1
TICK: 001941 | PC: 00182 | STEP: 1 | IR: load 1 | A: 32 | AR: 1 | NZ: 01 | IE: 1 | PENDING: 0 | IN_INTR: 0 | DS: [] | RS: [40] | MEM: - | LATCH: AR | OUT: 'What is your name?\nHello, ' | load.addr 1
TICK: 001942 | PC: 00187 | STEP: 0 | IR: load 1 | A: 32 | AR: 1 | NZ: 01 | IE: 1 | PENDING: 0 | IN_INTR: 0 | DS: [0] | RS: [40] | MEM: read mem[1] | LATCH: DS.push,PC,IR.clear | OUT: 'What is your name?\nHello, ' | load.read
TICK: 001943 | PC: 00187 | STEP: 0 | IR: literal 0 | A: 32 | AR: 1 | NZ: 01 | IE: 1 | PENDING: 0 | IN_INTR: 0 | DS: [0] | RS: [40] | MEM: - | LATCH: IR | OUT: 'What is your name?\nHello, ' | fetch literal 0
TICK: 001944 | PC: 00192 | STEP: 0 | IR: literal 0 | A: 32 | AR: 1 | NZ: 01 | IE: 1 | PENDING: 0 | IN_INTR: 0 | DS: [0, 0] | RS: [40] | MEM: - | LATCH: DS.push,PC,IR.clear | OUT: 'What is your name?\nHello, ' | literal 0
TICK: 001945 | PC: 00192 | STEP: 0 | IR: sub | A: 32 | AR: 1 | NZ: 01 | IE: 1 | PENDING: 0 | IN_INTR: 0 | DS: [0, 0] | RS: [40] | MEM: - | LATCH: IR | OUT: 'What is your name?\nHello, ' | fetch sub
TICK: 001946 | PC: 00192 | STEP: 1 | IR: sub | A: 32 | AR: 1 | NZ: 01 | IE: 1 | PENDING: 0 | IN_INTR: 0 | DS: [] | RS: [40] | MEM: - | LATCH: ALU.left,ALU.right | OUT: 'What is your name?\nHello, ' | sub.load_operands
TICK: 001947 | PC: 00193 | STEP: 0 | IR: sub | A: 32 | AR: 1 | NZ: 01 | IE: 1 | PENDING: 0 | IN_INTR: 0 | DS: [0] | RS: [40] | MEM: - | LATCH: DS.push(ALU),PC,IR.clear | OUT: 'What is your name?\nHello, ' | sub.write_result
TICK: 001948 | PC: 00193 | STEP: 0 | IR: nif 203 | A: 32 | AR: 1 | NZ: 01 | IE: 1 | PENDING: 0 | IN_INTR: 0 | DS: [0] | RS: [40] | MEM: - | LATCH: IR | OUT: 'What is your name?\nHello, ' | fetch nif 203
TICK: 001949 | PC: 00193 | STEP: 1 | IR: nif 203 | A: 32 | AR: 1 | NZ: 01 | IE: 1 | PENDING: 0 | IN_INTR: 0 | DS: [] | RS: [40] | MEM: - | LATCH: ALU.left | OUT: 'What is your name?\nHello, ' | nif.test
TICK: 001950 | PC: 00198 | STEP: 0 | IR: nif 203 | A: 32 | AR: 1 | NZ: 01 | IE: 1 | PENDING: 0 | IN_INTR: 0 | DS: [] | RS: [40] | MEM: - | LATCH: PC,IR.clear | OUT: 'What is your name?\nHello, ' | nif.branch
TICK: 001951 | PC: 00198 | STEP: 0 | IR: jmp 182 | A: 32 | AR: 1 | NZ: 01 | IE: 1 | PENDING: 0 | IN_INTR: 0 | DS: [] | RS: [40] | MEM: - | LATCH: IR | OUT: 'What is your name?\nHello, ' | fetch jmp 182
TICK: 001952 | PC: 00182 | STEP: 0 | IR: jmp 182 | A: 32 | AR: 1 | NZ: 01 | IE: 1 | PENDING: 0 | IN_INTR: 0 | DS: [] | RS: [40] | MEM: - | LATCH: PC,IR.clear | OUT: 'What is your name?\nHello, ' | jmp 182
TICK: 001953 | PC: 00182 | STEP: 0 | IR: load 1 | A: 32 | AR: 1 | NZ: 01 | IE: 1 | PENDING: 0 | IN_INTR: 0 | DS: [] | RS: [40] | MEM: - | LATCH: IR | OUT: 'What is your name?\nHello, ' | fetch load 1
TICK: 001954 | PC: 00182 | STEP: 1 | IR: load 1 | A: 32 | AR: 1 | NZ: 01 | IE: 1 | PENDING: 0 | IN_INTR: 0 | DS: [] | RS: [40] | MEM: - | LATCH: AR | OUT: 'What is your name?\nHello, ' | load.addr 1
TICK: 001955 | PC: 00187 | STEP: 0 | IR: load 1 | A: 32 | AR: 1 | NZ: 01 | IE: 1 | PENDING: 0 | IN_INTR: 0 | DS: [0] | RS: [40] | MEM: read mem[1] | LATCH: DS.push,PC,IR.clear | OUT: 'What is your name?\nHello, ' | load.read
TICK: 001956 | PC: 00187 | STEP: 0 | IR: literal 0 | A: 32 | AR: 1 | NZ: 01 | IE: 1 | PENDING: 0 | IN_INTR: 0 | DS: [0] | RS: [40] | MEM: - | LATCH: IR | OUT: 'What is your name?\nHello, ' | fetch literal 0
TICK: 001957 | PC: 00192 | STEP: 0 | IR: literal 0 | A: 32 | AR: 1 | NZ: 01 | IE: 1 | PENDING: 0 | IN_INTR: 0 | DS: [0, 0] | RS: [40] | MEM: - | LATCH: DS.push,PC,IR.clear | OUT: 'What is your name?\nHello, ' | literal 0
TICK: 001958 | PC: 00192 | STEP: 0 | IR: sub | A: 32 | AR: 1 | NZ: 01 | IE: 1 | PENDING: 0 | IN_INTR: 0 | DS: [0, 0] | RS: [40] | MEM: - | LATCH: IR | OUT: 'What is your name?\nHello, ' | fetch sub
TICK: 001959 | PC: 00192 | STEP: 1 | IR: sub | A: 32 | AR: 1 | NZ: 01 | IE: 1 | PENDING: 0 | IN_INTR: 0 | DS: [] | RS: [40] | MEM: - | LATCH: ALU.left,ALU.right | OUT: 'What is your name?\nHello, ' | sub.load_operands
TICK: 001960 | PC: 00193 | STEP: 0 | IR: sub | A: 32 | AR: 1 | NZ: 01 | IE: 1 | PENDING: 0 | IN_INTR: 0 | DS: [0] | RS: [40] | MEM: - | LATCH: DS.push(ALU),PC,IR.clear | OUT: 'What is your name?\nHello, ' | sub.write_result
TICK: 001961 | PC: 00193 | STEP: 0 | IR: nif 203 | A: 32 | AR: 1 | NZ: 01 | IE: 1 | PENDING: 0 | IN_INTR: 0 | DS: [0] | RS: [40] | MEM: - | LATCH: IR | OUT: 'What is your name?\nHello, ' | fetch nif 203
TICK: 001962 | PC: 00193 | STEP: 1 | IR: nif 203 | A: 32 | AR: 1 | NZ: 01 | IE: 1 | PENDING: 0 | IN_INTR: 0 | DS: [] | RS: [40] | MEM: - | LATCH: ALU.left | OUT: 'What is your name?\nHello, ' | nif.test
TICK: 001963 | PC: 00198 | STEP: 0 | IR: nif 203 | A: 32 | AR: 1 | NZ: 01 | IE: 1 | PENDING: 0 | IN_INTR: 0 | DS: [] | RS: [40] | MEM: - | LATCH: PC,IR.clear | OUT: 'What is your name?\nHello, ' | nif.branch
TICK: 001964 | PC: 00198 | STEP: 0 | IR: jmp 182 | A: 32 | AR: 1 | NZ: 01 | IE: 1 | PENDING: 0 | IN_INTR: 0 | DS: [] | RS: [40] | MEM: - | LATCH: IR | OUT: 'What is your name?\nHello, ' | fetch jmp 182
TICK: 001965 | PC: 00182 | STEP: 0 | IR: jmp 182 | A: 32 | AR: 1 | NZ: 01 | IE: 1 | PENDING: 0 | IN_INTR: 0 | DS: [] | RS: [40] | MEM: - | LATCH: PC,IR.clear | OUT: 'What is your name?\nHello, ' | jmp 182
TICK: 001966 | PC: 00182 | STEP: 0 | IR: load 1 | A: 32 | AR: 1 | NZ: 01 | IE: 1 | PENDING: 0 | IN_INTR: 0 | DS: [] | RS: [40] | MEM: - | LATCH: IR | OUT: 'What is your name?\nHello, ' | fetch load 1
TICK: 001967 | PC: 00182 | STEP: 1 | IR: load 1 | A: 32 | AR: 1 | NZ: 01 | IE: 1 | PENDING: 0 | IN_INTR: 0 | DS: [] | RS: [40] | MEM: - | LATCH: AR | OUT: 'What is your name?\nHello, ' | load.addr 1
TICK: 001968 | PC: 00187 | STEP: 0 | IR: load 1 | A: 32 | AR: 1 | NZ: 01 | IE: 1 | PENDING: 0 | IN_INTR: 0 | DS: [0] | RS: [40] | MEM: read mem[1] | LATCH: DS.push,PC,IR.clear | OUT: 'What is your name?\nHello, ' | load.read
TICK: 001969 | PC: 00187 | STEP: 0 | IR: literal 0 | A: 32 | AR: 1 | NZ: 01 | IE: 1 | PENDING: 0 | IN_INTR: 0 | DS: [0] | RS: [40] | MEM: - | LATCH: IR | OUT: 'What is your name?\nHello, ' | fetch literal 0
TICK: 001970 | PC: 00192 | STEP: 0 | IR: literal 0 | A: 32 | AR: 1 | NZ: 01 | IE: 1 | PENDING: 0 | IN_INTR: 0 | DS: [0, 0] | RS: [40] | MEM: - | LATCH: DS.push,PC,IR.clear | OUT: 'What is your name?\nHello, ' | literal 0
TICK: 001971 | PC: 00192 | STEP: 0 | IR: sub | A: 32 | AR: 1 | NZ: 01 | IE: 1 | PENDING: 0 | IN_INTR: 0 | DS: [0, 0] | RS: [40] | MEM: - | LATCH: IR | OUT: 'What is your name?\nHello, ' | fetch sub
TICK: 001972 | PC: 00192 | STEP: 1 | IR: sub | A: 32 | AR: 1 | NZ: 01 | IE: 1 | PENDING: 0 | IN_INTR: 0 | DS: [] | RS: [40] | MEM: - | LATCH: ALU.left,ALU.right | OUT: 'What is your name?\nHello, ' | sub.load_operands
TICK: 001973 | PC: 00193 | STEP: 0 | IR: sub | A: 32 | AR: 1 | NZ: 01 | IE: 1 | PENDING: 0 | IN_INTR: 0 | DS: [0] | RS: [40] | MEM: - | LATCH: DS.push(ALU),PC,IR.clear | OUT: 'What is your name?\nHello, ' | sub.write_result
TICK: 001974 | PC: 00193 | STEP: 0 | IR: nif 203 | A: 32 | AR: 1 | NZ: 01 | IE: 1 | PENDING: 0 | IN_INTR: 0 | DS: [0] | RS: [40] | MEM: - | LATCH: IR | OUT: 'What is your name?\nHello, ' | fetch nif 203
TICK: 001975 | PC: 00193 | STEP: 1 | IR: nif 203 | A: 32 | AR: 1 | NZ: 01 | IE: 1 | PENDING: 0 | IN_INTR: 0 | DS: [] | RS: [40] | MEM: - | LATCH: ALU.left | OUT: 'What is your name?\nHello, ' | nif.test
TICK: 001976 | PC: 00198 | STEP: 0 | IR: nif 203 | A: 32 | AR: 1 | NZ: 01 | IE: 1 | PENDING: 0 | IN_INTR: 0 | DS: [] | RS: [40] | MEM: - | LATCH: PC,IR.clear | OUT: 'What is your name?\nHello, ' | nif.branch
TICK: 001977 | PC: 00198 | STEP: 0 | IR: jmp 182 | A: 32 | AR: 1 | NZ: 01 | IE: 1 | PENDING: 0 | IN_INTR: 0 | DS: [] | RS: [40] | MEM: - | LATCH: IR | OUT: 'What is your name?\nHello, ' | fetch jmp 182
TICK: 001978 | PC: 00182 | STEP: 0 | IR: jmp 182 | A: 32 | AR: 1 | NZ: 01 | IE: 1 | PENDING: 0 | IN_INTR: 0 | DS: [] | RS: [40] | MEM: - | LATCH: PC,IR.clear | OUT: 'What is your name?\nHello, ' | jmp 182
TICK: 001979 | PC: 00182 | STEP: 0 | IR: load 1 | A: 32 | AR: 1 | NZ: 01 | IE: 1 | PENDING: 0 | IN_INTR: 0 | DS: [] | RS: [40] | MEM: - | LATCH: IR | OUT: 'What is your name?\nHello, ' | fetch load 1
TICK: 001980 | PC: 00182 | STEP: 1 | IR: load 1 | A: 32 | AR: 1 | NZ: 01 | IE: 1 | PENDING: 0 | IN_INTR: 0 | DS: [] | RS: [40] | MEM: - | LATCH: AR | OUT: 'What is your name?\nHello, ' | load.addr 1
TICK: 001981 | PC: 00187 | STEP: 0 | IR: load 1 | A: 32 | AR: 1 | NZ: 01 | IE: 1 | PENDING: 0 | IN_INTR: 0 | DS: [0] | RS: [40] | MEM: read mem[1] | LATCH: DS.push,PC,IR.clear | OUT: 'What is your name?\nHello, ' | load.read
TICK: 001982 | PC: 00187 | STEP: 0 | IR: literal 0 | A: 32 | AR: 1 | NZ: 01 | IE: 1 | PENDING: 0 | IN_INTR: 0 | DS: [0] | RS: [40] | MEM: - | LATCH: IR | OUT: 'What is your name?\nHello, ' | fetch literal 0
TICK: 001983 | PC: 00192 | STEP: 0 | IR: literal 0 | A: 32 | AR: 1 | NZ: 01 | IE: 1 | PENDING: 0 | IN_INTR: 0 | DS: [0, 0] | RS: [40] | MEM: - | LATCH: DS.push,PC,IR.clear | OUT: 'What is your name?\nHello, ' | literal 0
TICK: 001984 | PC: 00192 | STEP: 0 | IR: sub | A: 32 | AR: 1 | NZ: 01 | IE: 1 | PENDING: 0 | IN_INTR: 0 | DS: [0, 0] | RS: [40] | MEM: - | LATCH: IR | OUT: 'What is your name?\nHello, ' | fetch sub
TICK: 001985 | PC: 00192 | STEP: 1 | IR: sub | A: 32 | AR: 1 | NZ: 01 | IE: 1 | PENDING: 0 | IN_INTR: 0 | DS: [] | RS: [40] | MEM: - | LATCH: ALU.left,ALU.right | OUT: 'What is your name?\nHello, ' | sub.load_operands
TICK: 001986 | PC: 00193 | STEP: 0 | IR: sub | A: 32 | AR: 1 | NZ: 01 | IE: 1 | PENDING: 0 | IN_INTR: 0 | DS: [0] | RS: [40] | MEM: - | LATCH: DS.push(ALU),PC,IR.clear | OUT: 'What is your name?\nHello, ' | sub.write_result
TICK: 001987 | PC: 00193 | STEP: 0 | IR: nif 203 | A: 32 | AR: 1 | NZ: 01 | IE: 1 | PENDING: 0 | IN_INTR: 0 | DS: [0] | RS: [40] | MEM: - | LATCH: IR | OUT: 'What is your name?\nHello, ' | fetch nif 203
TICK: 001988 | PC: 00193 | STEP: 1 | IR: nif 203 | A: 32 | AR: 1 | NZ: 01 | IE: 1 | PENDING: 0 | IN_INTR: 0 | DS: [] | RS: [40] | MEM: - | LATCH: ALU.left | OUT: 'What is your name?\nHello, ' | nif.test
TICK: 001989 | PC: 00198 | STEP: 0 | IR: nif 203 | A: 32 | AR: 1 | NZ: 01 | IE: 1 | PENDING: 0 | IN_INTR: 0 | DS: [] | RS: [40] | MEM: - | LATCH: PC,IR.clear | OUT: 'What is your name?\nHello, ' | nif.branch
TICK: 001990 | PC: 00198 | STEP: 0 | IR: jmp 182 | A: 32 | AR: 1 | NZ: 01 | IE: 1 | PENDING: 0 | IN_INTR: 0 | DS: [] | RS: [40] | MEM: - | LATCH: IR | OUT: 'What is your name?\nHello, ' | fetch jmp 182
TICK: 001991 | PC: 00182 | STEP: 0 | IR: jmp 182 | A: 32 | AR: 1 | NZ: 01 | IE: 1 | PENDING: 0 | IN_INTR: 0 | DS: [] | RS: [40] | MEM: - | LATCH: PC,IR.clear | OUT: 'What is your name?\nHello, ' | jmp 182
TICK: 001992 | PC: 00182 | STEP: 0 | IR: load 1 | A: 32 | AR: 1 | NZ: 01 | IE: 1 | PENDING: 0 | IN_INTR: 0 | DS: [] | RS: [40] | MEM: - | LATCH: IR | OUT: 'What is your name?\nHello, ' | fetch load 1
TICK: 001993 | PC: 00182 | STEP: 1 | IR: load 1 | A: 32 | AR: 1 | NZ: 01 | IE: 1 | PENDING: 0 | IN_INTR: 0 | DS: [] | RS: [40] | MEM: - | LATCH: AR | OUT: 'What is your name?\nHello, ' | load.addr 1
TICK: 001994 | PC: 00187 | STEP: 0 | IR: load 1 | A: 32 | AR: 1 | NZ: 01 | IE: 1 | PENDING: 0 | IN_INTR: 0 | DS: [0] | RS: [40] | MEM: read mem[1] | LATCH: DS.push,PC,IR.clear | OUT: 'What is your name?\nHello, ' | load.read
TICK: 001995 | PC: 00187 | STEP: 0 | IR: literal 0 | A: 32 | AR: 1 | NZ: 01 | IE: 1 | PENDING: 0 | IN_INTR: 0 | DS: [0] | RS: [40] | MEM: - | LATCH: IR | OUT: 'What is your name?\nHello, ' | fetch literal 0
TICK: 001996 | PC: 00192 | STEP: 0 | IR: literal 0 | A: 32 | AR: 1 | NZ: 01 | IE: 1 | PENDING: 0 | IN_INTR: 0 | DS: [0, 0] | RS: [40] | MEM: - | LATCH: DS.push,PC,IR.clear | OUT: 'What is your name?\nHello, ' | literal 0
TICK: 001997 | PC: 00192 | STEP: 0 | IR: sub | A: 32 | AR: 1 | NZ: 01 | IE: 1 | PENDING: 0 | IN_INTR: 0 | DS: [0, 0] | RS: [40] | MEM: - | LATCH: IR | OUT: 'What is your name?\nHello, ' | fetch sub
TICK: 001998 | PC: 00192 | STEP: 1 | IR: sub | A: 32 | AR: 1 | NZ: 01 | IE: 1 | PENDING: 0 | IN_INTR: 0 | DS: [] | RS: [40] | MEM: - | LATCH: ALU.left,ALU.right | OUT: 'What is your name?\nHello, ' | sub.load_operands
TICK: 001999 | PC: 00193 | STEP: 0 | IR: sub | A: 32 | AR: 1 | NZ: 01 | IE: 1 | PENDING: 0 | IN_INTR: 0 | DS: [0] | RS: [40] | MEM: - | LATCH: DS.push(ALU),PC,IR.clear | OUT: 'What is your name?\nHello, ' | sub.write_result
TICK: 002000 | PC: 00193 | STEP: 0 | IR: ---- | A: 32 | AR: 1 | NZ: 01 | IE: 0 | PENDING: 0 | IN_INTR: 1 | DS: [0] | RS: [40, 193] | MEM: - | LATCH: IN_PORT,RS.push(PC) | OUT: 'What is your name?\nHello, ' | INT ENTRY: push PC
TICK: 002001 | PC: 00193 | STEP: 0 | IR: ---- | A: 32 | AR: 1 | NZ: 01 | IE: 0 | PENDING: 0 | IN_INTR: 1 | DS: [0] | RS: [40, 193, 1] | MEM: - | LATCH: RS.push(SR) | OUT: 'What is your name?\nHello, ' | INT ENTRY: push SR
TICK: 002002 | PC: 00193 | STEP: 0 | IR: ---- | A: 32 | AR: 1 | NZ: 01 | IE: 0 | PENDING: 0 | IN_INTR: 1 | DS: [0] | RS: [40, 193, 1, 32] | MEM: - | LATCH: RS.push(A) | OUT: 'What is your name?\nHello, ' | INT ENTRY: push A
TICK: 002003 | PC: 00193 | STEP: 0 | IR: ---- | A: 32 | AR: 0 | NZ: 01 | IE: 0 | PENDING: 0 | IN_INTR: 1 | DS: [0] | RS: [40, 193, 1, 32] | MEM: - | LATCH: AR | OUT: 'What is your name?\nHello, ' | INT ENTRY: AR <- 0
TICK: 002004 | PC: 00193 | STEP: 0 | IR: ---- | A: 32 | AR: 0 | NZ: 01 | IE: 0 | PENDING: 0 | IN_INTR: 1 | DS: [0, 41] | RS: [40, 193, 1, 32] | MEM: read mem[0] | LATCH: DS.push(vector) | OUT: 'What is your name?\nHello, ' | INT ENTRY: read vector
TICK: 002005 | PC: 00041 | STEP: 0 | IR: ---- | A: 32 | AR: 0 | NZ: 01 | IE: 0 | PENDING: 0 | IN_INTR: 1 | DS: [0] | RS: [40, 193, 1, 32] | MEM: - | LATCH: PC | OUT: 'What is your name?\nHello, ' | INT ENTRY: PC <- vector
TICK: 002006 | PC: 00041 | STEP: 0 | IR: load 31998 | A: 32 | AR: 0 | NZ: 01 | IE: 0 | PENDING: 0 | IN_INTR: 1 | DS: [0] | RS: [40, 193, 1, 32] | MEM: - | LATCH: IR | OUT: 'What is your name?\nHello, ' | fetch load 31998
TICK: 002007 | PC: 00041 | STEP: 1 | IR: load 31998 | A: 32 | AR: 31998 | NZ: 01 | IE: 0 | PENDING: 0 | IN_INTR: 1 | DS: [0] | RS: [40, 193, 1, 32] | MEM: - | LATCH: AR | OUT: 'What is your name?\nHello, ' | load.addr 31998
TICK: 002008 | PC: 00046 | STEP: 0 | IR: load 31998 | A: 32 | AR: 31998 | NZ: 01 | IE: 0 | PENDING: 0 | IN_INTR: 1 | DS: [0, 65] | RS: [40, 193, 1, 32] | MEM: read mem[31998] | LATCH: DS.push,PC,IR.clear | OUT: 'What is your name?\nHello, ' | load.read
TICK: 002009 | PC: 00046 | STEP: 0 | IR: dup | A: 32 | AR: 31998 | NZ: 01 | IE: 0 | PENDING: 0 | IN_INTR: 1 | DS: [0, 65] | RS: [40, 193, 1, 32] | MEM: - | LATCH: IR | OUT: 'What is your name?\nHello, ' | fetch dup
TICK: 002010 | PC: 00047 | STEP: 0 | IR: dup | A: 32 | AR: 31998 | NZ: 01 | IE: 0 | PENDING: 0 | IN_INTR: 1 | DS: [0, 65, 65] | RS: [40, 193, 1, 32] | MEM: - | LATCH: DS.dup,PC,IR.clear | OUT: 'What is your name?\nHello, ' | dup
TICK: 002011 | PC: 00047 | STEP: 0 | IR: store 3 | A: 32 | AR: 31998 | NZ: 01 | IE: 0 | PENDING: 0 | IN_INTR: 1 | DS: [0, 65, 65] | RS: [40, 193, 1, 32] | MEM: - | LATCH: IR | OUT: 'What is your name?\nHello, ' | fetch store 3
TICK: 002012 | PC: 00047 | STEP: 1 | IR: store 3 | A: 32 | AR: 3 | NZ: 01 | IE: 0 | PENDING: 0 | IN_INTR: 1 | DS: [0, 65, 65] | RS: [40, 193, 1, 32] | MEM: - | LATCH: AR | OUT: 'What is your name?\nHello, ' | store.addr 3
TICK: 002013 | PC: 00052 | STEP: 0 | IR: store 3 | A: 32 | AR: 3 | NZ: 01 | IE: 0 | PENDING: 0 | IN_INTR: 1 | DS: [0, 65] | RS: [40, 193, 1, 32] | MEM: write mem[3] <- 65 | LATCH: MEM,PC,IR.clear | OUT: 'What is your name?\nHello, ' | store.write
TICK: 002014 | PC: 00052 | STEP: 0 | IR: drop | A: 32 | AR: 3 | NZ: 01 | IE: 0 | PENDING: 0 | IN_INTR: 1 | DS: [0, 65] | RS: [40, 193, 1, 32] | MEM: - | LATCH: IR | OUT: 'What is your name?\nHello, ' | fetch drop
TICK: 002015 | PC: 00053 | STEP: 0 | IR: drop | A: 32 | AR: 3 | NZ: 01 | IE: 0 | PENDING: 0 | IN_INTR: 1 | DS: [0] | RS: [40, 193, 1, 32] | MEM: - | LATCH: PC,IR.clear | OUT: 'What is your name?\nHello, ' | drop
TICK: 002016 | PC: 00053 | STEP: 0 | IR: literal 1 | A: 32 | AR: 3 | NZ: 01 | IE: 0 | PENDING: 0 | IN_INTR: 1 | DS: [0] | RS: [40, 193, 1, 32] | MEM: - | LATCH: IR | OUT: 'What is your name?\nHello, ' | fetch literal 1
TICK: 002017 | PC: 00058 | STEP: 0 | IR: literal 1 | A: 32 | AR: 3 | NZ: 01 | IE: 0 | PENDING: 0 | IN_INTR: 1 | DS: [0, 1] | RS: [40, 193, 1, 32] | MEM: - | LATCH: DS.push,PC,IR.clear | OUT: 'What is your name?\nHello, ' | literal 1
TICK: 002018 | PC: 00058 | STEP: 0 | IR: dup | A: 32 | AR: 3 | NZ: 01 | IE: 0 | PENDING: 0 | IN_INTR: 1 | DS: [0, 1] | RS: [40, 193, 1, 32] | MEM: - | LATCH: IR | OUT: 'What is your name?\nHello, ' | fetch dup
TICK: 002019 | PC: 00059 | STEP: 0 | IR: dup | A: 32 | AR: 3 | NZ: 01 | IE: 0 | PENDING: 0 | IN_INTR: 1 | DS: [0, 1, 1] | RS: [40, 193, 1, 32] | MEM: - | LATCH: DS.dup,PC,IR.clear | OUT: 'What is your name?\nHello, ' | dup
TICK: 002020 | PC: 00059 | STEP: 0 | IR: store 1 | A: 32 | AR: 3 | NZ: 01 | IE: 0 | PENDING: 0 | IN_INTR: 1 | DS: [0, 1, 1] | RS: [40, 193, 1, 32] | MEM: - | LATCH: IR | OUT: 'What is your name?\nHello, ' | fetch store 1
TICK: 002021 | PC: 00059 | STEP: 1 | IR: store 1 | A: 32 | AR: 1 | NZ: 01 | IE: 0 | PENDING: 0 | IN_INTR: 1 | DS: [0, 1, 1] | RS: [40, 193, 1, 32] | MEM: - | LATCH: AR | OUT: 'What is your name?\nHello, ' | store.addr 1
TICK: 002022 | PC: 00064 | STEP: 0 | IR: store 1 | A: 32 | AR: 1 | NZ: 01 | IE: 0 | PENDING: 0 | IN_INTR: 1 | DS: [0, 1] | RS: [40, 193, 1, 32] | MEM: write mem[1] <- 1 | LATCH: MEM,PC,IR.clear | OUT: 'What is your name?\nHello, ' | store.write
TICK: 002023 | PC: 00064 | STEP: 0 | IR: drop | A: 32 | AR: 1 | NZ: 01 | IE: 0 | PENDING: 0 | IN_INTR: 1 | DS: [0, 1] | RS: [40, 193, 1, 32] | MEM: - | LATCH: IR | OUT: 'What is your name?\nHello, ' | fetch drop
TICK: 002024 | PC: 00065 | STEP: 0 | IR: drop | A: 32 | AR: 1 | NZ: 01 | IE: 0 | PENDING: 0 | IN_INTR: 1 | DS: [0] | RS: [40, 193, 1, 32] | MEM: - | LATCH: PC,IR.clear | OUT: 'What is your name?\nHello, ' | drop
TICK: 002025 | PC: 00065 | STEP: 0 | IR: load 3 | A: 32 | AR: 1 | NZ: 01 | IE: 0 | PENDING: 0 | IN_INTR: 1 | DS: [0] | RS: [40, 193, 1, 32] | MEM: - | LATCH: IR | OUT: 'What is your name?\nHello, ' | fetch load 3
TICK: 002026 | PC: 00065 | STEP: 1 | IR: load 3 | A: 32 | AR: 3 | NZ: 01 | IE: 0 | PENDING: 0 | IN_INTR: 1 | DS: [0] | RS: [40, 193, 1, 32] | MEM: - | LATCH: AR | OUT: 'What is your name?\nHello, ' | load.addr 3
TICK: 002027 | PC: 00070 | STEP: 0 | IR: load 3 | A: 32 | AR: 3 | NZ: 01 | IE: 0 | PENDING: 0 | IN_INTR: 1 | DS: [0, 65] | RS: [40, 193, 1, 32] | MEM: read mem[3] | LATCH: DS.push,PC,IR.clear | OUT: 'What is your name?\nHello, ' | load.read
TICK: 002028 | PC: 00070 | STEP: 0 | IR: literal 10 | A: 32 | AR: 3 | NZ: 01 | IE: 0 | PENDING: 0 | IN_INTR: 1 | DS: [0, 65] | RS: [40, 193, 1, 32] | MEM: - | LATCH: IR | OUT: 'What is your name?\nHello, ' | fetch literal 10
TICK: 002029 | PC: 00075 | STEP: 0 | IR: literal 10 | A: 32 | AR: 3 | NZ: 01 | IE: 0 | PENDING: 0 | IN_INTR: 1 | DS: [0, 65, 10] | RS: [40, 193, 1, 32] | MEM: - | LATCH: DS.push,PC,IR.clear | OUT: 'What is your name?\nHello, ' | literal 10
TICK: 002030 | PC: 00075 | STEP: 0 | IR: sub | A: 32 | AR: 3 | NZ: 01 | IE: 0 | PENDING: 0 | IN_INTR: 1 | DS: [0, 65, 10] | RS: [40, 193, 1, 32] | MEM: - | LATCH: IR | OUT: 'What is your name?\nHello, ' | fetch sub
TICK: 002031 | PC: 00075 | STEP: 1 | IR: sub | A: 32 | AR: 3 | NZ: 01 | IE: 0 | PENDING: 0 | IN_INTR: 1 | DS: [0] | RS: [40, 193, 1, 32] | MEM: - | LATCH: ALU.left,ALU.right | OUT: 'What is your name?\nHello, ' | sub.load_operands
TICK: 002032 | PC: 00076 | STEP: 0 | IR: sub | A: 32 | AR: 3 | NZ: 00 | IE: 0 | PENDING: 0 | IN_INTR: 1 | DS: [0, 55] | RS: [40, 193, 1, 32] | MEM: - | LATCH: DS.push(ALU),PC,IR.clear | OUT: 'What is your name?\nHello, ' | sub.write_result
TICK: 002033 | PC: 00076 | STEP: 0 | IR: nif 93 | A: 32 | AR: 3 | NZ: 00 | IE: 0 | PENDING: 0 | IN_INTR: 1 | DS: [0, 55] | RS: [40, 193, 1, 32] | MEM: - | LATCH: IR | OUT: 'What is your name?\nHello, ' | fetch nif 93
TICK: 002034 | PC: 00076 | STEP: 1 | IR: nif 93 | A: 32 | AR: 3 | NZ: 00 | IE: 0 | PENDING: 0 | IN_INTR: 1 | DS: [0] | RS: [40, 193, 1, 32] | MEM: - | LATCH: ALU.left | OUT: 'What is your name?\nHello, ' | nif.test
TICK: 002035 | PC: 00093 | STEP: 0 | IR: nif 93 | A: 32 | AR: 3 | NZ: 00 | IE: 0 | PENDING: 0 | IN_INTR: 1 | DS: [0] | RS: [40, 193, 1, 32] | MEM: - | LATCH: PC,IR.clear | OUT: 'What is your name?\nHello, ' | nif.branch
TICK: 002036 | PC: 00093 | STEP: 0 | IR: iret | A: 32 | AR: 3 | NZ: 00 | IE: 0 | PENDING: 0 | IN_INTR: 1 | DS: [0] | RS: [40, 193, 1, 32] | MEM: - | LATCH: IR | OUT: 'What is your name?\nHello, ' | fetch iret
TICK: 002037 | PC: 00093 | STEP: 1 | IR: iret | A: 32 | AR: 3 | NZ: 00 | IE: 0 | PENDING: 0 | IN_INTR: 1 | DS: [0] | RS: [40, 193, 1] | MEM: - | LATCH: A | OUT: 'What is your name?\nHello, ' | iret.restore_a
TICK: 002038 | PC: 00093 | STEP: 2 | IR: iret | A: 32 | AR: 3 | NZ: 01 | IE: 0 | PENDING: 0 | IN_INTR: 1 | DS: [0] | RS: [40, 193] | MEM: - | LATCH: NZ | OUT: 'What is your name?\nHello, ' | iret.restore_status
TICK: 002039 | PC: 00193 | STEP: 0 | IR: iret | A: 32 | AR: 3 | NZ: 01 | IE: 1 | PENDING: 0 | IN_INTR: 0 | DS: [0] | RS: [40] | MEM: - | LATCH: PC,IR.clear,IE,IN_INTR | OUT: 'What is your name?\nHello, ' | iret.restore_pc
TICK: 002040 | PC: 00193 | STEP: 0 | IR: nif 203 | A: 32 | AR: 3 | NZ: 01 | IE: 1 | PENDING: 0 | IN_INTR: 0 | DS: [0] | RS: [40] | MEM: - | LATCH: IR | OUT: 'What is your name?\nHello, ' | fetch nif 203
TICK: 002041 | PC: 00193 | STEP: 1 | IR: nif 203 | A: 32 | AR: 3 | NZ: 01 | IE: 1 | PENDING: 0 | IN_INTR: 0 | DS: [] | RS: [40] | MEM: - | LATCH: ALU.left | OUT: 'What is your name?\nHello, ' | nif.test
TICK: 002042 | PC: 00198 | STEP: 0 | IR: nif 203 | A: 32 | AR: 3 | NZ: 01 | IE: 1 | PENDING: 0 | IN_INTR: 0 | DS: [] | RS: [40] | MEM: - | LATCH: PC,IR.clear | OUT: 'What is your name?\nHello, ' | nif.branch
TICK: 002043 | PC: 00198 | STEP: 0 | IR: jmp 182 | A: 32 | AR: 3 | NZ: 01 | IE: 1 | PENDING: 0 | IN_INTR: 0 | DS: [] | RS: [40] | MEM: - | LATCH: IR | OUT: 'What is your name?\nHello, ' | fetch jmp 182
TICK: 002044 | PC: 00182 | STEP: 0 | IR: jmp 182 | A: 32 | AR: 3 | NZ: 01 | IE: 1 | PENDING: 0 | IN_INTR: 0 | DS: [] | RS: [40] | MEM: - | LATCH: PC,IR.clear | OUT: 'What is your name?\nHello, ' | jmp 182
TICK: 002045 | PC: 00182 | STEP: 0 | IR: load 1 | A: 32 | AR: 3 | NZ: 01 | IE: 1 | PENDING: 0 | IN_INTR: 0 | DS: [] | RS: [40] | MEM: - | LATCH: IR | OUT: 'What is your name?\nHello, ' | fetch load 1
TICK: 002046 | PC: 00182 | STEP: 1 | IR: load 1 | A: 32 | AR: 1 | NZ: 01 | IE: 1 | PENDING: 0 | IN_INTR: 0 | DS: [] | RS: [40] | MEM: - | LATCH: AR | OUT: 'What is your name?\nHello, ' | load.addr 1
TICK: 002047 | PC: 00187 | STEP: 0 | IR: load 1 | A: 32 | AR: 1 | NZ: 01 | IE: 1 | PENDING: 0 | IN_INTR: 0 | DS: [1] | RS: [40] | MEM: read mem[1] | LATCH: DS.push,PC,IR.clear | OUT: 'What is your name?\nHello, ' | load.read
TICK: 002048 | PC: 00187 | STEP: 0 | IR: literal 0 | A: 32 | AR: 1 | NZ: 01 | IE: 1 | PENDING: 0 | IN_INTR: 0 | DS: [1] | RS: [40] | MEM: - | LATCH: IR | OUT: 'What is your name?\nHello, ' | fetch literal 0
TICK: 002049 | PC: 00192 | STEP: 0 | IR: literal 0 | A: 32 | AR: 1 | NZ: 01 | IE: 1 | PENDING: 0 | IN_INTR: 0 | DS: [1, 0] | RS: [40] | MEM: - | LATCH: DS.push,PC,IR.clear | OUT: 'What is your name?\nHello, ' | literal 0
TICK: 002050 | PC: 00192 | STEP: 0 | IR: sub | A: 32 | AR: 1 | NZ: 01 | IE: 1 | PENDING: 0 | IN_INTR: 0 | DS: [1, 0] | RS: [40] | MEM: - | LATCH: IR | OUT: 'What is your name?\nHello, ' | fetch sub
TICK: 002051 | PC: 00192 | STEP: 1 | IR: sub | A: 32 | AR: 1 | NZ: 01 | IE: 1 | PENDING: 0 | IN_INTR: 0 | DS: [] | RS: [40] | MEM: - | LATCH: ALU.left,ALU.right | OUT: 'What is your name?\nHello, ' | sub.load_operands
TICK: 002052 | PC: 00193 | STEP: 0 | IR: sub | A: 32 | AR: 1 | NZ: 00 | IE: 1 | PENDING: 0 | IN_INTR: 0 | DS: [1] | RS: [40] | MEM: - | LATCH: DS.push(ALU),PC,IR.clear | OUT: 'What is your name?\nHello, ' | sub.write_result
TICK: 002053 | PC: 00193 | STEP: 0 | IR: nif 203 | A: 32 | AR: 1 | NZ: 00 | IE: 1 | PENDING: 0 | IN_INTR: 0 | DS: [1] | RS: [40] | MEM: - | LATCH: IR | OUT: 'What is your name?\nHello, ' | fetch nif 203
TICK: 002054 | PC: 00193 | STEP: 1 | IR: nif 203 | A: 32 | AR: 1 | NZ: 00 | IE: 1 | PENDING: 0 | IN_INTR: 0 | DS: [] | RS: [40] | MEM: - | LATCH: ALU.left | OUT: 'What is your name?\nHello, ' | nif.test
TICK: 002055 | PC: 00203 | STEP: 0 | IR: nif 203 | A: 32 | AR: 1 | NZ: 00 | IE: 1 | PENDING: 0 | IN_INTR: 0 | DS: [] | RS: [40] | MEM: - | LATCH: PC,IR.clear | OUT: 'What is your name?\nHello, ' | nif.branch
TICK: 002056 | PC: 00203 | STEP: 0 | IR: load 2 | A: 32 | AR: 1 | NZ: 00 | IE: 1 | PENDING: 0 | IN_INTR: 0 | DS: [] | RS: [40] | MEM: - | LATCH: IR | OUT: 'What is your name?\nHello, ' | fetch load 2
TICK: 002057 | PC: 00203 | STEP: 1 | IR: load 2 | A: 32 | AR: 2 | NZ: 00 | IE: 1 | PENDING: 0 | IN_INTR: 0 | DS: [] | RS: [40] | MEM: - | LATCH: AR | OUT: 'What is your name?\nHello, ' | load.addr 2
TICK: 002058 | PC: 00208 | STEP: 0 | IR: load 2 | A: 32 | AR: 2 | NZ: 00 | IE: 1 | PENDING: 0 | IN_INTR: 0 | DS: [0] | RS: [40] | MEM: read mem[2] | LATCH: DS.push,PC,IR.clear | OUT: 'What is your name?\nHello, ' | load.read
TICK: 002059 | PC: 00208 | STEP: 0 | IR: literal 0 | A: 32 | AR: 2 | NZ: 00 | IE: 1 | PENDING: 0 | IN_INTR: 0 | DS: [0] | RS: [40] | MEM: - | LATCH: IR | OUT: 'What is your name?\nHello, ' | fetch literal 0
TICK: 002060 | PC: 00213 | STEP: 0 | IR: literal 0 | A: 32 | AR: 2 | NZ: 00 | IE: 1 | PENDING: 0 | IN_INTR: 0 | DS: [0, 0] | RS: [40] | MEM: - | LATCH: DS.push,PC,IR.clear | OUT: 'What is your name?\nHello, ' | literal 0
TICK: 002061 | PC: 00213 | STEP: 0 | IR: sub | A: 32 | AR: 2 | NZ: 00 | IE: 1 | PENDING: 0 | IN_INTR: 0 | DS: [0, 0] | RS: [40] | MEM: - | LATCH: IR | OUT: 'What is your name?\nHello, ' | fetch sub
TICK: 002062 | PC: 00213 | STEP: 1 | IR: sub | A: 32 | AR: 2 | NZ: 00 | IE: 1 | PENDING: 0 | IN_INTR: 0 | DS: [] | RS: [40] | MEM: - | LATCH: ALU.left,ALU.right | OUT: 'What is your name?\nHello, ' | sub.load_operands
TICK: 002063 | PC: 00214 | STEP: 0 | IR: sub | A: 32 | AR: 2 | NZ: 01 | IE: 1 | PENDING: 0 | IN_INTR: 0 | DS: [0] | RS: [40] | MEM: - | LATCH: DS.push(ALU),PC,IR.clear | OUT: 'What is your name?\nHello, ' | sub.write_result
TICK: 002064 | PC: 00214 | STEP: 0 | IR: nif 247 | A: 32 | AR: 2 | NZ: 01 | IE: 1 | PENDING: 0 | IN_INTR: 0 | DS: [0] | RS: [40] | MEM: - | LATCH: IR | OUT: 'What is your name?\nHello, ' | fetch nif 247
TICK: 002065 | PC: 00214 | STEP: 1 | IR: nif 247 | A: 32 | AR: 2 | NZ: 01 | IE: 1 | PENDING: 0 | IN_INTR: 0 | DS: [] | RS: [40] | MEM: - | LATCH: ALU.left | OUT: 'What is your name?\nHello, ' | nif.test
TICK: 002066 | PC: 00219 | STEP: 0 | IR: nif 247 | A: 32 | AR: 2 | NZ: 01 | IE: 1 | PENDING: 0 | IN_INTR: 0 | DS: [] | RS: [40] | MEM: - | LATCH: PC,IR.clear | OUT: 'What is your name?\nHello, ' | nif.branch
TICK: 002067 | PC: 00219 | STEP: 0 | IR: load 3 | A: 32 | AR: 2 | NZ: 01 | IE: 1 | PENDING: 0 | IN_INTR: 0 | DS: [] | RS: [40] | MEM: - | LATCH: IR | OUT: 'What is your name?\nHello, ' | fetch load 3
TICK: 002068 | PC: 00219 | STEP: 1 | IR: load 3 | A: 32 | AR: 3 | NZ: 01 | IE: 1 | PENDING: 0 | IN_INTR: 0 | DS: [] | RS: [40] | MEM: - | LATCH: AR | OUT: 'What is your name?\nHello, ' | load.addr 3
TICK: 002069 | PC: 00224 | STEP: 0 | IR: load 3 | A: 32 | AR: 3 | NZ: 01 | IE: 1 | PENDING: 0 | IN_INTR: 0 | DS: [65] | RS: [40] | MEM: read mem[3] | LATCH: DS.push,PC,IR.clear | OUT: 'What is your name?\nHello, ' | load.read
TICK: 002070 | PC: 00224 | STEP: 0 | IR: store 31999 | A: 32 | AR: 3 | NZ: 01 | IE: 1 | PENDING: 0 | IN_INTR: 0 | DS: [65] | RS: [40] | MEM: - | LATCH: IR | OUT: 'What is your name?\nHello, ' | fetch store 31999
TICK: 002071 | PC: 00224 | STEP: 1 | IR: store 31999 | A: 32 | AR: 31999 | NZ: 01 | IE: 1 | PENDING: 0 | IN_INTR: 0 | DS: [65] | RS: [40] | MEM: - | LATCH: AR | OUT: 'What is your name?\nHello, ' | store.addr 31999
TICK: 002072 | PC: 00229 | STEP: 0 | IR: store 31999 | A: 32 | AR: 31999 | NZ: 01 | IE: 1 | PENDING: 0 | IN_INTR: 0 | DS: [] | RS: [40] | MEM: write mem[31999] <- 65 | LATCH: OUT,PC,IR.clear | OUT: 'What is your name?\nHello, A' | store.write
TICK: 002073 | PC: 00229 | STEP: 0 | IR: literal 0 | A: 32 | AR: 31999 | NZ: 01 | IE: 1 | PENDING: 0 | IN_INTR: 0 | DS: [] | RS: [40] | MEM: - | LATCH: IR | OUT: 'What is your name?\nHello, A' | fetch literal 0
TICK: 002074 | PC: 00234 | STEP: 0 | IR: literal 0 | A: 32 | AR: 31999 | NZ: 01 | IE: 1 | PENDING: 0 | IN_INTR: 0 | DS: [0] | RS: [40] | MEM: - | LATCH: DS.push,PC,IR.clear | OUT: 'What is your name?\nHello, A' | literal 0
TICK: 002075 | PC: 00234 | STEP: 0 | IR: drop | A: 32 | AR: 31999 | NZ: 01 | IE: 1 | PENDING: 0 | IN_INTR: 0 | DS: [0] | RS: [40] | MEM: - | LATCH: IR | OUT: 'What is your name?\nHello, A' | fetch drop
TICK: 002076 | PC: 00235 | STEP: 0 | IR: drop | A: 32 | AR: 31999 | NZ: 01 | IE: 1 | PENDING: 0 | IN_INTR: 0 | DS: [] | RS: [40] | MEM: - | LATCH: PC,IR.clear | OUT: 'What is your name?\nHello, A' | drop
TICK: 002077 | PC: 00235 | STEP: 0 | IR: literal 0 | A: 32 | AR: 31999 | NZ: 01 | IE: 1 | PENDING: 0 | IN_INTR: 0 | DS: [] | RS: [40] | MEM: - | LATCH: IR | OUT: 'What is your name?\nHello, A' | fetch literal 0
TICK: 002078 | PC: 00240 | STEP: 0 | IR: literal 0 | A: 32 | AR: 31999 | NZ: 01 | IE: 1 | PENDING: 0 | IN_INTR: 0 | DS: [0] | RS: [40] | MEM: - | LATCH: DS.push,PC,IR.clear | OUT: 'What is your name?\nHello, A' | literal 0
TICK: 002079 | PC: 00240 | STEP: 0 | IR: dup | A: 32 | AR: 31999 | NZ: 01 | IE: 1 | PENDING: 0 | IN_INTR: 0 | DS: [0] | RS: [40] | MEM: - | LATCH: IR | OUT: 'What is your name?\nHello, A' | fetch dup
TICK: 002080 | PC: 00241 | STEP: 0 | IR: dup | A: 32 | AR: 31999 | NZ: 01 | IE: 1 | PENDING: 0 | IN_INTR: 0 | DS: [0, 0] | RS: [40] | MEM: - | LATCH: DS.dup,PC,IR.clear | OUT: 'What is your name?\nHello, A' | dup
TICK: 002081 | PC: 00241 | STEP: 0 | IR: store 1 | A: 32 | AR: 31999 | NZ: 01 | IE: 1 | PENDING: 0 | IN_INTR: 0 | DS: [0, 0] | RS: [40] | MEM: - | LATCH: IR | OUT: 'What is your name?\nHello, A' | fetch store 1
TICK: 002082 | PC: 00241 | STEP: 1 | IR: store 1 | A: 32 | AR: 1 | NZ: 01 | IE: 1 | PENDING: 0 | IN_INTR: 0 | DS: [0, 0] | RS: [40] | MEM: - | LATCH: AR | OUT: 'What is your name?\nHello, A' | store.addr 1
TICK: 002083 | PC: 00246 | STEP: 0 | IR: store 1 | A: 32 | AR: 1 | NZ: 01 | IE: 1 | PENDING: 0 | IN_INTR: 0 | DS: [0] | RS: [40] | MEM: write mem[1] <- 0 | LATCH: MEM,PC,IR.clear | OUT: 'What is your name?\nHello, A' | store.write
TICK: 002084 | PC: 00246 | STEP: 0 | IR: drop | A: 32 | AR: 1 | NZ: 01 | IE: 1 | PENDING: 0 | IN_INTR: 0 | DS: [0] | RS: [40] | MEM: - | LATCH: IR | OUT: 'What is your name?\nHello, A' | fetch drop
TICK: 002085 | PC: 00247 | STEP: 0 | IR: drop | A: 32 | AR: 1 | NZ: 01 | IE: 1 | PENDING: 0 | IN_INTR: 0 | DS: [] | RS: [40] | MEM: - | LATCH: PC,IR.clear | OUT: 'What is your name?\nHello, A' | drop
TICK: 002086 | PC: 00247 | STEP: 0 | IR: jmp 166 | A: 32 | AR: 1 | NZ: 01 | IE: 1 | PENDING: 0 | IN_INTR: 0 | DS: [] | RS: [40] | MEM: - | LATCH: IR | OUT: 'What is your name?\nHello, A' | fetch jmp 166
TICK: 002087 | PC: 00166 | STEP: 0 | IR: jmp 166 | A: 32 | AR: 1 | NZ: 01 | IE: 1 | PENDING: 0 | IN_INTR: 0 | DS: [] | RS: [40] | MEM: - | LATCH: PC,IR.clear | OUT: 'What is your name?\nHello, A' | jmp 166
TICK: 002088 | PC: 00166 | STEP: 0 | IR: load 2 | A: 32 | AR: 1 | NZ: 01 | IE: 1 | PENDING: 0 | IN_INTR: 0 | DS: [] | RS: [40] | MEM: - | LATCH: IR | OUT: 'What is your name?\nHello, A' | fetch load 2
TICK: 002089 | PC: 00166 | STEP: 1 | IR: load 2 | A: 32 | AR: 2 | NZ: 01 | IE: 1 | PENDING: 0 | IN_INTR: 0 | DS: [] | RS: [40] | MEM: - | LATCH: AR | OUT: 'What is your name?\nHello, A' | load.addr 2
TICK: 002090 | PC: 00171 | STEP: 0 | IR: load 2 | A: 32 | AR: 2 | NZ: 01 | IE: 1 | PENDING: 0 | IN_INTR: 0 | DS: [0] | RS: [40] | MEM: read mem[2] | LATCH: DS.push,PC,IR.clear | OUT: 'What is your name?\nHello, A' | load.read
TICK: 002091 | PC: 00171 | STEP: 0 | IR: literal 0 | A: 32 | AR: 2 | NZ: 01 | IE: 1 | PENDING: 0 | IN_INTR: 0 | DS: [0] | RS: [40] | MEM: - | LATCH: IR | OUT: 'What is your name?\nHello, A' | fetch literal 0
TICK: 002092 | PC: 00176 | STEP: 0 | IR: literal 0 | A: 32 | AR: 2 | NZ: 01 | IE: 1 | PENDING: 0 | IN_INTR: 0 | DS: [0, 0] | RS: [40] | MEM: - | LATCH: DS.push,PC,IR.clear | OUT: 'What is your name?\nHello, A' | literal 0
TICK: 002093 | PC: 00176 | STEP: 0 | IR: sub | A: 32 | AR: 2 | NZ: 01 | IE: 1 | PENDING: 0 | IN_INTR: 0 | DS: [0, 0] | RS: [40] | MEM: - | LATCH: IR | OUT: 'What is your name?\nHello, A' | fetch sub
TICK: 002094 | PC: 00176 | STEP: 1 | IR: sub | A: 32 | AR: 2 | NZ: 01 | IE: 1 | PENDING: 0 | IN_INTR: 0 | DS: [] | RS: [40] | MEM: - | LATCH: ALU.left,ALU.right | OUT: 'What is your name?\nHello, A' | sub.load_operands
TICK: 002095 | PC: 00177 | STEP: 0 | IR: sub | A: 32 | AR: 2 | NZ: 01 | IE: 1 | PENDING: 0 | IN_INTR: 0 | DS: [0] | RS: [40] | MEM: - | LATCH: DS.push(ALU),PC,IR.clear | OUT: 'What is your name?\nHello, A' | sub.write_result
TICK: 002096 | PC: 00177 | STEP: 0 | IR: nif 252 | A: 32 | AR: 2 | NZ: 01 | IE: 1 | PENDING: 0 | IN_INTR: 0 | DS: [0] | RS: [40] | MEM: - | LATCH: IR | OUT: 'What is your name?\nHello, A' | fetch nif 252
TICK: 002097 | PC: 00177 | STEP: 1 | IR: nif 252 | A: 32 | AR: 2 | NZ: 01 | IE: 1 | PENDING: 0 | IN_INTR: 0 | DS: [] | RS: [40] | MEM: - | LATCH: ALU.left | OUT: 'What is your name?\nHello, A' | nif.test
TICK: 002098 | PC: 00182 | STEP: 0 | IR: nif 252 | A: 32 | AR: 2 | NZ: 01 | IE: 1 | PENDING: 0 | IN_INTR: 0 | DS: [] | RS: [40] | MEM: - | LATCH: PC,IR.clear | OUT: 'What is your name?\nHello, A' | nif.branch
TICK: 002099 | PC: 00182 | STEP: 0 | IR: load 1 | A: 32 | AR: 2 | NZ: 01 | IE: 1 | PENDING: 0 | IN_INTR: 0 | DS: [] | RS: [40] | MEM: - | LATCH: IR | OUT: 'What is your name?\nHello, A' | fetch load 1
TICK: 002100 | PC: 00182 | STEP: 1 | IR: load 1 | A: 32 | AR: 1 | NZ: 01 | IE: 1 | PENDING: 0 | IN_INTR: 0 | DS: [] | RS: [40] | MEM: - | LATCH: AR | OUT: 'What is your name?\nHello, A' | load.addr 1
TICK: 002101 | PC: 00187 | STEP: 0 | IR: load 1 | A: 32 | AR: 1 | NZ: 01 | IE: 1 | PENDING: 0 | IN_INTR: 0 | DS: [0] | RS: [40] | MEM: read mem[1] | LATCH: DS.push,PC,IR.clear | OUT: 'What is your name?\nHello, A' | load.read
TICK: 002102 | PC: 00187 | STEP: 0 | IR: literal 0 | A: 32 | AR: 1 | NZ: 01 | IE: 1 | PENDING: 0 | IN_INTR: 0 | DS: [0] | RS: [40] | MEM: - | LATCH: IR | OUT: 'What is your name?\nHello, A' | fetch literal 0
TICK: 002103 | PC: 00192 | STEP: 0 | IR: literal 0 | A: 32 | AR: 1 | NZ: 01 | IE: 1 | PENDING: 0 | IN_INTR: 0 | DS: [0, 0] | RS: [40] | MEM: - | LATCH: DS.push,PC,IR.clear | OUT: 'What is your name?\nHello, A' | literal 0
TICK: 002104 | PC: 00192 | STEP: 0 | IR: sub | A: 32 | AR: 1 | NZ: 01 | IE: 1 | PENDING: 0 | IN_INTR: 0 | DS: [0, 0] | RS: [40] | MEM: - | LATCH: IR | OUT: 'What is your name?\nHello, A' | fetch sub
TICK: 002105 | PC: 00192 | STEP: 1 | IR: sub | A: 32 | AR: 1 | NZ: 01 | IE: 1 | PENDING: 0 | IN_INTR: 0 | DS: [] | RS: [40] | MEM: - | LATCH: ALU.left,ALU.right | OUT: 'What is your name?\nHello, A' | sub.load_operands
TICK: 002106 | PC: 00193 | STEP: 0 | IR: sub | A: 32 | AR: 1 | NZ: 01 | IE: 1 | PENDING: 0 | IN_INTR: 0 | DS: [0] | RS: [40] | MEM: - | LATCH: DS.push(ALU),PC,IR.clear | OUT: 'What is your name?\nHello, A' | sub.write_result
TICK: 002107 | PC: 00193 | STEP: 0 | IR: nif 203 | A: 32 | AR: 1 | NZ: 01 | IE: 1 | PENDING: 0 | IN_INTR: 0 | DS: [0] | RS: [40] | MEM: - | LATCH: IR | OUT: 'What is your name?\nHello, A' | fetch nif 203
TICK: 002108 | PC: 00193 | STEP: 1 | IR: nif 203 | A: 32 | AR: 1 | NZ: 01 | IE: 1 | PENDING: 0 | IN_INTR: 0 | DS: [] | RS: [40] | MEM: - | LATCH: ALU.left | OUT: 'What is your name?\nHello, A' | nif.test
TICK: 002109 | PC: 00198 | STEP: 0 | IR: nif 203 | A: 32 | AR: 1 | NZ: 01 | IE: 1 | PENDING: 0 | IN_INTR: 0 | DS: [] | RS: [40] | MEM: - | LATCH: PC,IR.clear | OUT: 'What is your name?\nHello, A' | nif.branch
TICK: 002110 | PC: 00198 | STEP: 0 | IR: jmp 182 | A: 32 | AR: 1 | NZ: 01 | IE: 1 | PENDING: 0 | IN_INTR: 0 | DS: [] | RS: [40] | MEM: - | LATCH: IR | OUT: 'What is your name?\nHello, A' | fetch jmp 182
TICK: 002111 | PC: 00182 | STEP: 0 | IR: jmp 182 | A: 32 | AR: 1 | NZ: 01 | IE: 1 | PENDING: 0 | IN_INTR: 0 | DS: [] | RS: [40] | MEM: - | LATCH: PC,IR.clear | OUT: 'What is your name?\nHello, A' | jmp 182
TICK: 002112 | PC: 00182 | STEP: 0 | IR: load 1 | A: 32 | AR: 1 | NZ: 01 | IE: 1 | PENDING: 0 | IN_INTR: 0 | DS: [] | RS: [40] | MEM: - | LATCH: IR | OUT: 'What is your name?\nHello, A' | fetch load 1
TICK: 002113 | PC: 00182 | STEP: 1 | IR: load 1 | A: 32 | AR: 1 | NZ: 01 | IE: 1 | PENDING: 0 | IN_INTR: 0 | DS: [] | RS: [40] | MEM: - | LATCH: AR | OUT: 'What is your name?\nHello, A' | load.addr 1
TICK: 002114 | PC: 00187 | STEP: 0 | IR: load 1 | A: 32 | AR: 1 | NZ: 01 | IE: 1 | PENDING: 0 | IN_INTR: 0 | DS: [0] | RS: [40] | MEM: read mem[1] | LATCH: DS.push,PC,IR.clear | OUT: 'What is your name?\nHello, A' | load.read
TICK: 002115 | PC: 00187 | STEP: 0 | IR: literal 0 | A: 32 | AR: 1 | NZ: 01 | IE: 1 | PENDING: 0 | IN_INTR: 0 | DS: [0] | RS: [40] | MEM: - | LATCH: IR | OUT: 'What is your name?\nHello, A' | fetch literal 0
TICK: 002116 | PC: 00192 | STEP: 0 | IR: literal 0 | A: 32 | AR: 1 | NZ: 01 | IE: 1 | PENDING: 0 | IN_INTR: 0 | DS: [0, 0] | RS: [40] | MEM: - | LATCH: DS.push,PC,IR.clear | OUT: 'What is your name?\nHello, A' | literal 0
TICK: 002117 | PC: 00192 | STEP: 0 | IR: sub | A: 32 | AR: 1 | NZ: 01 | IE: 1 | PENDING: 0 | IN_INTR: 0 | DS: [0, 0] | RS: [40] | MEM: - | LATCH: IR | OUT: 'What is your name?\nHello, A' | fetch sub
TICK: 002118 | PC: 00192 | STEP: 1 | IR: sub | A: 32 | AR: 1 | NZ: 01 | IE: 1 | PENDING: 0 | IN_INTR: 0 | DS: [] | RS: [40] | MEM: - | LATCH: ALU.left,ALU.right | OUT: 'What is your name?\nHello, A' | sub.load_operands
TICK: 002119 | PC: 00193 | STEP: 0 | IR: sub | A: 32 | AR: 1 | NZ: 01 | IE: 1 | PENDING: 0 | IN_INTR: 0 | DS: [0] | RS: [40] | MEM: - | LATCH: DS.push(ALU),PC,IR.clear | OUT: 'What is your name?\nHello, A' | sub.write_result
TICK: 002120 | PC: 00193 | STEP: 0 | IR: nif 203 | A: 32 | AR: 1 | NZ: 01 | IE: 1 | PENDING: 0 | IN_INTR: 0 | DS: [0] | RS: [40] | MEM: - | LATCH: IR | OUT: 'What is your name?\nHello, A' | fetch nif 203
TICK: 002121 | PC: 00193 | STEP: 1 | IR: nif 203 | A: 32 | AR: 1 | NZ: 01 | IE: 1 | PENDING: 0 | IN_INTR: 0 | DS: [] | RS: [40] | MEM: - | LATCH: ALU.left | OUT: 'What is your name?\nHello, A' | nif.test
TICK: 002122 | PC: 00198 | STEP: 0 | IR: nif 203 | A: 32 | AR: 1 | NZ: 01 | IE: 1 | PENDING: 0 | IN_INTR: 0 | DS: [] | RS: [40] | MEM: - | LATCH: PC,IR.clear | OUT: 'What is your name?\nHello, A' | nif.branch
TICK: 002123 | PC: 00198 | STEP: 0 | IR: jmp 182 | A: 32 | AR: 1 | NZ: 01 | IE: 1 | PENDING: 0 | IN_INTR: 0 | DS: [] | RS: [40] | MEM: - | LATCH: IR | OUT: 'What is your name?\nHello, A' | fetch jmp 182
TICK: 002124 | PC: 00182 | STEP: 0 | IR: jmp 182 | A: 32 | AR: 1 | NZ: 01 | IE: 1 | PENDING: 0 | IN_INTR: 0 | DS: [] | RS: [40] | MEM: - | LATCH: PC,IR.clear | OUT: 'What is your name?\nHello, A' | jmp 182
TICK: 002125 | PC: 00182 | STEP: 0 | IR: load 1 | A: 32 | AR: 1 | NZ: 01 | IE: 1 | PENDING: 0 | IN_INTR: 0 | DS: [] | RS: [40] | MEM: - | LATCH: IR | OUT: 'What is your name?\nHello, A' | fetch load 1
TICK: 002126 | PC: 00182 | STEP: 1 | IR: load 1 | A: 32 | AR: 1 | NZ: 01 | IE: 1 | PENDING: 0 | IN_INTR: 0 | DS: [] | RS: [40] | MEM: - | LATCH: AR | OUT: 'What is your name?\nHello, A' | load.addr 1
TICK: 002127 | PC: 00187 | STEP: 0 | IR: load 1 | A: 32 | AR: 1 | NZ: 01 | IE: 1 | PENDING: 0 | IN_INTR: 0 | DS: [0] | RS: [40] | MEM: read mem[1] | LATCH: DS.push,PC,IR.clear | OUT: 'What is your name?\nHello, A' | load.read
TICK: 002128 | PC: 00187 | STEP: 0 | IR: literal 0 | A: 32 | AR: 1 | NZ: 01 | IE: 1 | PENDING: 0 | IN_INTR: 0 | DS: [0] | RS: [40] | MEM: - | LATCH: IR | OUT: 'What is your name?\nHello, A' | fetch literal 0
TICK: 002129 | PC: 00192 | STEP: 0 | IR: literal 0 | A: 32 | AR: 1 | NZ: 01 | IE: 1 | PENDING: 0 | IN_INTR: 0 | DS: [0, 0] | RS: [40] | MEM: - | LATCH: DS.push,PC,IR.clear | OUT: 'What is your name?\nHello, A' | literal 0
TICK: 002130 | PC: 00192 | STEP: 0 | IR: sub | A: 32 | AR: 1 | NZ: 01 | IE: 1 | PENDING: 0 | IN_INTR: 0 | DS: [0, 0] | RS: [40] | MEM: - | LATCH: IR | OUT: 'What is your name?\nHello, A' | fetch sub
TICK: 002131 | PC: 00192 | STEP: 1 | IR: sub | A: 32 | AR: 1 | NZ: 01 | IE: 1 | PENDING: 0 | IN_INTR: 0 | DS: [] | RS: [40] | MEM: - | LATCH: ALU.left,ALU.right | OUT: 'What is your name?\nHello, A' | sub.load_operands
TICK: 002132 | PC: 00193 | STEP: 0 | IR: sub | A: 32 | AR: 1 | NZ: 01 | IE: 1 | PENDING: 0 | IN_INTR: 0 | DS: [0] | RS: [40] | MEM: - | LATCH: DS.push(ALU),PC,IR.clear | OUT: 'What is your name?\nHello, A' | sub.write_result
TICK: 002133 | PC: 00193 | STEP: 0 | IR: nif 203 | A: 32 | AR: 1 | NZ: 01 | IE: 1 | PENDING: 0 | IN_INTR: 0 | DS: [0] | RS: [40] | MEM: - | LATCH: IR | OUT: 'What is your name?\nHello, A' | fetch nif 203
TICK: 002134 | PC: 00193 | STEP: 1 | IR: nif 203 | A: 32 | AR: 1 | NZ: 01 | IE: 1 | PENDING: 0 | IN_INTR: 0 | DS: [] | RS: [40] | MEM: - | LATCH: ALU.left | OUT: 'What is your name?\nHello, A' | nif.test
TICK: 002135 | PC: 00198 | STEP: 0 | IR: nif 203 | A: 32 | AR: 1 | NZ: 01 | IE: 1 | PENDING: 0 | IN_INTR: 0 | DS: [] | RS: [40] | MEM: - | LATCH: PC,IR.clear | OUT: 'What is your name?\nHello, A' | nif.branch
TICK: 002136 | PC: 00198 | STEP: 0 | IR: jmp 182 | A: 32 | AR: 1 | NZ: 01 | IE: 1 | PENDING: 0 | IN_INTR: 0 | DS: [] | RS: [40] | MEM: - | LATCH: IR | OUT: 'What is your name?\nHello, A' | fetch jmp 182
TICK: 002137 | PC: 00182 | STEP: 0 | IR: jmp 182 | A: 32 | AR: 1 | NZ: 01 | IE: 1 | PENDING: 0 | IN_INTR: 0 | DS: [] | RS: [40] | MEM: - | LATCH: PC,IR.clear | OUT: 'What is your name?\nHello, A' | jmp 182
TICK: 002138 | PC: 00182 | STEP: 0 | IR: load 1 | A: 32 | AR: 1 | NZ: 01 | IE: 1 | PENDING: 0 | IN_INTR: 0 | DS: [] | RS: [40] | MEM: - | LATCH: IR | OUT: 'What is your name?\nHello, A' | fetch load 1
TICK: 002139 | PC: 00182 | STEP: 1 | IR: load 1 | A: 32 | AR: 1 | NZ: 01 | IE: 1 | PENDING: 0 | IN_INTR: 0 | DS: [] | RS: [40] | MEM: - | LATCH: AR | OUT: 'What is your name?\nHello, A' | load.addr 1
TICK: 002140 | PC: 00187 | STEP: 0 | IR: load 1 | A: 32 | AR: 1 | NZ: 01 | IE: 1 | PENDING: 0 | IN_INTR: 0 | DS: [0] | RS: [40] | MEM: read mem[1] | LATCH: DS.push,PC,IR.clear | OUT: 'What is your name?\nHello, A' | load.read
TICK: 002141 | PC: 00187 | STEP: 0 | IR: literal 0 | A: 32 | AR: 1 | NZ: 01 | IE: 1 | PENDING: 0 | IN_INTR: 0 | DS: [0] | RS: [40] | MEM: - | LATCH: IR | OUT: 'What is your name?\nHello, A' | fetch literal 0
TICK: 002142 | PC: 00192 | STEP: 0 | IR: literal 0 | A: 32 | AR: 1 | NZ: 01 | IE: 1 | PENDING: 0 | IN_INTR: 0 | DS: [0, 0] | RS: [40] | MEM: - | LATCH: DS.push,PC,IR.clear | OUT: 'What is your name?\nHello, A' | literal 0
TICK: 002143 | PC: 00192 | STEP: 0 | IR: sub | A: 32 | AR: 1 | NZ: 01 | IE: 1 | PENDING: 0 | IN_INTR: 0 | DS: [0, 0] | RS: [40] | MEM: - | LATCH: IR | OUT: 'What is your name?\nHello, A' | fetch sub
TICK: 002144 | PC: 00192 | STEP: 1 | IR: sub | A: 32 | AR: 1 | NZ: 01 | IE: 1 | PENDING: 0 | IN_INTR: 0 | DS: [] | RS: [40] | MEM: - | LATCH: ALU.left,ALU.right | OUT: 'What is your name?\nHello, A' | sub.load_operands
TICK: 002145 | PC: 00193 | STEP: 0 | IR: sub | A: 32 | AR: 1 | NZ: 01 | IE: 1 | PENDING: 0 | IN_INTR: 0 | DS: [0] | RS: [40] | MEM: - | LATCH: DS.push(ALU),PC,IR.clear | OUT: 'What is your name?\nHello, A' | sub.write_result
TICK: 002146 | PC: 00193 | STEP: 0 | IR: nif 203 | A: 32 | AR: 1 | NZ: 01 | IE: 1 | PENDING: 0 | IN_INTR: 0 | DS: [0] | RS: [40] | MEM: - | LATCH: IR | OUT: 'What is your name?\nHello, A' | fetch nif 203
TICK: 002147 | PC: 00193 | STEP: 1 | IR: nif 203 | A: 32 | AR: 1 | NZ: 01 | IE: 1 | PENDING: 0 | IN_INTR: 0 | DS: [] | RS: [40] | MEM: - | LATCH: ALU.left | OUT: 'What is your name?\nHello, A' | nif.test
TICK: 002148 | PC: 00198 | STEP: 0 | IR: nif 203 | A: 32 | AR: 1 | NZ: 01 | IE: 1 | PENDING: 0 | IN_INTR: 0 | DS: [] | RS: [40] | MEM: - | LATCH: PC,IR.clear | OUT: 'What is your name?\nHello, A' | nif.branch
TICK: 002149 | PC: 00198 | STEP: 0 | IR: jmp 182 | A: 32 | AR: 1 | NZ: 01 | IE: 1 | PENDING: 0 | IN_INTR: 0 | DS: [] | RS: [40] | MEM: - | LATCH: IR | OUT: 'What is your name?\nHello, A' | fetch jmp 182
TICK: 002150 | PC: 00182 | STEP: 0 | IR: jmp 182 | A: 32 | AR: 1 | NZ: 01 | IE: 1 | PENDING: 0 | IN_INTR: 0 | DS: [] | RS: [40] | MEM: - | LATCH: PC,IR.clear | OUT: 'What is your name?\nHello, A' | jmp 182
TICK: 002151 | PC: 00182 | STEP: 0 | IR: load 1 | A: 32 | AR: 1 | NZ: 01 | IE: 1 | PENDING: 0 | IN_INTR: 0 | DS: [] | RS: [40] | MEM: - | LATCH: IR | OUT: 'What is your name?\nHello, A' | fetch load 1
TICK: 002152 | PC: 00182 | STEP: 1 | IR: load 1 | A: 32 | AR: 1 | NZ: 01 | IE: 1 | PENDING: 0 | IN_INTR: 0 | DS: [] | RS: [40] | MEM: - | LATCH: AR | OUT: 'What is your name?\nHello, A' | load.addr 1
TICK: 002153 | PC: 00187 | STEP: 0 | IR: load 1 | A: 32 | AR: 1 | NZ: 01 | IE: 1 | PENDING: 0 | IN_INTR: 0 | DS: [0] | RS: [40] | MEM: read mem[1] | LATCH: DS.push,PC,IR.clear | OUT: 'What is your name?\nHello, A' | load.read
TICK: 002154 | PC: 00187 | STEP: 0 | IR: literal 0 | A: 32 | AR: 1 | NZ: 01 | IE: 1 | PENDING: 0 | IN_INTR: 0 | DS: [0] | RS: [40] | MEM: - | LATCH: IR | OUT: 'What is your name?\nHello, A' | fetch literal 0
TICK: 002155 | PC: 00192 | STEP: 0 | IR: literal 0 | A: 32 | AR: 1 | NZ: 01 | IE: 1 | PENDING: 0 | IN_INTR: 0 | DS: [0, 0] | RS: [40] | MEM: - | LATCH: DS.push,PC,IR.clear | OUT: 'What is your name?\nHello, A' | literal 0
TICK: 002156 | PC: 00192 | STEP: 0 | IR: sub | A: 32 | AR: 1 | NZ: 01 | IE: 1 | PENDING: 0 | IN_INTR: 0 | DS: [0, 0] | RS: [40] | MEM: - | LATCH: IR | OUT: 'What is your name?\nHello, A' | fetch sub
TICK: 002157 | PC: 00192 | STEP: 1 | IR: sub | A: 32 | AR: 1 | NZ: 01 | IE: 1 | PENDING: 0 | IN_INTR: 0 | DS: [] | RS: [40] | MEM: - | LATCH: ALU.left,ALU.right | OUT: 'What is your name?\nHello, A' | sub.load_operands
TICK: 002158 | PC: 00193 | STEP: 0 | IR: sub | A: 32 | AR: 1 | NZ: 01 | IE: 1 | PENDING: 0 | IN_INTR: 0 | DS: [0] | RS: [40] | MEM: - | LATCH: DS.push(ALU),PC,IR.clear | OUT: 'What is your name?\nHello, A' | sub.write_result
TICK: 002159 | PC: 00193 | STEP: 0 | IR: nif 203 | A: 32 | AR: 1 | NZ: 01 | IE: 1 | PENDING: 0 | IN_INTR: 0 | DS: [0] | RS: [40] | MEM: - | LATCH: IR | OUT: 'What is your name?\nHello, A' | fetch nif 203
TICK: 002160 | PC: 00193 | STEP: 1 | IR: nif 203 | A: 32 | AR: 1 | NZ: 01 | IE: 1 | PENDING: 0 | IN_INTR: 0 | DS: [] | RS: [40] | MEM: - | LATCH: ALU.left | OUT: 'What is your name?\nHello, A' | nif.test
TICK: 002161 | PC: 00198 | STEP: 0 | IR: nif 203 | A: 32 | AR: 1 | NZ: 01 | IE: 1 | PENDING: 0 | IN_INTR: 0 | DS: [] | RS: [40] | MEM: - | LATCH: PC,IR.clear | OUT: 'What is your name?\nHello, A' | nif.branch
TICK: 002162 | PC: 00198 | STEP: 0 | IR: jmp 182 | A: 32 | AR: 1 | NZ: 01 | IE: 1 | PENDING: 0 | IN_INTR: 0 | DS: [] | RS: [40] | MEM: - | LATCH: IR | OUT: 'What is your name?\nHello, A' | fetch jmp 182
TICK: 002163 | PC: 00182 | STEP: 0 | IR: jmp 182 | A: 32 | AR: 1 | NZ: 01 | IE: 1 | PENDING: 0 | IN_INTR: 0 | DS: [] | RS: [40] | MEM: - | LATCH: PC,IR.clear | OUT: 'What is your name?\nHello, A' | jmp 182
TICK: 002164 | PC: 00182 | STEP: 0 | IR: load 1 | A: 32 | AR: 1 | NZ: 01 | IE: 1 | PENDING: 0 | IN_INTR: 0 | DS: [] | RS: [40] | MEM: - | LATCH: IR | OUT: 'What is your name?\nHello, A' | fetch load 1
TICK: 002165 | PC: 00182 | STEP: 1 | IR: load 1 | A: 32 | AR: 1 | NZ: 01 | IE: 1 | PENDING: 0 | IN_INTR: 0 | DS: [] | RS: [40] | MEM: - | LATCH: AR | OUT: 'What is your name?\nHello, A' | load.addr 1
TICK: 002166 | PC: 00187 | STEP: 0 | IR: load 1 | A: 32 | AR: 1 | NZ: 01 | IE: 1 | PENDING: 0 | IN_INTR: 0 | DS: [0] | RS: [40] | MEM: read mem[1] | LATCH: DS.push,PC,IR.clear | OUT: 'What is your name?\nHello, A' | load.read
TICK: 002167 | PC: 00187 | STEP: 0 | IR: literal 0 | A: 32 | AR: 1 | NZ: 01 | IE: 1 | PENDING: 0 | IN_INTR: 0 | DS: [0] | RS: [40] | MEM: - | LATCH: IR | OUT: 'What is your name?\nHello, A' | fetch literal 0
TICK: 002168 | PC: 00192 | STEP: 0 | IR: literal 0 | A: 32 | AR: 1 | NZ: 01 | IE: 1 | PENDING: 0 | IN_INTR: 0 | DS: [0, 0] | RS: [40] | MEM: - | LATCH: DS.push,PC,IR.clear | OUT: 'What is your name?\nHello, A' | literal 0
TICK: 002169 | PC: 00192 | STEP: 0 | IR: sub | A: 32 | AR: 1 | NZ: 01 | IE: 1 | PENDING: 0 | IN_INTR: 0 | DS: [0, 0] | RS: [40] | MEM: - | LATCH: IR | OUT: 'What is your name?\nHello, A' | fetch sub
TICK: 002170 | PC: 00192 | STEP: 1 | IR: sub | A: 32 | AR: 1 | NZ: 01 | IE: 1 | PENDING: 0 | IN_INTR: 0 | DS: [] | RS: [40] | MEM: - | LATCH: ALU.left,ALU.right | OUT: 'What is your name?\nHello, A' | sub.load_operands
TICK: 002171 | PC: 00193 | STEP: 0 | IR: sub | A: 32 | AR: 1 | NZ: 01 | IE: 1 | PENDING: 0 | IN_INTR: 0 | DS: [0] | RS: [40] | MEM: - | LATCH: DS.push(ALU),PC,IR.clear | OUT: 'What is your name?\nHello, A' | sub.write_result
TICK: 002172 | PC: 00193 | STEP: 0 | IR: nif 203 | A: 32 | AR: 1 | NZ: 01 | IE: 1 | PENDING: 0 | IN_INTR: 0 | DS: [0] | RS: [40] | MEM: - | LATCH: IR | OUT: 'What is your name?\nHello, A' | fetch nif 203
TICK: 002173 | PC: 00193 | STEP: 1 | IR: nif 203 | A: 32 | AR: 1 | NZ: 01 | IE: 1 | PENDING: 0 | IN_INTR: 0 | DS: [] | RS: [40] | MEM: - | LATCH: ALU.left | OUT: 'What is your name?\nHello, A' | nif.test
TICK: 002174 | PC: 00198 | STEP: 0 | IR: nif 203 | A: 32 | AR: 1 | NZ: 01 | IE: 1 | PENDING: 0 | IN_INTR: 0 | DS: [] | RS: [40] | MEM: - | LATCH: PC,IR.clear | OUT: 'What is your name?\nHello, A' | nif.branch
TICK: 002175 | PC: 00198 | STEP: 0 | IR: jmp 182 | A: 32 | AR: 1 | NZ: 01 | IE: 1 | PENDING: 0 | IN_INTR: 0 | DS: [] | RS: [40] | MEM: - | LATCH: IR | OUT: 'What is your name?\nHello, A' | fetch jmp 182
TICK: 002176 | PC: 00182 | STEP: 0 | IR: jmp 182 | A: 32 | AR: 1 | NZ: 01 | IE: 1 | PENDING: 0 | IN_INTR: 0 | DS: [] | RS: [40] | MEM: - | LATCH: PC,IR.clear | OUT: 'What is your name?\nHello, A' | jmp 182
TICK: 002177 | PC: 00182 | STEP: 0 | IR: load 1 | A: 32 | AR: 1 | NZ: 01 | IE: 1 | PENDING: 0 | IN_INTR: 0 | DS: [] | RS: [40] | MEM: - | LATCH: IR | OUT: 'What is your name?\nHello, A' | fetch load 1
TICK: 002178 | PC: 00182 | STEP: 1 | IR: load 1 | A: 32 | AR: 1 | NZ: 01 | IE: 1 | PENDING: 0 | IN_INTR: 0 | DS: [] | RS: [40] | MEM: - | LATCH: AR | OUT: 'What is your name?\nHello, A' | load.addr 1
TICK: 002179 | PC: 00187 | STEP: 0 | IR: load 1 | A: 32 | AR: 1 | NZ: 01 | IE: 1 | PENDING: 0 | IN_INTR: 0 | DS: [0] | RS: [40] | MEM: read mem[1] | LATCH: DS.push,PC,IR.clear | OUT: 'What is your name?\nHello, A' | load.read
TICK: 002180 | PC: 00187 | STEP: 0 | IR: literal 0 | A: 32 | AR: 1 | NZ: 01 | IE: 1 | PENDING: 0 | IN_INTR: 0 | DS: [0] | RS: [40] | MEM: - | LATCH: IR | OUT: 'What is your name?\nHello, A' | fetch literal 0
TICK: 002181 | PC: 00192 | STEP: 0 | IR: literal 0 | A: 32 | AR: 1 | NZ: 01 | IE: 1 | PENDING: 0 | IN_INTR: 0 | DS: [0, 0] | RS: [40] | MEM: - | LATCH: DS.push,PC,IR.clear | OUT: 'What is your name?\nHello, A' | literal 0
TICK: 002182 | PC: 00192 | STEP: 0 | IR: sub | A: 32 | AR: 1 | NZ: 01 | IE: 1 | PENDING: 0 | IN_INTR: 0 | DS: [0, 0] | RS: [40] | MEM: - | LATCH: IR | OUT: 'What is your name?\nHello, A' | fetch sub
TICK: 002183 | PC: 00192 | STEP: 1 | IR: sub | A: 32 | AR: 1 | NZ: 01 | IE: 1 | PENDING: 0 | IN_INTR: 0 | DS: [] | RS: [40] | MEM: - | LATCH: ALU.left,ALU.right | OUT: 'What is your name?\nHello, A' | sub.load_operands
TICK: 002184 | PC: 00193 | STEP: 0 | IR: sub | A: 32 | AR: 1 | NZ: 01 | IE: 1 | PENDING: 0 | IN_INTR: 0 | DS: [0] | RS: [40] | MEM: - | LATCH: DS.push(ALU),PC,IR.clear | OUT: 'What is your name?\nHello, A' | sub.write_result
TICK: 002185 | PC: 00193 | STEP: 0 | IR: nif 203 | A: 32 | AR: 1 | NZ: 01 | IE: 1 | PENDING: 0 | IN_INTR: 0 | DS: [0] | RS: [40] | MEM: - | LATCH: IR | OUT: 'What is your name?\nHello, A' | fetch nif 203
TICK: 002186 | PC: 00193 | STEP: 1 | IR: nif 203 | A: 32 | AR: 1 | NZ: 01 | IE: 1 | PENDING: 0 | IN_INTR: 0 | DS: [] | RS: [40] | MEM: - | LATCH: ALU.left | OUT: 'What is your name?\nHello, A' | nif.test
TICK: 002187 | PC: 00198 | STEP: 0 | IR: nif 203 | A: 32 | AR: 1 | NZ: 01 | IE: 1 | PENDING: 0 | IN_INTR: 0 | DS: [] | RS: [40] | MEM: - | LATCH: PC,IR.clear | OUT: 'What is your name?\nHello, A' | nif.branch
TICK: 002188 | PC: 00198 | STEP: 0 | IR: jmp 182 | A: 32 | AR: 1 | NZ: 01 | IE: 1 | PENDING: 0 | IN_INTR: 0 | DS: [] | RS: [40] | MEM: - | LATCH: IR | OUT: 'What is your name?\nHello, A' | fetch jmp 182
TICK: 002189 | PC: 00182 | STEP: 0 | IR: jmp 182 | A: 32 | AR: 1 | NZ: 01 | IE: 1 | PENDING: 0 | IN_INTR: 0 | DS: [] | RS: [40] | MEM: - | LATCH: PC,IR.clear | OUT: 'What is your name?\nHello, A' | jmp 182
TICK: 002190 | PC: 00182 | STEP: 0 | IR: load 1 | A: 32 | AR: 1 | NZ: 01 | IE: 1 | PENDING: 0 | IN_INTR: 0 | DS: [] | RS: [40] | MEM: - | LATCH: IR | OUT: 'What is your name?\nHello, A' | fetch load 1
TICK: 002191 | PC: 00182 | STEP: 1 | IR: load 1 | A: 32 | AR: 1 | NZ: 01 | IE: 1 | PENDING: 0 | IN_INTR: 0 | DS: [] | RS: [40] | MEM: - | LATCH: AR | OUT: 'What is your name?\nHello, A' | load.addr 1
TICK: 002192 | PC: 00187 | STEP: 0 | IR: load 1 | A: 32 | AR: 1 | NZ: 01 | IE: 1 | PENDING: 0 | IN_INTR: 0 | DS: [0] | RS: [40] | MEM: read mem[1] | LATCH: DS.push,PC,IR.clear | OUT: 'What is your name?\nHello, A' | load.read
TICK: 002193 | PC: 00187 | STEP: 0 | IR: literal 0 | A: 32 | AR: 1 | NZ: 01 | IE: 1 | PENDING: 0 | IN_INTR: 0 | DS: [0] | RS: [40] | MEM: - | LATCH: IR | OUT: 'What is your name?\nHello, A' | fetch literal 0
TICK: 002194 | PC: 00192 | STEP: 0 | IR: literal 0 | A: 32 | AR: 1 | NZ: 01 | IE: 1 | PENDING: 0 | IN_INTR: 0 | DS: [0, 0] | RS: [40] | MEM: - | LATCH: DS.push,PC,IR.clear | OUT: 'What is your name?\nHello, A' | literal 0
TICK: 002195 | PC: 00192 | STEP: 0 | IR: sub | A: 32 | AR: 1 | NZ: 01 | IE: 1 | PENDING: 0 | IN_INTR: 0 | DS: [0, 0] | RS: [40] | MEM: - | LATCH: IR | OUT: 'What is your name?\nHello, A' | fetch sub
TICK: 002196 | PC: 00192 | STEP: 1 | IR: sub | A: 32 | AR: 1 | NZ: 01 | IE: 1 | PENDING: 0 | IN_INTR: 0 | DS: [] | RS: [40] | MEM: - | LATCH: ALU.left,ALU.right | OUT: 'What is your name?\nHello, A' | sub.load_operands
TICK: 002197 | PC: 00193 | STEP: 0 | IR: sub | A: 32 | AR: 1 | NZ: 01 | IE: 1 | PENDING: 0 | IN_INTR: 0 | DS: [0] | RS: [40] | MEM: - | LATCH: DS.push(ALU),PC,IR.clear | OUT: 'What is your name?\nHello, A' | sub.write_result
TICK: 002198 | PC: 00193 | STEP: 0 | IR: nif 203 | A: 32 | AR: 1 | NZ: 01 | IE: 1 | PENDING: 0 | IN_INTR: 0 | DS: [0] | RS: [40] | MEM: - | LATCH: IR | OUT: 'What is your name?\nHello, A' | fetch nif 203
TICK: 002199 | PC: 00193 | STEP: 1 | IR: nif 203 | A: 32 | AR: 1 | NZ: 01 | IE: 1 | PENDING: 0 | IN_INTR: 0 | DS: [] | RS: [40] | MEM: - | LATCH: ALU.left | OUT: 'What is your name?\nHello, A' | nif.test
TICK: 002200 | PC: 00198 | STEP: 0 | IR: nif 203 | A: 32 | AR: 1 | NZ: 01 | IE: 1 | PENDING: 0 | IN_INTR: 0 | DS: [] | RS: [40] | MEM: - | LATCH: PC,IR.clear | OUT: 'What is your name?\nHello, A' | nif.branch
TICK: 002201 | PC: 00198 | STEP: 0 | IR: ---- | A: 32 | AR: 1 | NZ: 01 | IE: 0 | PENDING: 0 | IN_INTR: 1 | DS: [] | RS: [40, 198] | MEM: - | LATCH: IN_PORT,RS.push(PC) | OUT: 'What is your name?\nHello, A' | INT ENTRY: push PC
TICK: 002202 | PC: 00198 | STEP: 0 | IR: ---- | A: 32 | AR: 1 | NZ: 01 | IE: 0 | PENDING: 0 | IN_INTR: 1 | DS: [] | RS: [40, 198, 1] | MEM: - | LATCH: RS.push(SR) | OUT: 'What is your name?\nHello, A' | INT ENTRY: push SR
TICK: 002203 | PC: 00198 | STEP: 0 | IR: ---- | A: 32 | AR: 1 | NZ: 01 | IE: 0 | PENDING: 0 | IN_INTR: 1 | DS: [] | RS: [40, 198, 1, 32] | MEM: - | LATCH: RS.push(A) | OUT: 'What is your name?\nHello, A' | INT ENTRY: push A
TICK: 002204 | PC: 00198 | STEP: 0 | IR: ---- | A: 32 | AR: 0 | NZ: 01 | IE: 0 | PENDING: 0 | IN_INTR: 1 | DS: [] | RS: [40, 198, 1, 32] | MEM: - | LATCH: AR | OUT: 'What is your name?\nHello, A' | INT ENTRY: AR <- 0
TICK: 002205 | PC: 00198 | STEP: 0 | IR: ---- | A: 32 | AR: 0 | NZ: 01 | IE: 0 | PENDING: 0 | IN_INTR: 1 | DS: [41] | RS: [40, 198, 1, 32] | MEM: read mem[0] | LATCH: DS.push(vector) | OUT: 'What is your name?\nHello, A' | INT ENTRY: read vector
TICK: 002206 | PC: 00041 | STEP: 0 | IR: ---- | A: 32 | AR: 0 | NZ: 01 | IE: 0 | PENDING: 0 | IN_INTR: 1 | DS: [] | RS: [40, 198, 1, 32] | MEM: - | LATCH: PC | OUT: 'What is your name?\nHello, A' | INT ENTRY: PC <- vector
TICK: 002207 | PC: 00041 | STEP: 0 | IR: load 31998 | A: 32 | AR: 0 | NZ: 01 | IE: 0 | PENDING: 0 | IN_INTR: 1 | DS: [] | RS: [40, 198, 1, 32] | MEM: - | LATCH: IR | OUT: 'What is your name?\nHello, A' | fetch load 31998
TICK: 002208 | PC: 00041 | STEP: 1 | IR: load 31998 | A: 32 | AR: 31998 | NZ: 01 | IE: 0 | PENDING: 0 | IN_INTR: 1 | DS: [] | RS: [40, 198, 1, 32] | MEM: - | LATCH: AR | OUT: 'What is your name?\nHello, A' | load.addr 31998
TICK: 002209 | PC: 00046 | STEP: 0 | IR: load 31998 | A: 32 | AR: 31998 | NZ: 01 | IE: 0 | PENDING: 0 | IN_INTR: 1 | DS: [108] | RS: [40, 198, 1, 32] | MEM: read mem[31998] | LATCH: DS.push,PC,IR.clear | OUT: 'What is your name?\nHello, A' | load.read
TICK: 002210 | PC: 00046 | STEP: 0 | IR: dup | A: 32 | AR: 31998 | NZ: 01 | IE: 0 | PENDING: 0 | IN_INTR: 1 | DS: [108] | RS: [40, 198, 1, 32] | MEM: - | LATCH: IR | OUT: 'What is your name?\nHello, A' | fetch dup
TICK: 002211 | PC: 00047 | STEP: 0 | IR: dup | A: 32 | AR: 31998 | NZ: 01 | IE: 0 | PENDING: 0 | IN_INTR: 1 | DS: [108, 108] | RS: [40, 198, 1, 32] | MEM: - | LATCH: DS.dup,PC,IR.clear | OUT: 'What is your name?\nHello, A' | dup
TICK: 002212 | PC: 00047 | STEP: 0 | IR: store 3 | A: 32 | AR: 31998 | NZ: 01 | IE: 0 | PENDING: 0 | IN_INTR: 1 | DS: [108, 108] | RS: [40, 198, 1, 32] | MEM: - | LATCH: IR | OUT: 'What is your name?\nHello, A' | fetch store 3
TICK: 002213 | PC: 00047 | STEP: 1 | IR: store 3 | A: 32 | AR: 3 | NZ: 01 | IE: 0 | PENDING: 0 | IN_INTR: 1 | DS: [108, 108] | RS: [40, 198, 1, 32] | MEM: - | LATCH: AR | OUT: 'What is your name?\nHello, A' | store.addr 3
TICK: 002214 | PC: 00052 | STEP: 0 | IR: store 3 | A: 32 | AR: 3 | NZ: 01 | IE: 0 | PENDING: 0 | IN_INTR: 1 | DS: [108] | RS: [40, 198, 1, 32] | MEM: write mem[3] <- 108 | LATCH: MEM,PC,IR.clear | OUT: 'What is your name?\nHello, A' | store.write
TICK: 002215 | PC: 00052 | STEP: 0 | IR: drop | A: 32 | AR: 3 | NZ: 01 | IE: 0 | PENDING: 0 | IN_INTR: 1 | DS: [108] | RS: [40, 198, 1, 32] | MEM: - | LATCH: IR | OUT: 'What is your name?\nHello, A' | fetch drop
TICK: 002216 | PC: 00053 | STEP: 0 | IR: drop | A: 32 | AR: 3 | NZ: 01 | IE: 0 | PENDING: 0 | IN_INTR: 1 | DS: [] | RS: [40, 198, 1, 32] | MEM: - | LATCH: PC,IR.clear | OUT: 'What is your name?\nHello, A' | drop
TICK: 002217 | PC: 00053 | STEP: 0 | IR: literal 1 | A: 32 | AR: 3 | NZ: 01 | IE: 0 | PENDING: 0 | IN_INTR: 1 | DS: [] | RS: [40, 198, 1, 32] | MEM: - | LATCH: IR | OUT: 'What is your name?\nHello, A' | fetch literal 1
TICK: 002218 | PC: 00058 | STEP: 0 | IR: literal 1 | A: 32 | AR: 3 | NZ: 01 | IE: 0 | PENDING: 0 | IN_INTR: 1 | DS: [1] | RS: [40, 198, 1, 32] | MEM: - | LATCH: DS.push,PC,IR.clear | OUT: 'What is your name?\nHello, A' | literal 1
TICK: 002219 | PC: 00058 | STEP: 0 | IR: dup | A: 32 | AR: 3 | NZ: 01 | IE: 0 | PENDING: 0 | IN_INTR: 1 | DS: [1] | RS: [40, 198, 1, 32] | MEM: - | LATCH: IR | OUT: 'What is your name?\nHello, A' | fetch dup
TICK: 002220 | PC: 00059 | STEP: 0 | IR: dup | A: 32 | AR: 3 | NZ: 01 | IE: 0 | PENDING: 0 | IN_INTR: 1 | DS: [1, 1] | RS: [40, 198, 1, 32] | MEM: - | LATCH: DS.dup,PC,IR.clear | OUT: 'What is your name?\nHello, A' | dup
TICK: 002221 | PC: 00059 | STEP: 0 | IR: store 1 | A: 32 | AR: 3 | NZ: 01 | IE: 0 | PENDING: 0 | IN_INTR: 1 | DS: [1, 1] | RS: [40, 198, 1, 32] | MEM: - | LATCH: IR | OUT: 'What is your name?\nHello, A' | fetch store 1
TICK: 002222 | PC: 00059 | STEP: 1 | IR: store 1 | A: 32 | AR: 1 | NZ: 01 | IE: 0 | PENDING: 0 | IN_INTR: 1 | DS: [1, 1] | RS: [40, 198, 1, 32] | MEM: - | LATCH: AR | OUT: 'What is your name?\nHello, A' | store.addr 1
TICK: 002223 | PC: 00064 | STEP: 0 | IR: store 1 | A: 32 | AR: 1 | NZ: 01 | IE: 0 | PENDING: 0 | IN_INTR: 1 | DS: [1] | RS: [40, 198, 1, 32] | MEM: write mem[1] <- 1 | LATCH: MEM,PC,IR.clear | OUT: 'What is your name?\nHello, A' | store.write
TICK: 002224 | PC: 00064 | STEP: 0 | IR: drop | A: 32 | AR: 1 | NZ: 01 | IE: 0 | PENDING: 0 | IN_INTR: 1 | DS: [1] | RS: [40, 198, 1, 32] | MEM: - | LATCH: IR | OUT: 'What is your name?\nHello, A' | fetch drop
TICK: 002225 | PC: 00065 | STEP: 0 | IR: drop | A: 32 | AR: 1 | NZ: 01 | IE: 0 | PENDING: 0 | IN_INTR: 1 | DS: [] | RS: [40, 198, 1, 32] | MEM: - | LATCH: PC,IR.clear | OUT: 'What is your name?\nHello, A' | drop
TICK: 002226 | PC: 00065 | STEP: 0 | IR: load 3 | A: 32 | AR: 1 | NZ: 01 | IE: 0 | PENDING: 0 | IN_INTR: 1 | DS: [] | RS: [40, 198, 1, 32] | MEM: - | LATCH: IR | OUT: 'What is your name?\nHello, A' | fetch load 3
TICK: 002227 | PC: 00065 | STEP: 1 | IR: load 3 | A: 32 | AR: 3 | NZ: 01 | IE: 0 | PENDING: 0 | IN_INTR: 1 | DS: [] | RS: [40, 198, 1, 32] | MEM: - | LATCH: AR | OUT: 'What is your name?\nHello, A' | load.addr 3
TICK: 002228 | PC: 00070 | STEP: 0 | IR: load 3 | A: 32 | AR: 3 | NZ: 01 | IE: 0 | PENDING: 0 | IN_INTR: 1 | DS: [108] | RS: [40, 198, 1, 32] | MEM: read mem[3] | LATCH: DS.push,PC,IR.clear | OUT: 'What is your name?\nHello, A' | load.read
TICK: 002229 | PC: 00070 | STEP: 0 | IR: literal 10 | A: 32 | AR: 3 | NZ: 01 | IE: 0 | PENDING: 0 | IN_INTR: 1 | DS: [108] | RS: [40, 198, 1, 32] | MEM: - | LATCH: IR | OUT: 'What is your name?\nHello, A' | fetch literal 10
TICK: 002230 | PC: 00075 | STEP: 0 | IR: literal 10 | A: 32 | AR: 3 | NZ: 01 | IE: 0 | PENDING: 0 | IN_INTR: 1 | DS: [108, 10] | RS: [40, 198, 1, 32] | MEM: - | LATCH: DS.push,PC,IR.clear | OUT: 'What is your name?\nHello, A' | literal 10
TICK: 002231 | PC: 00075 | STEP: 0 | IR: sub | A: 32 | AR: 3 | NZ: 01 | IE: 0 | PENDING: 0 | IN_INTR: 1 | DS: [108, 10] | RS: [40, 198, 1, 32] | MEM: - | LATCH: IR | OUT: 'What is your name?\nHello, A' | fetch sub
TICK: 002232 | PC: 00075 | STEP: 1 | IR: sub | A: 32 | AR: 3 | NZ: 01 | IE: 0 | PENDING: 0 | IN_INTR: 1 | DS: [] | RS: [40, 198, 1, 32] | MEM: - | LATCH: ALU.left,ALU.right | OUT: 'What is your name?\nHello, A' | sub.load_operands
TICK: 002233 | PC: 00076 | STEP: 0 | IR: sub | A: 32 | AR: 3 | NZ: 00 | IE: 0 | PENDING: 0 | IN_INTR: 1 | DS: [98] | RS: [40, 198, 1, 32] | MEM: - | LATCH: DS.push(ALU),PC,IR.clear | OUT: 'What is your name?\nHello, A' | sub.write_result
TICK: 002234 | PC: 00076 | STEP: 0 | IR: nif 93 | A: 32 | AR: 3 | NZ: 00 | IE: 0 | PENDING: 0 | IN_INTR: 1 | DS: [98] | RS: [40, 198, 1, 32] | MEM: - | LATCH: IR | OUT: 'What is your name?\nHello, A' | fetch nif 93
TICK: 002235 | PC: 00076 | STEP: 1 | IR: nif 93 | A: 32 | AR: 3 | NZ: 00 | IE: 0 | PENDING: 0 | IN_INTR: 1 | DS: [] | RS: [40, 198, 1, 32] | MEM: - | LATCH: ALU.left | OUT: 'What is your name?\nHello, A' | nif.test
TICK: 002236 | PC: 00093 | STEP: 0 | IR: nif 93 | A: 32 | AR: 3 | NZ: 00 | IE: 0 | PENDING: 0 | IN_INTR: 1 | DS: [] | RS: [40, 198, 1, 32] | MEM: - | LATCH: PC,IR.clear | OUT: 'What is your name?\nHello, A' | nif.branch
TICK: 002237 | PC: 00093 | STEP: 0 | IR: iret | A: 32 | AR: 3 | NZ: 00 | IE: 0 | PENDING: 0 | IN_INTR: 1 | DS: [] | RS: [40, 198, 1, 32] | MEM: - | LATCH: IR | OUT: 'What is your name?\nHello, A' | fetch iret
TICK: 002238 | PC: 00093 | STEP: 1 | IR: iret | A: 32 | AR: 3 | NZ: 00 | IE: 0 | PENDING: 0 | IN_INTR: 1 | DS: [] | RS: [40, 198, 1] | MEM: - | LATCH: A | OUT: 'What is your name?\nHello, A' | iret.restore_a
TICK: 002239 | PC: 00093 | STEP: 2 | IR: iret | A: 32 | AR: 3 | NZ: 01 | IE: 0 | PENDING: 0 | IN_INTR: 1 | DS: [] | RS: [40, 198] | MEM: - | LATCH: NZ | OUT: 'What is your name?\nHello, A' | iret.restore_status
TICK: 002240 | PC: 00198 | STEP: 0 | IR: iret | A: 32 | AR: 3 | NZ: 01 | IE: 1 | PENDING: 0 | IN_INTR: 0 | DS: [] | RS: [40] | MEM: - | LATCH: PC,IR.clear,IE,IN_INTR | OUT: 'What is your name?\nHello, A' | iret.restore_pc
TICK: 002241 | PC: 00198 | STEP: 0 | IR: jmp 182 | A: 32 | AR: 3 | NZ: 01 | IE: 1 | PENDING: 0 | IN_INTR: 0 | DS: [] | RS: [40] | MEM: - | LATCH: IR | OUT: 'What is your name?\nHello, A' | fetch jmp 182
TICK: 002242 | PC: 00182 | STEP: 0 | IR: jmp 182 | A: 32 | AR: 3 | NZ: 01 | IE: 1 | PENDING: 0 | IN_INTR: 0 | DS: [] | RS: [40] | MEM: - | LATCH: PC,IR.clear | OUT: 'What is your name?\nHello, A' | jmp 182
TICK: 002243 | PC: 00182 | STEP: 0 | IR: load 1 | A: 32 | AR: 3 | NZ: 01 | IE: 1 | PENDING: 0 | IN_INTR: 0 | DS: [] | RS: [40] | MEM: - | LATCH: IR | OUT: 'What is your name?\nHello, A' | fetch load 1
TICK: 002244 | PC: 00182 | STEP: 1 | IR: load 1 | A: 32 | AR: 1 | NZ: 01 | IE: 1 | PENDING: 0 | IN_INTR: 0 | DS: [] | RS: [40] | MEM: - | LATCH: AR | OUT: 'What is your name?\nHello, A' | load.addr 1
TICK: 002245 | PC: 00187 | STEP: 0 | IR: load 1 | A: 32 | AR: 1 | NZ: 01 | IE: 1 | PENDING: 0 | IN_INTR: 0 | DS: [1] | RS: [40] | MEM: read mem[1] | LATCH: DS.push,PC,IR.clear | OUT: 'What is your name?\nHello, A' | load.read
TICK: 002246 | PC: 00187 | STEP: 0 | IR: literal 0 | A: 32 | AR: 1 | NZ: 01 | IE: 1 | PENDING: 0 | IN_INTR: 0 | DS: [1] | RS: [40] | MEM: - | LATCH: IR | OUT: 'What is your name?\nHello, A' | fetch literal 0
TICK: 002247 | PC: 00192 | STEP: 0 | IR: literal 0 | A: 32 | AR: 1 | NZ: 01 | IE: 1 | PENDING: 0 | IN_INTR: 0 | DS: [1, 0] | RS: [40] | MEM: - | LATCH: DS.push,PC,IR.clear | OUT: 'What is your name?\nHello, A' | literal 0
TICK: 002248 | PC: 00192 | STEP: 0 | IR: sub | A: 32 | AR: 1 | NZ: 01 | IE: 1 | PENDING: 0 | IN_INTR: 0 | DS: [1, 0] | RS: [40] | MEM: - | LATCH: IR | OUT: 'What is your name?\nHello, A' | fetch sub
TICK: 002249 | PC: 00192 | STEP: 1 | IR: sub | A: 32 | AR: 1 | NZ: 01 | IE: 1 | PENDING: 0 | IN_INTR: 0 | DS: [] | RS: [40] | MEM: - | LATCH: ALU.left,ALU.right | OUT: 'What is your name?\nHello, A' | sub.load_operands
TICK: 002250 | PC: 00193 | STEP: 0 | IR: sub | A: 32 | AR: 1 | NZ: 00 | IE: 1 | PENDING: 0 | IN_INTR: 0 | DS: [1] | RS: [40] | MEM: - | LATCH: DS.push(ALU),PC,IR.clear | OUT: 'What is your name?\nHello, A' | sub.write_result
TICK: 002251 | PC: 00193 | STEP: 0 | IR: nif 203 | A: 32 | AR: 1 | NZ: 00 | IE: 1 | PENDING: 0 | IN_INTR: 0 | DS: [1] | RS: [40] | MEM: - | LATCH: IR | OUT: 'What is your name?\nHello, A' | fetch nif 203
TICK: 002252 | PC: 00193 | STEP: 1 | IR: nif 203 | A: 32 | AR: 1 | NZ: 00 | IE: 1 | PENDING: 0 | IN_INTR: 0 | DS: [] | RS: [40] | MEM: - | LATCH: ALU.left | OUT: 'What is your name?\nHello, A' | nif.test
TICK: 002253 | PC: 00203 | STEP: 0 | IR: nif 203 | A: 32 | AR: 1 | NZ: 00 | IE: 1 | PENDING: 0 | IN_INTR: 0 | DS: [] | RS: [40] | MEM: - | LATCH: PC,IR.clear | OUT: 'What is your name?\nHello, A' | nif.branch
TICK: 002254 | PC: 00203 | STEP: 0 | IR: load 2 | A: 32 | AR: 1 | NZ: 00 | IE: 1 | PENDING: 0 | IN_INTR: 0 | DS: [] | RS: [40] | MEM: - | LATCH: IR | OUT: 'What is your name?\nHello, A' | fetch load 2
TICK: 002255 | PC: 00203 | STEP: 1 | IR: load 2 | A: 32 | AR: 2 | NZ: 00 | IE: 1 | PENDING: 0 | IN_INTR: 0 | DS: [] | RS: [40] | MEM: - | LATCH: AR | OUT: 'What is your name?\nHello, A' | load.addr 2
TICK: 002256 | PC: 00208 | STEP: 0 | IR: load 2 | A: 32 | AR: 2 | NZ: 00 | IE: 1 | PENDING: 0 | IN_INTR: 0 | DS: [0] | RS: [40] | MEM: read mem[2] | LATCH: DS.push,PC,IR.clear | OUT: 'What is your name?\nHello, A' | load.read
TICK: 002257 | PC: 00208 | STEP: 0 | IR: literal 0 | A: 32 | AR: 2 | NZ: 00 | IE: 1 | PENDING: 0 | IN_INTR: 0 | DS: [0] | RS: [40] | MEM: - | LATCH: IR | OUT: 'What is your name?\nHello, A' | fetch literal 0
TICK: 002258 | PC: 00213 | STEP: 0 | IR: literal 0 | A: 32 | AR: 2 | NZ: 00 | IE: 1 | PENDING: 0 | IN_INTR: 0 | DS: [0, 0] | RS: [40] | MEM: - | LATCH: DS.push,PC,IR.clear | OUT: 'What is your name?\nHello, A' | literal 0
TICK: 002259 | PC: 00213 | STEP: 0 | IR: sub | A: 32 | AR: 2 | NZ: 00 | IE: 1 | PENDING: 0 | IN_INTR: 0 | DS: [0, 0] | RS: [40] | MEM: - | LATCH: IR | OUT: 'What is your name?\nHello, A' | fetch sub
TICK: 002260 | PC: 00213 | STEP: 1 | IR: sub | A: 32 | AR: 2 | NZ: 00 | IE: 1 | PENDING: 0 | IN_INTR: 0 | DS: [] | RS: [40] | MEM: - | LATCH: ALU.left,ALU.right | OUT: 'What is your name?\nHello, A' | sub.load_operands
TICK: 002261 | PC: 00214 | STEP: 0 | IR: sub | A: 32 | AR: 2 | NZ: 01 | IE: 1 | PENDING: 0 | IN_INTR: 0 | DS: [0] | RS: [40] | MEM: - | LATCH: DS.push(ALU),PC,IR.clear | OUT: 'What is your name?\nHello, A' | sub.write_result
TICK: 002262 | PC: 00214 | STEP: 0 | IR: nif 247 | A: 32 | AR: 2 | NZ: 01 | IE: 1 | PENDING: 0 | IN_INTR: 0 | DS: [0] | RS: [40] | MEM: - | LATCH: IR | OUT: 'What is your name?\nHello, A' | fetch nif 247
TICK: 002263 | PC: 00214 | STEP: 1 | IR: nif 247 | A: 32 | AR: 2 | NZ: 01 | IE: 1 | PENDING: 0 | IN_INTR: 0 | DS: [] | RS: [40] | MEM: - | LATCH: ALU.left | OUT: 'What is your name?\nHello, A' | nif.test
TICK: 002264 | PC: 00219 | STEP: 0 | IR: nif 247 | A: 32 | AR: 2 | NZ: 01 | IE: 1 | PENDING: 0 | IN_INTR: 0 | DS: [] | RS: [40] | MEM: - | LATCH: PC,IR.clear | OUT: 'What is your name?\nHello, A' | nif.branch
TICK: 002265 | PC: 00219 | STEP: 0 | IR: load 3 | A: 32 | AR: 2 | NZ: 01 | IE: 1 | PENDING: 0 | IN_INTR: 0 | DS: [] | RS: [40] | MEM: - | LATCH: IR | OUT: 'What is your name?\nHello, A' | fetch load 3
TICK: 002266 | PC: 00219 | STEP: 1 | IR: load 3 | A: 32 | AR: 3 | NZ: 01 | IE: 1 | PENDING: 0 | IN_INTR: 0 | DS: [] | RS: [40] | MEM: - | LATCH: AR | OUT: 'What is your name?\nHello, A' | load.addr 3
TICK: 002267 | PC: 00224 | STEP: 0 | IR: load 3 | A: 32 | AR: 3 | NZ: 01 | IE: 1 | PENDING: 0 | IN_INTR: 0 | DS: [108] | RS: [40] | MEM: read mem[3] | LATCH: DS.push,PC,IR.clear | OUT: 'What is your name?\nHello, A' | load.read
TICK: 002268 | PC: 00224 | STEP: 0 | IR: store 31999 | A: 32 | AR: 3 | NZ: 01 | IE: 1 | PENDING: 0 | IN_INTR: 0 | DS: [108] | RS: [40] | MEM: - | LATCH: IR | OUT: 'What is your name?\nHello, A' | fetch store 31999
TICK: 002269 | PC: 00224 | STEP: 1 | IR: store 31999 | A: 32 | AR: 31999 | NZ: 01 | IE: 1 | PENDING: 0 | IN_INTR: 0 | DS: [108] | RS: [40] | MEM: - | LATCH: AR | OUT: 'What is your name?\nHello, A' | store.addr 31999
TICK: 002270 | PC: 00229 | STEP: 0 | IR: store 31999 | A: 32 | AR: 31999 | NZ: 01 | IE: 1 | PENDING: 0 | IN_INTR: 0 | DS: [] | RS: [40] | MEM: write mem[31999] <- 108 | LATCH: OUT,PC,IR.clear | OUT: 'What is your name?\nHello, Al' | store.write
TICK: 002271 | PC: 00229 | STEP: 0 | IR: literal 0 | A: 32 | AR: 31999 | NZ: 01 | IE: 1 | PENDING: 0 | IN_INTR: 0 | DS: [] | RS: [40] | MEM: - | LATCH: IR | OUT: 'What is your name?\nHello, Al' | fetch literal 0
TICK: 002272 | PC: 00234 | STEP: 0 | IR: literal 0 | A: 32 | AR: 31999 | NZ: 01 | IE: 1 | PENDING: 0 | IN_INTR: 0 | DS: [0] | RS: [40] | MEM: - | LATCH: DS.push,PC,IR.clear | OUT: 'What is your name?\nHello, Al' | literal 0
TICK: 002273 | PC: 00234 | STEP: 0 | IR: drop | A: 32 | AR: 31999 | NZ: 01 | IE: 1 | PENDING: 0 | IN_INTR: 0 | DS: [0] | RS: [40] | MEM: - | LATCH: IR | OUT: 'What is your name?\nHello, Al' | fetch drop
TICK: 002274 | PC: 00235 | STEP: 0 | IR: drop | A: 32 | AR: 31999 | NZ: 01 | IE: 1 | PENDING: 0 | IN_INTR: 0 | DS: [] | RS: [40] | MEM: - | LATCH: PC,IR.clear | OUT: 'What is your name?\nHello, Al' | drop
TICK: 002275 | PC: 00235 | STEP: 0 | IR: literal 0 | A: 32 | AR: 31999 | NZ: 01 | IE: 1 | PENDING: 0 | IN_INTR: 0 | DS: [] | RS: [40] | MEM: - | LATCH: IR | OUT: 'What is your name?\nHello, Al' | fetch literal 0
TICK: 002276 | PC: 00240 | STEP: 0 | IR: literal 0 | A: 32 | AR: 31999 | NZ: 01 | IE: 1 | PENDING: 0 | IN_INTR: 0 | DS: [0] | RS: [40] | MEM: - | LATCH: DS.push,PC,IR.clear | OUT: 'What is your name?\nHello, Al' | literal 0
TICK: 002277 | PC: 00240 | STEP: 0 | IR: dup | A: 32 | AR: 31999 | NZ: 01 | IE: 1 | PENDING: 0 | IN_INTR: 0 | DS: [0] | RS: [40] | MEM: - | LATCH: IR | OUT: 'What is your name?\nHello, Al' | fetch dup
TICK: 002278 | PC: 00241 | STEP: 0 | IR: dup | A: 32 | AR: 31999 | NZ: 01 | IE: 1 | PENDING: 0 | IN_INTR: 0 | DS: [0, 0] | RS: [40] | MEM: - | LATCH: DS.dup,PC,IR.clear | OUT: 'What is your name?\nHello, Al' | dup
TICK: 002279 | PC: 00241 | STEP: 0 | IR: store 1 | A: 32 | AR: 31999 | NZ: 01 | IE: 1 | PENDING: 0 | IN_INTR: 0 | DS: [0, 0] | RS: [40] | MEM: - | LATCH: IR | OUT: 'What is your name?\nHello, Al' | fetch store 1
TICK: 002280 | PC: 00241 | STEP: 1 | IR: store 1 | A: 32 | AR: 1 | NZ: 01 | IE: 1 | PENDING: 0 | IN_INTR: 0 | DS: [0, 0] | RS: [40] | MEM: - | LATCH: AR | OUT: 'What is your name?\nHello, Al' | store.addr 1
TICK: 002281 | PC: 00246 | STEP: 0 | IR: store 1 | A: 32 | AR: 1 | NZ: 01 | IE: 1 | PENDING: 0 | IN_INTR: 0 | DS: [0] | RS: [40] | MEM: write mem[1] <- 0 | LATCH: MEM,PC,IR.clear | OUT: 'What is your name?\nHello, Al' | store.write
TICK: 002282 | PC: 00246 | STEP: 0 | IR: drop | A: 32 | AR: 1 | NZ: 01 | IE: 1 | PENDING: 0 | IN_INTR: 0 | DS: [0] | RS: [40] | MEM: - | LATCH: IR | OUT: 'What is your name?\nHello, Al' | fetch drop
TICK: 002283 | PC: 00247 | STEP: 0 | IR: drop | A: 32 | AR: 1 | NZ: 01 | IE: 1 | PENDING: 0 | IN_INTR: 0 | DS: [] | RS: [40] | MEM: - | LATCH: PC,IR.clear | OUT: 'What is your name?\nHello, Al' | drop
TICK: 002284 | PC: 00247 | STEP: 0 | IR: jmp 166 | A: 32 | AR: 1 | NZ: 01 | IE: 1 | PENDING: 0 | IN_INTR: 0 | DS: [] | RS: [40] | MEM: - | LATCH: IR | OUT: 'What is your name?\nHello, Al' | fetch jmp 166
TICK: 002285 | PC: 00166 | STEP: 0 | IR: jmp 166 | A: 32 | AR: 1 | NZ: 01 | IE: 1 | PENDING: 0 | IN_INTR: 0 | DS: [] | RS: [40] | MEM: - | LATCH: PC,IR.clear | OUT: 'What is your name?\nHello, Al' | jmp 166
TICK: 002286 | PC: 00166 | STEP: 0 | IR: load 2 | A: 32 | AR: 1 | NZ: 01 | IE: 1 | PENDING: 0 | IN_INTR: 0 | DS: [] | RS: [40] | MEM: - | LATCH: IR | OUT: 'What is your name?\nHello, Al' | fetch load 2
TICK: 002287 | PC: 00166 | STEP: 1 | IR: load 2 | A: 32 | AR: 2 | NZ: 01 | IE: 1 | PENDING: 0 | IN_INTR: 0 | DS: [] | RS: [40] | MEM: - | LATCH: AR | OUT: 'What is your name?\nHello, Al' | load.addr 2
TICK: 002288 | PC: 00171 | STEP: 0 | IR: load 2 | A: 32 | AR: 2 | NZ: 01 | IE: 1 | PENDING: 0 | IN_INTR: 0 | DS: [0] | RS: [40] | MEM: read mem[2] | LATCH: DS.push,PC,IR.clear | OUT: 'What is your name?\nHello, Al' | load.read
TICK: 002289 | PC: 00171 | STEP: 0 | IR: literal 0 | A: 32 | AR: 2 | NZ: 01 | IE: 1 | PENDING: 0 | IN_INTR: 0 | DS: [0] | RS: [40] | MEM: - | LATCH: IR | OUT: 'What is your name?\nHello, Al' | fetch literal 0
TICK: 002290 | PC: 00176 | STEP: 0 | IR: literal 0 | A: 32 | AR: 2 | NZ: 01 | IE: 1 | PENDING: 0 | IN_INTR: 0 | DS: [0, 0] | RS: [40] | MEM: - | LATCH: DS.push,PC,IR.clear | OUT: 'What is your name?\nHello, Al' | literal 0
TICK: 002291 | PC: 00176 | STEP: 0 | IR: sub | A: 32 | AR: 2 | NZ: 01 | IE: 1 | PENDING: 0 | IN_INTR: 0 | DS: [0, 0] | RS: [40] | MEM: - | LATCH: IR | OUT: 'What is your name?\nHello, Al' | fetch sub
TICK: 002292 | PC: 00176 | STEP: 1 | IR: sub | A: 32 | AR: 2 | NZ: 01 | IE: 1 | PENDING: 0 | IN_INTR: 0 | DS: [] | RS: [40] | MEM: - | LATCH: ALU.left,ALU.right | OUT: 'What is your name?\nHello, Al' | sub.load_operands
TICK: 002293 | PC: 00177 | STEP: 0 | IR: sub | A: 32 | AR: 2 | NZ: 01 | IE: 1 | PENDING: 0 | IN_INTR: 0 | DS: [0] | RS: [40] | MEM: - | LATCH: DS.push(ALU),PC,IR.clear | OUT: 'What is your name?\nHello, Al' | sub.write_result
TICK: 002294 | PC: 00177 | STEP: 0 | IR: nif 252 | A: 32 | AR: 2 | NZ: 01 | IE: 1 | PENDING: 0 | IN_INTR: 0 | DS: [0] | RS: [40] | MEM: - | LATCH: IR | OUT: 'What is your name?\nHello, Al' | fetch nif 252
TICK: 002295 | PC: 00177 | STEP: 1 | IR: nif 252 | A: 32 | AR: 2 | NZ: 01 | IE: 1 | PENDING: 0 | IN_INTR: 0 | DS: [] | RS: [40] | MEM: - | LATCH: ALU.left | OUT: 'What is your name?\nHello, Al' | nif.test
TICK: 002296 | PC: 00182 | STEP: 0 | IR: nif 252 | A: 32 | AR: 2 | NZ: 01 | IE: 1 | PENDING: 0 | IN_INTR: 0 | DS: [] | RS: [40] | MEM: - | LATCH: PC,IR.clear | OUT: 'What is your name?\nHello, Al' | nif.branch
TICK: 002297 | PC: 00182 | STEP: 0 | IR: load 1 | A: 32 | AR: 2 | NZ: 01 | IE: 1 | PENDING: 0 | IN_INTR: 0 | DS: [] | RS: [40] | MEM: - | LATCH: IR | OUT: 'What is your name?\nHello, Al' | fetch load 1
TICK: 002298 | PC: 00182 | STEP: 1 | IR: load 1 | A: 32 | AR: 1 | NZ: 01 | IE: 1 | PENDING: 0 | IN_INTR: 0 | DS: [] | RS: [40] | MEM: - | LATCH: AR | OUT: 'What is your name?\nHello, Al' | load.addr 1
TICK: 002299 | PC: 00187 | STEP: 0 | IR: load 1 | A: 32 | AR: 1 | NZ: 01 | IE: 1 | PENDING: 0 | IN_INTR: 0 | DS: [0] | RS: [40] | MEM: read mem[1] | LATCH: DS.push,PC,IR.clear | OUT: 'What is your name?\nHello, Al' | load.read
TICK: 002300 | PC: 00187 | STEP: 0 | IR: literal 0 | A: 32 | AR: 1 | NZ: 01 | IE: 1 | PENDING: 0 | IN_INTR: 0 | DS: [0] | RS: [40] | MEM: - | LATCH: IR | OUT: 'What is your name?\nHello, Al' | fetch literal 0
TICK: 002301 | PC: 00192 | STEP: 0 | IR: literal 0 | A: 32 | AR: 1 | NZ: 01 | IE: 1 | PENDING: 0 | IN_INTR: 0 | DS: [0, 0] | RS: [40] | MEM: - | LATCH: DS.push,PC,IR.clear | OUT: 'What is your name?\nHello, Al' | literal 0
TICK: 002302 | PC: 00192 | STEP: 0 | IR: sub | A: 32 | AR: 1 | NZ: 01 | IE: 1 | PENDING: 0 | IN_INTR: 0 | DS: [0, 0] | RS: [40] | MEM: - | LATCH: IR | OUT: 'What is your name?\nHello, Al' | fetch sub
TICK: 002303 | PC: 00192 | STEP: 1 | IR: sub | A: 32 | AR: 1 | NZ: 01 | IE: 1 | PENDING: 0 | IN_INTR: 0 | DS: [] | RS: [40] | MEM: - | LATCH: ALU.left,ALU.right | OUT: 'What is your name?\nHello, Al' | sub.load_operands
TICK: 002304 | PC: 00193 | STEP: 0 | IR: sub | A: 32 | AR: 1 | NZ: 01 | IE: 1 | PENDING: 0 | IN_INTR: 0 | DS: [0] | RS: [40] | MEM: - | LATCH: DS.push(ALU),PC,IR.clear | OUT: 'What is your name?\nHello, Al' | sub.write_result
TICK: 002305 | PC: 00193 | STEP: 0 | IR: nif 203 | A: 32 | AR: 1 | NZ: 01 | IE: 1 | PENDING: 0 | IN_INTR: 0 | DS: [0] | RS: [40] | MEM: - | LATCH: IR | OUT: 'What is your name?\nHello, Al' | fetch nif 203
TICK: 002306 | PC: 00193 | STEP: 1 | IR: nif 203 | A: 32 | AR: 1 | NZ: 01 | IE: 1 | PENDING: 0 | IN_INTR: 0 | DS: [] | RS: [40] | MEM: - | LATCH: ALU.left | OUT: 'What is your name?\nHello, Al' | nif.test
TICK: 002307 | PC: 00198 | STEP: 0 | IR: nif 203 | A: 32 | AR: 1 | NZ: 01 | IE: 1 | PENDING: 0 | IN_INTR: 0 | DS: [] | RS: [40] | MEM: - | LATCH: PC,IR.clear | OUT: 'What is your name?\nHello, Al' | nif.branch
TICK: 002308 | PC: 00198 | STEP: 0 | IR: jmp 182 | A: 32 | AR: 1 | NZ: 01 | IE: 1 | PENDING: 0 | IN_INTR: 0 | DS: [] | RS: [40] | MEM: - | LATCH: IR | OUT: 'What is your name?\nHello, Al' | fetch jmp 182
TICK: 002309 | PC: 00182 | STEP: 0 | IR: jmp 182 | A: 32 | AR: 1 | NZ: 01 | IE: 1 | PENDING: 0 | IN_INTR: 0 | DS: [] | RS: [40] | MEM: - | LATCH: PC,IR.clear | OUT: 'What is your name?\nHello, Al' | jmp 182
TICK: 002310 | PC: 00182 | STEP: 0 | IR: load 1 | A: 32 | AR: 1 | NZ: 01 | IE: 1 | PENDING: 0 | IN_INTR: 0 | DS: [] | RS: [40] | MEM: - | LATCH: IR | OUT: 'What is your name?\nHello, Al' | fetch load 1
TICK: 002311 | PC: 00182 | STEP: 1 | IR: load 1 | A: 32 | AR: 1 | NZ: 01 | IE: 1 | PENDING: 0 | IN_INTR: 0 | DS: [] | RS: [40] | MEM: - | LATCH: AR | OUT: 'What is your name?\nHello, Al' | load.addr 1
TICK: 002312 | PC: 00187 | STEP: 0 | IR: load 1 | A: 32 | AR: 1 | NZ: 01 | IE: 1 | PENDING: 0 | IN_INTR: 0 | DS: [0] | RS: [40] | MEM: read mem[1] | LATCH: DS.push,PC,IR.clear | OUT: 'What is your name?\nHello, Al' | load.read
TICK: 002313 | PC: 00187 | STEP: 0 | IR: literal 0 | A: 32 | AR: 1 | NZ: 01 | IE: 1 | PENDING: 0 | IN_INTR: 0 | DS: [0] | RS: [40] | MEM: - | LATCH: IR | OUT: 'What is your name?\nHello, Al' | fetch literal 0
TICK: 002314 | PC: 00192 | STEP: 0 | IR: literal 0 | A: 32 | AR: 1 | NZ: 01 | IE: 1 | PENDING: 0 | IN_INTR: 0 | DS: [0, 0] | RS: [40] | MEM: - | LATCH: DS.push,PC,IR.clear | OUT: 'What is your name?\nHello, Al' | literal 0
TICK: 002315 | PC: 00192 | STEP: 0 | IR: sub | A: 32 | AR: 1 | NZ: 01 | IE: 1 | PENDING: 0 | IN_INTR: 0 | DS: [0, 0] | RS: [40] | MEM: - | LATCH: IR | OUT: 'What is your name?\nHello, Al' | fetch sub
TICK: 002316 | PC: 00192 | STEP: 1 | IR: sub | A: 32 | AR: 1 | NZ: 01 | IE: 1 | PENDING: 0 | IN_INTR: 0 | DS: [] | RS: [40] | MEM: - | LATCH: ALU.left,ALU.right | OUT: 'What is your name?\nHello, Al' | sub.load_operands
TICK: 002317 | PC: 00193 | STEP: 0 | IR: sub | A: 32 | AR: 1 | NZ: 01 | IE: 1 | PENDING: 0 | IN_INTR: 0 | DS: [0] | RS: [40] | MEM: - | LATCH: DS.push(ALU),PC,IR.clear | OUT: 'What is your name?\nHello, Al' | sub.write_result
TICK: 002318 | PC: 00193 | STEP: 0 | IR: nif 203 | A: 32 | AR: 1 | NZ: 01 | IE: 1 | PENDING: 0 | IN_INTR: 0 | DS: [0] | RS: [40] | MEM: - | LATCH: IR | OUT: 'What is your name?\nHello, Al' | fetch nif 203
TICK: 002319 | PC: 00193 | STEP: 1 | IR: nif 203 | A: 32 | AR: 1 | NZ: 01 | IE: 1 | PENDING: 0 | IN_INTR: 0 | DS: [] | RS: [40] | MEM: - | LATCH: ALU.left | OUT: 'What is your name?\nHello, Al' | nif.test
TICK: 002320 | PC: 00198 | STEP: 0 | IR: nif 203 | A: 32 | AR: 1 | NZ: 01 | IE: 1 | PENDING: 0 | IN_INTR: 0 | DS: [] | RS: [40] | MEM: - | LATCH: PC,IR.clear | OUT: 'What is your name?\nHello, Al' | nif.branch
TICK: 002321 | PC: 00198 | STEP: 0 | IR: jmp 182 | A: 32 | AR: 1 | NZ: 01 | IE: 1 | PENDING: 0 | IN_INTR: 0 | DS: [] | RS: [40] | MEM: - | LATCH: IR | OUT: 'What is your name?\nHello, Al' | fetch jmp 182
TICK: 002322 | PC: 00182 | STEP: 0 | IR: jmp 182 | A: 32 | AR: 1 | NZ: 01 | IE: 1 | PENDING: 0 | IN_INTR: 0 | DS: [] | RS: [40] | MEM: - | LATCH: PC,IR.clear | OUT: 'What is your name?\nHello, Al' | jmp 182
TICK: 002323 | PC: 00182 | STEP: 0 | IR: load 1 | A: 32 | AR: 1 | NZ: 01 | IE: 1 | PENDING: 0 | IN_INTR: 0 | DS: [] | RS: [40] | MEM: - | LATCH: IR | OUT: 'What is your name?\nHello, Al' | fetch load 1
TICK: 002324 | PC: 00182 | STEP: 1 | IR: load 1 | A: 32 | AR: 1 | NZ: 01 | IE: 1 | PENDING: 0 | IN_INTR: 0 | DS: [] | RS: [40] | MEM: - | LATCH: AR | OUT: 'What is your name?\nHello, Al' | load.addr 1
TICK: 002325 | PC: 00187 | STEP: 0 | IR: load 1 | A: 32 | AR: 1 | NZ: 01 | IE: 1 | PENDING: 0 | IN_INTR: 0 | DS: [0] | RS: [40] | MEM: read mem[1] | LATCH: DS.push,PC,IR.clear | OUT: 'What is your name?\nHello, Al' | load.read
TICK: 002326 | PC: 00187 | STEP: 0 | IR: literal 0 | A: 32 | AR: 1 | NZ: 01 | IE: 1 | PENDING: 0 | IN_INTR: 0 | DS: [0] | RS: [40] | MEM: - | LATCH: IR | OUT: 'What is your name?\nHello, Al' | fetch literal 0
TICK: 002327 | PC: 00192 | STEP: 0 | IR: literal 0 | A: 32 | AR: 1 | NZ: 01 | IE: 1 | PENDING: 0 | IN_INTR: 0 | DS: [0, 0] | RS: [40] | MEM: - | LATCH: DS.push,PC,IR.clear | OUT: 'What is your name?\nHello, Al' | literal 0
TICK: 002328 | PC: 00192 | STEP: 0 | IR: sub | A: 32 | AR: 1 | NZ: 01 | IE: 1 | PENDING: 0 | IN_INTR: 0 | DS: [0, 0] | RS: [40] | MEM: - | LATCH: IR | OUT: 'What is your name?\nHello, Al' | fetch sub
TICK: 002329 | PC: 00192 | STEP: 1 | IR: sub | A: 32 | AR: 1 | NZ: 01 | IE: 1 | PENDING: 0 | IN_INTR: 0 | DS: [] | RS: [40] | MEM: - | LATCH: ALU.left,ALU.right | OUT: 'What is your name?\nHello, Al' | sub.load_operands
TICK: 002330 | PC: 00193 | STEP: 0 | IR: sub | A: 32 | AR: 1 | NZ: 01 | IE: 1 | PENDING: 0 | IN_INTR: 0 | DS: [0] | RS: [40] | MEM: - | LATCH: DS.push(ALU),PC,IR.clear | OUT: 'What is your name?\nHello, Al' | sub.write_result
TICK: 002331 | PC: 00193 | STEP: 0 | IR: nif 203 | A: 32 | AR: 1 | NZ: 01 | IE: 1 | PENDING: 0 | IN_INTR: 0 | DS: [0] | RS: [40] | MEM: - | LATCH: IR | OUT: 'What is your name?\nHello, Al' | fetch nif 203
TICK: 002332 | PC: 00193 | STEP: 1 | IR: nif 203 | A: 32 | AR: 1 | NZ: 01 | IE: 1 | PENDING: 0 | IN_INTR: 0 | DS: [] | RS: [40] | MEM: - | LATCH: ALU.left | OUT: 'What is your name?\nHello, Al' | nif.test
TICK: 002333 | PC: 00198 | STEP: 0 | IR: nif 203 | A: 32 | AR: 1 | NZ: 01 | IE: 1 | PENDING: 0 | IN_INTR: 0 | DS: [] | RS: [40] | MEM: - | LATCH: PC,IR.clear | OUT: 'What is your name?\nHello, Al' | nif.branch
TICK: 002334 | PC: 00198 | STEP: 0 | IR: jmp 182 | A: 32 | AR: 1 | NZ: 01 | IE: 1 | PENDING: 0 | IN_INTR: 0 | DS: [] | RS: [40] | MEM: - | LATCH: IR | OUT: 'What is your name?\nHello, Al' | fetch jmp 182
TICK: 002335 | PC: 00182 | STEP: 0 | IR: jmp 182 | A: 32 | AR: 1 | NZ: 01 | IE: 1 | PENDING: 0 | IN_INTR: 0 | DS: [] | RS: [40] | MEM: - | LATCH: PC,IR.clear | OUT: 'What is your name?\nHello, Al' | jmp 182
TICK: 002336 | PC: 00182 | STEP: 0 | IR: load 1 | A: 32 | AR: 1 | NZ: 01 | IE: 1 | PENDING: 0 | IN_INTR: 0 | DS: [] | RS: [40] | MEM: - | LATCH: IR | OUT: 'What is your name?\nHello, Al' | fetch load 1
TICK: 002337 | PC: 00182 | STEP: 1 | IR: load 1 | A: 32 | AR: 1 | NZ: 01 | IE: 1 | PENDING: 0 | IN_INTR: 0 | DS: [] | RS: [40] | MEM: - | LATCH: AR | OUT: 'What is your name?\nHello, Al' | load.addr 1
TICK: 002338 | PC: 00187 | STEP: 0 | IR: load 1 | A: 32 | AR: 1 | NZ: 01 | IE: 1 | PENDING: 0 | IN_INTR: 0 | DS: [0] | RS: [40] | MEM: read mem[1] | LATCH: DS.push,PC,IR.clear | OUT: 'What is your name?\nHello, Al' | load.read
TICK: 002339 | PC: 00187 | STEP: 0 | IR: literal 0 | A: 32 | AR: 1 | NZ: 01 | IE: 1 | PENDING: 0 | IN_INTR: 0 | DS: [0] | RS: [40] | MEM: - | LATCH: IR | OUT: 'What is your name?\nHello, Al' | fetch literal 0
TICK: 002340 | PC: 00192 | STEP: 0 | IR: literal 0 | A: 32 | AR: 1 | NZ: 01 | IE: 1 | PENDING: 0 | IN_INTR: 0 | DS: [0, 0] | RS: [40] | MEM: - | LATCH: DS.push,PC,IR.clear | OUT: 'What is your name?\nHello, Al' | literal 0
TICK: 002341 | PC: 00192 | STEP: 0 | IR: sub | A: 32 | AR: 1 | NZ: 01 | IE: 1 | PENDING: 0 | IN_INTR: 0 | DS: [0, 0] | RS: [40] | MEM: - | LATCH: IR | OUT: 'What is your name?\nHello, Al' | fetch sub
TICK: 002342 | PC: 00192 | STEP: 1 | IR: sub | A: 32 | AR: 1 | NZ: 01 | IE: 1 | PENDING: 0 | IN_INTR: 0 | DS: [] | RS: [40] | MEM: - | LATCH: ALU.left,ALU.right | OUT: 'What is your name?\nHello, Al' | sub.load_operands
TICK: 002343 | PC: 00193 | STEP: 0 | IR: sub | A: 32 | AR: 1 | NZ: 01 | IE: 1 | PENDING: 0 | IN_INTR: 0 | DS: [0] | RS: [40] | MEM: - | LATCH: DS.push(ALU),PC,IR.clear | OUT: 'What is your name?\nHello, Al' | sub.write_result
TICK: 002344 | PC: 00193 | STEP: 0 | IR: nif 203 | A: 32 | AR: 1 | NZ: 01 | IE: 1 | PENDING: 0 | IN_INTR: 0 | DS: [0] | RS: [40] | MEM: - | LATCH: IR | OUT: 'What is your name?\nHello, Al' | fetch nif 203
TICK: 002345 | PC: 00193 | STEP: 1 | IR: nif 203 | A: 32 | AR: 1 | NZ: 01 | IE: 1 | PENDING: 0 | IN_INTR: 0 | DS: [] | RS: [40] | MEM: - | LATCH: ALU.left | OUT: 'What is your name?\nHello, Al' | nif.test
TICK: 002346 | PC: 00198 | STEP: 0 | IR: nif 203 | A: 32 | AR: 1 | NZ: 01 | IE: 1 | PENDING: 0 | IN_INTR: 0 | DS: [] | RS: [40] | MEM: - | LATCH: PC,IR.clear | OUT: 'What is your name?\nHello, Al' | nif.branch
TICK: 002347 | PC: 00198 | STEP: 0 | IR: jmp 182 | A: 32 | AR: 1 | NZ: 01 | IE: 1 | PENDING: 0 | IN_INTR: 0 | DS: [] | RS: [40] | MEM: - | LATCH: IR | OUT: 'What is your name?\nHello, Al' | fetch jmp 182
TICK: 002348 | PC: 00182 | STEP: 0 | IR: jmp 182 | A: 32 | AR: 1 | NZ: 01 | IE: 1 | PENDING: 0 | IN_INTR: 0 | DS: [] | RS: [40] | MEM: - | LATCH: PC,IR.clear | OUT: 'What is your name?\nHello, Al' | jmp 182
TICK: 002349 | PC: 00182 | STEP: 0 | IR: load 1 | A: 32 | AR: 1 | NZ: 01 | IE: 1 | PENDING: 0 | IN_INTR: 0 | DS: [] | RS: [40] | MEM: - | LATCH: IR | OUT: 'What is your name?\nHello, Al' | fetch load 1
TICK: 002350 | PC: 00182 | STEP: 1 | IR: load 1 | A: 32 | AR: 1 | NZ: 01 | IE: 1 | PENDING: 0 | IN_INTR: 0 | DS: [] | RS: [40] | MEM: - | LATCH: AR | OUT: 'What is your name?\nHello, Al' | load.addr 1
TICK: 002351 | PC: 00187 | STEP: 0 | IR: load 1 | A: 32 | AR: 1 | NZ: 01 | IE: 1 | PENDING: 0 | IN_INTR: 0 | DS: [0] | RS: [40] | MEM: read mem[1] | LATCH: DS.push,PC,IR.clear | OUT: 'What is your name?\nHello, Al' | load.read
TICK: 002352 | PC: 00187 | STEP: 0 | IR: literal 0 | A: 32 | AR: 1 | NZ: 01 | IE: 1 | PENDING: 0 | IN_INTR: 0 | DS: [0] | RS: [40] | MEM: - | LATCH: IR | OUT: 'What is your name?\nHello, Al' | fetch literal 0
TICK: 002353 | PC: 00192 | STEP: 0 | IR: literal 0 | A: 32 | AR: 1 | NZ: 01 | IE: 1 | PENDING: 0 | IN_INTR: 0 | DS: [0, 0] | RS: [40] | MEM: - | LATCH: DS.push,PC,IR.clear | OUT: 'What is your name?\nHello, Al' | literal 0
TICK: 002354 | PC: 00192 | STEP: 0 | IR: sub | A: 32 | AR: 1 | NZ: 01 | IE: 1 | PENDING: 0 | IN_INTR: 0 | DS: [0, 0] | RS: [40] | MEM: - | LATCH: IR | OUT: 'What is your name?\nHello, Al' | fetch sub
TICK: 002355 | PC: 00192 | STEP: 1 | IR: sub | A: 32 | AR: 1 | NZ: 01 | IE: 1 | PENDING: 0 | IN_INTR: 0 | DS: [] | RS: [40] | MEM: - | LATCH: ALU.left,ALU.right | OUT: 'What is your name?\nHello, Al' | sub.load_operands
TICK: 002356 | PC: 00193 | STEP: 0 | IR: sub | A: 32 | AR: 1 | NZ: 01 | IE: 1 | PENDING: 0 | IN_INTR: 0 | DS: [0] | RS: [40] | MEM: - | LATCH: DS.push(ALU),PC,IR.clear | OUT: 'What is your name?\nHello, Al' | sub.write_result
TICK: 002357 | PC: 00193 | STEP: 0 | IR: nif 203 | A: 32 | AR: 1 | NZ: 01 | IE: 1 | PENDING: 0 | IN_INTR: 0 | DS: [0] | RS: [40] | MEM: - | LATCH: IR | OUT: 'What is your name?\nHello, Al' | fetch nif 203
TICK: 002358 | PC: 00193 | STEP: 1 | IR: nif 203 | A: 32 | AR: 1 | NZ: 01 | IE: 1 | PENDING: 0 | IN_INTR: 0 | DS: [] | RS: [40] | MEM: - | LATCH: ALU.left | OUT: 'What is your name?\nHello, Al' | nif.test
TICK: 002359 | PC: 00198 | STEP: 0 | IR: nif 203 | A: 32 | AR: 1 | NZ: 01 | IE: 1 | PENDING: 0 | IN_INTR: 0 | DS: [] | RS: [40] | MEM: - | LATCH: PC,IR.clear | OUT: 'What is your name?\nHello, Al' | nif.branch
TICK: 002360 | PC: 00198 | STEP: 0 | IR: jmp 182 | A: 32 | AR: 1 | NZ: 01 | IE: 1 | PENDING: 0 | IN_INTR: 0 | DS: [] | RS: [40] | MEM: - | LATCH: IR | OUT: 'What is your name?\nHello, Al' | fetch jmp 182
TICK: 002361 | PC: 00182 | STEP: 0 | IR: jmp 182 | A: 32 | AR: 1 | NZ: 01 | IE: 1 | PENDING: 0 | IN_INTR: 0 | DS: [] | RS: [40] | MEM: - | LATCH: PC,IR.clear | OUT: 'What is your name?\nHello, Al' | jmp 182
TICK: 002362 | PC: 00182 | STEP: 0 | IR: load 1 | A: 32 | AR: 1 | NZ: 01 | IE: 1 | PENDING: 0 | IN_INTR: 0 | DS: [] | RS: [40] | MEM: - | LATCH: IR | OUT: 'What is your name?\nHello, Al' | fetch load 1
TICK: 002363 | PC: 00182 | STEP: 1 | IR: load 1 | A: 32 | AR: 1 | NZ: 01 | IE: 1 | PENDING: 0 | IN_INTR: 0 | DS: [] | RS: [40] | MEM: - | LATCH: AR | OUT: 'What is your name?\nHello, Al' | load.addr 1
TICK: 002364 | PC: 00187 | STEP: 0 | IR: load 1 | A: 32 | AR: 1 | NZ: 01 | IE: 1 | PENDING: 0 | IN_INTR: 0 | DS: [0] | RS: [40] | MEM: read mem[1] | LATCH: DS.push,PC,IR.clear | OUT: 'What is your name?\nHello, Al' | load.read
TICK: 002365 | PC: 00187 | STEP: 0 | IR: literal 0 | A: 32 | AR: 1 | NZ: 01 | IE: 1 | PENDING: 0 | IN_INTR: 0 | DS: [0] | RS: [40] | MEM: - | LATCH: IR | OUT: 'What is your name?\nHello, Al' | fetch literal 0
TICK: 002366 | PC: 00192 | STEP: 0 | IR: literal 0 | A: 32 | AR: 1 | NZ: 01 | IE: 1 | PENDING: 0 | IN_INTR: 0 | DS: [0, 0] | RS: [40] | MEM: - | LATCH: DS.push,PC,IR.clear | OUT: 'What is your name?\nHello, Al' | literal 0
TICK: 002367 | PC: 00192 | STEP: 0 | IR: sub | A: 32 | AR: 1 | NZ: 01 | IE: 1 | PENDING: 0 | IN_INTR: 0 | DS: [0, 0] | RS: [40] | MEM: - | LATCH: IR | OUT: 'What is your name?\nHello, Al' | fetch sub
TICK: 002368 | PC: 00192 | STEP: 1 | IR: sub | A: 32 | AR: 1 | NZ: 01 | IE: 1 | PENDING: 0 | IN_INTR: 0 | DS: [] | RS: [40] | MEM: - | LATCH: ALU.left,ALU.right | OUT: 'What is your name?\nHello, Al' | sub.load_operands
TICK: 002369 | PC: 00193 | STEP: 0 | IR: sub | A: 32 | AR: 1 | NZ: 01 | IE: 1 | PENDING: 0 | IN_INTR: 0 | DS: [0] | RS: [40] | MEM: - | LATCH: DS.push(ALU),PC,IR.clear | OUT: 'What is your name?\nHello, Al' | sub.write_result
TICK: 002370 | PC: 00193 | STEP: 0 | IR: nif 203 | A: 32 | AR: 1 | NZ: 01 | IE: 1 | PENDING: 0 | IN_INTR: 0 | DS: [0] | RS: [40] | MEM: - | LATCH: IR | OUT: 'What is your name?\nHello, Al' | fetch nif 203
TICK: 002371 | PC: 00193 | STEP: 1 | IR: nif 203 | A: 32 | AR: 1 | NZ: 01 | IE: 1 | PENDING: 0 | IN_INTR: 0 | DS: [] | RS: [40] | MEM: - | LATCH: ALU.left | OUT: 'What is your name?\nHello, Al' | nif.test
TICK: 002372 | PC: 00198 | STEP: 0 | IR: nif 203 | A: 32 | AR: 1 | NZ: 01 | IE: 1 | PENDING: 0 | IN_INTR: 0 | DS: [] | RS: [40] | MEM: - | LATCH: PC,IR.clear | OUT: 'What is your name?\nHello, Al' | nif.branch
TICK: 002373 | PC: 00198 | STEP: 0 | IR: jmp 182 | A: 32 | AR: 1 | NZ: 01 | IE: 1 | PENDING: 0 | IN_INTR: 0 | DS: [] | RS: [40] | MEM: - | LATCH: IR | OUT: 'What is your name?\nHello, Al' | fetch jmp 182
TICK: 002374 | PC: 00182 | STEP: 0 | IR: jmp 182 | A: 32 | AR: 1 | NZ: 01 | IE: 1 | PENDING: 0 | IN_INTR: 0 | DS: [] | RS: [40] | MEM: - | LATCH: PC,IR.clear | OUT: 'What is your name?\nHello, Al' | jmp 182
TICK: 002375 | PC: 00182 | STEP: 0 | IR: load 1 | A: 32 | AR: 1 | NZ: 01 | IE: 1 | PENDING: 0 | IN_INTR: 0 | DS: [] | RS: [40] | MEM: - | LATCH: IR | OUT: 'What is your name?\nHello, Al' | fetch load 1
TICK: 002376 | PC: 00182 | STEP: 1 | IR: load 1 | A: 32 | AR: 1 | NZ: 01 | IE: 1 | PENDING: 0 | IN_INTR: 0 | DS: [] | RS: [40] | MEM: - | LATCH: AR | OUT: 'What is your name?\nHello, Al' | load.addr 1
TICK: 002377 | PC: 00187 | STEP: 0 | IR: load 1 | A: 32 | AR: 1 | NZ: 01 | IE: 1 | PENDING: 0 | IN_INTR: 0 | DS: [0] | RS: [40] | MEM: read mem[1] | LATCH: DS.push,PC,IR.clear | OUT: 'What is your name?\nHello, Al' | load.read
TICK: 002378 | PC: 00187 | STEP: 0 | IR: literal 0 | A: 32 | AR: 1 | NZ: 01 | IE: 1 | PENDING: 0 | IN_INTR: 0 | DS: [0] | RS: [40] | MEM: - | LATCH: IR | OUT: 'What is your name?\nHello, Al' | fetch literal 0
TICK: 002379 | PC: 00192 | STEP: 0 | IR: literal 0 | A: 32 | AR: 1 | NZ: 01 | IE: 1 | PENDING: 0 | IN_INTR: 0 | DS: [0, 0] | RS: [40] | MEM: - | LATCH: DS.push,PC,IR.clear | OUT: 'What is your name?\nHello, Al' | literal 0
TICK: 002380 | PC: 00192 | STEP: 0 | IR: sub | A: 32 | AR: 1 | NZ: 01 | IE: 1 | PENDING: 0 | IN_INTR: 0 | DS: [0, 0] | RS: [40] | MEM: - | LATCH: IR | OUT: 'What is your name?\nHello, Al' | fetch sub
TICK: 002381 | PC: 00192 | STEP: 1 | IR: sub | A: 32 | AR: 1 | NZ: 01 | IE: 1 | PENDING: 0 | IN_INTR: 0 | DS: [] | RS: [40] | MEM: - | LATCH: ALU.left,ALU.right | OUT: 'What is your name?\nHello, Al' | sub.load_operands
TICK: 002382 | PC: 00193 | STEP: 0 | IR: sub | A: 32 | AR: 1 | NZ: 01 | IE: 1 | PENDING: 0 | IN_INTR: 0 | DS: [0] | RS: [40] | MEM: - | LATCH: DS.push(ALU),PC,IR.clear | OUT: 'What is your name?\nHello, Al' | sub.write_result
TICK: 002383 | PC: 00193 | STEP: 0 | IR: nif 203 | A: 32 | AR: 1 | NZ: 01 | IE: 1 | PENDING: 0 | IN_INTR: 0 | DS: [0] | RS: [40] | MEM: - | LATCH: IR | OUT: 'What is your name?\nHello, Al' | fetch nif 203
TICK: 002384 | PC: 00193 | STEP: 1 | IR: nif 203 | A: 32 | AR: 1 | NZ: 01 | IE: 1 | PENDING: 0 | IN_INTR: 0 | DS: [] | RS: [40] | MEM: - | LATCH: ALU.left | OUT: 'What is your name?\nHello, Al' | nif.test
TICK: 002385 | PC: 00198 | STEP: 0 | IR: nif 203 | A: 32 | AR: 1 | NZ: 01 | IE: 1 | PENDING: 0 | IN_INTR: 0 | DS: [] | RS: [40] | MEM: - | LATCH: PC,IR.clear | OUT: 'What is your name?\nHello, Al' | nif.branch
TICK: 002386 | PC: 00198 | STEP: 0 | IR: jmp 182 | A: 32 | AR: 1 | NZ: 01 | IE: 1 | PENDING: 0 | IN_INTR: 0 | DS: [] | RS: [40] | MEM: - | LATCH: IR | OUT: 'What is your name?\nHello, Al' | fetch jmp 182
TICK: 002387 | PC: 00182 | STEP: 0 | IR: jmp 182 | A: 32 | AR: 1 | NZ: 01 | IE: 1 | PENDING: 0 | IN_INTR: 0 | DS: [] | RS: [40] | MEM: - | LATCH: PC,IR.clear | OUT: 'What is your name?\nHello, Al' | jmp 182
TICK: 002388 | PC: 00182 | STEP: 0 | IR: load 1 | A: 32 | AR: 1 | NZ: 01 | IE: 1 | PENDING: 0 | IN_INTR: 0 | DS: [] | RS: [40] | MEM: - | LATCH: IR | OUT: 'What is your name?\nHello, Al' | fetch load 1
TICK: 002389 | PC: 00182 | STEP: 1 | IR: load 1 | A: 32 | AR: 1 | NZ: 01 | IE: 1 | PENDING: 0 | IN_INTR: 0 | DS: [] | RS: [40] | MEM: - | LATCH: AR | OUT: 'What is your name?\nHello, Al' | load.addr 1
TICK: 002390 | PC: 00187 | STEP: 0 | IR: load 1 | A: 32 | AR: 1 | NZ: 01 | IE: 1 | PENDING: 0 | IN_INTR: 0 | DS: [0] | RS: [40] | MEM: read mem[1] | LATCH: DS.push,PC,IR.clear | OUT: 'What is your name?\nHello, Al' | load.read
TICK: 002391 | PC: 00187 | STEP: 0 | IR: literal 0 | A: 32 | AR: 1 | NZ: 01 | IE: 1 | PENDING: 0 | IN_INTR: 0 | DS: [0] | RS: [40] | MEM: - | LATCH: IR | OUT: 'What is your name?\nHello, Al' | fetch literal 0
TICK: 002392 | PC: 00192 | STEP: 0 | IR: literal 0 | A: 32 | AR: 1 | NZ: 01 | IE: 1 | PENDING: 0 | IN_INTR: 0 | DS: [0, 0] | RS: [40] | MEM: - | LATCH: DS.push,PC,IR.clear | OUT: 'What is your name?\nHello, Al' | literal 0
TICK: 002393 | PC: 00192 | STEP: 0 | IR: sub | A: 32 | AR: 1 | NZ: 01 | IE: 1 | PENDING: 0 | IN_INTR: 0 | DS: [0, 0] | RS: [40] | MEM: - | LATCH: IR | OUT: 'What is your name?\nHello, Al' | fetch sub
TICK: 002394 | PC: 00192 | STEP: 1 | IR: sub | A: 32 | AR: 1 | NZ: 01 | IE: 1 | PENDING: 0 | IN_INTR: 0 | DS: [] | RS: [40] | MEM: - | LATCH: ALU.left,ALU.right | OUT: 'What is your name?\nHello, Al' | sub.load_operands
TICK: 002395 | PC: 00193 | STEP: 0 | IR: sub | A: 32 | AR: 1 | NZ: 01 | IE: 1 | PENDING: 0 | IN_INTR: 0 | DS: [0] | RS: [40] | MEM: - | LATCH: DS.push(ALU),PC,IR.clear | OUT: 'What is your name?\nHello, Al' | sub.write_result
TICK: 002396 | PC: 00193 | STEP: 0 | IR: nif 203 | A: 32 | AR: 1 | NZ: 01 | IE: 1 | PENDING: 0 | IN_INTR: 0 | DS: [0] | RS: [40] | MEM: - | LATCH: IR | OUT: 'What is your name?\nHello, Al' | fetch nif 203
TICK: 002397 | PC: 00193 | STEP: 1 | IR: nif 203 | A: 32 | AR: 1 | NZ: 01 | IE: 1 | PENDING: 0 | IN_INTR: 0 | DS: [] | RS: [40] | MEM: - | LATCH: ALU.left | OUT: 'What is your name?\nHello, Al' | nif.test
TICK: 002398 | PC: 00198 | STEP: 0 | IR: nif 203 | A: 32 | AR: 1 | NZ: 01 | IE: 1 | PENDING: 0 | IN_INTR: 0 | DS: [] | RS: [40] | MEM: - | LATCH: PC,IR.clear | OUT: 'What is your name?\nHello, Al' | nif.branch
TICK: 002399 | PC: 00198 | STEP: 0 | IR: jmp 182 | A: 32 | AR: 1 | NZ: 01 | IE: 1 | PENDING: 0 | IN_INTR: 0 | DS: [] | RS: [40] | MEM: - | LATCH: IR | OUT: 'What is your name?\nHello, Al' | fetch jmp 182
TICK: 002400 | PC: 00182 | STEP: 0 | IR: jmp 182 | A: 32 | AR: 1 | NZ: 01 | IE: 1 | PENDING: 0 | IN_INTR: 0 | DS: [] | RS: [40] | MEM: - | LATCH: PC,IR.clear | OUT: 'What is your name?\nHello, Al' | jmp 182
TICK: 002401 | PC: 00182 | STEP: 0 | IR: ---- | A: 32 | AR: 1 | NZ: 01 | IE: 0 | PENDING: 0 | IN_INTR: 1 | DS: [] | RS: [40, 182] | MEM: - | LATCH: IN_PORT,RS.push(PC) | OUT: 'What is your name?\nHello, Al' | INT ENTRY: push PC
TICK: 002402 | PC: 00182 | STEP: 0 | IR: ---- | A: 32 | AR: 1 | NZ: 01 | IE: 0 | PENDING: 0 | IN_INTR: 1 | DS: [] | RS: [40, 182, 1] | MEM: - | LATCH: RS.push(SR) | OUT: 'What is your name?\nHello, Al' | INT ENTRY: push SR
TICK: 002403 | PC: 00182 | STEP: 0 | IR: ---- | A: 32 | AR: 1 | NZ: 01 | IE: 0 | PENDING: 0 | IN_INTR: 1 | DS: [] | RS: [40, 182, 1, 32] | MEM: - | LATCH: RS.push(A) | OUT: 'What is your name?\nHello, Al' | INT ENTRY: push A
TICK: 002404 | PC: 00182 | STEP: 0 | IR: ---- | A: 32 | AR: 0 | NZ: 01 | IE: 0 | PENDING: 0 | IN_INTR: 1 | DS: [] | RS: [40, 182, 1, 32] | MEM: - | LATCH: AR | OUT: 'What is your name?\nHello, Al' | INT ENTRY: AR <- 0
TICK: 002405 | PC: 00182 | STEP: 0 | IR: ---- | A: 32 | AR: 0 | NZ: 01 | IE: 0 | PENDING: 0 | IN_INTR: 1 | DS: [41] | RS: [40, 182, 1, 32] | MEM: read mem[0] | LATCH: DS.push(vector) | OUT: 'What is your name?\nHello, Al' | INT ENTRY: read vector
TICK: 002406 | PC: 00041 | STEP: 0 | IR: ---- | A: 32 | AR: 0 | NZ: 01 | IE: 0 | PENDING: 0 | IN_INTR: 1 | DS: [] | RS: [40, 182, 1, 32] | MEM: - | LATCH: PC | OUT: 'What is your name?\nHello, Al' | INT ENTRY: PC <- vector
TICK: 002407 | PC: 00041 | STEP: 0 | IR: load 31998 | A: 32 | AR: 0 | NZ: 01 | IE: 0 | PENDING: 0 | IN_INTR: 1 | DS: [] | RS: [40, 182, 1, 32] | MEM: - | LATCH: IR | OUT: 'What is your name?\nHello, Al' | fetch load 31998
TICK: 002408 | PC: 00041 | STEP: 1 | IR: load 31998 | A: 32 | AR: 31998 | NZ: 01 | IE: 0 | PENDING: 0 | IN_INTR: 1 | DS: [] | RS: [40, 182, 1, 32] | MEM: - | LATCH: AR | OUT: 'What is your name?\nHello, Al' | load.addr 31998
TICK: 002409 | PC: 00046 | STEP: 0 | IR: load 31998 | A: 32 | AR: 31998 | NZ: 01 | IE: 0 | PENDING: 0 | IN_INTR: 1 | DS: [105] | RS: [40, 182, 1, 32] | MEM: read mem[31998] | LATCH: DS.push,PC,IR.clear | OUT: 'What is your name?\nHello, Al' | load.read
TICK: 002410 | PC: 00046 | STEP: 0 | IR: dup | A: 32 | AR: 31998 | NZ: 01 | IE: 0 | PENDING: 0 | IN_INTR: 1 | DS: [105] | RS: [40, 182, 1, 32] | MEM: - | LATCH: IR | OUT: 'What is your name?\nHello, Al' | fetch dup
TICK: 002411 | PC: 00047 | STEP: 0 | IR: dup | A: 32 | AR: 31998 | NZ: 01 | IE: 0 | PENDING: 0 | IN_INTR: 1 | DS: [105, 105] | RS: [40, 182, 1, 32] | MEM: - | LATCH: DS.dup,PC,IR.clear | OUT: 'What is your name?\nHello, Al' | dup
TICK: 002412 | PC: 00047 | STEP: 0 | IR: store 3 | A: 32 | AR: 31998 | NZ: 01 | IE: 0 | PENDING: 0 | IN_INTR: 1 | DS: [105, 105] | RS: [40, 182, 1, 32] | MEM: - | LATCH: IR | OUT: 'What is your name?\nHello, Al' | fetch store 3
TICK: 002413 | PC: 00047 | STEP: 1 | IR: store 3 | A: 32 | AR: 3 | NZ: 01 | IE: 0 | PENDING: 0 | IN_INTR: 1 | DS: [105, 105] | RS: [40, 182, 1, 32] | MEM: - | LATCH: AR | OUT: 'What is your name?\nHello, Al' | store.addr 3
TICK: 002414 | PC: 00052 | STEP: 0 | IR: store 3 | A: 32 | AR: 3 | NZ: 01 | IE: 0 | PENDING: 0 | IN_INTR: 1 | DS: [105] | RS: [40, 182, 1, 32] | MEM: write mem[3] <- 105 | LATCH: MEM,PC,IR.clear | OUT: 'What is your name?\nHello, Al' | store.write
TICK: 002415 | PC: 00052 | STEP: 0 | IR: drop | A: 32 | AR: 3 | NZ: 01 | IE: 0 | PENDING: 0 | IN_INTR: 1 | DS: [105] | RS: [40, 182, 1, 32] | MEM: - | LATCH: IR | OUT: 'What is your name?\nHello, Al' | fetch drop
TICK: 002416 | PC: 00053 | STEP: 0 | IR: drop | A: 32 | AR: 3 | NZ: 01 | IE: 0 | PENDING: 0 | IN_INTR: 1 | DS: [] | RS: [40, 182, 1, 32] | MEM: - | LATCH: PC,IR.clear | OUT: 'What is your name?\nHello, Al' | drop
TICK: 002417 | PC: 00053 | STEP: 0 | IR: literal 1 | A: 32 | AR: 3 | NZ: 01 | IE: 0 | PENDING: 0 | IN_INTR: 1 | DS: [] | RS: [40, 182, 1, 32] | MEM: - | LATCH: IR | OUT: 'What is your name?\nHello, Al' | fetch literal 1
TICK: 002418 | PC: 00058 | STEP: 0 | IR: literal 1 | A: 32 | AR: 3 | NZ: 01 | IE: 0 | PENDING: 0 | IN_INTR: 1 | DS: [1] | RS: [40, 182, 1, 32] | MEM: - | LATCH: DS.push,PC,IR.clear | OUT: 'What is your name?\nHello, Al' | literal 1
TICK: 002419 | PC: 00058 | STEP: 0 | IR: dup | A: 32 | AR: 3 | NZ: 01 | IE: 0 | PENDING: 0 | IN_INTR: 1 | DS: [1] | RS: [40, 182, 1, 32] | MEM: - | LATCH: IR | OUT: 'What is your name?\nHello, Al' | fetch dup
TICK: 002420 | PC: 00059 | STEP: 0 | IR: dup | A: 32 | AR: 3 | NZ: 01 | IE: 0 | PENDING: 0 | IN_INTR: 1 | DS: [1, 1] | RS: [40, 182, 1, 32] | MEM: - | LATCH: DS.dup,PC,IR.clear | OUT: 'What is your name?\nHello, Al' | dup
TICK: 002421 | PC: 00059 | STEP: 0 | IR: store 1 | A: 32 | AR: 3 | NZ: 01 | IE: 0 | PENDING: 0 | IN_INTR: 1 | DS: [1, 1] | RS: [40, 182, 1, 32] | MEM: - | LATCH: IR | OUT: 'What is your name?\nHello, Al' | fetch store 1
TICK: 002422 | PC: 00059 | STEP: 1 | IR: store 1 | A: 32 | AR: 1 | NZ: 01 | IE: 0 | PENDING: 0 | IN_INTR: 1 | DS: [1, 1] | RS: [40, 182, 1, 32] | MEM: - | LATCH: AR | OUT: 'What is your name?\nHello, Al' | store.addr 1
TICK: 002423 | PC: 00064 | STEP: 0 | IR: store 1 | A: 32 | AR: 1 | NZ: 01 | IE: 0 | PENDING: 0 | IN_INTR: 1 | DS: [1] | RS: [40, 182, 1, 32] | MEM: write mem[1] <- 1 | LATCH: MEM,PC,IR.clear | OUT: 'What is your name?\nHello, Al' | store.write
TICK: 002424 | PC: 00064 | STEP: 0 | IR: drop | A: 32 | AR: 1 | NZ: 01 | IE: 0 | PENDING: 0 | IN_INTR: 1 | DS: [1] | RS: [40, 182, 1, 32] | MEM: - | LATCH: IR | OUT: 'What is your name?\nHello, Al' | fetch drop
TICK: 002425 | PC: 00065 | STEP: 0 | IR: drop | A: 32 | AR: 1 | NZ: 01 | IE: 0 | PENDING: 0 | IN_INTR: 1 | DS: [] | RS: [40, 182, 1, 32] | MEM: - | LATCH: PC,IR.clear | OUT: 'What is your name?\nHello, Al' | drop
TICK: 002426 | PC: 00065 | STEP: 0 | IR: load 3 | A: 32 | AR: 1 | NZ: 01 | IE: 0 | PENDING: 0 | IN_INTR: 1 | DS: [] | RS: [40, 182, 1, 32] | MEM: - | LATCH: IR | OUT: 'What is your name?\nHello, Al' | fetch load 3
TICK: 002427 | PC: 00065 | STEP: 1 | IR: load 3 | A: 32 | AR: 3 | NZ: 01 | IE: 0 | PENDING: 0 | IN_INTR: 1 | DS: [] | RS: [40, 182, 1, 32] | MEM: - | LATCH: AR | OUT: 'What is your name?\nHello, Al' | load.addr 3
TICK: 002428 | PC: 00070 | STEP: 0 | IR: load 3 | A: 32 | AR: 3 | NZ: 01 | IE: 0 | PENDING: 0 | IN_INTR: 1 | DS: [105] | RS: [40, 182, 1, 32] | MEM: read mem[3] | LATCH: DS.push,PC,IR.clear | OUT: 'What is your name?\nHello, Al' | load.read
TICK: 002429 | PC: 00070 | STEP: 0 | IR: literal 10 | A: 32 | AR: 3 | NZ: 01 | IE: 0 | PENDING: 0 | IN_INTR: 1 | DS: [105] | RS: [40, 182, 1, 32] | MEM: - | LATCH: IR | OUT: 'What is your name?\nHello, Al' | fetch literal 10
TICK: 002430 | PC: 00075 | STEP: 0 | IR: literal 10 | A: 32 | AR: 3 | NZ: 01 | IE: 0 | PENDING: 0 | IN_INTR: 1 | DS: [105, 10] | RS: [40, 182, 1, 32] | MEM: - | LATCH: DS.push,PC,IR.clear | OUT: 'What is your name?\nHello, Al' | literal 10
TICK: 002431 | PC: 00075 | STEP: 0 | IR: sub | A: 32 | AR: 3 | NZ: 01 | IE: 0 | PENDING: 0 | IN_INTR: 1 | DS: [105, 10] | RS: [40, 182, 1, 32] | MEM: - | LATCH: IR | OUT: 'What is your name?\nHello, Al' | fetch sub
TICK: 002432 | PC: 00075 | STEP: 1 | IR: sub | A: 32 | AR: 3 | NZ: 01 | IE: 0 | PENDING: 0 | IN_INTR: 1 | DS: [] | RS: [40, 182, 1, 32] | MEM: - | LATCH: ALU.left,ALU.right | OUT: 'What is your name?\nHello, Al' | sub.load_operands
TICK: 002433 | PC: 00076 | STEP: 0 | IR: sub | A: 32 | AR: 3 | NZ: 00 | IE: 0 | PENDING: 0 | IN_INTR: 1 | DS: [95] | RS: [40, 182, 1, 32] | MEM: - | LATCH: DS.push(ALU),PC,IR.clear | OUT: 'What is your name?\nHello, Al' | sub.write_result
TICK: 002434 | PC: 00076 | STEP: 0 | IR: nif 93 | A: 32 | AR: 3 | NZ: 00 | IE: 0 | PENDING: 0 | IN_INTR: 1 | DS: [95] | RS: [40, 182, 1, 32] | MEM: - | LATCH: IR | OUT: 'What is your name?\nHello, Al' | fetch nif 93
TICK: 002435 | PC: 00076 | STEP: 1 | IR: nif 93 | A: 32 | AR: 3 | NZ: 00 | IE: 0 | PENDING: 0 | IN_INTR: 1 | DS: [] | RS: [40, 182, 1, 32] | MEM: - | LATCH: ALU.left | OUT: 'What is your name?\nHello, Al' | nif.test
TICK: 002436 | PC: 00093 | STEP: 0 | IR: nif 93 | A: 32 | AR: 3 | NZ: 00 | IE: 0 | PENDING: 0 | IN_INTR: 1 | DS: [] | RS: [40, 182, 1, 32] | MEM: - | LATCH: PC,IR.clear | OUT: 'What is your name?\nHello, Al' | nif.branch
TICK: 002437 | PC: 00093 | STEP: 0 | IR: iret | A: 32 | AR: 3 | NZ: 00 | IE: 0 | PENDING: 0 | IN_INTR: 1 | DS: [] | RS: [40, 182, 1, 32] | MEM: - | LATCH: IR | OUT: 'What is your name?\nHello, Al' | fetch iret
TICK: 002438 | PC: 00093 | STEP: 1 | IR: iret | A: 32 | AR: 3 | NZ: 00 | IE: 0 | PENDING: 0 | IN_INTR: 1 | DS: [] | RS: [40, 182, 1] | MEM: - | LATCH: A | OUT: 'What is your name?\nHello, Al' | iret.restore_a
TICK: 002439 | PC: 00093 | STEP: 2 | IR: iret | A: 32 | AR: 3 | NZ: 01 | IE: 0 | PENDING: 0 | IN_INTR: 1 | DS: [] | RS: [40, 182] | MEM: - | LATCH: NZ | OUT: 'What is your name?\nHello, Al' | iret.restore_status
TICK: 002440 | PC: 00182 | STEP: 0 | IR: iret | A: 32 | AR: 3 | NZ: 01 | IE: 1 | PENDING: 0 | IN_INTR: 0 | DS: [] | RS: [40] | MEM: - | LATCH: PC,IR.clear,IE,IN_INTR | OUT: 'What is your name?\nHello, Al' | iret.restore_pc
TICK: 002441 | PC: 00182 | STEP: 0 | IR: load 1 | A: 32 | AR: 3 | NZ: 01 | IE: 1 | PENDING: 0 | IN_INTR: 0 | DS: [] | RS: [40] | MEM: - | LATCH: IR | OUT: 'What is your name?\nHello, Al' | fetch load 1
TICK: 002442 | PC: 00182 | STEP: 1 | IR: load 1 | A: 32 | AR: 1 | NZ: 01 | IE: 1 | PENDING: 0 | IN_INTR: 0 | DS: [] | RS: [40] | MEM: - | LATCH: AR | OUT: 'What is your name?\nHello, Al' | load.addr 1
TICK: 002443 | PC: 00187 | STEP: 0 | IR: load 1 | A: 32 | AR: 1 | NZ: 01 | IE: 1 | PENDING: 0 | IN_INTR: 0 | DS: [1] | RS: [40] | MEM: read mem[1] | LATCH: DS.push,PC,IR.clear | OUT: 'What is your name?\nHello, Al' | load.read
TICK: 002444 | PC: 00187 | STEP: 0 | IR: literal 0 | A: 32 | AR: 1 | NZ: 01 | IE: 1 | PENDING: 0 | IN_INTR: 0 | DS: [1] | RS: [40] | MEM: - | LATCH: IR | OUT: 'What is your name?\nHello, Al' | fetch literal 0
TICK: 002445 | PC: 00192 | STEP: 0 | IR: literal 0 | A: 32 | AR: 1 | NZ: 01 | IE: 1 | PENDING: 0 | IN_INTR: 0 | DS: [1, 0] | RS: [40] | MEM: - | LATCH: DS.push,PC,IR.clear | OUT: 'What is your name?\nHello, Al' | literal 0
TICK: 002446 | PC: 00192 | STEP: 0 | IR: sub | A: 32 | AR: 1 | NZ: 01 | IE: 1 | PENDING: 0 | IN_INTR: 0 | DS: [1, 0] | RS: [40] | MEM: - | LATCH: IR | OUT: 'What is your name?\nHello, Al' | fetch sub
TICK: 002447 | PC: 00192 | STEP: 1 | IR: sub | A: 32 | AR: 1 | NZ: 01 | IE: 1 | PENDING: 0 | IN_INTR: 0 | DS: [] | RS: [40] | MEM: - | LATCH: ALU.left,ALU.right | OUT: 'What is your name?\nHello, Al' | sub.load_operands
TICK: 002448 | PC: 00193 | STEP: 0 | IR: sub | A: 32 | AR: 1 | NZ: 00 | IE: 1 | PENDING: 0 | IN_INTR: 0 | DS: [1] | RS: [40] | MEM: - | LATCH: DS.push(ALU),PC,IR.clear | OUT: 'What is your name?\nHello, Al' | sub.write_result
TICK: 002449 | PC: 00193 | STEP: 0 | IR: nif 203 | A: 32 | AR: 1 | NZ: 00 | IE: 1 | PENDING: 0 | IN_INTR: 0 | DS: [1] | RS: [40] | MEM: - | LATCH: IR | OUT: 'What is your name?\nHello, Al' | fetch nif 203
TICK: 002450 | PC: 00193 | STEP: 1 | IR: nif 203 | A: 32 | AR: 1 | NZ: 00 | IE: 1 | PENDING: 0 | IN_INTR: 0 | DS: [] | RS: [40] | MEM: - | LATCH: ALU.left | OUT: 'What is your name?\nHello, Al' | nif.test
TICK: 002451 | PC: 00203 | STEP: 0 | IR: nif 203 | A: 32 | AR: 1 | NZ: 00 | IE: 1 | PENDING: 0 | IN_INTR: 0 | DS: [] | RS: [40] | MEM: - | LATCH: PC,IR.clear | OUT: 'What is your name?\nHello, Al' | nif.branch
TICK: 002452 | PC: 00203 | STEP: 0 | IR: load 2 | A: 32 | AR: 1 | NZ: 00 | IE: 1 | PENDING: 0 | IN_INTR: 0 | DS: [] | RS: [40] | MEM: - | LATCH: IR | OUT: 'What is your name?\nHello, Al' | fetch load 2
TICK: 002453 | PC: 00203 | STEP: 1 | IR: load 2 | A: 32 | AR: 2 | NZ: 00 | IE: 1 | PENDING: 0 | IN_INTR: 0 | DS: [] | RS: [40] | MEM: - | LATCH: AR | OUT: 'What is your name?\nHello, Al' | load.addr 2
TICK: 002454 | PC: 00208 | STEP: 0 | IR: load 2 | A: 32 | AR: 2 | NZ: 00 | IE: 1 | PENDING: 0 | IN_INTR: 0 | DS: [0] | RS: [40] | MEM: read mem[2] | LATCH: DS.push,PC,IR.clear | OUT: 'What is your name?\nHello, Al' | load.read
TICK: 002455 | PC: 00208 | STEP: 0 | IR: literal 0 | A: 32 | AR: 2 | NZ: 00 | IE: 1 | PENDING: 0 | IN_INTR: 0 | DS: [0] | RS: [40] | MEM: - | LATCH: IR | OUT: 'What is your name?\nHello, Al' | fetch literal 0
TICK: 002456 | PC: 00213 | STEP: 0 | IR: literal 0 | A: 32 | AR: 2 | NZ: 00 | IE: 1 | PENDING: 0 | IN_INTR: 0 | DS: [0, 0] | RS: [40] | MEM: - | LATCH: DS.push,PC,IR.clear | OUT: 'What is your name?\nHello, Al' | literal 0
TICK: 002457 | PC: 00213 | STEP: 0 | IR: sub | A: 32 | AR: 2 | NZ: 00 | IE: 1 | PENDING: 0 | IN_INTR: 0 | DS: [0, 0] | RS: [40] | MEM: - | LATCH: IR | OUT: 'What is your name?\nHello, Al' | fetch sub
TICK: 002458 | PC: 00213 | STEP: 1 | IR: sub | A: 32 | AR: 2 | NZ: 00 | IE: 1 | PENDING: 0 | IN_INTR: 0 | DS: [] | RS: [40] | MEM: - | LATCH: ALU.left,ALU.right | OUT: 'What is your name?\nHello, Al' | sub.load_operands
TICK: 002459 | PC: 00214 | STEP: 0 | IR: sub | A: 32 | AR: 2 | NZ: 01 | IE: 1 | PENDING: 0 | IN_INTR: 0 | DS: [0] | RS: [40] | MEM: - | LATCH: DS.push(ALU),PC,IR.clear | OUT: 'What is your name?\nHello, Al' | sub.write_result
TICK: 002460 | PC: 00214 | STEP: 0 | IR: nif 247 | A: 32 | AR: 2 | NZ: 01 | IE: 1 | PENDING: 0 | IN_INTR: 0 | DS: [0] | RS: [40] | MEM: - | LATCH: IR | OUT: 'What is your name?\nHello, Al' | fetch nif 247
TICK: 002461 | PC: 00214 | STEP: 1 | IR: nif 247 | A: 32 | AR: 2 | NZ: 01 | IE: 1 | PENDING: 0 | IN_INTR: 0 | DS: [] | RS: [40] | MEM: - | LATCH: ALU.left | OUT: 'What is your name?\nHello, Al' | nif.test
TICK: 002462 | PC: 00219 | STEP: 0 | IR: nif 247 | A: 32 | AR: 2 | NZ: 01 | IE: 1 | PENDING: 0 | IN_INTR: 0 | DS: [] | RS: [40] | MEM: - | LATCH: PC,IR.clear | OUT: 'What is your name?\nHello, Al' | nif.branch
TICK: 002463 | PC: 00219 | STEP: 0 | IR: load 3 | A: 32 | AR: 2 | NZ: 01 | IE: 1 | PENDING: 0 | IN_INTR: 0 | DS: [] | RS: [40] | MEM: - | LATCH: IR | OUT: 'What is your name?\nHello, Al' | fetch load 3
TICK: 002464 | PC: 00219 | STEP: 1 | IR: load 3 | A: 32 | AR: 3 | NZ: 01 | IE: 1 | PENDING: 0 | IN_INTR: 0 | DS: [] | RS: [40] | MEM: - | LATCH: AR | OUT: 'What is your name?\nHello, Al' | load.addr 3
TICK: 002465 | PC: 00224 | STEP: 0 | IR: load 3 | A: 32 | AR: 3 | NZ: 01 | IE: 1 | PENDING: 0 | IN_INTR: 0 | DS: [105] | RS: [40] | MEM: read mem[3] | LATCH: DS.push,PC,IR.clear | OUT: 'What is your name?\nHello, Al' | load.read
TICK: 002466 | PC: 00224 | STEP: 0 | IR: store 31999 | A: 32 | AR: 3 | NZ: 01 | IE: 1 | PENDING: 0 | IN_INTR: 0 | DS: [105] | RS: [40] | MEM: - | LATCH: IR | OUT: 'What is your name?\nHello, Al' | fetch store 31999
TICK: 002467 | PC: 00224 | STEP: 1 | IR: store 31999 | A: 32 | AR: 31999 | NZ: 01 | IE: 1 | PENDING: 0 | IN_INTR: 0 | DS: [105] | RS: [40] | MEM: - | LATCH: AR | OUT: 'What is your name?\nHello, Al' | store.addr 31999
TICK: 002468 | PC: 00229 | STEP: 0 | IR: store 31999 | A: 32 | AR: 31999 | NZ: 01 | IE: 1 | PENDING: 0 | IN_INTR: 0 | DS: [] | RS: [40] | MEM: write mem[31999] <- 105 | LATCH: OUT,PC,IR.clear | OUT: 'What is your name?\nHello, Ali' | store.write
TICK: 002469 | PC: 00229 | STEP: 0 | IR: literal 0 | A: 32 | AR: 31999 | NZ: 01 | IE: 1 | PENDING: 0 | IN_INTR: 0 | DS: [] | RS: [40] | MEM: - | LATCH: IR | OUT: 'What is your name?\nHello, Ali' | fetch literal 0
TICK: 002470 | PC: 00234 | STEP: 0 | IR: literal 0 | A: 32 | AR: 31999 | NZ: 01 | IE: 1 | PENDING: 0 | IN_INTR: 0 | DS: [0] | RS: [40] | MEM: - | LATCH: DS.push,PC,IR.clear | OUT: 'What is your name?\nHello, Ali' | literal 0
TICK: 002471 | PC: 00234 | STEP: 0 | IR: drop | A: 32 | AR: 31999 | NZ: 01 | IE: 1 | PENDING: 0 | IN_INTR: 0 | DS: [0] | RS: [40] | MEM: - | LATCH: IR | OUT: 'What is your name?\nHello, Ali' | fetch drop
TICK: 002472 | PC: 00235 | STEP: 0 | IR: drop | A: 32 | AR: 31999 | NZ: 01 | IE: 1 | PENDING: 0 | IN_INTR: 0 | DS: [] | RS: [40] | MEM: - | LATCH: PC,IR.clear | OUT: 'What is your name?\nHello, Ali' | drop
TICK: 002473 | PC: 00235 | STEP: 0 | IR: literal 0 | A: 32 | AR: 31999 | NZ: 01 | IE: 1 | PENDING: 0 | IN_INTR: 0 | DS: [] | RS: [40] | MEM: - | LATCH: IR | OUT: 'What is your name?\nHello, Ali' | fetch literal 0
TICK: 002474 | PC: 00240 | STEP: 0 | IR: literal 0 | A: 32 | AR: 31999 | NZ: 01 | IE: 1 | PENDING: 0 | IN_INTR: 0 | DS: [0] | RS: [40] | MEM: - | LATCH: DS.push,PC,IR.clear | OUT: 'What is your name?\nHello, Ali' | literal 0
TICK: 002475 | PC: 00240 | STEP: 0 | IR: dup | A: 32 | AR: 31999 | NZ: 01 | IE: 1 | PENDING: 0 | IN_INTR: 0 | DS: [0] | RS: [40] | MEM: - | LATCH: IR | OUT: 'What is your name?\nHello, Ali' | fetch dup
TICK: 002476 | PC: 00241 | STEP: 0 | IR: dup | A: 32 | AR: 31999 | NZ: 01 | IE: 1 | PENDING: 0 | IN_INTR: 0 | DS: [0, 0] | RS: [40] | MEM: - | LATCH: DS.dup,PC,IR.clear | OUT: 'What is your name?\nHello, Ali' | dup
TICK: 002477 | PC: 00241 | STEP: 0 | IR: store 1 | A: 32 | AR: 31999 | NZ: 01 | IE: 1 | PENDING: 0 | IN_INTR: 0 | DS: [0, 0] | RS: [40] | MEM: - | LATCH: IR | OUT: 'What is your name?\nHello, Ali' | fetch store 1
TICK: 002478 | PC: 00241 | STEP: 1 | IR: store 1 | A: 32 | AR: 1 | NZ: 01 | IE: 1 | PENDING: 0 | IN_INTR: 0 | DS: [0, 0] | RS: [40] | MEM: - | LATCH: AR | OUT: 'What is your name?\nHello, Ali' | store.addr 1
TICK: 002479 | PC: 00246 | STEP: 0 | IR: store 1 | A: 32 | AR: 1 | NZ: 01 | IE: 1 | PENDING: 0 | IN_INTR: 0 | DS: [0] | RS: [40] | MEM: write mem[1] <- 0 | LATCH: MEM,PC,IR.clear | OUT: 'What is your name?\nHello, Ali' | store.write
TICK: 002480 | PC: 00246 | STEP: 0 | IR: drop | A: 32 | AR: 1 | NZ: 01 | IE: 1 | PENDING: 0 | IN_INTR: 0 | DS: [0] | RS: [40] | MEM: - | LATCH: IR | OUT: 'What is your name?\nHello, Ali' | fetch drop
TICK: 002481 | PC: 00247 | STEP: 0 | IR: drop | A: 32 | AR: 1 | NZ: 01 | IE: 1 | PENDING: 0 | IN_INTR: 0 | DS: [] | RS: [40] | MEM: - | LATCH: PC,IR.clear | OUT: 'What is your name?\nHello, Ali' | drop
TICK: 002482 | PC: 00247 | STEP: 0 | IR: jmp 166 | A: 32 | AR: 1 | NZ: 01 | IE: 1 | PENDING: 0 | IN_INTR: 0 | DS: [] | RS: [40] | MEM: - | LATCH: IR | OUT: 'What is your name?\nHello, Ali' | fetch jmp 166
TICK: 002483 | PC: 00166 | STEP: 0 | IR: jmp 166 | A: 32 | AR: 1 | NZ: 01 | IE: 1 | PENDING: 0 | IN_INTR: 0 | DS: [] | RS: [40] | MEM: - | LATCH: PC,IR.clear | OUT: 'What is your name?\nHello, Ali' | jmp 166
TICK: 002484 | PC: 00166 | STEP: 0 | IR: load 2 | A: 32 | AR: 1 | NZ: 01 | IE: 1 | PENDING: 0 | IN_INTR: 0 | DS: [] | RS: [40] | MEM: - | LATCH: IR | OUT: 'What is your name?\nHello, Ali' | fetch load 2
TICK: 002485 | PC: 00166 | STEP: 1 | IR: load 2 | A: 32 | AR: 2 | NZ: 01 | IE: 1 | PENDING: 0 | IN_INTR: 0 | DS: [] | RS: [40] | MEM: - | LATCH: AR | OUT: 'What is your name?\nHello, Ali' | load.addr 2
TICK: 002486 | PC: 00171 | STEP: 0 | IR: load 2 | A: 32 | AR: 2 | NZ: 01 | IE: 1 | PENDING: 0 | IN_INTR: 0 | DS: [0] | RS: [40] | MEM: read mem[2] | LATCH: DS.push,PC,IR.clear | OUT: 'What is your name?\nHello, Ali' | load.read
TICK: 002487 | PC: 00171 | STEP: 0 | IR: literal 0 | A: 32 | AR: 2 | NZ: 01 | IE: 1 | PENDING: 0 | IN_INTR: 0 | DS: [0] | RS: [40] | MEM: - | LATCH: IR | OUT: 'What is your name?\nHello, Ali' | fetch literal 0
TICK: 002488 | PC: 00176 | STEP: 0 | IR: literal 0 | A: 32 | AR: 2 | NZ: 01 | IE: 1 | PENDING: 0 | IN_INTR: 0 | DS: [0, 0] | RS: [40] | MEM: - | LATCH: DS.push,PC,IR.clear | OUT: 'What is your name?\nHello, Ali' | literal 0
TICK: 002489 | PC: 00176 | STEP: 0 | IR: sub | A: 32 | AR: 2 | NZ: 01 | IE: 1 | PENDING: 0 | IN_INTR: 0 | DS: [0, 0] | RS: [40] | MEM: - | LATCH: IR | OUT: 'What is your name?\nHello, Ali' | fetch sub
TICK: 002490 | PC: 00176 | STEP: 1 | IR: sub | A: 32 | AR: 2 | NZ: 01 | IE: 1 | PENDING: 0 | IN_INTR: 0 | DS: [] | RS: [40] | MEM: - | LATCH: ALU.left,ALU.right | OUT: 'What is your name?\nHello, Ali' | sub.load_operands
TICK: 002491 | PC: 00177 | STEP: 0 | IR: sub | A: 32 | AR: 2 | NZ: 01 | IE: 1 | PENDING: 0 | IN_INTR: 0 | DS: [0] | RS: [40] | MEM: - | LATCH: DS.push(ALU),PC,IR.clear | OUT: 'What is your name?\nHello, Ali' | sub.write_result
TICK: 002492 | PC: 00177 | STEP: 0 | IR: nif 252 | A: 32 | AR: 2 | NZ: 01 | IE: 1 | PENDING: 0 | IN_INTR: 0 | DS: [0] | RS: [40] | MEM: - | LATCH: IR | OUT: 'What is your name?\nHello, Ali' | fetch nif 252
TICK: 002493 | PC: 00177 | STEP: 1 | IR: nif 252 | A: 32 | AR: 2 | NZ: 01 | IE: 1 | PENDING: 0 | IN_INTR: 0 | DS: [] | RS: [40] | MEM: - | LATCH: ALU.left | OUT: 'What is your name?\nHello, Ali' | nif.test
TICK: 002494 | PC: 00182 | STEP: 0 | IR: nif 252 | A: 32 | AR: 2 | NZ: 01 | IE: 1 | PENDING: 0 | IN_INTR: 0 | DS: [] | RS: [40] | MEM: - | LATCH: PC,IR.clear | OUT: 'What is your name?\nHello, Ali' | nif.branch
TICK: 002495 | PC: 00182 | STEP: 0 | IR: load 1 | A: 32 | AR: 2 | NZ: 01 | IE: 1 | PENDING: 0 | IN_INTR: 0 | DS: [] | RS: [40] | MEM: - | LATCH: IR | OUT: 'What is your name?\nHello, Ali' | fetch load 1
TICK: 002496 | PC: 00182 | STEP: 1 | IR: load 1 | A: 32 | AR: 1 | NZ: 01 | IE: 1 | PENDING: 0 | IN_INTR: 0 | DS: [] | RS: [40] | MEM: - | LATCH: AR | OUT: 'What is your name?\nHello, Ali' | load.addr 1
TICK: 002497 | PC: 00187 | STEP: 0 | IR: load 1 | A: 32 | AR: 1 | NZ: 01 | IE: 1 | PENDING: 0 | IN_INTR: 0 | DS: [0] | RS: [40] | MEM: read mem[1] | LATCH: DS.push,PC,IR.clear | OUT: 'What is your name?\nHello, Ali' | load.read
TICK: 002498 | PC: 00187 | STEP: 0 | IR: literal 0 | A: 32 | AR: 1 | NZ: 01 | IE: 1 | PENDING: 0 | IN_INTR: 0 | DS: [0] | RS: [40] | MEM: - | LATCH: IR | OUT: 'What is your name?\nHello, Ali' | fetch literal 0
TICK: 002499 | PC: 00192 | STEP: 0 | IR: literal 0 | A: 32 | AR: 1 | NZ: 01 | IE: 1 | PENDING: 0 | IN_INTR: 0 | DS: [0, 0] | RS: [40] | MEM: - | LATCH: DS.push,PC,IR.clear | OUT: 'What is your name?\nHello, Ali' | literal 0
TICK: 002500 | PC: 00192 | STEP: 0 | IR: sub | A: 32 | AR: 1 | NZ: 01 | IE: 1 | PENDING: 0 | IN_INTR: 0 | DS: [0, 0] | RS: [40] | MEM: - | LATCH: IR | OUT: 'What is your name?\nHello, Ali' | fetch sub
TICK: 002501 | PC: 00192 | STEP: 1 | IR: sub | A: 32 | AR: 1 | NZ: 01 | IE: 1 | PENDING: 0 | IN_INTR: 0 | DS: [] | RS: [40] | MEM: - | LATCH: ALU.left,ALU.right | OUT: 'What is your name?\nHello, Ali' | sub.load_operands
TICK: 002502 | PC: 00193 | STEP: 0 | IR: sub | A: 32 | AR: 1 | NZ: 01 | IE: 1 | PENDING: 0 | IN_INTR: 0 | DS: [0] | RS: [40] | MEM: - | LATCH: DS.push(ALU),PC,IR.clear | OUT: 'What is your name?\nHello, Ali' | sub.write_result
TICK: 002503 | PC: 00193 | STEP: 0 | IR: nif 203 | A: 32 | AR: 1 | NZ: 01 | IE: 1 | PENDING: 0 | IN_INTR: 0 | DS: [0] | RS: [40] | MEM: - | LATCH: IR | OUT: 'What is your name?\nHello, Ali' | fetch nif 203
TICK: 002504 | PC: 00193 | STEP: 1 | IR: nif 203 | A: 32 | AR: 1 | NZ: 01 | IE: 1 | PENDING: 0 | IN_INTR: 0 | DS: [] | RS: [40] | MEM: - | LATCH: ALU.left | OUT: 'What is your name?\nHello, Ali' | nif.test
TICK: 002505 | PC: 00198 | STEP: 0 | IR: nif 203 | A: 32 | AR: 1 | NZ: 01 | IE: 1 | PENDING: 0 | IN_INTR: 0 | DS: [] | RS: [40] | MEM: - | LATCH: PC,IR.clear | OUT: 'What is your name?\nHello, Ali' | nif.branch
TICK: 002506 | PC: 00198 | STEP: 0 | IR: jmp 182 | A: 32 | AR: 1 | NZ: 01 | IE: 1 | PENDING: 0 | IN_INTR: 0 | DS: [] | RS: [40] | MEM: - | LATCH: IR | OUT: 'What is your name?\nHello, Ali' | fetch jmp 182
TICK: 002507 | PC: 00182 | STEP: 0 | IR: jmp 182 | A: 32 | AR: 1 | NZ: 01 | IE: 1 | PENDING: 0 | IN_INTR: 0 | DS: [] | RS: [40] | MEM: - | LATCH: PC,IR.clear | OUT: 'What is your name?\nHello, Ali' | jmp 182
TICK: 002508 | PC: 00182 | STEP: 0 | IR: load 1 | A: 32 | AR: 1 | NZ: 01 | IE: 1 | PENDING: 0 | IN_INTR: 0 | DS: [] | RS: [40] | MEM: - | LATCH: IR | OUT: 'What is your name?\nHello, Ali' | fetch load 1
TICK: 002509 | PC: 00182 | STEP: 1 | IR: load 1 | A: 32 | AR: 1 | NZ: 01 | IE: 1 | PENDING: 0 | IN_INTR: 0 | DS: [] | RS: [40] | MEM: - | LATCH: AR | OUT: 'What is your name?\nHello, Ali' | load.addr 1
TICK: 002510 | PC: 00187 | STEP: 0 | IR: load 1 | A: 32 | AR: 1 | NZ: 01 | IE: 1 | PENDING: 0 | IN_INTR: 0 | DS: [0] | RS: [40] | MEM: read mem[1] | LATCH: DS.push,PC,IR.clear | OUT: 'What is your name?\nHello, Ali' | load.read
TICK: 002511 | PC: 00187 | STEP: 0 | IR: literal 0 | A: 32 | AR: 1 | NZ: 01 | IE: 1 | PENDING: 0 | IN_INTR: 0 | DS: [0] | RS: [40] | MEM: - | LATCH: IR | OUT: 'What is your name?\nHello, Ali' | fetch literal 0
TICK: 002512 | PC: 00192 | STEP: 0 | IR: literal 0 | A: 32 | AR: 1 | NZ: 01 | IE: 1 | PENDING: 0 | IN_INTR: 0 | DS: [0, 0] | RS: [40] | MEM: - | LATCH: DS.push,PC,IR.clear | OUT: 'What is your name?\nHello, Ali' | literal 0
TICK: 002513 | PC: 00192 | STEP: 0 | IR: sub | A: 32 | AR: 1 | NZ: 01 | IE: 1 | PENDING: 0 | IN_INTR: 0 | DS: [0, 0] | RS: [40] | MEM: - | LATCH: IR | OUT: 'What is your name?\nHello, Ali' | fetch sub
TICK: 002514 | PC: 00192 | STEP: 1 | IR: sub | A: 32 | AR: 1 | NZ: 01 | IE: 1 | PENDING: 0 | IN_INTR: 0 | DS: [] | RS: [40] | MEM: - | LATCH: ALU.left,ALU.right | OUT: 'What is your name?\nHello, Ali' | sub.load_operands
TICK: 002515 | PC: 00193 | STEP: 0 | IR: sub | A: 32 | AR: 1 | NZ: 01 | IE: 1 | PENDING: 0 | IN_INTR: 0 | DS: [0] | RS: [40] | MEM: - | LATCH: DS.push(ALU),PC,IR.clear | OUT: 'What is your name?\nHello, Ali' | sub.write_result
TICK: 002516 | PC: 00193 | STEP: 0 | IR: nif 203 | A: 32 | AR: 1 | NZ: 01 | IE: 1 | PENDING: 0 | IN_INTR: 0 | DS: [0] | RS: [40] | MEM: - | LATCH: IR | OUT: 'What is your name?\nHello, Ali' | fetch nif 203
TICK: 002517 | PC: 00193 | STEP: 1 | IR: nif 203 | A: 32 | AR: 1 | NZ: 01 | IE: 1 | PENDING: 0 | IN_INTR: 0 | DS: [] | RS: [40] | MEM: - | LATCH: ALU.left | OUT: 'What is your name?\nHello, Ali' | nif.test
TICK: 002518 | PC: 00198 | STEP: 0 | IR: nif 203 | A: 32 | AR: 1 | NZ: 01 | IE: 1 | PENDING: 0 | IN_INTR: 0 | DS: [] | RS: [40] | MEM: - | LATCH: PC,IR.clear | OUT: 'What is your name?\nHello, Ali' | nif.branch
TICK: 002519 | PC: 00198 | STEP: 0 | IR: jmp 182 | A: 32 | AR: 1 | NZ: 01 | IE: 1 | PENDING: 0 | IN_INTR: 0 | DS: [] | RS: [40] | MEM: - | LATCH: IR | OUT: 'What is your name?\nHello, Ali' | fetch jmp 182
TICK: 002520 | PC: 00182 | STEP: 0 | IR: jmp 182 | A: 32 | AR: 1 | NZ: 01 | IE: 1 | PENDING: 0 | IN_INTR: 0 | DS: [] | RS: [40] | MEM: - | LATCH: PC,IR.clear | OUT: 'What is your name?\nHello, Ali' | jmp 182
TICK: 002521 | PC: 00182 | STEP: 0 | IR: load 1 | A: 32 | AR: 1 | NZ: 01 | IE: 1 | PENDING: 0 | IN_INTR: 0 | DS: [] | RS: [40] | MEM: - | LATCH: IR | OUT: 'What is your name?\nHello, Ali' | fetch load 1
TICK: 002522 | PC: 00182 | STEP: 1 | IR: load 1 | A: 32 | AR: 1 | NZ: 01 | IE: 1 | PENDING: 0 | IN_INTR: 0 | DS: [] | RS: [40] | MEM: - | LATCH: AR | OUT: 'What is your name?\nHello, Ali' | load.addr 1
TICK: 002523 | PC: 00187 | STEP: 0 | IR: load 1 | A: 32 | AR: 1 | NZ: 01 | IE: 1 | PENDING: 0 | IN_INTR: 0 | DS: [0] | RS: [40] | MEM: read mem[1] | LATCH: DS.push,PC,IR.clear | OUT: 'What is your name?\nHello, Ali' | load.read
TICK: 002524 | PC: 00187 | STEP: 0 | IR: literal 0 | A: 32 | AR: 1 | NZ: 01 | IE: 1 | PENDING: 0 | IN_INTR: 0 | DS: [0] | RS: [40] | MEM: - | LATCH: IR | OUT: 'What is your name?\nHello, Ali' | fetch literal 0
TICK: 002525 | PC: 00192 | STEP: 0 | IR: literal 0 | A: 32 | AR: 1 | NZ: 01 | IE: 1 | PENDING: 0 | IN_INTR: 0 | DS: [0, 0] | RS: [40] | MEM: - | LATCH: DS.push,PC,IR.clear | OUT: 'What is your name?\nHello, Ali' | literal 0
TICK: 002526 | PC: 00192 | STEP: 0 | IR: sub | A: 32 | AR: 1 | NZ: 01 | IE: 1 | PENDING: 0 | IN_INTR: 0 | DS: [0, 0] | RS: [40] | MEM: - | LATCH: IR | OUT: 'What is your name?\nHello, Ali' | fetch sub
TICK: 002527 | PC: 00192 | STEP: 1 | IR: sub | A: 32 | AR: 1 | NZ: 01 | IE: 1 | PENDING: 0 | IN_INTR: 0 | DS: [] | RS: [40] | MEM: - | LATCH: ALU.left,ALU.right | OUT: 'What is your name?\nHello, Ali' | sub.load_operands
TICK: 002528 | PC: 00193 | STEP: 0 | IR: sub | A: 32 | AR: 1 | NZ: 01 | IE: 1 | PENDING: 0 | IN_INTR: 0 | DS: [0] | RS: [40] | MEM: - | LATCH: DS.push(ALU),PC,IR.clear | OUT: 'What is your name?\nHello, Ali' | sub.write_result
TICK: 002529 | PC: 00193 | STEP: 0 | IR: nif 203 | A: 32 | AR: 1 | NZ: 01 | IE: 1 | PENDING: 0 | IN_INTR: 0 | DS: [0] | RS: [40] | MEM: - | LATCH: IR | OUT: 'What is your name?\nHello, Ali' | fetch nif 203
TICK: 002530 | PC: 00193 | STEP: 1 | IR: nif 203 | A: 32 | AR: 1 | NZ: 01 | IE: 1 | PENDING: 0 | IN_INTR: 0 | DS: [] | RS: [40] | MEM: - | LATCH: ALU.left | OUT: 'What is your name?\nHello, Ali' | nif.test
TICK: 002531 | PC: 00198 | STEP: 0 | IR: nif 203 | A: 32 | AR: 1 | NZ: 01 | IE: 1 | PENDING: 0 | IN_INTR: 0 | DS: [] | RS: [40] | MEM: - | LATCH: PC,IR.clear | OUT: 'What is your name?\nHello, Ali' | nif.branch
TICK: 002532 | PC: 00198 | STEP: 0 | IR: jmp 182 | A: 32 | AR: 1 | NZ: 01 | IE: 1 | PENDING: 0 | IN_INTR: 0 | DS: [] | RS: [40] | MEM: - | LATCH: IR | OUT: 'What is your name?\nHello, Ali' | fetch jmp 182
TICK: 002533 | PC: 00182 | STEP: 0 | IR: jmp 182 | A: 32 | AR: 1 | NZ: 01 | IE: 1 | PENDING: 0 | IN_INTR: 0 | DS: [] | RS: [40] | MEM: - | LATCH: PC,IR.clear | OUT: 'What is your name?\nHello, Ali' | jmp 182
TICK: 002534 | PC: 00182 | STEP: 0 | IR: load 1 | A: 32 | AR: 1 | NZ: 01 | IE: 1 | PENDING: 0 | IN_INTR: 0 | DS: [] | RS: [40] | MEM: - | LATCH: IR | OUT: 'What is your name?\nHello, Ali' | fetch load 1
TICK: 002535 | PC: 00182 | STEP: 1 | IR: load 1 | A: 32 | AR: 1 | NZ: 01 | IE: 1 | PENDING: 0 | IN_INTR: 0 | DS: [] | RS: [40] | MEM: - | LATCH: AR | OUT: 'What is your name?\nHello, Ali' | load.addr 1
TICK: 002536 | PC: 00187 | STEP: 0 | IR: load 1 | A: 32 | AR: 1 | NZ: 01 | IE: 1 | PENDING: 0 | IN_INTR: 0 | DS: [0] | RS: [40] | MEM: read mem[1] | LATCH: DS.push,PC,IR.clear | OUT: 'What is your name?\nHello, Ali' | load.read
TICK: 002537 | PC: 00187 | STEP: 0 | IR: literal 0 | A: 32 | AR: 1 | NZ: 01 | IE: 1 | PENDING: 0 | IN_INTR: 0 | DS: [0] | RS: [40] | MEM: - | LATCH: IR | OUT: 'What is your name?\nHello, Ali' | fetch literal 0
TICK: 002538 | PC: 00192 | STEP: 0 | IR: literal 0 | A: 32 | AR: 1 | NZ: 01 | IE: 1 | PENDING: 0 | IN_INTR: 0 | DS: [0, 0] | RS: [40] | MEM: - | LATCH: DS.push,PC,IR.clear | OUT: 'What is your name?\nHello, Ali' | literal 0
TICK: 002539 | PC: 00192 | STEP: 0 | IR: sub | A: 32 | AR: 1 | NZ: 01 | IE: 1 | PENDING: 0 | IN_INTR: 0 | DS: [0, 0] | RS: [40] | MEM: - | LATCH: IR | OUT: 'What is your name?\nHello, Ali' | fetch sub
TICK: 002540 | PC: 00192 | STEP: 1 | IR: sub | A: 32 | AR: 1 | NZ: 01 | IE: 1 | PENDING: 0 | IN_INTR: 0 | DS: [] | RS: [40] | MEM: - | LATCH: ALU.left,ALU.right | OUT: 'What is your name?\nHello, Ali' | sub.load_operands
TICK: 002541 | PC: 00193 | STEP: 0 | IR: sub | A: 32 | AR: 1 | NZ: 01 | IE: 1 | PENDING: 0 | IN_INTR: 0 | DS: [0] | RS: [40] | MEM: - | LATCH: DS.push(ALU),PC,IR.clear | OUT: 'What is your name?\nHello, Ali' | sub.write_result
TICK: 002542 | PC: 00193 | STEP: 0 | IR: nif 203 | A: 32 | AR: 1 | NZ: 01 | IE: 1 | PENDING: 0 | IN_INTR: 0 | DS: [0] | RS: [40] | MEM: - | LATCH: IR | OUT: 'What is your name?\nHello, Ali' | fetch nif 203
TICK: 002543 | PC: 00193 | STEP: 1 | IR: nif 203 | A: 32 | AR: 1 | NZ: 01 | IE: 1 | PENDING: 0 | IN_INTR: 0 | DS: [] | RS: [40] | MEM: - | LATCH: ALU.left | OUT: 'What is your name?\nHello, Ali' | nif.test
TICK: 002544 | PC: 00198 | STEP: 0 | IR: nif 203 | A: 32 | AR: 1 | NZ: 01 | IE: 1 | PENDING: 0 | IN_INTR: 0 | DS: [] | RS: [40] | MEM: - | LATCH: PC,IR.clear | OUT: 'What is your name?\nHello, Ali' | nif.branch
TICK: 002545 | PC: 00198 | STEP: 0 | IR: jmp 182 | A: 32 | AR: 1 | NZ: 01 | IE: 1 | PENDING: 0 | IN_INTR: 0 | DS: [] | RS: [40] | MEM: - | LATCH: IR | OUT: 'What is your name?\nHello, Ali' | fetch jmp 182
TICK: 002546 | PC: 00182 | STEP: 0 | IR: jmp 182 | A: 32 | AR: 1 | NZ: 01 | IE: 1 | PENDING: 0 | IN_INTR: 0 | DS: [] | RS: [40] | MEM: - | LATCH: PC,IR.clear | OUT: 'What is your name?\nHello, Ali' | jmp 182
TICK: 002547 | PC: 00182 | STEP: 0 | IR: load 1 | A: 32 | AR: 1 | NZ: 01 | IE: 1 | PENDING: 0 | IN_INTR: 0 | DS: [] | RS: [40] | MEM: - | LATCH: IR | OUT: 'What is your name?\nHello, Ali' | fetch load 1
TICK: 002548 | PC: 00182 | STEP: 1 | IR: load 1 | A: 32 | AR: 1 | NZ: 01 | IE: 1 | PENDING: 0 | IN_INTR: 0 | DS: [] | RS: [40] | MEM: - | LATCH: AR | OUT: 'What is your name?\nHello, Ali' | load.addr 1
TICK: 002549 | PC: 00187 | STEP: 0 | IR: load 1 | A: 32 | AR: 1 | NZ: 01 | IE: 1 | PENDING: 0 | IN_INTR: 0 | DS: [0] | RS: [40] | MEM: read mem[1] | LATCH: DS.push,PC,IR.clear | OUT: 'What is your name?\nHello, Ali' | load.read
TICK: 002550 | PC: 00187 | STEP: 0 | IR: literal 0 | A: 32 | AR: 1 | NZ: 01 | IE: 1 | PENDING: 0 | IN_INTR: 0 | DS: [0] | RS: [40] | MEM: - | LATCH: IR | OUT: 'What is your name?\nHello, Ali' | fetch literal 0
TICK: 002551 | PC: 00192 | STEP: 0 | IR: literal 0 | A: 32 | AR: 1 | NZ: 01 | IE: 1 | PENDING: 0 | IN_INTR: 0 | DS: [0, 0] | RS: [40] | MEM: - | LATCH: DS.push,PC,IR.clear | OUT: 'What is your name?\nHello, Ali' | literal 0
TICK: 002552 | PC: 00192 | STEP: 0 | IR: sub | A: 32 | AR: 1 | NZ: 01 | IE: 1 | PENDING: 0 | IN_INTR: 0 | DS: [0, 0] | RS: [40] | MEM: - | LATCH: IR | OUT: 'What is your name?\nHello, Ali' | fetch sub
TICK: 002553 | PC: 00192 | STEP: 1 | IR: sub | A: 32 | AR: 1 | NZ: 01 | IE: 1 | PENDING: 0 | IN_INTR: 0 | DS: [] | RS: [40] | MEM: - | LATCH: ALU.left,ALU.right | OUT: 'What is your name?\nHello, Ali' | sub.load_operands
TICK: 002554 | PC: 00193 | STEP: 0 | IR: sub | A: 32 | AR: 1 | NZ: 01 | IE: 1 | PENDING: 0 | IN_INTR: 0 | DS: [0] | RS: [40] | MEM: - | LATCH: DS.push(ALU),PC,IR.clear | OUT: 'What is your name?\nHello, Ali' | sub.write_result
TICK: 002555 | PC: 00193 | STEP: 0 | IR: nif 203 | A: 32 | AR: 1 | NZ: 01 | IE: 1 | PENDING: 0 | IN_INTR: 0 | DS: [0] | RS: [40] | MEM: - | LATCH: IR | OUT: 'What is your name?\nHello, Ali' | fetch nif 203
TICK: 002556 | PC: 00193 | STEP: 1 | IR: nif 203 | A: 32 | AR: 1 | NZ: 01 | IE: 1 | PENDING: 0 | IN_INTR: 0 | DS: [] | RS: [40] | MEM: - | LATCH: ALU.left | OUT: 'What is your name?\nHello, Ali' | nif.test
TICK: 002557 | PC: 00198 | STEP: 0 | IR: nif 203 | A: 32 | AR: 1 | NZ: 01 | IE: 1 | PENDING: 0 | IN_INTR: 0 | DS: [] | RS: [40] | MEM: - | LATCH: PC,IR.clear | OUT: 'What is your name?\nHello, Ali' | nif.branch
TICK: 002558 | PC: 00198 | STEP: 0 | IR: jmp 182 | A: 32 | AR: 1 | NZ: 01 | IE: 1 | PENDING: 0 | IN_INTR: 0 | DS: [] | RS: [40] | MEM: - | LATCH: IR | OUT: 'What is your name?\nHello, Ali' | fetch jmp 182
TICK: 002559 | PC: 00182 | STEP: 0 | IR: jmp 182 | A: 32 | AR: 1 | NZ: 01 | IE: 1 | PENDING: 0 | IN_INTR: 0 | DS: [] | RS: [40] | MEM: - | LATCH: PC,IR.clear | OUT: 'What is your name?\nHello, Ali' | jmp 182
TICK: 002560 | PC: 00182 | STEP: 0 | IR: load 1 | A: 32 | AR: 1 | NZ: 01 | IE: 1 | PENDING: 0 | IN_INTR: 0 | DS: [] | RS: [40] | MEM: - | LATCH: IR | OUT: 'What is your name?\nHello, Ali' | fetch load 1
TICK: 002561 | PC: 00182 | STEP: 1 | IR: load 1 | A: 32 | AR: 1 | NZ: 01 | IE: 1 | PENDING: 0 | IN_INTR: 0 | DS: [] | RS: [40] | MEM: - | LATCH: AR | OUT: 'What is your name?\nHello, Ali' | load.addr 1
TICK: 002562 | PC: 00187 | STEP: 0 | IR: load 1 | A: 32 | AR: 1 | NZ: 01 | IE: 1 | PENDING: 0 | IN_INTR: 0 | DS: [0] | RS: [40] | MEM: read mem[1] | LATCH: DS.push,PC,IR.clear | OUT: 'What is your name?\nHello, Ali' | load.read
TICK: 002563 | PC: 00187 | STEP: 0 | IR: literal 0 | A: 32 | AR: 1 | NZ: 01 | IE: 1 | PENDING: 0 | IN_INTR: 0 | DS: [0] | RS: [40] | MEM: - | LATCH: IR | OUT: 'What is your name?\nHello, Ali' | fetch literal 0
TICK: 002564 | PC: 00192 | STEP: 0 | IR: literal 0 | A: 32 | AR: 1 | NZ: 01 | IE: 1 | PENDING: 0 | IN_INTR: 0 | DS: [0, 0] | RS: [40] | MEM: - | LATCH: DS.push,PC,IR.clear | OUT: 'What is your name?\nHello, Ali' | literal 0
TICK: 002565 | PC: 00192 | STEP: 0 | IR: sub | A: 32 | AR: 1 | NZ: 01 | IE: 1 | PENDING: 0 | IN_INTR: 0 | DS: [0, 0] | RS: [40] | MEM: - | LATCH: IR | OUT: 'What is your name?\nHello, Ali' | fetch sub
TICK: 002566 | PC: 00192 | STEP: 1 | IR: sub | A: 32 | AR: 1 | NZ: 01 | IE: 1 | PENDING: 0 | IN_INTR: 0 | DS: [] | RS: [40] | MEM: - | LATCH: ALU.left,ALU.right | OUT: 'What is your name?\nHello, Ali' | sub.load_operands
TICK: 002567 | PC: 00193 | STEP: 0 | IR: sub | A: 32 | AR: 1 | NZ: 01 | IE: 1 | PENDING: 0 | IN_INTR: 0 | DS: [0] | RS: [40] | MEM: - | LATCH: DS.push(ALU),PC,IR.clear | OUT: 'What is your name?\nHello, Ali' | sub.write_result
TICK: 002568 | PC: 00193 | STEP: 0 | IR: nif 203 | A: 32 | AR: 1 | NZ: 01 | IE: 1 | PENDING: 0 | IN_INTR: 0 | DS: [0] | RS: [40] | MEM: - | LATCH: IR | OUT: 'What is your name?\nHello, Ali' | fetch nif 203
TICK: 002569 | PC: 00193 | STEP: 1 | IR: nif 203 | A: 32 | AR: 1 | NZ: 01 | IE: 1 | PENDING: 0 | IN_INTR: 0 | DS: [] | RS: [40] | MEM: - | LATCH: ALU.left | OUT: 'What is your name?\nHello, Ali' | nif.test
TICK: 002570 | PC: 00198 | STEP: 0 | IR: nif 203 | A: 32 | AR: 1 | NZ: 01 | IE: 1 | PENDING: 0 | IN_INTR: 0 | DS: [] | RS: [40] | MEM: - | LATCH: PC,IR.clear | OUT: 'What is your name?\nHello, Ali' | nif.branch
TICK: 002571 | PC: 00198 | STEP: 0 | IR: jmp 182 | A: 32 | AR: 1 | NZ: 01 | IE: 1 | PENDING: 0 | IN_INTR: 0 | DS: [] | RS: [40] | MEM: - | LATCH: IR | OUT: 'What is your name?\nHello, Ali' | fetch jmp 182
TICK: 002572 | PC: 00182 | STEP: 0 | IR: jmp 182 | A: 32 | AR: 1 | NZ: 01 | IE: 1 | PENDING: 0 | IN_INTR: 0 | DS: [] | RS: [40] | MEM: - | LATCH: PC,IR.clear | OUT: 'What is your name?\nHello, Ali' | jmp 182
TICK: 002573 | PC: 00182 | STEP: 0 | IR: load 1 | A: 32 | AR: 1 | NZ: 01 | IE: 1 | PENDING: 0 | IN_INTR: 0 | DS: [] | RS: [40] | MEM: - | LATCH: IR | OUT: 'What is your name?\nHello, Ali' | fetch load 1
TICK: 002574 | PC: 00182 | STEP: 1 | IR: load 1 | A: 32 | AR: 1 | NZ: 01 | IE: 1 | PENDING: 0 | IN_INTR: 0 | DS: [] | RS: [40] | MEM: - | LATCH: AR | OUT: 'What is your name?\nHello, Ali' | load.addr 1
TICK: 002575 | PC: 00187 | STEP: 0 | IR: load 1 | A: 32 | AR: 1 | NZ: 01 | IE: 1 | PENDING: 0 | IN_INTR: 0 | DS: [0] | RS: [40] | MEM: read mem[1] | LATCH: DS.push,PC,IR.clear | OUT: 'What is your name?\nHello, Ali' | load.read
TICK: 002576 | PC: 00187 | STEP: 0 | IR: literal 0 | A: 32 | AR: 1 | NZ: 01 | IE: 1 | PENDING: 0 | IN_INTR: 0 | DS: [0] | RS: [40] | MEM: - | LATCH: IR | OUT: 'What is your name?\nHello, Ali' | fetch literal 0
TICK: 002577 | PC: 00192 | STEP: 0 | IR: literal 0 | A: 32 | AR: 1 | NZ: 01 | IE: 1 | PENDING: 0 | IN_INTR: 0 | DS: [0, 0] | RS: [40] | MEM: - | LATCH: DS.push,PC,IR.clear | OUT: 'What is your name?\nHello, Ali' | literal 0
TICK: 002578 | PC: 00192 | STEP: 0 | IR: sub | A: 32 | AR: 1 | NZ: 01 | IE: 1 | PENDING: 0 | IN_INTR: 0 | DS: [0, 0] | RS: [40] | MEM: - | LATCH: IR | OUT: 'What is your name?\nHello, Ali' | fetch sub
TICK: 002579 | PC: 00192 | STEP: 1 | IR: sub | A: 32 | AR: 1 | NZ: 01 | IE: 1 | PENDING: 0 | IN_INTR: 0 | DS: [] | RS: [40] | MEM: - | LATCH: ALU.left,ALU.right | OUT: 'What is your name?\nHello, Ali' | sub.load_operands
TICK: 002580 | PC: 00193 | STEP: 0 | IR: sub | A: 32 | AR: 1 | NZ: 01 | IE: 1 | PENDING: 0 | IN_INTR: 0 | DS: [0] | RS: [40] | MEM: - | LATCH: DS.push(ALU),PC,IR.clear | OUT: 'What is your name?\nHello, Ali' | sub.write_result
TICK: 002581 | PC: 00193 | STEP: 0 | IR: nif 203 | A: 32 | AR: 1 | NZ: 01 | IE: 1 | PENDING: 0 | IN_INTR: 0 | DS: [0] | RS: [40] | MEM: - | LATCH: IR | OUT: 'What is your name?\nHello, Ali' | fetch nif 203
TICK: 002582 | PC: 00193 | STEP: 1 | IR: nif 203 | A: 32 | AR: 1 | NZ: 01 | IE: 1 | PENDING: 0 | IN_INTR: 0 | DS: [] | RS: [40] | MEM: - | LATCH: ALU.left | OUT: 'What is your name?\nHello, Ali' | nif.test
TICK: 002583 | PC: 00198 | STEP: 0 | IR: nif 203 | A: 32 | AR: 1 | NZ: 01 | IE: 1 | PENDING: 0 | IN_INTR: 0 | DS: [] | RS: [40] | MEM: - | LATCH: PC,IR.clear | OUT: 'What is your name?\nHello, Ali' | nif.branch
TICK: 002584 | PC: 00198 | STEP: 0 | IR: jmp 182 | A: 32 | AR: 1 | NZ: 01 | IE: 1 | PENDING: 0 | IN_INTR: 0 | DS: [] | RS: [40] | MEM: - | LATCH: IR | OUT: 'What is your name?\nHello, Ali' | fetch jmp 182
TICK: 002585 | PC: 00182 | STEP: 0 | IR: jmp 182 | A: 32 | AR: 1 | NZ: 01 | IE: 1 | PENDING: 0 | IN_INTR: 0 | DS: [] | RS: [40] | MEM: - | LATCH: PC,IR.clear | OUT: 'What is your name?\nHello, Ali' | jmp 182
TICK: 002586 | PC: 00182 | STEP: 0 | IR: load 1 | A: 32 | AR: 1 | NZ: 01 | IE: 1 | PENDING: 0 | IN_INTR: 0 | DS: [] | RS: [40] | MEM: - | LATCH: IR | OUT: 'What is your name?\nHello, Ali' | fetch load 1
TICK: 002587 | PC: 00182 | STEP: 1 | IR: load 1 | A: 32 | AR: 1 | NZ: 01 | IE: 1 | PENDING: 0 | IN_INTR: 0 | DS: [] | RS: [40] | MEM: - | LATCH: AR | OUT: 'What is your name?\nHello, Ali' | load.addr 1
TICK: 002588 | PC: 00187 | STEP: 0 | IR: load 1 | A: 32 | AR: 1 | NZ: 01 | IE: 1 | PENDING: 0 | IN_INTR: 0 | DS: [0] | RS: [40] | MEM: read mem[1] | LATCH: DS.push,PC,IR.clear | OUT: 'What is your name?\nHello, Ali' | load.read
TICK: 002589 | PC: 00187 | STEP: 0 | IR: literal 0 | A: 32 | AR: 1 | NZ: 01 | IE: 1 | PENDING: 0 | IN_INTR: 0 | DS: [0] | RS: [40] | MEM: - | LATCH: IR | OUT: 'What is your name?\nHello, Ali' | fetch literal 0
TICK: 002590 | PC: 00192 | STEP: 0 | IR: literal 0 | A: 32 | AR: 1 | NZ: 01 | IE: 1 | PENDING: 0 | IN_INTR: 0 | DS: [0, 0] | RS: [40] | MEM: - | LATCH: DS.push,PC,IR.clear | OUT: 'What is your name?\nHello, Ali' | literal 0
TICK: 002591 | PC: 00192 | STEP: 0 | IR: sub | A: 32 | AR: 1 | NZ: 01 | IE: 1 | PENDING: 0 | IN_INTR: 0 | DS: [0, 0] | RS: [40] | MEM: - | LATCH: IR | OUT: 'What is your name?\nHello, Ali' | fetch sub
TICK: 002592 | PC: 00192 | STEP: 1 | IR: sub | A: 32 | AR: 1 | NZ: 01 | IE: 1 | PENDING: 0 | IN_INTR: 0 | DS: [] | RS: [40] | MEM: - | LATCH: ALU.left,ALU.right | OUT: 'What is your name?\nHello, Ali' | sub.load_operands
TICK: 002593 | PC: 00193 | STEP: 0 | IR: sub | A: 32 | AR: 1 | NZ: 01 | IE: 1 | PENDING: 0 | IN_INTR: 0 | DS: [0] | RS: [40] | MEM: - | LATCH: DS.push(ALU),PC,IR.clear | OUT: 'What is your name?\nHello, Ali' | sub.write_result
TICK: 002594 | PC: 00193 | STEP: 0 | IR: nif 203 | A: 32 | AR: 1 | NZ: 01 | IE: 1 | PENDING: 0 | IN_INTR: 0 | DS: [0] | RS: [40] | MEM: - | LATCH: IR | OUT: 'What is your name?\nHello, Ali' | fetch nif 203
TICK: 002595 | PC: 00193 | STEP: 1 | IR: nif 203 | A: 32 | AR: 1 | NZ: 01 | IE: 1 | PENDING: 0 | IN_INTR: 0 | DS: [] | RS: [40] | MEM: - | LATCH: ALU.left | OUT: 'What is your name?\nHello, Ali' | nif.test
TICK: 002596 | PC: 00198 | STEP: 0 | IR: nif 203 | A: 32 | AR: 1 | NZ: 01 | IE: 1 | PENDING: 0 | IN_INTR: 0 | DS: [] | RS: [40] | MEM: - | LATCH: PC,IR.clear | OUT: 'What is your name?\nHello, Ali' | nif.branch
TICK: 002597 | PC: 00198 | STEP: 0 | IR: jmp 182 | A: 32 | AR: 1 | NZ: 01 | IE: 1 | PENDING: 0 | IN_INTR: 0 | DS: [] | RS: [40] | MEM: - | LATCH: IR | OUT: 'What is your name?\nHello, Ali' | fetch jmp 182
TICK: 002598 | PC: 00182 | STEP: 0 | IR: jmp 182 | A: 32 | AR: 1 | NZ: 01 | IE: 1 | PENDING: 0 | IN_INTR: 0 | DS: [] | RS: [40] | MEM: - | LATCH: PC,IR.clear | OUT: 'What is your name?\nHello, Ali' | jmp 182
TICK: 002599 | PC: 00182 | STEP: 0 | IR: load 1 | A: 32 | AR: 1 | NZ: 01 | IE: 1 | PENDING: 0 | IN_INTR: 0 | DS: [] | RS: [40] | MEM: - | LATCH: IR | OUT: 'What is your name?\nHello, Ali' | fetch load 1
TICK: 002600 | PC: 00182 | STEP: 1 | IR: load 1 | A: 32 | AR: 1 | NZ: 01 | IE: 1 | PENDING: 0 | IN_INTR: 0 | DS: [] | RS: [40] | MEM: - | LATCH: AR | OUT: 'What is your name?\nHello, Ali' | load.addr 1
TICK: 002601 | PC: 00187 | STEP: 0 | IR: load 1 | A: 32 | AR: 1 | NZ: 01 | IE: 1 | PENDING: 0 | IN_INTR: 0 | DS: [0] | RS: [40] | MEM: read mem[1] | LATCH: DS.push,PC,IR.clear | OUT: 'What is your name?\nHello, Ali' | load.read
TICK: 002602 | PC: 00187 | STEP: 0 | IR: ---- | A: 32 | AR: 1 | NZ: 01 | IE: 0 | PENDING: 0 | IN_INTR: 1 | DS: [0] | RS: [40, 187] | MEM: - | LATCH: IN_PORT,RS.push(PC) | OUT: 'What is your name?\nHello, Ali' | INT ENTRY: push PC
TICK: 002603 | PC: 00187 | STEP: 0 | IR: ---- | A: 32 | AR: 1 | NZ: 01 | IE: 0 | PENDING: 0 | IN_INTR: 1 | DS: [0] | RS: [40, 187, 1] | MEM: - | LATCH: RS.push(SR) | OUT: 'What is your name?\nHello, Ali' | INT ENTRY: push SR
TICK: 002604 | PC: 00187 | STEP: 0 | IR: ---- | A: 32 | AR: 1 | NZ: 01 | IE: 0 | PENDING: 0 | IN_INTR: 1 | DS: [0] | RS: [40, 187, 1, 32] | MEM: - | LATCH: RS.push(A) | OUT: 'What is your name?\nHello, Ali' | INT ENTRY: push A
TICK: 002605 | PC: 00187 | STEP: 0 | IR: ---- | A: 32 | AR: 0 | NZ: 01 | IE: 0 | PENDING: 0 | IN_INTR: 1 | DS: [0] | RS: [40, 187, 1, 32] | MEM: - | LATCH: AR | OUT: 'What is your name?\nHello, Ali' | INT ENTRY: AR <- 0
TICK: 002606 | PC: 00187 | STEP: 0 | IR: ---- | A: 32 | AR: 0 | NZ: 01 | IE: 0 | PENDING: 0 | IN_INTR: 1 | DS: [0, 41] | RS: [40, 187, 1, 32] | MEM: read mem[0] | LATCH: DS.push(vector) | OUT: 'What is your name?\nHello, Ali' | INT ENTRY: read vector
TICK: 002607 | PC: 00041 | STEP: 0 | IR: ---- | A: 32 | AR: 0 | NZ: 01 | IE: 0 | PENDING: 0 | IN_INTR: 1 | DS: [0] | RS: [40, 187, 1, 32] | MEM: - | LATCH: PC | OUT: 'What is your name?\nHello, Ali' | INT ENTRY: PC <- vector
TICK: 002608 | PC: 00041 | STEP: 0 | IR: load 31998 | A: 32 | AR: 0 | NZ: 01 | IE: 0 | PENDING: 0 | IN_INTR: 1 | DS: [0] | RS: [40, 187, 1, 32] | MEM: - | LATCH: IR | OUT: 'What is your name?\nHello, Ali' | fetch load 31998
TICK: 002609 | PC: 00041 | STEP: 1 | IR: load 31998 | A: 32 | AR: 31998 | NZ: 01 | IE: 0 | PENDING: 0 | IN_INTR: 1 | DS: [0] | RS: [40, 187, 1, 32] | MEM: - | LATCH: AR | OUT: 'What is your name?\nHello, Ali' | load.addr 31998
TICK: 002610 | PC: 00046 | STEP: 0 | IR: load 31998 | A: 32 | AR: 31998 | NZ: 01 | IE: 0 | PENDING: 0 | IN_INTR: 1 | DS: [0, 99] | RS: [40, 187, 1, 32] | MEM: read mem[31998] | LATCH: DS.push,PC,IR.clear | OUT: 'What is your name?\nHello, Ali' | load.read
TICK: 002611 | PC: 00046 | STEP: 0 | IR: dup | A: 32 | AR: 31998 | NZ: 01 | IE: 0 | PENDING: 0 | IN_INTR: 1 | DS: [0, 99] | RS: [40, 187, 1, 32] | MEM: - | LATCH: IR | OUT: 'What is your name?\nHello, Ali' | fetch dup
TICK: 002612 | PC: 00047 | STEP: 0 | IR: dup | A: 32 | AR: 31998 | NZ: 01 | IE: 0 | PENDING: 0 | IN_INTR: 1 | DS: [0, 99, 99] | RS: [40, 187, 1, 32] | MEM: - | LATCH: DS.dup,PC,IR.clear | OUT: 'What is your name?\nHello, Ali' | dup
TICK: 002613 | PC: 00047 | STEP: 0 | IR: store 3 | A: 32 | AR: 31998 | NZ: 01 | IE: 0 | PENDING: 0 | IN_INTR: 1 | DS: [0, 99, 99] | RS: [40, 187, 1, 32] | MEM: - | LATCH: IR | OUT: 'What is your name?\nHello, Ali' | fetch store 3
TICK: 002614 | PC: 00047 | STEP: 1 | IR: store 3 | A: 32 | AR: 3 | NZ: 01 | IE: 0 | PENDING: 0 | IN_INTR: 1 | DS: [0, 99, 99] | RS: [40, 187, 1, 32] | MEM: - | LATCH: AR | OUT: 'What is your name?\nHello, Ali' | store.addr 3
TICK: 002615 | PC: 00052 | STEP: 0 | IR: store 3 | A: 32 | AR: 3 | NZ: 01 | IE: 0 | PENDING: 0 | IN_INTR: 1 | DS: [0, 99] | RS: [40, 187, 1, 32] | MEM: write mem[3] <- 99 | LATCH: MEM,PC,IR.clear | OUT: 'What is your name?\nHello, Ali' | store.write
TICK: 002616 | PC: 00052 | STEP: 0 | IR: drop | A: 32 | AR: 3 | NZ: 01 | IE: 0 | PENDING: 0 | IN_INTR: 1 | DS: [0, 99] | RS: [40, 187, 1, 32] | MEM: - | LATCH: IR | OUT: 'What is your name?\nHello, Ali' | fetch drop
TICK: 002617 | PC: 00053 | STEP: 0 | IR: drop | A: 32 | AR: 3 | NZ: 01 | IE: 0 | PENDING: 0 | IN_INTR: 1 | DS: [0] | RS: [40, 187, 1, 32] | MEM: - | LATCH: PC,IR.clear | OUT: 'What is your name?\nHello, Ali' | drop
TICK: 002618 | PC: 00053 | STEP: 0 | IR: literal 1 | A: 32 | AR: 3 | NZ: 01 | IE: 0 | PENDING: 0 | IN_INTR: 1 | DS: [0] | RS: [40, 187, 1, 32] | MEM: - | LATCH: IR | OUT: 'What is your name?\nHello, Ali' | fetch literal 1
TICK: 002619 | PC: 00058 | STEP: 0 | IR: literal 1 | A: 32 | AR: 3 | NZ: 01 | IE: 0 | PENDING: 0 | IN_INTR: 1 | DS: [0, 1] | RS: [40, 187, 1, 32] | MEM: - | LATCH: DS.push,PC,IR.clear | OUT: 'What is your name?\nHello, Ali' | literal 1
TICK: 002620 | PC: 00058 | STEP: 0 | IR: dup | A: 32 | AR: 3 | NZ: 01 | IE: 0 | PENDING: 0 | IN_INTR: 1 | DS: [0, 1] | RS: [40, 187, 1, 32] | MEM: - | LATCH: IR | OUT: 'What is your name?\nHello, Ali' | fetch dup
TICK: 002621 | PC: 00059 | STEP: 0 | IR: dup | A: 32 | AR: 3 | NZ: 01 | IE: 0 | PENDING: 0 | IN_INTR: 1 | DS: [0, 1, 1] | RS: [40, 187, 1, 32] | MEM: - | LATCH: DS.dup,PC,IR.clear | OUT: 'What is your name?\nHello, Ali' | dup
TICK: 002622 | PC: 00059 | STEP: 0 | IR: store 1 | A: 32 | AR: 3 | NZ: 01 | IE: 0 | PENDING: 0 | IN_INTR: 1 | DS: [0, 1, 1] | RS: [40, 187, 1, 32] | MEM: - | LATCH: IR | OUT: 'What is your name?\nHello, Ali' | fetch store 1
TICK: 002623 | PC: 00059 | STEP: 1 | IR: store 1 | A: 32 | AR: 1 | NZ: 01 | IE: 0 | PENDING: 0 | IN_INTR: 1 | DS: [0, 1, 1] | RS: [40, 187, 1, 32] | MEM: - | LATCH: AR | OUT: 'What is your name?\nHello, Ali' | store.addr 1
TICK: 002624 | PC: 00064 | STEP: 0 | IR: store 1 | A: 32 | AR: 1 | NZ: 01 | IE: 0 | PENDING: 0 | IN_INTR: 1 | DS: [0, 1] | RS: [40, 187, 1, 32] | MEM: write mem[1] <- 1 | LATCH: MEM,PC,IR.clear | OUT: 'What is your name?\nHello, Ali' | store.write
TICK: 002625 | PC: 00064 | STEP: 0 | IR: drop | A: 32 | AR: 1 | NZ: 01 | IE: 0 | PENDING: 0 | IN_INTR: 1 | DS: [0, 1] | RS: [40, 187, 1, 32] | MEM: - | LATCH: IR | OUT: 'What is your name?\nHello, Ali' | fetch drop
TICK: 002626 | PC: 00065 | STEP: 0 | IR: drop | A: 32 | AR: 1 | NZ: 01 | IE: 0 | PENDING: 0 | IN_INTR: 1 | DS: [0] | RS: [40, 187, 1, 32] | MEM: - | LATCH: PC,IR.clear | OUT: 'What is your name?\nHello, Ali' | drop
TICK: 002627 | PC: 00065 | STEP: 0 | IR: load 3 | A: 32 | AR: 1 | NZ: 01 | IE: 0 | PENDING: 0 | IN_INTR: 1 | DS: [0] | RS: [40, 187, 1, 32] | MEM: - | LATCH: IR | OUT: 'What is your name?\nHello, Ali' | fetch load 3
TICK: 002628 | PC: 00065 | STEP: 1 | IR: load 3 | A: 32 | AR: 3 | NZ: 01 | IE: 0 | PENDING: 0 | IN_INTR: 1 | DS: [0] | RS: [40, 187, 1, 32] | MEM: - | LATCH: AR | OUT: 'What is your name?\nHello, Ali' | load.addr 3
TICK: 002629 | PC: 00070 | STEP: 0 | IR: load 3 | A: 32 | AR: 3 | NZ: 01 | IE: 0 | PENDING: 0 | IN_INTR: 1 | DS: [0, 99] | RS: [40, 187, 1, 32] | MEM: read mem[3] | LATCH: DS.push,PC,IR.clear | OUT: 'What is your name?\nHello, Ali' | load.read
TICK: 002630 | PC: 00070 | STEP: 0 | IR: literal 10 | A: 32 | AR: 3 | NZ: 01 | IE: 0 | PENDING: 0 | IN_INTR: 1 | DS: [0, 99] | RS: [40, 187, 1, 32] | MEM: - | LATCH: IR | OUT: 'What is your name?\nHello, Ali' | fetch literal 10
TICK: 002631 | PC: 00075 | STEP: 0 | IR: literal 10 | A: 32 | AR: 3 | NZ: 01 | IE: 0 | PENDING: 0 | IN_INTR: 1 | DS: [0, 99, 10] | RS: [40, 187, 1, 32] | MEM: - | LATCH: DS.push,PC,IR.clear | OUT: 'What is your name?\nHello, Ali' | literal 10
TICK: 002632 | PC: 00075 | STEP: 0 | IR: sub | A: 32 | AR: 3 | NZ: 01 | IE: 0 | PENDING: 0 | IN_INTR: 1 | DS: [0, 99, 10] | RS: [40, 187, 1, 32] | MEM: - | LATCH: IR | OUT: 'What is your name?\nHello, Ali' | fetch sub
TICK: 002633 | PC: 00075 | STEP: 1 | IR: sub | A: 32 | AR: 3 | NZ: 01 | IE: 0 | PENDING: 0 | IN_INTR: 1 | DS: [0] | RS: [40, 187, 1, 32] | MEM: - | LATCH: ALU.left,ALU.right | OUT: 'What is your name?\nHello, Ali' | sub.load_operands
TICK: 002634 | PC: 00076 | STEP: 0 | IR: sub | A: 32 | AR: 3 | NZ: 00 | IE: 0 | PENDING: 0 | IN_INTR: 1 | DS: [0, 89] | RS: [40, 187, 1, 32] | MEM: - | LATCH: DS.push(ALU),PC,IR.clear | OUT: 'What is your name?\nHello, Ali' | sub.write_result
TICK: 002635 | PC: 00076 | STEP: 0 | IR: nif 93 | A: 32 | AR: 3 | NZ: 00 | IE: 0 | PENDING: 0 | IN_INTR: 1 | DS: [0, 89] | RS: [40, 187, 1, 32] | MEM: - | LATCH: IR | OUT: 'What is your name?\nHello, Ali' | fetch nif 93
TICK: 002636 | PC: 00076 | STEP: 1 | IR: nif 93 | A: 32 | AR: 3 | NZ: 00 | IE: 0 | PENDING: 0 | IN_INTR: 1 | DS: [0] | RS: [40, 187, 1, 32] | MEM: - | LATCH: ALU.left | OUT: 'What is your name?\nHello, Ali' | nif.test
TICK: 002637 | PC: 00093 | STEP: 0 | IR: nif 93 | A: 32 | AR: 3 | NZ: 00 | IE: 0 | PENDING: 0 | IN_INTR: 1 | DS: [0] | RS: [40, 187, 1, 32] | MEM: - | LATCH: PC,IR.clear | OUT: 'What is your name?\nHello, Ali' | nif.branch
TICK: 002638 | PC: 00093 | STEP: 0 | IR: iret | A: 32 | AR: 3 | NZ: 00 | IE: 0 | PENDING: 0 | IN_INTR: 1 | DS: [0] | RS: [40, 187, 1, 32] | MEM: - | LATCH: IR | OUT: 'What is your name?\nHello, Ali' | fetch iret
TICK: 002639 | PC: 00093 | STEP: 1 | IR: iret | A: 32 | AR: 3 | NZ: 00 | IE: 0 | PENDING: 0 | IN_INTR: 1 | DS: [0] | RS: [40, 187, 1] | MEM: - | LATCH: A | OUT: 'What is your name?\nHello, Ali' | iret.restore_a
TICK: 002640 | PC: 00093 | STEP: 2 | IR: iret | A: 32 | AR: 3 | NZ: 01 | IE: 0 | PENDING: 0 | IN_INTR: 1 | DS: [0] | RS: [40, 187] | MEM: - | LATCH: NZ | OUT: 'What is your name?\nHello, Ali' | iret.restore_status
TICK: 002641 | PC: 00187 | STEP: 0 | IR: iret | A: 32 | AR: 3 | NZ: 01 | IE: 1 | PENDING: 0 | IN_INTR: 0 | DS: [0] | RS: [40] | MEM: - | LATCH: PC,IR.clear,IE,IN_INTR | OUT: 'What is your name?\nHello, Ali' | iret.restore_pc
TICK: 002642 | PC: 00187 | STEP: 0 | IR: literal 0 | A: 32 | AR: 3 | NZ: 01 | IE: 1 | PENDING: 0 | IN_INTR: 0 | DS: [0] | RS: [40] | MEM: - | LATCH: IR | OUT: 'What is your name?\nHello, Ali' | fetch literal 0
TICK: 002643 | PC: 00192 | STEP: 0 | IR: literal 0 | A: 32 | AR: 3 | NZ: 01 | IE: 1 | PENDING: 0 | IN_INTR: 0 | DS: [0, 0] | RS: [40] | MEM: - | LATCH: DS.push,PC,IR.clear | OUT: 'What is your name?\nHello, Ali' | literal 0
TICK: 002644 | PC: 00192 | STEP: 0 | IR: sub | A: 32 | AR: 3 | NZ: 01 | IE: 1 | PENDING: 0 | IN_INTR: 0 | DS: [0, 0] | RS: [40] | MEM: - | LATCH: IR | OUT: 'What is your name?\nHello, Ali' | fetch sub
TICK: 002645 | PC: 00192 | STEP: 1 | IR: sub | A: 32 | AR: 3 | NZ: 01 | IE: 1 | PENDING: 0 | IN_INTR: 0 | DS: [] | RS: [40] | MEM: - | LATCH: ALU.left,ALU.right | OUT: 'What is your name?\nHello, Ali' | sub.load_operands
TICK: 002646 | PC: 00193 | STEP: 0 | IR: sub | A: 32 | AR: 3 | NZ: 01 | IE: 1 | PENDING: 0 | IN_INTR: 0 | DS: [0] | RS: [40] | MEM: - | LATCH: DS.push(ALU),PC,IR.clear | OUT: 'What is your name?\nHello, Ali' | sub.write_result
TICK: 002647 | PC: 00193 | STEP: 0 | IR: nif 203 | A: 32 | AR: 3 | NZ: 01 | IE: 1 | PENDING: 0 | IN_INTR: 0 | DS: [0] | RS: [40] | MEM: - | LATCH: IR | OUT: 'What is your name?\nHello, Ali' | fetch nif 203
TICK: 002648 | PC: 00193 | STEP: 1 | IR: nif 203 | A: 32 | AR: 3 | NZ: 01 | IE: 1 | PENDING: 0 | IN_INTR: 0 | DS: [] | RS: [40] | MEM: - | LATCH: ALU.left | OUT: 'What is your name?\nHello, Ali' | nif.test
TICK: 002649 | PC: 00198 | STEP: 0 | IR: nif 203 | A: 32 | AR: 3 | NZ: 01 | IE: 1 | PENDING: 0 | IN_INTR: 0 | DS: [] | RS: [40] | MEM: - | LATCH: PC,IR.clear | OUT: 'What is your name?\nHello, Ali' | nif.branch
TICK: 002650 | PC: 00198 | STEP: 0 | IR: jmp 182 | A: 32 | AR: 3 | NZ: 01 | IE: 1 | PENDING: 0 | IN_INTR: 0 | DS: [] | RS: [40] | MEM: - | LATCH: IR | OUT: 'What is your name?\nHello, Ali' | fetch jmp 182
TICK: 002651 | PC: 00182 | STEP: 0 | IR: jmp 182 | A: 32 | AR: 3 | NZ: 01 | IE: 1 | PENDING: 0 | IN_INTR: 0 | DS: [] | RS: [40] | MEM: - | LATCH: PC,IR.clear | OUT: 'What is your name?\nHello, Ali' | jmp 182
TICK: 002652 | PC: 00182 | STEP: 0 | IR: load 1 | A: 32 | AR: 3 | NZ: 01 | IE: 1 | PENDING: 0 | IN_INTR: 0 | DS: [] | RS: [40] | MEM: - | LATCH: IR | OUT: 'What is your name?\nHello, Ali' | fetch load 1
TICK: 002653 | PC: 00182 | STEP: 1 | IR: load 1 | A: 32 | AR: 1 | NZ: 01 | IE: 1 | PENDING: 0 | IN_INTR: 0 | DS: [] | RS: [40] | MEM: - | LATCH: AR | OUT: 'What is your name?\nHello, Ali' | load.addr 1
TICK: 002654 | PC: 00187 | STEP: 0 | IR: load 1 | A: 32 | AR: 1 | NZ: 01 | IE: 1 | PENDING: 0 | IN_INTR: 0 | DS: [1] | RS: [40] | MEM: read mem[1] | LATCH: DS.push,PC,IR.clear | OUT: 'What is your name?\nHello, Ali' | load.read
TICK: 002655 | PC: 00187 | STEP: 0 | IR: literal 0 | A: 32 | AR: 1 | NZ: 01 | IE: 1 | PENDING: 0 | IN_INTR: 0 | DS: [1] | RS: [40] | MEM: - | LATCH: IR | OUT: 'What is your name?\nHello, Ali' | fetch literal 0
TICK: 002656 | PC: 00192 | STEP: 0 | IR: literal 0 | A: 32 | AR: 1 | NZ: 01 | IE: 1 | PENDING: 0 | IN_INTR: 0 | DS: [1, 0] | RS: [40] | MEM: - | LATCH: DS.push,PC,IR.clear | OUT: 'What is your name?\nHello, Ali' | literal 0
TICK: 002657 | PC: 00192 | STEP: 0 | IR: sub | A: 32 | AR: 1 | NZ: 01 | IE: 1 | PENDING: 0 | IN_INTR: 0 | DS: [1, 0] | RS: [40] | MEM: - | LATCH: IR | OUT: 'What is your name?\nHello, Ali' | fetch sub
TICK: 002658 | PC: 00192 | STEP: 1 | IR: sub | A: 32 | AR: 1 | NZ: 01 | IE: 1 | PENDING: 0 | IN_INTR: 0 | DS: [] | RS: [40] | MEM: - | LATCH: ALU.left,ALU.right | OUT: 'What is your name?\nHello, Ali' | sub.load_operands
TICK: 002659 | PC: 00193 | STEP: 0 | IR: sub | A: 32 | AR: 1 | NZ: 00 | IE: 1 | PENDING: 0 | IN_INTR: 0 | DS: [1] | RS: [40] | MEM: - | LATCH: DS.push(ALU),PC,IR.clear | OUT: 'What is your name?\nHello, Ali' | sub.write_result
TICK: 002660 | PC: 00193 | STEP: 0 | IR: nif 203 | A: 32 | AR: 1 | NZ: 00 | IE: 1 | PENDING: 0 | IN_INTR: 0 | DS: [1] | RS: [40] | MEM: - | LATCH: IR | OUT: 'What is your name?\nHello, Ali' | fetch nif 203
TICK: 002661 | PC: 00193 | STEP: 1 | IR: nif 203 | A: 32 | AR: 1 | NZ: 00 | IE: 1 | PENDING: 0 | IN_INTR: 0 | DS: [] | RS: [40] | MEM: - | LATCH: ALU.left | OUT: 'What is your name?\nHello, Ali' | nif.test
TICK: 002662 | PC: 00203 | STEP: 0 | IR: nif 203 | A: 32 | AR: 1 | NZ: 00 | IE: 1 | PENDING: 0 | IN_INTR: 0 | DS: [] | RS: [40] | MEM: - | LATCH: PC,IR.clear | OUT: 'What is your name?\nHello, Ali' | nif.branch
TICK: 002663 | PC: 00203 | STEP: 0 | IR: load 2 | A: 32 | AR: 1 | NZ: 00 | IE: 1 | PENDING: 0 | IN_INTR: 0 | DS: [] | RS: [40] | MEM: - | LATCH: IR | OUT: 'What is your name?\nHello, Ali' | fetch load 2
TICK: 002664 | PC: 00203 | STEP: 1 | IR: load 2 | A: 32 | AR: 2 | NZ: 00 | IE: 1 | PENDING: 0 | IN_INTR: 0 | DS: [] | RS: [40] | MEM: - | LATCH: AR | OUT: 'What is your name?\nHello, Ali' | load.addr 2
TICK: 002665 | PC: 00208 | STEP: 0 | IR: load 2 | A: 32 | AR: 2 | NZ: 00 | IE: 1 | PENDING: 0 | IN_INTR: 0 | DS: [0] | RS: [40] | MEM: read mem[2] | LATCH: DS.push,PC,IR.clear | OUT: 'What is your name?\nHello, Ali' | load.read
TICK: 002666 | PC: 00208 | STEP: 0 | IR: literal 0 | A: 32 | AR: 2 | NZ: 00 | IE: 1 | PENDING: 0 | IN_INTR: 0 | DS: [0] | RS: [40] | MEM: - | LATCH: IR | OUT: 'What is your name?\nHello, Ali' | fetch literal 0
TICK: 002667 | PC: 00213 | STEP: 0 | IR: literal 0 | A: 32 | AR: 2 | NZ: 00 | IE: 1 | PENDING: 0 | IN_INTR: 0 | DS: [0, 0] | RS: [40] | MEM: - | LATCH: DS.push,PC,IR.clear | OUT: 'What is your name?\nHello, Ali' | literal 0
TICK: 002668 | PC: 00213 | STEP: 0 | IR: sub | A: 32 | AR: 2 | NZ: 00 | IE: 1 | PENDING: 0 | IN_INTR: 0 | DS: [0, 0] | RS: [40] | MEM: - | LATCH: IR | OUT: 'What is your name?\nHello, Ali' | fetch sub
TICK: 002669 | PC: 00213 | STEP: 1 | IR: sub | A: 32 | AR: 2 | NZ: 00 | IE: 1 | PENDING: 0 | IN_INTR: 0 | DS: [] | RS: [40] | MEM: - | LATCH: ALU.left,ALU.right | OUT: 'What is your name?\nHello, Ali' | sub.load_operands
TICK: 002670 | PC: 00214 | STEP: 0 | IR: sub | A: 32 | AR: 2 | NZ: 01 | IE: 1 | PENDING: 0 | IN_INTR: 0 | DS: [0] | RS: [40] | MEM: - | LATCH: DS.push(ALU),PC,IR.clear | OUT: 'What is your name?\nHello, Ali' | sub.write_result
TICK: 002671 | PC: 00214 | STEP: 0 | IR: nif 247 | A: 32 | AR: 2 | NZ: 01 | IE: 1 | PENDING: 0 | IN_INTR: 0 | DS: [0] | RS: [40] | MEM: - | LATCH: IR | OUT: 'What is your name?\nHello, Ali' | fetch nif 247
TICK: 002672 | PC: 00214 | STEP: 1 | IR: nif 247 | A: 32 | AR: 2 | NZ: 01 | IE: 1 | PENDING: 0 | IN_INTR: 0 | DS: [] | RS: [40] | MEM: - | LATCH: ALU.left | OUT: 'What is your name?\nHello, Ali' | nif.test
TICK: 002673 | PC: 00219 | STEP: 0 | IR: nif 247 | A: 32 | AR: 2 | NZ: 01 | IE: 1 | PENDING: 0 | IN_INTR: 0 | DS: [] | RS: [40] | MEM: - | LATCH: PC,IR.clear | OUT: 'What is your name?\nHello, Ali' | nif.branch
TICK: 002674 | PC: 00219 | STEP: 0 | IR: load 3 | A: 32 | AR: 2 | NZ: 01 | IE: 1 | PENDING: 0 | IN_INTR: 0 | DS: [] | RS: [40] | MEM: - | LATCH: IR | OUT: 'What is your name?\nHello, Ali' | fetch load 3
TICK: 002675 | PC: 00219 | STEP: 1 | IR: load 3 | A: 32 | AR: 3 | NZ: 01 | IE: 1 | PENDING: 0 | IN_INTR: 0 | DS: [] | RS: [40] | MEM: - | LATCH: AR | OUT: 'What is your name?\nHello, Ali' | load.addr 3
TICK: 002676 | PC: 00224 | STEP: 0 | IR: load 3 | A: 32 | AR: 3 | NZ: 01 | IE: 1 | PENDING: 0 | IN_INTR: 0 | DS: [99] | RS: [40] | MEM: read mem[3] | LATCH: DS.push,PC,IR.clear | OUT: 'What is your name?\nHello, Ali' | load.read
TICK: 002677 | PC: 00224 | STEP: 0 | IR: store 31999 | A: 32 | AR: 3 | NZ: 01 | IE: 1 | PENDING: 0 | IN_INTR: 0 | DS: [99] | RS: [40] | MEM: - | LATCH: IR | OUT: 'What is your name?\nHello, Ali' | fetch store 31999
TICK: 002678 | PC: 00224 | STEP: 1 | IR: store 31999 | A: 32 | AR: 31999 | NZ: 01 | IE: 1 | PENDING: 0 | IN_INTR: 0 | DS: [99] | RS: [40] | MEM: - | LATCH: AR | OUT: 'What is your name?\nHello, Ali' | store.addr 31999
TICK: 002679 | PC: 00229 | STEP: 0 | IR: store 31999 | A: 32 | AR: 31999 | NZ: 01 | IE: 1 | PENDING: 0 | IN_INTR: 0 | DS: [] | RS: [40] | MEM: write mem[31999] <- 99 | LATCH: OUT,PC,IR.clear | OUT: 'What is your name?\nHello, Alic' | store.write
TICK: 002680 | PC: 00229 | STEP: 0 | IR: literal 0 | A: 32 | AR: 31999 | NZ: 01 | IE: 1 | PENDING: 0 | IN_INTR: 0 | DS: [] | RS: [40] | MEM: - | LATCH: IR | OUT: 'What is your name?\nHello, Alic' | fetch literal 0
TICK: 002681 | PC: 00234 | STEP: 0 | IR: literal 0 | A: 32 | AR: 31999 | NZ: 01 | IE: 1 | PENDING: 0 | IN_INTR: 0 | DS: [0] | RS: [40] | MEM: - | LATCH: DS.push,PC,IR.clear | OUT: 'What is your name?\nHello, Alic' | literal 0
TICK: 002682 | PC: 00234 | STEP: 0 | IR: drop | A: 32 | AR: 31999 | NZ: 01 | IE: 1 | PENDING: 0 | IN_INTR: 0 | DS: [0] | RS: [40] | MEM: - | LATCH: IR | OUT: 'What is your name?\nHello, Alic' | fetch drop
TICK: 002683 | PC: 00235 | STEP: 0 | IR: drop | A: 32 | AR: 31999 | NZ: 01 | IE: 1 | PENDING: 0 | IN_INTR: 0 | DS: [] | RS: [40] | MEM: - | LATCH: PC,IR.clear | OUT: 'What is your name?\nHello, Alic' | drop
TICK: 002684 | PC: 00235 | STEP: 0 | IR: literal 0 | A: 32 | AR: 31999 | NZ: 01 | IE: 1 | PENDING: 0 | IN_INTR: 0 | DS: [] | RS: [40] | MEM: - | LATCH: IR | OUT: 'What is your name?\nHello, Alic' | fetch literal 0
TICK: 002685 | PC: 00240 | STEP: 0 | IR: literal 0 | A: 32 | AR: 31999 | NZ: 01 | IE: 1 | PENDING: 0 | IN_INTR: 0 | DS: [0] | RS: [40] | MEM: - | LATCH: DS.push,PC,IR.clear | OUT: 'What is your name?\nHello, Alic' | literal 0
TICK: 002686 | PC: 00240 | STEP: 0 | IR: dup | A: 32 | AR: 31999 | NZ: 01 | IE: 1 | PENDING: 0 | IN_INTR: 0 | DS: [0] | RS: [40] | MEM: - | LATCH: IR | OUT: 'What is your name?\nHello, Alic' | fetch dup
TICK: 002687 | PC: 00241 | STEP: 0 | IR: dup | A: 32 | AR: 31999 | NZ: 01 | IE: 1 | PENDING: 0 | IN_INTR: 0 | DS: [0, 0] | RS: [40] | MEM: - | LATCH: DS.dup,PC,IR.clear | OUT: 'What is your name?\nHello, Alic' | dup
TICK: 002688 | PC: 00241 | STEP: 0 | IR: store 1 | A: 32 | AR: 31999 | NZ: 01 | IE: 1 | PENDING: 0 | IN_INTR: 0 | DS: [0, 0] | RS: [40] | MEM: - | LATCH: IR | OUT: 'What is your name?\nHello, Alic' | fetch store 1
TICK: 002689 | PC: 00241 | STEP: 1 | IR: store 1 | A: 32 | AR: 1 | NZ: 01 | IE: 1 | PENDING: 0 | IN_INTR: 0 | DS: [0, 0] | RS: [40] | MEM: - | LATCH: AR | OUT: 'What is your name?\nHello, Alic' | store.addr 1
TICK: 002690 | PC: 00246 | STEP: 0 | IR: store 1 | A: 32 | AR: 1 | NZ: 01 | IE: 1 | PENDING: 0 | IN_INTR: 0 | DS: [0] | RS: [40] | MEM: write mem[1] <- 0 | LATCH: MEM,PC,IR.clear | OUT: 'What is your name?\nHello, Alic' | store.write
TICK: 002691 | PC: 00246 | STEP: 0 | IR: drop | A: 32 | AR: 1 | NZ: 01 | IE: 1 | PENDING: 0 | IN_INTR: 0 | DS: [0] | RS: [40] | MEM: - | LATCH: IR | OUT: 'What is your name?\nHello, Alic' | fetch drop
TICK: 002692 | PC: 00247 | STEP: 0 | IR: drop | A: 32 | AR: 1 | NZ: 01 | IE: 1 | PENDING: 0 | IN_INTR: 0 | DS: [] | RS: [40] | MEM: - | LATCH: PC,IR.clear | OUT: 'What is your name?\nHello, Alic' | drop
TICK: 002693 | PC: 00247 | STEP: 0 | IR: jmp 166 | A: 32 | AR: 1 | NZ: 01 | IE: 1 | PENDING: 0 | IN_INTR: 0 | DS: [] | RS: [40] | MEM: - | LATCH: IR | OUT: 'What is your name?\nHello, Alic' | fetch jmp 166
TICK: 002694 | PC: 00166 | STEP: 0 | IR: jmp 166 | A: 32 | AR: 1 | NZ: 01 | IE: 1 | PENDING: 0 | IN_INTR: 0 | DS: [] | RS: [40] | MEM: - | LATCH: PC,IR.clear | OUT: 'What is your name?\nHello, Alic' | jmp 166
TICK: 002695 | PC: 00166 | STEP: 0 | IR: load 2 | A: 32 | AR: 1 | NZ: 01 | IE: 1 | PENDING: 0 | IN_INTR: 0 | DS: [] | RS: [40] | MEM: - | LATCH: IR | OUT: 'What is your name?\nHello, Alic' | fetch load 2
TICK: 002696 | PC: 00166 | STEP: 1 | IR: load 2 | A: 32 | AR: 2 | NZ: 01 | IE: 1 | PENDING: 0 | IN_INTR: 0 | DS: [] | RS: [40] | MEM: - | LATCH: AR | OUT: 'What is your name?\nHello, Alic' | load.addr 2
TICK: 002697 | PC: 00171 | STEP: 0 | IR: load 2 | A: 32 | AR: 2 | NZ: 01 | IE: 1 | PENDING: 0 | IN_INTR: 0 | DS: [0] | RS: [40] | MEM: read mem[2] | LATCH: DS.push,PC,IR.clear | OUT: 'What is your name?\nHello, Alic' | load.read
TICK: 002698 | PC: 00171 | STEP: 0 | IR: literal 0 | A: 32 | AR: 2 | NZ: 01 | IE: 1 | PENDING: 0 | IN_INTR: 0 | DS: [0] | RS: [40] | MEM: - | LATCH: IR | OUT: 'What is your name?\nHello, Alic' | fetch literal 0
TICK: 002699 | PC: 00176 | STEP: 0 | IR: literal 0 | A: 32 | AR: 2 | NZ: 01 | IE: 1 | PENDING: 0 | IN_INTR: 0 | DS: [0, 0] | RS: [40] | MEM: - | LATCH: DS.push,PC,IR.clear | OUT: 'What is your name?\nHello, Alic' | literal 0
TICK: 002700 | PC: 00176 | STEP: 0 | IR: sub | A: 32 | AR: 2 | NZ: 01 | IE: 1 | PENDING: 0 | IN_INTR: 0 | DS: [0, 0] | RS: [40] | MEM: - | LATCH: IR | OUT: 'What is your name?\nHello, Alic' | fetch sub
TICK: 002701 | PC: 00176 | STEP: 1 | IR: sub | A: 32 | AR: 2 | NZ: 01 | IE: 1 | PENDING: 0 | IN_INTR: 0 | DS: [] | RS: [40] | MEM: - | LATCH: ALU.left,ALU.right | OUT: 'What is your name?\nHello, Alic' | sub.load_operands
TICK: 002702 | PC: 00177 | STEP: 0 | IR: sub | A: 32 | AR: 2 | NZ: 01 | IE: 1 | PENDING: 0 | IN_INTR: 0 | DS: [0] | RS: [40] | MEM: - | LATCH: DS.push(ALU),PC,IR.clear | OUT: 'What is your name?\nHello, Alic' | sub.write_result
TICK: 002703 | PC: 00177 | STEP: 0 | IR: nif 252 | A: 32 | AR: 2 | NZ: 01 | IE: 1 | PENDING: 0 | IN_INTR: 0 | DS: [0] | RS: [40] | MEM: - | LATCH: IR | OUT: 'What is your name?\nHello, Alic' | fetch nif 252
TICK: 002704 | PC: 00177 | STEP: 1 | IR: nif 252 | A: 32 | AR: 2 | NZ: 01 | IE: 1 | PENDING: 0 | IN_INTR: 0 | DS: [] | RS: [40] | MEM: - | LATCH: ALU.left | OUT: 'What is your name?\nHello, Alic' | nif.test
TICK: 002705 | PC: 00182 | STEP: 0 | IR: nif 252 | A: 32 | AR: 2 | NZ: 01 | IE: 1 | PENDING: 0 | IN_INTR: 0 | DS: [] | RS: [40] | MEM: - | LATCH: PC,IR.clear | OUT: 'What is your name?\nHello, Alic' | nif.branch
TICK: 002706 | PC: 00182 | STEP: 0 | IR: load 1 | A: 32 | AR: 2 | NZ: 01 | IE: 1 | PENDING: 0 | IN_INTR: 0 | DS: [] | RS: [40] | MEM: - | LATCH: IR | OUT: 'What is your name?\nHello, Alic' | fetch load 1
TICK: 002707 | PC: 00182 | STEP: 1 | IR: load 1 | A: 32 | AR: 1 | NZ: 01 | IE: 1 | PENDING: 0 | IN_INTR: 0 | DS: [] | RS: [40] | MEM: - | LATCH: AR | OUT: 'What is your name?\nHello, Alic' | load.addr 1
TICK: 002708 | PC: 00187 | STEP: 0 | IR: load 1 | A: 32 | AR: 1 | NZ: 01 | IE: 1 | PENDING: 0 | IN_INTR: 0 | DS: [0] | RS: [40] | MEM: read mem[1] | LATCH: DS.push,PC,IR.clear | OUT: 'What is your name?\nHello, Alic' | load.read
TICK: 002709 | PC: 00187 | STEP: 0 | IR: literal 0 | A: 32 | AR: 1 | NZ: 01 | IE: 1 | PENDING: 0 | IN_INTR: 0 | DS: [0] | RS: [40] | MEM: - | LATCH: IR | OUT: 'What is your name?\nHello, Alic' | fetch literal 0
TICK: 002710 | PC: 00192 | STEP: 0 | IR: literal 0 | A: 32 | AR: 1 | NZ: 01 | IE: 1 | PENDING: 0 | IN_INTR: 0 | DS: [0, 0] | RS: [40] | MEM: - | LATCH: DS.push,PC,IR.clear | OUT: 'What is your name?\nHello, Alic' | literal 0
TICK: 002711 | PC: 00192 | STEP: 0 | IR: sub | A: 32 | AR: 1 | NZ: 01 | IE: 1 | PENDING: 0 | IN_INTR: 0 | DS: [0, 0] | RS: [40] | MEM: - | LATCH: IR | OUT: 'What is your name?\nHello, Alic' | fetch sub
TICK: 002712 | PC: 00192 | STEP: 1 | IR: sub | A: 32 | AR: 1 | NZ: 01 | IE: 1 | PENDING: 0 | IN_INTR: 0 | DS: [] | RS: [40] | MEM: - | LATCH: ALU.left,ALU.right | OUT: 'What is your name?\nHello, Alic' | sub.load_operands
TICK: 002713 | PC: 00193 | STEP: 0 | IR: sub | A: 32 | AR: 1 | NZ: 01 | IE: 1 | PENDING: 0 | IN_INTR: 0 | DS: [0] | RS: [40] | MEM: - | LATCH: DS.push(ALU),PC,IR.clear | OUT: 'What is your name?\nHello, Alic' | sub.write_result
TICK: 002714 | PC: 00193 | STEP: 0 | IR: nif 203 | A: 32 | AR: 1 | NZ: 01 | IE: 1 | PENDING: 0 | IN_INTR: 0 | DS: [0] | RS: [40] | MEM: - | LATCH: IR | OUT: 'What is your name?\nHello, Alic' | fetch nif 203
TICK: 002715 | PC: 00193 | STEP: 1 | IR: nif 203 | A: 32 | AR: 1 | NZ: 01 | IE: 1 | PENDING: 0 | IN_INTR: 0 | DS: [] | RS: [40] | MEM: - | LATCH: ALU.left | OUT: 'What is your name?\nHello, Alic' | nif.test
TICK: 002716 | PC: 00198 | STEP: 0 | IR: nif 203 | A: 32 | AR: 1 | NZ: 01 | IE: 1 | PENDING: 0 | IN_INTR: 0 | DS: [] | RS: [40] | MEM: - | LATCH: PC,IR.clear | OUT: 'What is your name?\nHello, Alic' | nif.branch
TICK: 002717 | PC: 00198 | STEP: 0 | IR: jmp 182 | A: 32 | AR: 1 | NZ: 01 | IE: 1 | PENDING: 0 | IN_INTR: 0 | DS: [] | RS: [40] | MEM: - | LATCH: IR | OUT: 'What is your name?\nHello, Alic' | fetch jmp 182
TICK: 002718 | PC: 00182 | STEP: 0 | IR: jmp 182 | A: 32 | AR: 1 | NZ: 01 | IE: 1 | PENDING: 0 | IN_INTR: 0 | DS: [] | RS: [40] | MEM: - | LATCH: PC,IR.clear | OUT: 'What is your name?\nHello, Alic' | jmp 182
TICK: 002719 | PC: 00182 | STEP: 0 | IR: load 1 | A: 32 | AR: 1 | NZ: 01 | IE: 1 | PENDING: 0 | IN_INTR: 0 | DS: [] | RS: [40] | MEM: - | LATCH: IR | OUT: 'What is your name?\nHello, Alic' | fetch load 1
TICK: 002720 | PC: 00182 | STEP: 1 | IR: load 1 | A: 32 | AR: 1 | NZ: 01 | IE: 1 | PENDING: 0 | IN_INTR: 0 | DS: [] | RS: [40] | MEM: - | LATCH: AR | OUT: 'What is your name?\nHello, Alic' | load.addr 1
TICK: 002721 | PC: 00187 | STEP: 0 | IR: load 1 | A: 32 | AR: 1 | NZ: 01 | IE: 1 | PENDING: 0 | IN_INTR: 0 | DS: [0] | RS: [40] | MEM: read mem[1] | LATCH: DS.push,PC,IR.clear | OUT: 'What is your name?\nHello, Alic' | load.read
TICK: 002722 | PC: 00187 | STEP: 0 | IR: literal 0 | A: 32 | AR: 1 | NZ: 01 | IE: 1 | PENDING: 0 | IN_INTR: 0 | DS: [0] | RS: [40] | MEM: - | LATCH: IR | OUT: 'What is your name?\nHello, Alic' | fetch literal 0
TICK: 002723 | PC: 00192 | STEP: 0 | IR: literal 0 | A: 32 | AR: 1 | NZ: 01 | IE: 1 | PENDING: 0 | IN_INTR: 0 | DS: [0, 0] | RS: [40] | MEM: - | LATCH: DS.push,PC,IR.clear | OUT: 'What is your name?\nHello, Alic' | literal 0
TICK: 002724 | PC: 00192 | STEP: 0 | IR: sub | A: 32 | AR: 1 | NZ: 01 | IE: 1 | PENDING: 0 | IN_INTR: 0 | DS: [0, 0] | RS: [40] | MEM: - | LATCH: IR | OUT: 'What is your name?\nHello, Alic' | fetch sub
TICK: 002725 | PC: 00192 | STEP: 1 | IR: sub | A: 32 | AR: 1 | NZ: 01 | IE: 1 | PENDING: 0 | IN_INTR: 0 | DS: [] | RS: [40] | MEM: - | LATCH: ALU.left,ALU.right | OUT: 'What is your name?\nHello, Alic' | sub.load_operands
TICK: 002726 | PC: 00193 | STEP: 0 | IR: sub | A: 32 | AR: 1 | NZ: 01 | IE: 1 | PENDING: 0 | IN_INTR: 0 | DS: [0] | RS: [40] | MEM: - | LATCH: DS.push(ALU),PC,IR.clear | OUT: 'What is your name?\nHello, Alic' | sub.write_result
TICK: 002727 | PC: 00193 | STEP: 0 | IR: nif 203 | A: 32 | AR: 1 | NZ: 01 | IE: 1 | PENDING: 0 | IN_INTR: 0 | DS: [0] | RS: [40] | MEM: - | LATCH: IR | OUT: 'What is your name?\nHello, Alic' | fetch nif 203
TICK: 002728 | PC: 00193 | STEP: 1 | IR: nif 203 | A: 32 | AR: 1 | NZ: 01 | IE: 1 | PENDING: 0 | IN_INTR: 0 | DS: [] | RS: [40] | MEM: - | LATCH: ALU.left | OUT: 'What is your name?\nHello, Alic' | nif.test
TICK: 002729 | PC: 00198 | STEP: 0 | IR: nif 203 | A: 32 | AR: 1 | NZ: 01 | IE: 1 | PENDING: 0 | IN_INTR: 0 | DS: [] | RS: [40] | MEM: - | LATCH: PC,IR.clear | OUT: 'What is your name?\nHello, Alic' | nif.branch
TICK: 002730 | PC: 00198 | STEP: 0 | IR: jmp 182 | A: 32 | AR: 1 | NZ: 01 | IE: 1 | PENDING: 0 | IN_INTR: 0 | DS: [] | RS: [40] | MEM: - | LATCH: IR | OUT: 'What is your name?\nHello, Alic' | fetch jmp 182
TICK: 002731 | PC: 00182 | STEP: 0 | IR: jmp 182 | A: 32 | AR: 1 | NZ: 01 | IE: 1 | PENDING: 0 | IN_INTR: 0 | DS: [] | RS: [40] | MEM: - | LATCH: PC,IR.clear | OUT: 'What is your name?\nHello, Alic' | jmp 182
TICK: 002732 | PC: 00182 | STEP: 0 | IR: load 1 | A: 32 | AR: 1 | NZ: 01 | IE: 1 | PENDING: 0 | IN_INTR: 0 | DS: [] | RS: [40] | MEM: - | LATCH: IR | OUT: 'What is your name?\nHello, Alic' | fetch load 1
TICK: 002733 | PC: 00182 | STEP: 1 | IR: load 1 | A: 32 | AR: 1 | NZ: 01 | IE: 1 | PENDING: 0 | IN_INTR: 0 | DS: [] | RS: [40] | MEM: - | LATCH: AR | OUT: 'What is your name?\nHello, Alic' | load.addr 1
TICK: 002734 | PC: 00187 | STEP: 0 | IR: load 1 | A: 32 | AR: 1 | NZ: 01 | IE: 1 | PENDING: 0 | IN_INTR: 0 | DS: [0] | RS: [40] | MEM: read mem[1] | LATCH: DS.push,PC,IR.clear | OUT: 'What is your name?\nHello, Alic' | load.read
TICK: 002735 | PC: 00187 | STEP: 0 | IR: literal 0 | A: 32 | AR: 1 | NZ: 01 | IE: 1 | PENDING: 0 | IN_INTR: 0 | DS: [0] | RS: [40] | MEM: - | LATCH: IR | OUT: 'What is your name?\nHello, Alic' | fetch literal 0
TICK: 002736 | PC: 00192 | STEP: 0 | IR: literal 0 | A: 32 | AR: 1 | NZ: 01 | IE: 1 | PENDING: 0 | IN_INTR: 0 | DS: [0, 0] | RS: [40] | MEM: - | LATCH: DS.push,PC,IR.clear | OUT: 'What is your name?\nHello, Alic' | literal 0
TICK: 002737 | PC: 00192 | STEP: 0 | IR: sub | A: 32 | AR: 1 | NZ: 01 | IE: 1 | PENDING: 0 | IN_INTR: 0 | DS: [0, 0] | RS: [40] | MEM: - | LATCH: IR | OUT: 'What is your name?\nHello, Alic' | fetch sub
TICK: 002738 | PC: 00192 | STEP: 1 | IR: sub | A: 32 | AR: 1 | NZ: 01 | IE: 1 | PENDING: 0 | IN_INTR: 0 | DS: [] | RS: [40] | MEM: - | LATCH: ALU.left,ALU.right | OUT: 'What is your name?\nHello, Alic' | sub.load_operands
TICK: 002739 | PC: 00193 | STEP: 0 | IR: sub | A: 32 | AR: 1 | NZ: 01 | IE: 1 | PENDING: 0 | IN_INTR: 0 | DS: [0] | RS: [40] | MEM: - | LATCH: DS.push(ALU),PC,IR.clear | OUT: 'What is your name?\nHello, Alic' | sub.write_result
TICK: 002740 | PC: 00193 | STEP: 0 | IR: nif 203 | A: 32 | AR: 1 | NZ: 01 | IE: 1 | PENDING: 0 | IN_INTR: 0 | DS: [0] | RS: [40] | MEM: - | LATCH: IR | OUT: 'What is your name?\nHello, Alic' | fetch nif 203
TICK: 002741 | PC: 00193 | STEP: 1 | IR: nif 203 | A: 32 | AR: 1 | NZ: 01 | IE: 1 | PENDING: 0 | IN_INTR: 0 | DS: [] | RS: [40] | MEM: - | LATCH: ALU.left | OUT: 'What is your name?\nHello, Alic' | nif.test
TICK: 002742 | PC: 00198 | STEP: 0 | IR: nif 203 | A: 32 | AR: 1 | NZ: 01 | IE: 1 | PENDING: 0 | IN_INTR: 0 | DS: [] | RS: [40] | MEM: - | LATCH: PC,IR.clear | OUT: 'What is your name?\nHello, Alic' | nif.branch
TICK: 002743 | PC: 00198 | STEP: 0 | IR: jmp 182 | A: 32 | AR: 1 | NZ: 01 | IE: 1 | PENDING: 0 | IN_INTR: 0 | DS: [] | RS: [40] | MEM: - | LATCH: IR | OUT: 'What is your name?\nHello, Alic' | fetch jmp 182
TICK: 002744 | PC: 00182 | STEP: 0 | IR: jmp 182 | A: 32 | AR: 1 | NZ: 01 | IE: 1 | PENDING: 0 | IN_INTR: 0 | DS: [] | RS: [40] | MEM: - | LATCH: PC,IR.clear | OUT: 'What is your name?\nHello, Alic' | jmp 182
TICK: 002745 | PC: 00182 | STEP: 0 | IR: load 1 | A: 32 | AR: 1 | NZ: 01 | IE: 1 | PENDING: 0 | IN_INTR: 0 | DS: [] | RS: [40] | MEM: - | LATCH: IR | OUT: 'What is your name?\nHello, Alic' | fetch load 1
TICK: 002746 | PC: 00182 | STEP: 1 | IR: load 1 | A: 32 | AR: 1 | NZ: 01 | IE: 1 | PENDING: 0 | IN_INTR: 0 | DS: [] | RS: [40] | MEM: - | LATCH: AR | OUT: 'What is your name?\nHello, Alic' | load.addr 1
TICK: 002747 | PC: 00187 | STEP: 0 | IR: load 1 | A: 32 | AR: 1 | NZ: 01 | IE: 1 | PENDING: 0 | IN_INTR: 0 | DS: [0] | RS: [40] | MEM: read mem[1] | LATCH: DS.push,PC,IR.clear | OUT: 'What is your name?\nHello, Alic' | load.read
TICK: 002748 | PC: 00187 | STEP: 0 | IR: literal 0 | A: 32 | AR: 1 | NZ: 01 | IE: 1 | PENDING: 0 | IN_INTR: 0 | DS: [0] | RS: [40] | MEM: - | LATCH: IR | OUT: 'What is your name?\nHello, Alic' | fetch literal 0
TICK: 002749 | PC: 00192 | STEP: 0 | IR: literal 0 | A: 32 | AR: 1 | NZ: 01 | IE: 1 | PENDING: 0 | IN_INTR: 0 | DS: [0, 0] | RS: [40] | MEM: - | LATCH: DS.push,PC,IR.clear | OUT: 'What is your name?\nHello, Alic' | literal 0
TICK: 002750 | PC: 00192 | STEP: 0 | IR: sub | A: 32 | AR: 1 | NZ: 01 | IE: 1 | PENDING: 0 | IN_INTR: 0 | DS: [0, 0] | RS: [40] | MEM: - | LATCH: IR | OUT: 'What is your name?\nHello, Alic' | fetch sub
TICK: 002751 | PC: 00192 | STEP: 1 | IR: sub | A: 32 | AR: 1 | NZ: 01 | IE: 1 | PENDING: 0 | IN_INTR: 0 | DS: [] | RS: [40] | MEM: - | LATCH: ALU.left,ALU.right | OUT: 'What is your name?\nHello, Alic' | sub.load_operands
TICK: 002752 | PC: 00193 | STEP: 0 | IR: sub | A: 32 | AR: 1 | NZ: 01 | IE: 1 | PENDING: 0 | IN_INTR: 0 | DS: [0] | RS: [40] | MEM: - | LATCH: DS.push(ALU),PC,IR.clear | OUT: 'What is your name?\nHello, Alic' | sub.write_result
TICK: 002753 | PC: 00193 | STEP: 0 | IR: nif 203 | A: 32 | AR: 1 | NZ: 01 | IE: 1 | PENDING: 0 | IN_INTR: 0 | DS: [0] | RS: [40] | MEM: - | LATCH: IR | OUT: 'What is your name?\nHello, Alic' | fetch nif 203
TICK: 002754 | PC: 00193 | STEP: 1 | IR: nif 203 | A: 32 | AR: 1 | NZ: 01 | IE: 1 | PENDING: 0 | IN_INTR: 0 | DS: [] | RS: [40] | MEM: - | LATCH: ALU.left | OUT: 'What is your name?\nHello, Alic' | nif.test
TICK: 002755 | PC: 00198 | STEP: 0 | IR: nif 203 | A: 32 | AR: 1 | NZ: 01 | IE: 1 | PENDING: 0 | IN_INTR: 0 | DS: [] | RS: [40] | MEM: - | LATCH: PC,IR.clear | OUT: 'What is your name?\nHello, Alic' | nif.branch
TICK: 002756 | PC: 00198 | STEP: 0 | IR: jmp 182 | A: 32 | AR: 1 | NZ: 01 | IE: 1 | PENDING: 0 | IN_INTR: 0 | DS: [] | RS: [40] | MEM: - | LATCH: IR | OUT: 'What is your name?\nHello, Alic' | fetch jmp 182
TICK: 002757 | PC: 00182 | STEP: 0 | IR: jmp 182 | A: 32 | AR: 1 | NZ: 01 | IE: 1 | PENDING: 0 | IN_INTR: 0 | DS: [] | RS: [40] | MEM: - | LATCH: PC,IR.clear | OUT: 'What is your name?\nHello, Alic' | jmp 182
TICK: 002758 | PC: 00182 | STEP: 0 | IR: load 1 | A: 32 | AR: 1 | NZ: 01 | IE: 1 | PENDING: 0 | IN_INTR: 0 | DS: [] | RS: [40] | MEM: - | LATCH: IR | OUT: 'What is your name?\nHello, Alic' | fetch load 1
TICK: 002759 | PC: 00182 | STEP: 1 | IR: load 1 | A: 32 | AR: 1 | NZ: 01 | IE: 1 | PENDING: 0 | IN_INTR: 0 | DS: [] | RS: [40] | MEM: - | LATCH: AR | OUT: 'What is your name?\nHello, Alic' | load.addr 1
TICK: 002760 | PC: 00187 | STEP: 0 | IR: load 1 | A: 32 | AR: 1 | NZ: 01 | IE: 1 | PENDING: 0 | IN_INTR: 0 | DS: [0] | RS: [40] | MEM: read mem[1] | LATCH: DS.push,PC,IR.clear | OUT: 'What is your name?\nHello, Alic' | load.read
TICK: 002761 | PC: 00187 | STEP: 0 | IR: literal 0 | A: 32 | AR: 1 | NZ: 01 | IE: 1 | PENDING: 0 | IN_INTR: 0 | DS: [0] | RS: [40] | MEM: - | LATCH: IR | OUT: 'What is your name?\nHello, Alic' | fetch literal 0
TICK: 002762 | PC: 00192 | STEP: 0 | IR: literal 0 | A: 32 | AR: 1 | NZ: 01 | IE: 1 | PENDING: 0 | IN_INTR: 0 | DS: [0, 0] | RS: [40] | MEM: - | LATCH: DS.push,PC,IR.clear | OUT: 'What is your name?\nHello, Alic' | literal 0
TICK: 002763 | PC: 00192 | STEP: 0 | IR: sub | A: 32 | AR: 1 | NZ: 01 | IE: 1 | PENDING: 0 | IN_INTR: 0 | DS: [0, 0] | RS: [40] | MEM: - | LATCH: IR | OUT: 'What is your name?\nHello, Alic' | fetch sub
TICK: 002764 | PC: 00192 | STEP: 1 | IR: sub | A: 32 | AR: 1 | NZ: 01 | IE: 1 | PENDING: 0 | IN_INTR: 0 | DS: [] | RS: [40] | MEM: - | LATCH: ALU.left,ALU.right | OUT: 'What is your name?\nHello, Alic' | sub.load_operands
TICK: 002765 | PC: 00193 | STEP: 0 | IR: sub | A: 32 | AR: 1 | NZ: 01 | IE: 1 | PENDING: 0 | IN_INTR: 0 | DS: [0] | RS: [40] | MEM: - | LATCH: DS.push(ALU),PC,IR.clear | OUT: 'What is your name?\nHello, Alic' | sub.write_result
TICK: 002766 | PC: 00193 | STEP: 0 | IR: nif 203 | A: 32 | AR: 1 | NZ: 01 | IE: 1 | PENDING: 0 | IN_INTR: 0 | DS: [0] | RS: [40] | MEM: - | LATCH: IR | OUT: 'What is your name?\nHello, Alic' | fetch nif 203
TICK: 002767 | PC: 00193 | STEP: 1 | IR: nif 203 | A: 32 | AR: 1 | NZ: 01 | IE: 1 | PENDING: 0 | IN_INTR: 0 | DS: [] | RS: [40] | MEM: - | LATCH: ALU.left | OUT: 'What is your name?\nHello, Alic' | nif.test
TICK: 002768 | PC: 00198 | STEP: 0 | IR: nif 203 | A: 32 | AR: 1 | NZ: 01 | IE: 1 | PENDING: 0 | IN_INTR: 0 | DS: [] | RS: [40] | MEM: - | LATCH: PC,IR.clear | OUT: 'What is your name?\nHello, Alic' | nif.branch
TICK: 002769 | PC: 00198 | STEP: 0 | IR: jmp 182 | A: 32 | AR: 1 | NZ: 01 | IE: 1 | PENDING: 0 | IN_INTR: 0 | DS: [] | RS: [40] | MEM: - | LATCH: IR | OUT: 'What is your name?\nHello, Alic' | fetch jmp 182
TICK: 002770 | PC: 00182 | STEP: 0 | IR: jmp 182 | A: 32 | AR: 1 | NZ: 01 | IE: 1 | PENDING: 0 | IN_INTR: 0 | DS: [] | RS: [40] | MEM: - | LATCH: PC,IR.clear | OUT: 'What is your name?\nHello, Alic' | jmp 182
TICK: 002771 | PC: 00182 | STEP: 0 | IR: load 1 | A: 32 | AR: 1 | NZ: 01 | IE: 1 | PENDING: 0 | IN_INTR: 0 | DS: [] | RS: [40] | MEM: - | LATCH: IR | OUT: 'What is your name?\nHello, Alic' | fetch load 1
TICK: 002772 | PC: 00182 | STEP: 1 | IR: load 1 | A: 32 | AR: 1 | NZ: 01 | IE: 1 | PENDING: 0 | IN_INTR: 0 | DS: [] | RS: [40] | MEM: - | LATCH: AR | OUT: 'What is your name?\nHello, Alic' | load.addr 1
TICK: 002773 | PC: 00187 | STEP: 0 | IR: load 1 | A: 32 | AR: 1 | NZ: 01 | IE: 1 | PENDING: 0 | IN_INTR: 0 | DS: [0] | RS: [40] | MEM: read mem[1] | LATCH: DS.push,PC,IR.clear | OUT: 'What is your name?\nHello, Alic' | load.read
TICK: 002774 | PC: 00187 | STEP: 0 | IR: literal 0 | A: 32 | AR: 1 | NZ: 01 | IE: 1 | PENDING: 0 | IN_INTR: 0 | DS: [0] | RS: [40] | MEM: - | LATCH: IR | OUT: 'What is your name?\nHello, Alic' | fetch literal 0
TICK: 002775 | PC: 00192 | STEP: 0 | IR: literal 0 | A: 32 | AR: 1 | NZ: 01 | IE: 1 | PENDING: 0 | IN_INTR: 0 | DS: [0, 0] | RS: [40] | MEM: - | LATCH: DS.push,PC,IR.clear | OUT: 'What is your name?\nHello, Alic' | literal 0
TICK: 002776 | PC: 00192 | STEP: 0 | IR: sub | A: 32 | AR: 1 | NZ: 01 | IE: 1 | PENDING: 0 | IN_INTR: 0 | DS: [0, 0] | RS: [40] | MEM: - | LATCH: IR | OUT: 'What is your name?\nHello, Alic' | fetch sub
TICK: 002777 | PC: 00192 | STEP: 1 | IR: sub | A: 32 | AR: 1 | NZ: 01 | IE: 1 | PENDING: 0 | IN_INTR: 0 | DS: [] | RS: [40] | MEM: - | LATCH: ALU.left,ALU.right | OUT: 'What is your name?\nHello, Alic' | sub.load_operands
TICK: 002778 | PC: 00193 | STEP: 0 | IR: sub | A: 32 | AR: 1 | NZ: 01 | IE: 1 | PENDING: 0 | IN_INTR: 0 | DS: [0] | RS: [40] | MEM: - | LATCH: DS.push(ALU),PC,IR.clear | OUT: 'What is your name?\nHello, Alic' | sub.write_result
TICK: 002779 | PC: 00193 | STEP: 0 | IR: nif 203 | A: 32 | AR: 1 | NZ: 01 | IE: 1 | PENDING: 0 | IN_INTR: 0 | DS: [0] | RS: [40] | MEM: - | LATCH: IR | OUT: 'What is your name?\nHello, Alic' | fetch nif 203
TICK: 002780 | PC: 00193 | STEP: 1 | IR: nif 203 | A: 32 | AR: 1 | NZ: 01 | IE: 1 | PENDING: 0 | IN_INTR: 0 | DS: [] | RS: [40] | MEM: - | LATCH: ALU.left | OUT: 'What is your name?\nHello, Alic' | nif.test
TICK: 002781 | PC: 00198 | STEP: 0 | IR: nif 203 | A: 32 | AR: 1 | NZ: 01 | IE: 1 | PENDING: 0 | IN_INTR: 0 | DS: [] | RS: [40] | MEM: - | LATCH: PC,IR.clear | OUT: 'What is your name?\nHello, Alic' | nif.branch
TICK: 002782 | PC: 00198 | STEP: 0 | IR: jmp 182 | A: 32 | AR: 1 | NZ: 01 | IE: 1 | PENDING: 0 | IN_INTR: 0 | DS: [] | RS: [40] | MEM: - | LATCH: IR | OUT: 'What is your name?\nHello, Alic' | fetch jmp 182
TICK: 002783 | PC: 00182 | STEP: 0 | IR: jmp 182 | A: 32 | AR: 1 | NZ: 01 | IE: 1 | PENDING: 0 | IN_INTR: 0 | DS: [] | RS: [40] | MEM: - | LATCH: PC,IR.clear | OUT: 'What is your name?\nHello, Alic' | jmp 182
TICK: 002784 | PC: 00182 | STEP: 0 | IR: load 1 | A: 32 | AR: 1 | NZ: 01 | IE: 1 | PENDING: 0 | IN_INTR: 0 | DS: [] | RS: [40] | MEM: - | LATCH: IR | OUT: 'What is your name?\nHello, Alic' | fetch load 1
TICK: 002785 | PC: 00182 | STEP: 1 | IR: load 1 | A: 32 | AR: 1 | NZ: 01 | IE: 1 | PENDING: 0 | IN_INTR: 0 | DS: [] | RS: [40] | MEM: - | LATCH: AR | OUT: 'What is your name?\nHello, Alic' | load.addr 1
TICK: 002786 | PC: 00187 | STEP: 0 | IR: load 1 | A: 32 | AR: 1 | NZ: 01 | IE: 1 | PENDING: 0 | IN_INTR: 0 | DS: [0] | RS: [40] | MEM: read mem[1] | LATCH: DS.push,PC,IR.clear | OUT: 'What is your name?\nHello, Alic' | load.read
TICK: 002787 | PC: 00187 | STEP: 0 | IR: literal 0 | A: 32 | AR: 1 | NZ: 01 | IE: 1 | PENDING: 0 | IN_INTR: 0 | DS: [0] | RS: [40] | MEM: - | LATCH: IR | OUT: 'What is your name?\nHello, Alic' | fetch literal 0
TICK: 002788 | PC: 00192 | STEP: 0 | IR: literal 0 | A: 32 | AR: 1 | NZ: 01 | IE: 1 | PENDING: 0 | IN_INTR: 0 | DS: [0, 0] | RS: [40] | MEM: - | LATCH: DS.push,PC,IR.clear | OUT: 'What is your name?\nHello, Alic' | literal 0
TICK: 002789 | PC: 00192 | STEP: 0 | IR: sub | A: 32 | AR: 1 | NZ: 01 | IE: 1 | PENDING: 0 | IN_INTR: 0 | DS: [0, 0] | RS: [40] | MEM: - | LATCH: IR | OUT: 'What is your name?\nHello, Alic' | fetch sub
TICK: 002790 | PC: 00192 | STEP: 1 | IR: sub | A: 32 | AR: 1 | NZ: 01 | IE: 1 | PENDING: 0 | IN_INTR: 0 | DS: [] | RS: [40] | MEM: - | LATCH: ALU.left,ALU.right | OUT: 'What is your name?\nHello, Alic' | sub.load_operands
TICK: 002791 | PC: 00193 | STEP: 0 | IR: sub | A: 32 | AR: 1 | NZ: 01 | IE: 1 | PENDING: 0 | IN_INTR: 0 | DS: [0] | RS: [40] | MEM: - | LATCH: DS.push(ALU),PC,IR.clear | OUT: 'What is your name?\nHello, Alic' | sub.write_result
TICK: 002792 | PC: 00193 | STEP: 0 | IR: nif 203 | A: 32 | AR: 1 | NZ: 01 | IE: 1 | PENDING: 0 | IN_INTR: 0 | DS: [0] | RS: [40] | MEM: - | LATCH: IR | OUT: 'What is your name?\nHello, Alic' | fetch nif 203
TICK: 002793 | PC: 00193 | STEP: 1 | IR: nif 203 | A: 32 | AR: 1 | NZ: 01 | IE: 1 | PENDING: 0 | IN_INTR: 0 | DS: [] | RS: [40] | MEM: - | LATCH: ALU.left | OUT: 'What is your name?\nHello, Alic' | nif.test
TICK: 002794 | PC: 00198 | STEP: 0 | IR: nif 203 | A: 32 | AR: 1 | NZ: 01 | IE: 1 | PENDING: 0 | IN_INTR: 0 | DS: [] | RS: [40] | MEM: - | LATCH: PC,IR.clear | OUT: 'What is your name?\nHello, Alic' | nif.branch
TICK: 002795 | PC: 00198 | STEP: 0 | IR: jmp 182 | A: 32 | AR: 1 | NZ: 01 | IE: 1 | PENDING: 0 | IN_INTR: 0 | DS: [] | RS: [40] | MEM: - | LATCH: IR | OUT: 'What is your name?\nHello, Alic' | fetch jmp 182
TICK: 002796 | PC: 00182 | STEP: 0 | IR: jmp 182 | A: 32 | AR: 1 | NZ: 01 | IE: 1 | PENDING: 0 | IN_INTR: 0 | DS: [] | RS: [40] | MEM: - | LATCH: PC,IR.clear | OUT: 'What is your name?\nHello, Alic' | jmp 182
TICK: 002797 | PC: 00182 | STEP: 0 | IR: load 1 | A: 32 | AR: 1 | NZ: 01 | IE: 1 | PENDING: 0 | IN_INTR: 0 | DS: [] | RS: [40] | MEM: - | LATCH: IR | OUT: 'What is your name?\nHello, Alic' | fetch load 1
TICK: 002798 | PC: 00182 | STEP: 1 | IR: load 1 | A: 32 | AR: 1 | NZ: 01 | IE: 1 | PENDING: 0 | IN_INTR: 0 | DS: [] | RS: [40] | MEM: - | LATCH: AR | OUT: 'What is your name?\nHello, Alic' | load.addr 1
TICK: 002799 | PC: 00187 | STEP: 0 | IR: load 1 | A: 32 | AR: 1 | NZ: 01 | IE: 1 | PENDING: 0 | IN_INTR: 0 | DS: [0] | RS: [40] | MEM: read mem[1] | LATCH: DS.push,PC,IR.clear | OUT: 'What is your name?\nHello, Alic' | load.read
TICK: 002800 | PC: 00187 | STEP: 0 | IR: ---- | A: 32 | AR: 1 | NZ: 01 | IE: 0 | PENDING: 0 | IN_INTR: 1 | DS: [0] | RS: [40, 187] | MEM: - | LATCH: IN_PORT,RS.push(PC) | OUT: 'What is your name?\nHello, Alic' | INT ENTRY: push PC
TICK: 002801 | PC: 00187 | STEP: 0 | IR: ---- | A: 32 | AR: 1 | NZ: 01 | IE: 0 | PENDING: 0 | IN_INTR: 1 | DS: [0] | RS: [40, 187, 1] | MEM: - | LATCH: RS.push(SR) | OUT: 'What is your name?\nHello, Alic' | INT ENTRY: push SR
TICK: 002802 | PC: 00187 | STEP: 0 | IR: ---- | A: 32 | AR: 1 | NZ: 01 | IE: 0 | PENDING: 0 | IN_INTR: 1 | DS: [0] | RS: [40, 187, 1, 32] | MEM: - | LATCH: RS.push(A) | OUT: 'What is your name?\nHello, Alic' | INT ENTRY: push A
TICK: 002803 | PC: 00187 | STEP: 0 | IR: ---- | A: 32 | AR: 0 | NZ: 01 | IE: 0 | PENDING: 0 | IN_INTR: 1 | DS: [0] | RS: [40, 187, 1, 32] | MEM: - | LATCH: AR | OUT: 'What is your name?\nHello, Alic' | INT ENTRY: AR <- 0
TICK: 002804 | PC: 00187 | STEP: 0 | IR: ---- | A: 32 | AR: 0 | NZ: 01 | IE: 0 | PENDING: 0 | IN_INTR: 1 | DS: [0, 41] | RS: [40, 187, 1, 32] | MEM: read mem[0] | LATCH: DS.push(vector) | OUT: 'What is your name?\nHello, Alic' | INT ENTRY: read vector
TICK: 002805 | PC: 00041 | STEP: 0 | IR: ---- | A: 32 | AR: 0 | NZ: 01 | IE: 0 | PENDING: 0 | IN_INTR: 1 | DS: [0] | RS: [40, 187, 1, 32] | MEM: - | LATCH: PC | OUT: 'What is your name?\nHello, Alic' | INT ENTRY: PC <- vector
TICK: 002806 | PC: 00041 | STEP: 0 | IR: load 31998 | A: 32 | AR: 0 | NZ: 01 | IE: 0 | PENDING: 0 | IN_INTR: 1 | DS: [0] | RS: [40, 187, 1, 32] | MEM: - | LATCH: IR | OUT: 'What is your name?\nHello, Alic' | fetch load 31998
TICK: 002807 | PC: 00041 | STEP: 1 | IR: load 31998 | A: 32 | AR: 31998 | NZ: 01 | IE: 0 | PENDING: 0 | IN_INTR: 1 | DS: [0] | RS: [40, 187, 1, 32] | MEM: - | LATCH: AR | OUT: 'What is your name?\nHello, Alic' | load.addr 31998
TICK: 002808 | PC: 00046 | STEP: 0 | IR: load 31998 | A: 32 | AR: 31998 | NZ: 01 | IE: 0 | PENDING: 0 | IN_INTR: 1 | DS: [0, 101] | RS: [40, 187, 1, 32] | MEM: read mem[31998] | LATCH: DS.push,PC,IR.clear | OUT: 'What is your name?\nHello, Alic' | load.read
TICK: 002809 | PC: 00046 | STEP: 0 | IR: dup | A: 32 | AR: 31998 | NZ: 01 | IE: 0 | PENDING: 0 | IN_INTR: 1 | DS: [0, 101] | RS: [40, 187, 1, 32] | MEM: - | LATCH: IR | OUT: 'What is your name?\nHello, Alic' | fetch dup
TICK: 002810 | PC: 00047 | STEP: 0 | IR: dup | A: 32 | AR: 31998 | NZ: 01 | IE: 0 | PENDING: 0 | IN_INTR: 1 | DS: [0, 101, 101] | RS: [40, 187, 1, 32] | MEM: - | LATCH: DS.dup,PC,IR.clear | OUT: 'What is your name?\nHello, Alic' | dup
TICK: 002811 | PC: 00047 | STEP: 0 | IR: store 3 | A: 32 | AR: 31998 | NZ: 01 | IE: 0 | PENDING: 0 | IN_INTR: 1 | DS: [0, 101, 101] | RS: [40, 187, 1, 32] | MEM: - | LATCH: IR | OUT: 'What is your name?\nHello, Alic' | fetch store 3
TICK: 002812 | PC: 00047 | STEP: 1 | IR: store 3 | A: 32 | AR: 3 | NZ: 01 | IE: 0 | PENDING: 0 | IN_INTR: 1 | DS: [0, 101, 101] | RS: [40, 187, 1, 32] | MEM: - | LATCH: AR | OUT: 'What is your name?\nHello, Alic' | store.addr 3
TICK: 002813 | PC: 00052 | STEP: 0 | IR: store 3 | A: 32 | AR: 3 | NZ: 01 | IE: 0 | PENDING: 0 | IN_INTR: 1 | DS: [0, 101] | RS: [40, 187, 1, 32] | MEM: write mem[3] <- 101 | LATCH: MEM,PC,IR.clear | OUT: 'What is your name?\nHello, Alic' | store.write
TICK: 002814 | PC: 00052 | STEP: 0 | IR: drop | A: 32 | AR: 3 | NZ: 01 | IE: 0 | PENDING: 0 | IN_INTR: 1 | DS: [0, 101] | RS: [40, 187, 1, 32] | MEM: - | LATCH: IR | OUT: 'What is your name?\nHello, Alic' | fetch drop
TICK: 002815 | PC: 00053 | STEP: 0 | IR: drop | A: 32 | AR: 3 | NZ: 01 | IE: 0 | PENDING: 0 | IN_INTR: 1 | DS: [0] | RS: [40, 187, 1, 32] | MEM: - | LATCH: PC,IR.clear | OUT: 'What is your name?\nHello, Alic' | drop
TICK: 002816 | PC: 00053 | STEP: 0 | IR: literal 1 | A: 32 | AR: 3 | NZ: 01 | IE: 0 | PENDING: 0 | IN_INTR: 1 | DS: [0] | RS: [40, 187, 1, 32] | MEM: - | LATCH: IR | OUT: 'What is your name?\nHello, Alic' | fetch literal 1
TICK: 002817 | PC: 00058 | STEP: 0 | IR: literal 1 | A: 32 | AR: 3 | NZ: 01 | IE: 0 | PENDING: 0 | IN_INTR: 1 | DS: [0, 1] | RS: [40, 187, 1, 32] | MEM: - | LATCH: DS.push,PC,IR.clear | OUT: 'What is your name?\nHello, Alic' | literal 1
TICK: 002818 | PC: 00058 | STEP: 0 | IR: dup | A: 32 | AR: 3 | NZ: 01 | IE: 0 | PENDING: 0 | IN_INTR: 1 | DS: [0, 1] | RS: [40, 187, 1, 32] | MEM: - | LATCH: IR | OUT: 'What is your name?\nHello, Alic' | fetch dup
TICK: 002819 | PC: 00059 | STEP: 0 | IR: dup | A: 32 | AR: 3 | NZ: 01 | IE: 0 | PENDING: 0 | IN_INTR: 1 | DS: [0, 1, 1] | RS: [40, 187, 1, 32] | MEM: - | LATCH: DS.dup,PC,IR.clear | OUT: 'What is your name?\nHello, Alic' | dup
TICK: 002820 | PC: 00059 | STEP: 0 | IR: store 1 | A: 32 | AR: 3 | NZ: 01 | IE: 0 | PENDING: 0 | IN_INTR: 1 | DS: [0, 1, 1] | RS: [40, 187, 1, 32] | MEM: - | LATCH: IR | OUT: 'What is your name?\nHello, Alic' | fetch store 1
TICK: 002821 | PC: 00059 | STEP: 1 | IR: store 1 | A: 32 | AR: 1 | NZ: 01 | IE: 0 | PENDING: 0 | IN_INTR: 1 | DS: [0, 1, 1] | RS: [40, 187, 1, 32] | MEM: - | LATCH: AR | OUT: 'What is your name?\nHello, Alic' | store.addr 1
TICK: 002822 | PC: 00064 | STEP: 0 | IR: store 1 | A: 32 | AR: 1 | NZ: 01 | IE: 0 | PENDING: 0 | IN_INTR: 1 | DS: [0, 1] | RS: [40, 187, 1, 32] | MEM: write mem[1] <- 1 | LATCH: MEM,PC,IR.clear | OUT: 'What is your name?\nHello, Alic' | store.write
TICK: 002823 | PC: 00064 | STEP: 0 | IR: drop | A: 32 | AR: 1 | NZ: 01 | IE: 0 | PENDING: 0 | IN_INTR: 1 | DS: [0, 1] | RS: [40, 187, 1, 32] | MEM: - | LATCH: IR | OUT: 'What is your name?\nHello, Alic' | fetch drop
TICK: 002824 | PC: 00065 | STEP: 0 | IR: drop | A: 32 | AR: 1 | NZ: 01 | IE: 0 | PENDING: 0 | IN_INTR: 1 | DS: [0] | RS: [40, 187, 1, 32] | MEM: - | LATCH: PC,IR.clear | OUT: 'What is your name?\nHello, Alic' | drop
TICK: 002825 | PC: 00065 | STEP: 0 | IR: load 3 | A: 32 | AR: 1 | NZ: 01 | IE: 0 | PENDING: 0 | IN_INTR: 1 | DS: [0] | RS: [40, 187, 1, 32] | MEM: - | LATCH: IR | OUT: 'What is your name?\nHello, Alic' | fetch load 3
TICK: 002826 | PC: 00065 | STEP: 1 | IR: load 3 | A: 32 | AR: 3 | NZ: 01 | IE: 0 | PENDING: 0 | IN_INTR: 1 | DS: [0] | RS: [40, 187, 1, 32] | MEM: - | LATCH: AR | OUT: 'What is your name?\nHello, Alic' | load.addr 3
TICK: 002827 | PC: 00070 | STEP: 0 | IR: load 3 | A: 32 | AR: 3 | NZ: 01 | IE: 0 | PENDING: 0 | IN_INTR: 1 | DS: [0, 101] | RS: [40, 187, 1, 32] | MEM: read mem[3] | LATCH: DS.push,PC,IR.clear | OUT: 'What is your name?\nHello, Alic' | load.read
TICK: 002828 | PC: 00070 | STEP: 0 | IR: literal 10 | A: 32 | AR: 3 | NZ: 01 | IE: 0 | PENDING: 0 | IN_INTR: 1 | DS: [0, 101] | RS: [40, 187, 1, 32] | MEM: - | LATCH: IR | OUT: 'What is your name?\nHello, Alic' | fetch literal 10
TICK: 002829 | PC: 00075 | STEP: 0 | IR: literal 10 | A: 32 | AR: 3 | NZ: 01 | IE: 0 | PENDING: 0 | IN_INTR: 1 | DS: [0, 101, 10] | RS: [40, 187, 1, 32] | MEM: - | LATCH: DS.push,PC,IR.clear | OUT: 'What is your name?\nHello, Alic' | literal 10
TICK: 002830 | PC: 00075 | STEP: 0 | IR: sub | A: 32 | AR: 3 | NZ: 01 | IE: 0 | PENDING: 0 | IN_INTR: 1 | DS: [0, 101, 10] | RS: [40, 187, 1, 32] | MEM: - | LATCH: IR | OUT: 'What is your name?\nHello, Alic' | fetch sub
TICK: 002831 | PC: 00075 | STEP: 1 | IR: sub | A: 32 | AR: 3 | NZ: 01 | IE: 0 | PENDING: 0 | IN_INTR: 1 | DS: [0] | RS: [40, 187, 1, 32] | MEM: - | LATCH: ALU.left,ALU.right | OUT: 'What is your name?\nHello, Alic' | sub.load_operands
TICK: 002832 | PC: 00076 | STEP: 0 | IR: sub | A: 32 | AR: 3 | NZ: 00 | IE: 0 | PENDING: 0 | IN_INTR: 1 | DS: [0, 91] | RS: [40, 187, 1, 32] | MEM: - | LATCH: DS.push(ALU),PC,IR.clear | OUT: 'What is your name?\nHello, Alic' | sub.write_result
TICK: 002833 | PC: 00076 | STEP: 0 | IR: nif 93 | A: 32 | AR: 3 | NZ: 00 | IE: 0 | PENDING: 0 | IN_INTR: 1 | DS: [0, 91] | RS: [40, 187, 1, 32] | MEM: - | LATCH: IR | OUT: 'What is your name?\nHello, Alic' | fetch nif 93
TICK: 002834 | PC: 00076 | STEP: 1 | IR: nif 93 | A: 32 | AR: 3 | NZ: 00 | IE: 0 | PENDING: 0 | IN_INTR: 1 | DS: [0] | RS: [40, 187, 1, 32] | MEM: - | LATCH: ALU.left | OUT: 'What is your name?\nHello, Alic' | nif.test
TICK: 002835 | PC: 00093 | STEP: 0 | IR: nif 93 | A: 32 | AR: 3 | NZ: 00 | IE: 0 | PENDING: 0 | IN_INTR: 1 | DS: [0] | RS: [40, 187, 1, 32] | MEM: - | LATCH: PC,IR.clear | OUT: 'What is your name?\nHello, Alic' | nif.branch
TICK: 002836 | PC: 00093 | STEP: 0 | IR: iret | A: 32 | AR: 3 | NZ: 00 | IE: 0 | PENDING: 0 | IN_INTR: 1 | DS: [0] | RS: [40, 187, 1, 32] | MEM: - | LATCH: IR | OUT: 'What is your name?\nHello, Alic' | fetch iret
TICK: 002837 | PC: 00093 | STEP: 1 | IR: iret | A: 32 | AR: 3 | NZ: 00 | IE: 0 | PENDING: 0 | IN_INTR: 1 | DS: [0] | RS: [40, 187, 1] | MEM: - | LATCH: A | OUT: 'What is your name?\nHello, Alic' | iret.restore_a
TICK: 002838 | PC: 00093 | STEP: 2 | IR: iret | A: 32 | AR: 3 | NZ: 01 | IE: 0 | PENDING: 0 | IN_INTR: 1 | DS: [0] | RS: [40, 187] | MEM: - | LATCH: NZ | OUT: 'What is your name?\nHello, Alic' | iret.restore_status
TICK: 002839 | PC: 00187 | STEP: 0 | IR: iret | A: 32 | AR: 3 | NZ: 01 | IE: 1 | PENDING: 0 | IN_INTR: 0 | DS: [0] | RS: [40] | MEM: - | LATCH: PC,IR.clear,IE,IN_INTR | OUT: 'What is your name?\nHello, Alic' | iret.restore_pc
TICK: 002840 | PC: 00187 | STEP: 0 | IR: literal 0 | A: 32 | AR: 3 | NZ: 01 | IE: 1 | PENDING: 0 | IN_INTR: 0 | DS: [0] | RS: [40] | MEM: - | LATCH: IR | OUT: 'What is your name?\nHello, Alic' | fetch literal 0
TICK: 002841 | PC: 00192 | STEP: 0 | IR: literal 0 | A: 32 | AR: 3 | NZ: 01 | IE: 1 | PENDING: 0 | IN_INTR: 0 | DS: [0, 0] | RS: [40] | MEM: - | LATCH: DS.push,PC,IR.clear | OUT: 'What is your name?\nHello, Alic' | literal 0
TICK: 002842 | PC: 00192 | STEP: 0 | IR: sub | A: 32 | AR: 3 | NZ: 01 | IE: 1 | PENDING: 0 | IN_INTR: 0 | DS: [0, 0] | RS: [40] | MEM: - | LATCH: IR | OUT: 'What is your name?\nHello, Alic' | fetch sub
TICK: 002843 | PC: 00192 | STEP: 1 | IR: sub | A: 32 | AR: 3 | NZ: 01 | IE: 1 | PENDING: 0 | IN_INTR: 0 | DS: [] | RS: [40] | MEM: - | LATCH: ALU.left,ALU.right | OUT: 'What is your name?\nHello, Alic' | sub.load_operands
TICK: 002844 | PC: 00193 | STEP: 0 | IR: sub | A: 32 | AR: 3 | NZ: 01 | IE: 1 | PENDING: 0 | IN_INTR: 0 | DS: [0] | RS: [40] | MEM: - | LATCH: DS.push(ALU),PC,IR.clear | OUT: 'What is your name?\nHello, Alic' | sub.write_result
TICK: 002845 | PC: 00193 | STEP: 0 | IR: nif 203 | A: 32 | AR: 3 | NZ: 01 | IE: 1 | PENDING: 0 | IN_INTR: 0 | DS: [0] | RS: [40] | MEM: - | LATCH: IR | OUT: 'What is your name?\nHello, Alic' | fetch nif 203
TICK: 002846 | PC: 00193 | STEP: 1 | IR: nif 203 | A: 32 | AR: 3 | NZ: 01 | IE: 1 | PENDING: 0 | IN_INTR: 0 | DS: [] | RS: [40] | MEM: - | LATCH: ALU.left | OUT: 'What is your name?\nHello, Alic' | nif.test
TICK: 002847 | PC: 00198 | STEP: 0 | IR: nif 203 | A: 32 | AR: 3 | NZ: 01 | IE: 1 | PENDING: 0 | IN_INTR: 0 | DS: [] | RS: [40] | MEM: - | LATCH: PC,IR.clear | OUT: 'What is your name?\nHello, Alic' | nif.branch
TICK: 002848 | PC: 00198 | STEP: 0 | IR: jmp 182 | A: 32 | AR: 3 | NZ: 01 | IE: 1 | PENDING: 0 | IN_INTR: 0 | DS: [] | RS: [40] | MEM: - | LATCH: IR | OUT: 'What is your name?\nHello, Alic' | fetch jmp 182
TICK: 002849 | PC: 00182 | STEP: 0 | IR: jmp 182 | A: 32 | AR: 3 | NZ: 01 | IE: 1 | PENDING: 0 | IN_INTR: 0 | DS: [] | RS: [40] | MEM: - | LATCH: PC,IR.clear | OUT: 'What is your name?\nHello, Alic' | jmp 182
TICK: 002850 | PC: 00182 | STEP: 0 | IR: load 1 | A: 32 | AR: 3 | NZ: 01 | IE: 1 | PENDING: 0 | IN_INTR: 0 | DS: [] | RS: [40] | MEM: - | LATCH: IR | OUT: 'What is your name?\nHello, Alic' | fetch load 1
TICK: 002851 | PC: 00182 | STEP: 1 | IR: load 1 | A: 32 | AR: 1 | NZ: 01 | IE: 1 | PENDING: 0 | IN_INTR: 0 | DS: [] | RS: [40] | MEM: - | LATCH: AR | OUT: 'What is your name?\nHello, Alic' | load.addr 1
TICK: 002852 | PC: 00187 | STEP: 0 | IR: load 1 | A: 32 | AR: 1 | NZ: 01 | IE: 1 | PENDING: 0 | IN_INTR: 0 | DS: [1] | RS: [40] | MEM: read mem[1] | LATCH: DS.push,PC,IR.clear | OUT: 'What is your name?\nHello, Alic' | load.read
TICK: 002853 | PC: 00187 | STEP: 0 | IR: literal 0 | A: 32 | AR: 1 | NZ: 01 | IE: 1 | PENDING: 0 | IN_INTR: 0 | DS: [1] | RS: [40] | MEM: - | LATCH: IR | OUT: 'What is your name?\nHello, Alic' | fetch literal 0
TICK: 002854 | PC: 00192 | STEP: 0 | IR: literal 0 | A: 32 | AR: 1 | NZ: 01 | IE: 1 | PENDING: 0 | IN_INTR: 0 | DS: [1, 0] | RS: [40] | MEM: - | LATCH: DS.push,PC,IR.clear | OUT: 'What is your name?\nHello, Alic' | literal 0
TICK: 002855 | PC: 00192 | STEP: 0 | IR: sub | A: 32 | AR: 1 | NZ: 01 | IE: 1 | PENDING: 0 | IN_INTR: 0 | DS: [1, 0] | RS: [40] | MEM: - | LATCH: IR | OUT: 'What is your name?\nHello, Alic' | fetch sub
TICK: 002856 | PC: 00192 | STEP: 1 | IR: sub | A: 32 | AR: 1 | NZ: 01 | IE: 1 | PENDING: 0 | IN_INTR: 0 | DS: [] | RS: [40] | MEM: - | LATCH: ALU.left,ALU.right | OUT: 'What is your name?\nHello, Alic' | sub.load_operands
TICK: 002857 | PC: 00193 | STEP: 0 | IR: sub | A: 32 | AR: 1 | NZ: 00 | IE: 1 | PENDING: 0 | IN_INTR: 0 | DS: [1] | RS: [40] | MEM: - | LATCH: DS.push(ALU),PC,IR.clear | OUT: 'What is your name?\nHello, Alic' | sub.write_result
TICK: 002858 | PC: 00193 | STEP: 0 | IR: nif 203 | A: 32 | AR: 1 | NZ: 00 | IE: 1 | PENDING: 0 | IN_INTR: 0 | DS: [1] | RS: [40] | MEM: - | LATCH: IR | OUT: 'What is your name?\nHello, Alic' | fetch nif 203
TICK: 002859 | PC: 00193 | STEP: 1 | IR: nif 203 | A: 32 | AR: 1 | NZ: 00 | IE: 1 | PENDING: 0 | IN_INTR: 0 | DS: [] | RS: [40] | MEM: - | LATCH: ALU.left | OUT: 'What is your name?\nHello, Alic' | nif.test
TICK: 002860 | PC: 00203 | STEP: 0 | IR: nif 203 | A: 32 | AR: 1 | NZ: 00 | IE: 1 | PENDING: 0 | IN_INTR: 0 | DS: [] | RS: [40] | MEM: - | LATCH: PC,IR.clear | OUT: 'What is your name?\nHello, Alic' | nif.branch
TICK: 002861 | PC: 00203 | STEP: 0 | IR: load 2 | A: 32 | AR: 1 | NZ: 00 | IE: 1 | PENDING: 0 | IN_INTR: 0 | DS: [] | RS: [40] | MEM: - | LATCH: IR | OUT: 'What is your name?\nHello, Alic' | fetch load 2
TICK: 002862 | PC: 00203 | STEP: 1 | IR: load 2 | A: 32 | AR: 2 | NZ: 00 | IE: 1 | PENDING: 0 | IN_INTR: 0 | DS: [] | RS: [40] | MEM: - | LATCH: AR | OUT: 'What is your name?\nHello, Alic' | load.addr 2
TICK: 002863 | PC: 00208 | STEP: 0 | IR: load 2 | A: 32 | AR: 2 | NZ: 00 | IE: 1 | PENDING: 0 | IN_INTR: 0 | DS: [0] | RS: [40] | MEM: read mem[2] | LATCH: DS.push,PC,IR.clear | OUT: 'What is your name?\nHello, Alic' | load.read
TICK: 002864 | PC: 00208 | STEP: 0 | IR: literal 0 | A: 32 | AR: 2 | NZ: 00 | IE: 1 | PENDING: 0 | IN_INTR: 0 | DS: [0] | RS: [40] | MEM: - | LATCH: IR | OUT: 'What is your name?\nHello, Alic' | fetch literal 0
TICK: 002865 | PC: 00213 | STEP: 0 | IR: literal 0 | A: 32 | AR: 2 | NZ: 00 | IE: 1 | PENDING: 0 | IN_INTR: 0 | DS: [0, 0] | RS: [40] | MEM: - | LATCH: DS.push,PC,IR.clear | OUT: 'What is your name?\nHello, Alic' | literal 0
TICK: 002866 | PC: 00213 | STEP: 0 | IR: sub | A: 32 | AR: 2 | NZ: 00 | IE: 1 | PENDING: 0 | IN_INTR: 0 | DS: [0, 0] | RS: [40] | MEM: - | LATCH: IR | OUT: 'What is your name?\nHello, Alic' | fetch sub
TICK: 002867 | PC: 00213 | STEP: 1 | IR: sub | A: 32 | AR: 2 | NZ: 00 | IE: 1 | PENDING: 0 | IN_INTR: 0 | DS: [] | RS: [40] | MEM: - | LATCH: ALU.left,ALU.right | OUT: 'What is your name?\nHello, Alic' | sub.load_operands
TICK: 002868 | PC: 00214 | STEP: 0 | IR: sub | A: 32 | AR: 2 | NZ: 01 | IE: 1 | PENDING: 0 | IN_INTR: 0 | DS: [0] | RS: [40] | MEM: - | LATCH: DS.push(ALU),PC,IR.clear | OUT: 'What is your name?\nHello, Alic' | sub.write_result
TICK: 002869 | PC: 00214 | STEP: 0 | IR: nif 247 | A: 32 | AR: 2 | NZ: 01 | IE: 1 | PENDING: 0 | IN_INTR: 0 | DS: [0] | RS: [40] | MEM: - | LATCH: IR | OUT: 'What is your name?\nHello, Alic' | fetch nif 247
TICK: 002870 | PC: 00214 | STEP: 1 | IR: nif 247 | A: 32 | AR: 2 | NZ: 01 | IE: 1 | PENDING: 0 | IN_INTR: 0 | DS: [] | RS: [40] | MEM: - | LATCH: ALU.left | OUT: 'What is your name?\nHello, Alic' | nif.test
TICK: 002871 | PC: 00219 | STEP: 0 | IR: nif 247 | A: 32 | AR: 2 | NZ: 01 | IE: 1 | PENDING: 0 | IN_INTR: 0 | DS: [] | RS: [40] | MEM: - | LATCH: PC,IR.clear | OUT: 'What is your name?\nHello, Alic' | nif.branch
TICK: 002872 | PC: 00219 | STEP: 0 | IR: load 3 | A: 32 | AR: 2 | NZ: 01 | IE: 1 | PENDING: 0 | IN_INTR: 0 | DS: [] | RS: [40] | MEM: - | LATCH: IR | OUT: 'What is your name?\nHello, Alic' | fetch load 3
TICK: 002873 | PC: 00219 | STEP: 1 | IR: load 3 | A: 32 | AR: 3 | NZ: 01 | IE: 1 | PENDING: 0 | IN_INTR: 0 | DS: [] | RS: [40] | MEM: - | LATCH: AR | OUT: 'What is your name?\nHello, Alic' | load.addr 3
TICK: 002874 | PC: 00224 | STEP: 0 | IR: load 3 | A: 32 | AR: 3 | NZ: 01 | IE: 1 | PENDING: 0 | IN_INTR: 0 | DS: [101] | RS: [40] | MEM: read mem[3] | LATCH: DS.push,PC,IR.clear | OUT: 'What is your name?\nHello, Alic' | load.read
TICK: 002875 | PC: 00224 | STEP: 0 | IR: store 31999 | A: 32 | AR: 3 | NZ: 01 | IE: 1 | PENDING: 0 | IN_INTR: 0 | DS: [101] | RS: [40] | MEM: - | LATCH: IR | OUT: 'What is your name?\nHello, Alic' | fetch store 31999
TICK: 002876 | PC: 00224 | STEP: 1 | IR: store 31999 | A: 32 | AR: 31999 | NZ: 01 | IE: 1 | PENDING: 0 | IN_INTR: 0 | DS: [101] | RS: [40] | MEM: - | LATCH: AR | OUT: 'What is your name?\nHello, Alic' | store.addr 31999
TICK: 002877 | PC: 00229 | STEP: 0 | IR: store 31999 | A: 32 | AR: 31999 | NZ: 01 | IE: 1 | PENDING: 0 | IN_INTR: 0 | DS: [] | RS: [40] | MEM: write mem[31999] <- 101 | LATCH: OUT,PC,IR.clear | OUT: 'What is your name?\nHello, Alice' | store.write
TICK: 002878 | PC: 00229 | STEP: 0 | IR: literal 0 | A: 32 | AR: 31999 | NZ: 01 | IE: 1 | PENDING: 0 | IN_INTR: 0 | DS: [] | RS: [40] | MEM: - | LATCH: IR | OUT: 'What is your name?\nHello, Alice' | fetch literal 0
TICK: 002879 | PC: 00234 | STEP: 0 | IR: literal 0 | A: 32 | AR: 31999 | NZ: 01 | IE: 1 | PENDING: 0 | IN_INTR: 0 | DS: [0] | RS: [40] | MEM: - | LATCH: DS.push,PC,IR.clear | OUT: 'What is your name?\nHello, Alice' | literal 0
TICK: 002880 | PC: 00234 | STEP: 0 | IR: drop | A: 32 | AR: 31999 | NZ: 01 | IE: 1 | PENDING: 0 | IN_INTR: 0 | DS: [0] | RS: [40] | MEM: - | LATCH: IR | OUT: 'What is your name?\nHello, Alice' | fetch drop
TICK: 002881 | PC: 00235 | STEP: 0 | IR: drop | A: 32 | AR: 31999 | NZ: 01 | IE: 1 | PENDING: 0 | IN_INTR: 0 | DS: [] | RS: [40] | MEM: - | LATCH: PC,IR.clear | OUT: 'What is your name?\nHello, Alice' | drop
TICK: 002882 | PC: 00235 | STEP: 0 | IR: literal 0 | A: 32 | AR: 31999 | NZ: 01 | IE: 1 | PENDING: 0 | IN_INTR: 0 | DS: [] | RS: [40] | MEM: - | LATCH: IR | OUT: 'What is your name?\nHello, Alice' | fetch literal 0
TICK: 002883 | PC: 00240 | STEP: 0 | IR: literal 0 | A: 32 | AR: 31999 | NZ: 01 | IE: 1 | PENDING: 0 | IN_INTR: 0 | DS: [0] | RS: [40] | MEM: - | LATCH: DS.push,PC,IR.clear | OUT: 'What is your name?\nHello, Alice' | literal 0
TICK: 002884 | PC: 00240 | STEP: 0 | IR: dup | A: 32 | AR: 31999 | NZ: 01 | IE: 1 | PENDING: 0 | IN_INTR: 0 | DS: [0] | RS: [40] | MEM: - | LATCH: IR | OUT: 'What is your name?\nHello, Alice' | fetch dup
TICK: 002885 | PC: 00241 | STEP: 0 | IR: dup | A: 32 | AR: 31999 | NZ: 01 | IE: 1 | PENDING: 0 | IN_INTR: 0 | DS: [0, 0] | RS: [40] | MEM: - | LATCH: DS.dup,PC,IR.clear | OUT: 'What is your name?\nHello, Alice' | dup
TICK: 002886 | PC: 00241 | STEP: 0 | IR: store 1 | A: 32 | AR: 31999 | NZ: 01 | IE: 1 | PENDING: 0 | IN_INTR: 0 | DS: [0, 0] | RS: [40] | MEM: - | LATCH: IR | OUT: 'What is your name?\nHello, Alice' | fetch store 1
TICK: 002887 | PC: 00241 | STEP: 1 | IR: store 1 | A: 32 | AR: 1 | NZ: 01 | IE: 1 | PENDING: 0 | IN_INTR: 0 | DS: [0, 0] | RS: [40] | MEM: - | LATCH: AR | OUT: 'What is your name?\nHello, Alice' | store.addr 1
TICK: 002888 | PC: 00246 | STEP: 0 | IR: store 1 | A: 32 | AR: 1 | NZ: 01 | IE: 1 | PENDING: 0 | IN_INTR: 0 | DS: [0] | RS: [40] | MEM: write mem[1] <- 0 | LATCH: MEM,PC,IR.clear | OUT: 'What is your name?\nHello, Alice' | store.write
TICK: 002889 | PC: 00246 | STEP: 0 | IR: drop | A: 32 | AR: 1 | NZ: 01 | IE: 1 | PENDING: 0 | IN_INTR: 0 | DS: [0] | RS: [40] | MEM: - | LATCH: IR | OUT: 'What is your name?\nHello, Alice' | fetch drop
TICK: 002890 | PC: 00247 | STEP: 0 | IR: drop | A: 32 | AR: 1 | NZ: 01 | IE: 1 | PENDING: 0 | IN_INTR: 0 | DS: [] | RS: [40] | MEM: - | LATCH: PC,IR.clear | OUT: 'What is your name?\nHello, Alice' | drop
TICK: 002891 | PC: 00247 | STEP: 0 | IR: jmp 166 | A: 32 | AR: 1 | NZ: 01 | IE: 1 | PENDING: 0 | IN_INTR: 0 | DS: [] | RS: [40] | MEM: - | LATCH: IR | OUT: 'What is your name?\nHello, Alice' | fetch jmp 166
TICK: 002892 | PC: 00166 | STEP: 0 | IR: jmp 166 | A: 32 | AR: 1 | NZ: 01 | IE: 1 | PENDING: 0 | IN_INTR: 0 | DS: [] | RS: [40] | MEM: - | LATCH: PC,IR.clear | OUT: 'What is your name?\nHello, Alice' | jmp 166
TICK: 002893 | PC: 00166 | STEP: 0 | IR: load 2 | A: 32 | AR: 1 | NZ: 01 | IE: 1 | PENDING: 0 | IN_INTR: 0 | DS: [] | RS: [40] | MEM: - | LATCH: IR | OUT: 'What is your name?\nHello, Alice' | fetch load 2
TICK: 002894 | PC: 00166 | STEP: 1 | IR: load 2 | A: 32 | AR: 2 | NZ: 01 | IE: 1 | PENDING: 0 | IN_INTR: 0 | DS: [] | RS: [40] | MEM: - | LATCH: AR | OUT: 'What is your name?\nHello, Alice' | load.addr 2
TICK: 002895 | PC: 00171 | STEP: 0 | IR: load 2 | A: 32 | AR: 2 | NZ: 01 | IE: 1 | PENDING: 0 | IN_INTR: 0 | DS: [0] | RS: [40] | MEM: read mem[2] | LATCH: DS.push,PC,IR.clear | OUT: 'What is your name?\nHello, Alice' | load.read
TICK: 002896 | PC: 00171 | STEP: 0 | IR: literal 0 | A: 32 | AR: 2 | NZ: 01 | IE: 1 | PENDING: 0 | IN_INTR: 0 | DS: [0] | RS: [40] | MEM: - | LATCH: IR | OUT: 'What is your name?\nHello, Alice' | fetch literal 0
TICK: 002897 | PC: 00176 | STEP: 0 | IR: literal 0 | A: 32 | AR: 2 | NZ: 01 | IE: 1 | PENDING: 0 | IN_INTR: 0 | DS: [0, 0] | RS: [40] | MEM: - | LATCH: DS.push,PC,IR.clear | OUT: 'What is your name?\nHello, Alice' | literal 0
TICK: 002898 | PC: 00176 | STEP: 0 | IR: sub | A: 32 | AR: 2 | NZ: 01 | IE: 1 | PENDING: 0 | IN_INTR: 0 | DS: [0, 0] | RS: [40] | MEM: - | LATCH: IR | OUT: 'What is your name?\nHello, Alice' | fetch sub
TICK: 002899 | PC: 00176 | STEP: 1 | IR: sub | A: 32 | AR: 2 | NZ: 01 | IE: 1 | PENDING: 0 | IN_INTR: 0 | DS: [] | RS: [40] | MEM: - | LATCH: ALU.left,ALU.right | OUT: 'What is your name?\nHello, Alice' | sub.load_operands
TICK: 002900 | PC: 00177 | STEP: 0 | IR: sub | A: 32 | AR: 2 | NZ: 01 | IE: 1 | PENDING: 0 | IN_INTR: 0 | DS: [0] | RS: [40] | MEM: - | LATCH: DS.push(ALU),PC,IR.clear | OUT: 'What is your name?\nHello, Alice' | sub.write_result
TICK: 002901 | PC: 00177 | STEP: 0 | IR: nif 252 | A: 32 | AR: 2 | NZ: 01 | IE: 1 | PENDING: 0 | IN_INTR: 0 | DS: [0] | RS: [40] | MEM: - | LATCH: IR | OUT: 'What is your name?\nHello, Alice' | fetch nif 252
TICK: 002902 | PC: 00177 | STEP: 1 | IR: nif 252 | A: 32 | AR: 2 | NZ: 01 | IE: 1 | PENDING: 0 | IN_INTR: 0 | DS: [] | RS: [40] | MEM: - | LATCH: ALU.left | OUT: 'What is your name?\nHello, Alice' | nif.test
TICK: 002903 | PC: 00182 | STEP: 0 | IR: nif 252 | A: 32 | AR: 2 | NZ: 01 | IE: 1 | PENDING: 0 | IN_INTR: 0 | DS: [] | RS: [40] | MEM: - | LATCH: PC,IR.clear | OUT: 'What is your name?\nHello, Alice' | nif.branch
TICK: 002904 | PC: 00182 | STEP: 0 | IR: load 1 | A: 32 | AR: 2 | NZ: 01 | IE: 1 | PENDING: 0 | IN_INTR: 0 | DS: [] | RS: [40] | MEM: - | LATCH: IR | OUT: 'What is your name?\nHello, Alice' | fetch load 1
TICK: 002905 | PC: 00182 | STEP: 1 | IR: load 1 | A: 32 | AR: 1 | NZ: 01 | IE: 1 | PENDING: 0 | IN_INTR: 0 | DS: [] | RS: [40] | MEM: - | LATCH: AR | OUT: 'What is your name?\nHello, Alice' | load.addr 1
TICK: 002906 | PC: 00187 | STEP: 0 | IR: load 1 | A: 32 | AR: 1 | NZ: 01 | IE: 1 | PENDING: 0 | IN_INTR: 0 | DS: [0] | RS: [40] | MEM: read mem[1] | LATCH: DS.push,PC,IR.clear | OUT: 'What is your name?\nHello, Alice' | load.read
TICK: 002907 | PC: 00187 | STEP: 0 | IR: literal 0 | A: 32 | AR: 1 | NZ: 01 | IE: 1 | PENDING: 0 | IN_INTR: 0 | DS: [0] | RS: [40] | MEM: - | LATCH: IR | OUT: 'What is your name?\nHello, Alice' | fetch literal 0
TICK: 002908 | PC: 00192 | STEP: 0 | IR: literal 0 | A: 32 | AR: 1 | NZ: 01 | IE: 1 | PENDING: 0 | IN_INTR: 0 | DS: [0, 0] | RS: [40] | MEM: - | LATCH: DS.push,PC,IR.clear | OUT: 'What is your name?\nHello, Alice' | literal 0
TICK: 002909 | PC: 00192 | STEP: 0 | IR: sub | A: 32 | AR: 1 | NZ: 01 | IE: 1 | PENDING: 0 | IN_INTR: 0 | DS: [0, 0] | RS: [40] | MEM: - | LATCH: IR | OUT: 'What is your name?\nHello, Alice' | fetch sub
TICK: 002910 | PC: 00192 | STEP: 1 | IR: sub | A: 32 | AR: 1 | NZ: 01 | IE: 1 | PENDING: 0 | IN_INTR: 0 | DS: [] | RS: [40] | MEM: - | LATCH: ALU.left,ALU.right | OUT: 'What is your name?\nHello, Alice' | sub.load_operands
TICK: 002911 | PC: 00193 | STEP: 0 | IR: sub | A: 32 | AR: 1 | NZ: 01 | IE: 1 | PENDING: 0 | IN_INTR: 0 | DS: [0] | RS: [40] | MEM: - | LATCH: DS.push(ALU),PC,IR.clear | OUT: 'What is your name?\nHello, Alice' | sub.write_result
TICK: 002912 | PC: 00193 | STEP: 0 | IR: nif 203 | A: 32 | AR: 1 | NZ: 01 | IE: 1 | PENDING: 0 | IN_INTR: 0 | DS: [0] | RS: [40] | MEM: - | LATCH: IR | OUT: 'What is your name?\nHello, Alice' | fetch nif 203
TICK: 002913 | PC: 00193 | STEP: 1 | IR: nif 203 | A: 32 | AR: 1 | NZ: 01 | IE: 1 | PENDING: 0 | IN_INTR: 0 | DS: [] | RS: [40] | MEM: - | LATCH: ALU.left | OUT: 'What is your name?\nHello, Alice' | nif.test
TICK: 002914 | PC: 00198 | STEP: 0 | IR: nif 203 | A: 32 | AR: 1 | NZ: 01 | IE: 1 | PENDING: 0 | IN_INTR: 0 | DS: [] | RS: [40] | MEM: - | LATCH: PC,IR.clear | OUT: 'What is your name?\nHello, Alice' | nif.branch
TICK: 002915 | PC: 00198 | STEP: 0 | IR: jmp 182 | A: 32 | AR: 1 | NZ: 01 | IE: 1 | PENDING: 0 | IN_INTR: 0 | DS: [] | RS: [40] | MEM: - | LATCH: IR | OUT: 'What is your name?\nHello, Alice' | fetch jmp 182
TICK: 002916 | PC: 00182 | STEP: 0 | IR: jmp 182 | A: 32 | AR: 1 | NZ: 01 | IE: 1 | PENDING: 0 | IN_INTR: 0 | DS: [] | RS: [40] | MEM: - | LATCH: PC,IR.clear | OUT: 'What is your name?\nHello, Alice' | jmp 182
TICK: 002917 | PC: 00182 | STEP: 0 | IR: load 1 | A: 32 | AR: 1 | NZ: 01 | IE: 1 | PENDING: 0 | IN_INTR: 0 | DS: [] | RS: [40] | MEM: - | LATCH: IR | OUT: 'What is your name?\nHello, Alice' | fetch load 1
TICK: 002918 | PC: 00182 | STEP: 1 | IR: load 1 | A: 32 | AR: 1 | NZ: 01 | IE: 1 | PENDING: 0 | IN_INTR: 0 | DS: [] | RS: [40] | MEM: - | LATCH: AR | OUT: 'What is your name?\nHello, Alice' | load.addr 1
TICK: 002919 | PC: 00187 | STEP: 0 | IR: load 1 | A: 32 | AR: 1 | NZ: 01 | IE: 1 | PENDING: 0 | IN_INTR: 0 | DS: [0] | RS: [40] | MEM: read mem[1] | LATCH: DS.push,PC,IR.clear | OUT: 'What is your name?\nHello, Alice' | load.read
TICK: 002920 | PC: 00187 | STEP: 0 | IR: literal 0 | A: 32 | AR: 1 | NZ: 01 | IE: 1 | PENDING: 0 | IN_INTR: 0 | DS: [0] | RS: [40] | MEM: - | LATCH: IR | OUT: 'What is your name?\nHello, Alice' | fetch literal 0
TICK: 002921 | PC: 00192 | STEP: 0 | IR: literal 0 | A: 32 | AR: 1 | NZ: 01 | IE: 1 | PENDING: 0 | IN_INTR: 0 | DS: [0, 0] | RS: [40] | MEM: - | LATCH: DS.push,PC,IR.clear | OUT: 'What is your name?\nHello, Alice' | literal 0
TICK: 002922 | PC: 00192 | STEP: 0 | IR: sub | A: 32 | AR: 1 | NZ: 01 | IE: 1 | PENDING: 0 | IN_INTR: 0 | DS: [0, 0] | RS: [40] | MEM: - | LATCH: IR | OUT: 'What is your name?\nHello, Alice' | fetch sub
TICK: 002923 | PC: 00192 | STEP: 1 | IR: sub | A: 32 | AR: 1 | NZ: 01 | IE: 1 | PENDING: 0 | IN_INTR: 0 | DS: [] | RS: [40] | MEM: - | LATCH: ALU.left,ALU.right | OUT: 'What is your name?\nHello, Alice' | sub.load_operands
TICK: 002924 | PC: 00193 | STEP: 0 | IR: sub | A: 32 | AR: 1 | NZ: 01 | IE: 1 | PENDING: 0 | IN_INTR: 0 | DS: [0] | RS: [40] | MEM: - | LATCH: DS.push(ALU),PC,IR.clear | OUT: 'What is your name?\nHello, Alice' | sub.write_result
TICK: 002925 | PC: 00193 | STEP: 0 | IR: nif 203 | A: 32 | AR: 1 | NZ: 01 | IE: 1 | PENDING: 0 | IN_INTR: 0 | DS: [0] | RS: [40] | MEM: - | LATCH: IR | OUT: 'What is your name?\nHello, Alice' | fetch nif 203
TICK: 002926 | PC: 00193 | STEP: 1 | IR: nif 203 | A: 32 | AR: 1 | NZ: 01 | IE: 1 | PENDING: 0 | IN_INTR: 0 | DS: [] | RS: [40] | MEM: - | LATCH: ALU.left | OUT: 'What is your name?\nHello, Alice' | nif.test
TICK: 002927 | PC: 00198 | STEP: 0 | IR: nif 203 | A: 32 | AR: 1 | NZ: 01 | IE: 1 | PENDING: 0 | IN_INTR: 0 | DS: [] | RS: [40] | MEM: - | LATCH: PC,IR.clear | OUT: 'What is your name?\nHello, Alice' | nif.branch
TICK: 002928 | PC: 00198 | STEP: 0 | IR: jmp 182 | A: 32 | AR: 1 | NZ: 01 | IE: 1 | PENDING: 0 | IN_INTR: 0 | DS: [] | RS: [40] | MEM: - | LATCH: IR | OUT: 'What is your name?\nHello, Alice' | fetch jmp 182
TICK: 002929 | PC: 00182 | STEP: 0 | IR: jmp 182 | A: 32 | AR: 1 | NZ: 01 | IE: 1 | PENDING: 0 | IN_INTR: 0 | DS: [] | RS: [40] | MEM: - | LATCH: PC,IR.clear | OUT: 'What is your name?\nHello, Alice' | jmp 182
TICK: 002930 | PC: 00182 | STEP: 0 | IR: load 1 | A: 32 | AR: 1 | NZ: 01 | IE: 1 | PENDING: 0 | IN_INTR: 0 | DS: [] | RS: [40] | MEM: - | LATCH: IR | OUT: 'What is your name?\nHello, Alice' | fetch load 1
TICK: 002931 | PC: 00182 | STEP: 1 | IR: load 1 | A: 32 | AR: 1 | NZ: 01 | IE: 1 | PENDING: 0 | IN_INTR: 0 | DS: [] | RS: [40] | MEM: - | LATCH: AR | OUT: 'What is your name?\nHello, Alice' | load.addr 1
TICK: 002932 | PC: 00187 | STEP: 0 | IR: load 1 | A: 32 | AR: 1 | NZ: 01 | IE: 1 | PENDING: 0 | IN_INTR: 0 | DS: [0] | RS: [40] | MEM: read mem[1] | LATCH: DS.push,PC,IR.clear | OUT: 'What is your name?\nHello, Alice' | load.read
TICK: 002933 | PC: 00187 | STEP: 0 | IR: literal 0 | A: 32 | AR: 1 | NZ: 01 | IE: 1 | PENDING: 0 | IN_INTR: 0 | DS: [0] | RS: [40] | MEM: - | LATCH: IR | OUT: 'What is your name?\nHello, Alice' | fetch literal 0
TICK: 002934 | PC: 00192 | STEP: 0 | IR: literal 0 | A: 32 | AR: 1 | NZ: 01 | IE: 1 | PENDING: 0 | IN_INTR: 0 | DS: [0, 0] | RS: [40] | MEM: - | LATCH: DS.push,PC,IR.clear | OUT: 'What is your name?\nHello, Alice' | literal 0
TICK: 002935 | PC: 00192 | STEP: 0 | IR: sub | A: 32 | AR: 1 | NZ: 01 | IE: 1 | PENDING: 0 | IN_INTR: 0 | DS: [0, 0] | RS: [40] | MEM: - | LATCH: IR | OUT: 'What is your name?\nHello, Alice' | fetch sub
TICK: 002936 | PC: 00192 | STEP: 1 | IR: sub | A: 32 | AR: 1 | NZ: 01 | IE: 1 | PENDING: 0 | IN_INTR: 0 | DS: [] | RS: [40] | MEM: - | LATCH: ALU.left,ALU.right | OUT: 'What is your name?\nHello, Alice' | sub.load_operands
TICK: 002937 | PC: 00193 | STEP: 0 | IR: sub | A: 32 | AR: 1 | NZ: 01 | IE: 1 | PENDING: 0 | IN_INTR: 0 | DS: [0] | RS: [40] | MEM: - | LATCH: DS.push(ALU),PC,IR.clear | OUT: 'What is your name?\nHello, Alice' | sub.write_result
TICK: 002938 | PC: 00193 | STEP: 0 | IR: nif 203 | A: 32 | AR: 1 | NZ: 01 | IE: 1 | PENDING: 0 | IN_INTR: 0 | DS: [0] | RS: [40] | MEM: - | LATCH: IR | OUT: 'What is your name?\nHello, Alice' | fetch nif 203
TICK: 002939 | PC: 00193 | STEP: 1 | IR: nif 203 | A: 32 | AR: 1 | NZ: 01 | IE: 1 | PENDING: 0 | IN_INTR: 0 | DS: [] | RS: [40] | MEM: - | LATCH: ALU.left | OUT: 'What is your name?\nHello, Alice' | nif.test
TICK: 002940 | PC: 00198 | STEP: 0 | IR: nif 203 | A: 32 | AR: 1 | NZ: 01 | IE: 1 | PENDING: 0 | IN_INTR: 0 | DS: [] | RS: [40] | MEM: - | LATCH: PC,IR.clear | OUT: 'What is your name?\nHello, Alice' | nif.branch
TICK: 002941 | PC: 00198 | STEP: 0 | IR: jmp 182 | A: 32 | AR: 1 | NZ: 01 | IE: 1 | PENDING: 0 | IN_INTR: 0 | DS: [] | RS: [40] | MEM: - | LATCH: IR | OUT: 'What is your name?\nHello, Alice' | fetch jmp 182
TICK: 002942 | PC: 00182 | STEP: 0 | IR: jmp 182 | A: 32 | AR: 1 | NZ: 01 | IE: 1 | PENDING: 0 | IN_INTR: 0 | DS: [] | RS: [40] | MEM: - | LATCH: PC,IR.clear | OUT: 'What is your name?\nHello, Alice' | jmp 182
TICK: 002943 | PC: 00182 | STEP: 0 | IR: load 1 | A: 32 | AR: 1 | NZ: 01 | IE: 1 | PENDING: 0 | IN_INTR: 0 | DS: [] | RS: [40] | MEM: - | LATCH: IR | OUT: 'What is your name?\nHello, Alice' | fetch load 1
TICK: 002944 | PC: 00182 | STEP: 1 | IR: load 1 | A: 32 | AR: 1 | NZ: 01 | IE: 1 | PENDING: 0 | IN_INTR: 0 | DS: [] | RS: [40] | MEM: - | LATCH: AR | OUT: 'What is your name?\nHello, Alice' | load.addr 1
TICK: 002945 | PC: 00187 | STEP: 0 | IR: load 1 | A: 32 | AR: 1 | NZ: 01 | IE: 1 | PENDING: 0 | IN_INTR: 0 | DS: [0] | RS: [40] | MEM: read mem[1] | LATCH: DS.push,PC,IR.clear | OUT: 'What is your name?\nHello, Alice' | load.read
TICK: 002946 | PC: 00187 | STEP: 0 | IR: literal 0 | A: 32 | AR: 1 | NZ: 01 | IE: 1 | PENDING: 0 | IN_INTR: 0 | DS: [0] | RS: [40] | MEM: - | LATCH: IR | OUT: 'What is your name?\nHello, Alice' | fetch literal 0
TICK: 002947 | PC: 00192 | STEP: 0 | IR: literal 0 | A: 32 | AR: 1 | NZ: 01 | IE: 1 | PENDING: 0 | IN_INTR: 0 | DS: [0, 0] | RS: [40] | MEM: - | LATCH: DS.push,PC,IR.clear | OUT: 'What is your name?\nHello, Alice' | literal 0
TICK: 002948 | PC: 00192 | STEP: 0 | IR: sub | A: 32 | AR: 1 | NZ: 01 | IE: 1 | PENDING: 0 | IN_INTR: 0 | DS: [0, 0] | RS: [40] | MEM: - | LATCH: IR | OUT: 'What is your name?\nHello, Alice' | fetch sub
TICK: 002949 | PC: 00192 | STEP: 1 | IR: sub | A: 32 | AR: 1 | NZ: 01 | IE: 1 | PENDING: 0 | IN_INTR: 0 | DS: [] | RS: [40] | MEM: - | LATCH: ALU.left,ALU.right | OUT: 'What is your name?\nHello, Alice' | sub.load_operands
TICK: 002950 | PC: 00193 | STEP: 0 | IR: sub | A: 32 | AR: 1 | NZ: 01 | IE: 1 | PENDING: 0 | IN_INTR: 0 | DS: [0] | RS: [40] | MEM: - | LATCH: DS.push(ALU),PC,IR.clear | OUT: 'What is your name?\nHello, Alice' | sub.write_result
TICK: 002951 | PC: 00193 | STEP: 0 | IR: nif 203 | A: 32 | AR: 1 | NZ: 01 | IE: 1 | PENDING: 0 | IN_INTR: 0 | DS: [0] | RS: [40] | MEM: - | LATCH: IR | OUT: 'What is your name?\nHello, Alice' | fetch nif 203
TICK: 002952 | PC: 00193 | STEP: 1 | IR: nif 203 | A: 32 | AR: 1 | NZ: 01 | IE: 1 | PENDING: 0 | IN_INTR: 0 | DS: [] | RS: [40] | MEM: - | LATCH: ALU.left | OUT: 'What is your name?\nHello, Alice' | nif.test
TICK: 002953 | PC: 00198 | STEP: 0 | IR: nif 203 | A: 32 | AR: 1 | NZ: 01 | IE: 1 | PENDING: 0 | IN_INTR: 0 | DS: [] | RS: [40] | MEM: - | LATCH: PC,IR.clear | OUT: 'What is your name?\nHello, Alice' | nif.branch
TICK: 002954 | PC: 00198 | STEP: 0 | IR: jmp 182 | A: 32 | AR: 1 | NZ: 01 | IE: 1 | PENDING: 0 | IN_INTR: 0 | DS: [] | RS: [40] | MEM: - | LATCH: IR | OUT: 'What is your name?\nHello, Alice' | fetch jmp 182
TICK: 002955 | PC: 00182 | STEP: 0 | IR: jmp 182 | A: 32 | AR: 1 | NZ: 01 | IE: 1 | PENDING: 0 | IN_INTR: 0 | DS: [] | RS: [40] | MEM: - | LATCH: PC,IR.clear | OUT: 'What is your name?\nHello, Alice' | jmp 182
TICK: 002956 | PC: 00182 | STEP: 0 | IR: load 1 | A: 32 | AR: 1 | NZ: 01 | IE: 1 | PENDING: 0 | IN_INTR: 0 | DS: [] | RS: [40] | MEM: - | LATCH: IR | OUT: 'What is your name?\nHello, Alice' | fetch load 1
TICK: 002957 | PC: 00182 | STEP: 1 | IR: load 1 | A: 32 | AR: 1 | NZ: 01 | IE: 1 | PENDING: 0 | IN_INTR: 0 | DS: [] | RS: [40] | MEM: - | LATCH: AR | OUT: 'What is your name?\nHello, Alice' | load.addr 1
TICK: 002958 | PC: 00187 | STEP: 0 | IR: load 1 | A: 32 | AR: 1 | NZ: 01 | IE: 1 | PENDING: 0 | IN_INTR: 0 | DS: [0] | RS: [40] | MEM: read mem[1] | LATCH: DS.push,PC,IR.clear | OUT: 'What is your name?\nHello, Alice' | load.read
TICK: 002959 | PC: 00187 | STEP: 0 | IR: literal 0 | A: 32 | AR: 1 | NZ: 01 | IE: 1 | PENDING: 0 | IN_INTR: 0 | DS: [0] | RS: [40] | MEM: - | LATCH: IR | OUT: 'What is your name?\nHello, Alice' | fetch literal 0
TICK: 002960 | PC: 00192 | STEP: 0 | IR: literal 0 | A: 32 | AR: 1 | NZ: 01 | IE: 1 | PENDING: 0 | IN_INTR: 0 | DS: [0, 0] | RS: [40] | MEM: - | LATCH: DS.push,PC,IR.clear | OUT: 'What is your name?\nHello, Alice' | literal 0
TICK: 002961 | PC: 00192 | STEP: 0 | IR: sub | A: 32 | AR: 1 | NZ: 01 | IE: 1 | PENDING: 0 | IN_INTR: 0 | DS: [0, 0] | RS: [40] | MEM: - | LATCH: IR | OUT: 'What is your name?\nHello, Alice' | fetch sub
TICK: 002962 | PC: 00192 | STEP: 1 | IR: sub | A: 32 | AR: 1 | NZ: 01 | IE: 1 | PENDING: 0 | IN_INTR: 0 | DS: [] | RS: [40] | MEM: - | LATCH: ALU.left,ALU.right | OUT: 'What is your name?\nHello, Alice' | sub.load_operands
TICK: 002963 | PC: 00193 | STEP: 0 | IR: sub | A: 32 | AR: 1 | NZ: 01 | IE: 1 | PENDING: 0 | IN_INTR: 0 | DS: [0] | RS: [40] | MEM: - | LATCH: DS.push(ALU),PC,IR.clear | OUT: 'What is your name?\nHello, Alice' | sub.write_result
TICK: 002964 | PC: 00193 | STEP: 0 | IR: nif 203 | A: 32 | AR: 1 | NZ: 01 | IE: 1 | PENDING: 0 | IN_INTR: 0 | DS: [0] | RS: [40] | MEM: - | LATCH: IR | OUT: 'What is your name?\nHello, Alice' | fetch nif 203
TICK: 002965 | PC: 00193 | STEP: 1 | IR: nif 203 | A: 32 | AR: 1 | NZ: 01 | IE: 1 | PENDING: 0 | IN_INTR: 0 | DS: [] | RS: [40] | MEM: - | LATCH: ALU.left | OUT: 'What is your name?\nHello, Alice' | nif.test
TICK: 002966 | PC: 00198 | STEP: 0 | IR: nif 203 | A: 32 | AR: 1 | NZ: 01 | IE: 1 | PENDING: 0 | IN_INTR: 0 | DS: [] | RS: [40] | MEM: - | LATCH: PC,IR.clear | OUT: 'What is your name?\nHello, Alice' | nif.branch
TICK: 002967 | PC: 00198 | STEP: 0 | IR: jmp 182 | A: 32 | AR: 1 | NZ: 01 | IE: 1 | PENDING: 0 | IN_INTR: 0 | DS: [] | RS: [40] | MEM: - | LATCH: IR | OUT: 'What is your name?\nHello, Alice' | fetch jmp 182
TICK: 002968 | PC: 00182 | STEP: 0 | IR: jmp 182 | A: 32 | AR: 1 | NZ: 01 | IE: 1 | PENDING: 0 | IN_INTR: 0 | DS: [] | RS: [40] | MEM: - | LATCH: PC,IR.clear | OUT: 'What is your name?\nHello, Alice' | jmp 182
TICK: 002969 | PC: 00182 | STEP: 0 | IR: load 1 | A: 32 | AR: 1 | NZ: 01 | IE: 1 | PENDING: 0 | IN_INTR: 0 | DS: [] | RS: [40] | MEM: - | LATCH: IR | OUT: 'What is your name?\nHello, Alice' | fetch load 1
TICK: 002970 | PC: 00182 | STEP: 1 | IR: load 1 | A: 32 | AR: 1 | NZ: 01 | IE: 1 | PENDING: 0 | IN_INTR: 0 | DS: [] | RS: [40] | MEM: - | LATCH: AR | OUT: 'What is your name?\nHello, Alice' | load.addr 1
TICK: 002971 | PC: 00187 | STEP: 0 | IR: load 1 | A: 32 | AR: 1 | NZ: 01 | IE: 1 | PENDING: 0 | IN_INTR: 0 | DS: [0] | RS: [40] | MEM: read mem[1] | LATCH: DS.push,PC,IR.clear | OUT: 'What is your name?\nHello, Alice' | load.read
TICK: 002972 | PC: 00187 | STEP: 0 | IR: literal 0 | A: 32 | AR: 1 | NZ: 01 | IE: 1 | PENDING: 0 | IN_INTR: 0 | DS: [0] | RS: [40] | MEM: - | LATCH: IR | OUT: 'What is your name?\nHello, Alice' | fetch literal 0
TICK: 002973 | PC: 00192 | STEP: 0 | IR: literal 0 | A: 32 | AR: 1 | NZ: 01 | IE: 1 | PENDING: 0 | IN_INTR: 0 | DS: [0, 0] | RS: [40] | MEM: - | LATCH: DS.push,PC,IR.clear | OUT: 'What is your name?\nHello, Alice' | literal 0
TICK: 002974 | PC: 00192 | STEP: 0 | IR: sub | A: 32 | AR: 1 | NZ: 01 | IE: 1 | PENDING: 0 | IN_INTR: 0 | DS: [0, 0] | RS: [40] | MEM: - | LATCH: IR | OUT: 'What is your name?\nHello, Alice' | fetch sub
TICK: 002975 | PC: 00192 | STEP: 1 | IR: sub | A: 32 | AR: 1 | NZ: 01 | IE: 1 | PENDING: 0 | IN_INTR: 0 | DS: [] | RS: [40] | MEM: - | LATCH: ALU.left,ALU.right | OUT: 'What is your name?\nHello, Alice' | sub.load_operands
TICK: 002976 | PC: 00193 | STEP: 0 | IR: sub | A: 32 | AR: 1 | NZ: 01 | IE: 1 | PENDING: 0 | IN_INTR: 0 | DS: [0] | RS: [40] | MEM: - | LATCH: DS.push(ALU),PC,IR.clear | OUT: 'What is your name?\nHello, Alice' | sub.write_result
TICK: 002977 | PC: 00193 | STEP: 0 | IR: nif 203 | A: 32 | AR: 1 | NZ: 01 | IE: 1 | PENDING: 0 | IN_INTR: 0 | DS: [0] | RS: [40] | MEM: - | LATCH: IR | OUT: 'What is your name?\nHello, Alice' | fetch nif 203
TICK: 002978 | PC: 00193 | STEP: 1 | IR: nif 203 | A: 32 | AR: 1 | NZ: 01 | IE: 1 | PENDING: 0 | IN_INTR: 0 | DS: [] | RS: [40] | MEM: - | LATCH: ALU.left | OUT: 'What is your name?\nHello, Alice' | nif.test
TICK: 002979 | PC: 00198 | STEP: 0 | IR: nif 203 | A: 32 | AR: 1 | NZ: 01 | IE: 1 | PENDING: 0 | IN_INTR: 0 | DS: [] | RS: [40] | MEM: - | LATCH: PC,IR.clear | OUT: 'What is your name?\nHello, Alice' | nif.branch
TICK: 002980 | PC: 00198 | STEP: 0 | IR: jmp 182 | A: 32 | AR: 1 | NZ: 01 | IE: 1 | PENDING: 0 | IN_INTR: 0 | DS: [] | RS: [40] | MEM: - | LATCH: IR | OUT: 'What is your name?\nHello, Alice' | fetch jmp 182
TICK: 002981 | PC: 00182 | STEP: 0 | IR: jmp 182 | A: 32 | AR: 1 | NZ: 01 | IE: 1 | PENDING: 0 | IN_INTR: 0 | DS: [] | RS: [40] | MEM: - | LATCH: PC,IR.clear | OUT: 'What is your name?\nHello, Alice' | jmp 182
TICK: 002982 | PC: 00182 | STEP: 0 | IR: load 1 | A: 32 | AR: 1 | NZ: 01 | IE: 1 | PENDING: 0 | IN_INTR: 0 | DS: [] | RS: [40] | MEM: - | LATCH: IR | OUT: 'What is your name?\nHello, Alice' | fetch load 1
TICK: 002983 | PC: 00182 | STEP: 1 | IR: load 1 | A: 32 | AR: 1 | NZ: 01 | IE: 1 | PENDING: 0 | IN_INTR: 0 | DS: [] | RS: [40] | MEM: - | LATCH: AR | OUT: 'What is your name?\nHello, Alice' | load.addr 1
TICK: 002984 | PC: 00187 | STEP: 0 | IR: load 1 | A: 32 | AR: 1 | NZ: 01 | IE: 1 | PENDING: 0 | IN_INTR: 0 | DS: [0] | RS: [40] | MEM: read mem[1] | LATCH: DS.push,PC,IR.clear | OUT: 'What is your name?\nHello, Alice' | load.read
TICK: 002985 | PC: 00187 | STEP: 0 | IR: literal 0 | A: 32 | AR: 1 | NZ: 01 | IE: 1 | PENDING: 0 | IN_INTR: 0 | DS: [0] | RS: [40] | MEM: - | LATCH: IR | OUT: 'What is your name?\nHello, Alice' | fetch literal 0
TICK: 002986 | PC: 00192 | STEP: 0 | IR: literal 0 | A: 32 | AR: 1 | NZ: 01 | IE: 1 | PENDING: 0 | IN_INTR: 0 | DS: [0, 0] | RS: [40] | MEM: - | LATCH: DS.push,PC,IR.clear | OUT: 'What is your name?\nHello, Alice' | literal 0
TICK: 002987 | PC: 00192 | STEP: 0 | IR: sub | A: 32 | AR: 1 | NZ: 01 | IE: 1 | PENDING: 0 | IN_INTR: 0 | DS: [0, 0] | RS: [40] | MEM: - | LATCH: IR | OUT: 'What is your name?\nHello, Alice' | fetch sub
TICK: 002988 | PC: 00192 | STEP: 1 | IR: sub | A: 32 | AR: 1 | NZ: 01 | IE: 1 | PENDING: 0 | IN_INTR: 0 | DS: [] | RS: [40] | MEM: - | LATCH: ALU.left,ALU.right | OUT: 'What is your name?\nHello, Alice' | sub.load_operands
TICK: 002989 | PC: 00193 | STEP: 0 | IR: sub | A: 32 | AR: 1 | NZ: 01 | IE: 1 | PENDING: 0 | IN_INTR: 0 | DS: [0] | RS: [40] | MEM: - | LATCH: DS.push(ALU),PC,IR.clear | OUT: 'What is your name?\nHello, Alice' | sub.write_result
TICK: 002990 | PC: 00193 | STEP: 0 | IR: nif 203 | A: 32 | AR: 1 | NZ: 01 | IE: 1 | PENDING: 0 | IN_INTR: 0 | DS: [0] | RS: [40] | MEM: - | LATCH: IR | OUT: 'What is your name?\nHello, Alice' | fetch nif 203
TICK: 002991 | PC: 00193 | STEP: 1 | IR: nif 203 | A: 32 | AR: 1 | NZ: 01 | IE: 1 | PENDING: 0 | IN_INTR: 0 | DS: [] | RS: [40] | MEM: - | LATCH: ALU.left | OUT: 'What is your name?\nHello, Alice' | nif.test
TICK: 002992 | PC: 00198 | STEP: 0 | IR: nif 203 | A: 32 | AR: 1 | NZ: 01 | IE: 1 | PENDING: 0 | IN_INTR: 0 | DS: [] | RS: [40] | MEM: - | LATCH: PC,IR.clear | OUT: 'What is your name?\nHello, Alice' | nif.branch
TICK: 002993 | PC: 00198 | STEP: 0 | IR: jmp 182 | A: 32 | AR: 1 | NZ: 01 | IE: 1 | PENDING: 0 | IN_INTR: 0 | DS: [] | RS: [40] | MEM: - | LATCH: IR | OUT: 'What is your name?\nHello, Alice' | fetch jmp 182
TICK: 002994 | PC: 00182 | STEP: 0 | IR: jmp 182 | A: 32 | AR: 1 | NZ: 01 | IE: 1 | PENDING: 0 | IN_INTR: 0 | DS: [] | RS: [40] | MEM: - | LATCH: PC,IR.clear | OUT: 'What is your name?\nHello, Alice' | jmp 182
TICK: 002995 | PC: 00182 | STEP: 0 | IR: load 1 | A: 32 | AR: 1 | NZ: 01 | IE: 1 | PENDING: 0 | IN_INTR: 0 | DS: [] | RS: [40] | MEM: - | LATCH: IR | OUT: 'What is your name?\nHello, Alice' | fetch load 1
TICK: 002996 | PC: 00182 | STEP: 1 | IR: load 1 | A: 32 | AR: 1 | NZ: 01 | IE: 1 | PENDING: 0 | IN_INTR: 0 | DS: [] | RS: [40] | MEM: - | LATCH: AR | OUT: 'What is your name?\nHello, Alice' | load.addr 1
TICK: 002997 | PC: 00187 | STEP: 0 | IR: load 1 | A: 32 | AR: 1 | NZ: 01 | IE: 1 | PENDING: 0 | IN_INTR: 0 | DS: [0] | RS: [40] | MEM: read mem[1] | LATCH: DS.push,PC,IR.clear | OUT: 'What is your name?\nHello, Alice' | load.read
TICK: 002998 | PC: 00187 | STEP: 0 | IR: literal 0 | A: 32 | AR: 1 | NZ: 01 | IE: 1 | PENDING: 0 | IN_INTR: 0 | DS: [0] | RS: [40] | MEM: - | LATCH: IR | OUT: 'What is your name?\nHello, Alice' | fetch literal 0
TICK: 002999 | PC: 00192 | STEP: 0 | IR: literal 0 | A: 32 | AR: 1 | NZ: 01 | IE: 1 | PENDING: 0 | IN_INTR: 0 | DS: [0, 0] | RS: [40] | MEM: - | LATCH: DS.push,PC,IR.clear | OUT: 'What is your name?\nHello, Alice' | literal 0
TICK: 003000 | PC: 00192 | STEP: 0 | IR: ---- | A: 32 | AR: 1 | NZ: 01 | IE: 0 | PENDING: 0 | IN_INTR: 1 | DS: [0, 0] | RS: [40, 192] | MEM: - | LATCH: IN_PORT,RS.push(PC) | OUT: 'What is your name?\nHello, Alice' | INT ENTRY: push PC
TICK: 003001 | PC: 00192 | STEP: 0 | IR: ---- | A: 32 | AR: 1 | NZ: 01 | IE: 0 | PENDING: 0 | IN_INTR: 1 | DS: [0, 0] | RS: [40, 192, 1] | MEM: - | LATCH: RS.push(SR) | OUT: 'What is your name?\nHello, Alice' | INT ENTRY: push SR
TICK: 003002 | PC: 00192 | STEP: 0 | IR: ---- | A: 32 | AR: 1 | NZ: 01 | IE: 0 | PENDING: 0 | IN_INTR: 1 | DS: [0, 0] | RS: [40, 192, 1, 32] | MEM: - | LATCH: RS.push(A) | OUT: 'What is your name?\nHello, Alice' | INT ENTRY: push A
TICK: 003003 | PC: 00192 | STEP: 0 | IR: ---- | A: 32 | AR: 0 | NZ: 01 | IE: 0 | PENDING: 0 | IN_INTR: 1 | DS: [0, 0] | RS: [40, 192, 1, 32] | MEM: - | LATCH: AR | OUT: 'What is your name?\nHello, Alice' | INT ENTRY: AR <- 0
TICK: 003004 | PC: 00192 | STEP: 0 | IR: ---- | A: 32 | AR: 0 | NZ: 01 | IE: 0 | PENDING: 0 | IN_INTR: 1 | DS: [0, 0, 41] | RS: [40, 192, 1, 32] | MEM: read mem[0] | LATCH: DS.push(vector) | OUT: 'What is your name?\nHello, Alice' | INT ENTRY: read vector
TICK: 003005 | PC: 00041 | STEP: 0 | IR: ---- | A: 32 | AR: 0 | NZ: 01 | IE: 0 | PENDING: 0 | IN_INTR: 1 | DS: [0, 0] | RS: [40, 192, 1, 32] | MEM: - | LATCH: PC | OUT: 'What is your name?\nHello, Alice' | INT ENTRY: PC <- vector
TICK: 003006 | PC: 00041 | STEP: 0 | IR: load 31998 | A: 32 | AR: 0 | NZ: 01 | IE: 0 | PENDING: 0 | IN_INTR: 1 | DS: [0, 0] | RS: [40, 192, 1, 32] | MEM: - | LATCH: IR | OUT: 'What is your name?\nHello, Alice' | fetch load 31998
TICK: 003007 | PC: 00041 | STEP: 1 | IR: load 31998 | A: 32 | AR: 31998 | NZ: 01 | IE: 0 | PENDING: 0 | IN_INTR: 1 | DS: [0, 0] | RS: [40, 192, 1, 32] | MEM: - | LATCH: AR | OUT: 'What is your name?\nHello, Alice' | load.addr 31998
TICK: 003008 | PC: 00046 | STEP: 0 | IR: load 31998 | A: 32 | AR: 31998 | NZ: 01 | IE: 0 | PENDING: 0 | IN_INTR: 1 | DS: [0, 0, 10] | RS: [40, 192, 1, 32] | MEM: read mem[31998] | LATCH: DS.push,PC,IR.clear | OUT: 'What is your name?\nHello, Alice' | load.read
TICK: 003009 | PC: 00046 | STEP: 0 | IR: dup | A: 32 | AR: 31998 | NZ: 01 | IE: 0 | PENDING: 0 | IN_INTR: 1 | DS: [0, 0, 10] | RS: [40, 192, 1, 32] | MEM: - | LATCH: IR | OUT: 'What is your name?\nHello, Alice' | fetch dup
TICK: 003010 | PC: 00047 | STEP: 0 | IR: dup | A: 32 | AR: 31998 | NZ: 01 | IE: 0 | PENDING: 0 | IN_INTR: 1 | DS: [0, 0, 10, 10] | RS: [40, 192, 1, 32] | MEM: - | LATCH: DS.dup,PC,IR.clear | OUT: 'What is your name?\nHello, Alice' | dup
TICK: 003011 | PC: 00047 | STEP: 0 | IR: store 3 | A: 32 | AR: 31998 | NZ: 01 | IE: 0 | PENDING: 0 | IN_INTR: 1 | DS: [0, 0, 10, 10] | RS: [40, 192, 1, 32] | MEM: - | LATCH: IR | OUT: 'What is your name?\nHello, Alice' | fetch store 3
TICK: 003012 | PC: 00047 | STEP: 1 | IR: store 3 | A: 32 | AR: 3 | NZ: 01 | IE: 0 | PENDING: 0 | IN_INTR: 1 | DS: [0, 0, 10, 10] | RS: [40, 192, 1, 32] | MEM: - | LATCH: AR | OUT: 'What is your name?\nHello, Alice' | store.addr 3
TICK: 003013 | PC: 00052 | STEP: 0 | IR: store 3 | A: 32 | AR: 3 | NZ: 01 | IE: 0 | PENDING: 0 | IN_INTR: 1 | DS: [0, 0, 10] | RS: [40, 192, 1, 32] | MEM: write mem[3] <- 10 | LATCH: MEM,PC,IR.clear | OUT: 'What is your name?\nHello, Alice' | store.write
TICK: 003014 | PC: 00052 | STEP: 0 | IR: drop | A: 32 | AR: 3 | NZ: 01 | IE: 0 | PENDING: 0 | IN_INTR: 1 | DS: [0, 0, 10] | RS: [40, 192, 1, 32] | MEM: - | LATCH: IR | OUT: 'What is your name?\nHello, Alice' | fetch drop
TICK: 003015 | PC: 00053 | STEP: 0 | IR: drop | A: 32 | AR: 3 | NZ: 01 | IE: 0 | PENDING: 0 | IN_INTR: 1 | DS: [0, 0] | RS: [40, 192, 1, 32] | MEM: - | LATCH: PC,IR.clear | OUT: 'What is your name?\nHello, Alice' | drop
TICK: 003016 | PC: 00053 | STEP: 0 | IR: literal 1 | A: 32 | AR: 3 | NZ: 01 | IE: 0 | PENDING: 0 | IN_INTR: 1 | DS: [0, 0] | RS: [40, 192, 1, 32] | MEM: - | LATCH: IR | OUT: 'What is your name?\nHello, Alice' | fetch literal 1
TICK: 003017 | PC: 00058 | STEP: 0 | IR: literal 1 | A: 32 | AR: 3 | NZ: 01 | IE: 0 | PENDING: 0 | IN_INTR: 1 | DS: [0, 0, 1] | RS: [40, 192, 1, 32] | MEM: - | LATCH: DS.push,PC,IR.clear | OUT: 'What is your name?\nHello, Alice' | literal 1
TICK: 003018 | PC: 00058 | STEP: 0 | IR: dup | A: 32 | AR: 3 | NZ: 01 | IE: 0 | PENDING: 0 | IN_INTR: 1 | DS: [0, 0, 1] | RS: [40, 192, 1, 32] | MEM: - | LATCH: IR | OUT: 'What is your name?\nHello, Alice' | fetch dup
TICK: 003019 | PC: 00059 | STEP: 0 | IR: dup | A: 32 | AR: 3 | NZ: 01 | IE: 0 | PENDING: 0 | IN_INTR: 1 | DS: [0, 0, 1, 1] | RS: [40, 192, 1, 32] | MEM: - | LATCH: DS.dup,PC,IR.clear | OUT: 'What is your name?\nHello, Alice' | dup
TICK: 003020 | PC: 00059 | STEP: 0 | IR: store 1 | A: 32 | AR: 3 | NZ: 01 | IE: 0 | PENDING: 0 | IN_INTR: 1 | DS: [0, 0, 1, 1] | RS: [40, 192, 1, 32] | MEM: - | LATCH: IR | OUT: 'What is your name?\nHello, Alice' | fetch store 1
TICK: 003021 | PC: 00059 | STEP: 1 | IR: store 1 | A: 32 | AR: 1 | NZ: 01 | IE: 0 | PENDING: 0 | IN_INTR: 1 | DS: [0, 0, 1, 1] | RS: [40, 192, 1, 32] | MEM: - | LATCH: AR | OUT: 'What is your name?\nHello, Alice' | store.addr 1
TICK: 003022 | PC: 00064 | STEP: 0 | IR: store 1 | A: 32 | AR: 1 | NZ: 01 | IE: 0 | PENDING: 0 | IN_INTR: 1 | DS: [0, 0, 1] | RS: [40, 192, 1, 32] | MEM: write mem[1] <- 1 | LATCH: MEM,PC,IR.clear | OUT: 'What is your name?\nHello, Alice' | store.write
TICK: 003023 | PC: 00064 | STEP: 0 | IR: drop | A: 32 | AR: 1 | NZ: 01 | IE: 0 | PENDING: 0 | IN_INTR: 1 | DS: [0, 0, 1] | RS: [40, 192, 1, 32] | MEM: - | LATCH: IR | OUT: 'What is your name?\nHello, Alice' | fetch drop
TICK: 003024 | PC: 00065 | STEP: 0 | IR: drop | A: 32 | AR: 1 | NZ: 01 | IE: 0 | PENDING: 0 | IN_INTR: 1 | DS: [0, 0] | RS: [40, 192, 1, 32] | MEM: - | LATCH: PC,IR.clear | OUT: 'What is your name?\nHello, Alice' | drop
TICK: 003025 | PC: 00065 | STEP: 0 | IR: load 3 | A: 32 | AR: 1 | NZ: 01 | IE: 0 | PENDING: 0 | IN_INTR: 1 | DS: [0, 0] | RS: [40, 192, 1, 32] | MEM: - | LATCH: IR | OUT: 'What is your name?\nHello, Alice' | fetch load 3
TICK: 003026 | PC: 00065 | STEP: 1 | IR: load 3 | A: 32 | AR: 3 | NZ: 01 | IE: 0 | PENDING: 0 | IN_INTR: 1 | DS: [0, 0] | RS: [40, 192, 1, 32] | MEM: - | LATCH: AR | OUT: 'What is your name?\nHello, Alice' | load.addr 3
TICK: 003027 | PC: 00070 | STEP: 0 | IR: load 3 | A: 32 | AR: 3 | NZ: 01 | IE: 0 | PENDING: 0 | IN_INTR: 1 | DS: [0, 0, 10] | RS: [40, 192, 1, 32] | MEM: read mem[3] | LATCH: DS.push,PC,IR.clear | OUT: 'What is your name?\nHello, Alice' | load.read
TICK: 003028 | PC: 00070 | STEP: 0 | IR: literal 10 | A: 32 | AR: 3 | NZ: 01 | IE: 0 | PENDING: 0 | IN_INTR: 1 | DS: [0, 0, 10] | RS: [40, 192, 1, 32] | MEM: - | LATCH: IR | OUT: 'What is your name?\nHello, Alice' | fetch literal 10
TICK: 003029 | PC: 00075 | STEP: 0 | IR: literal 10 | A: 32 | AR: 3 | NZ: 01 | IE: 0 | PENDING: 0 | IN_INTR: 1 | DS: [0, 0, 10, 10] | RS: [40, 192, 1, 32] | MEM: - | LATCH: DS.push,PC,IR.clear | OUT: 'What is your name?\nHello, Alice' | literal 10
TICK: 003030 | PC: 00075 | STEP: 0 | IR: sub | A: 32 | AR: 3 | NZ: 01 | IE: 0 | PENDING: 0 | IN_INTR: 1 | DS: [0, 0, 10, 10] | RS: [40, 192, 1, 32] | MEM: - | LATCH: IR | OUT: 'What is your name?\nHello, Alice' | fetch sub
TICK: 003031 | PC: 00075 | STEP: 1 | IR: sub | A: 32 | AR: 3 | NZ: 01 | IE: 0 | PENDING: 0 | IN_INTR: 1 | DS: [0, 0] | RS: [40, 192, 1, 32] | MEM: - | LATCH: ALU.left,ALU.right | OUT: 'What is your name?\nHello, Alice' | sub.load_operands
TICK: 003032 | PC: 00076 | STEP: 0 | IR: sub | A: 32 | AR: 3 | NZ: 01 | IE: 0 | PENDING: 0 | IN_INTR: 1 | DS: [0, 0, 0] | RS: [40, 192, 1, 32] | MEM: - | LATCH: DS.push(ALU),PC,IR.clear | OUT: 'What is your name?\nHello, Alice' | sub.write_result
TICK: 003033 | PC: 00076 | STEP: 0 | IR: nif 93 | A: 32 | AR: 3 | NZ: 01 | IE: 0 | PENDING: 0 | IN_INTR: 1 | DS: [0, 0, 0] | RS: [40, 192, 1, 32] | MEM: - | LATCH: IR | OUT: 'What is your name?\nHello, Alice' | fetch nif 93
TICK: 003034 | PC: 00076 | STEP: 1 | IR: nif 93 | A: 32 | AR: 3 | NZ: 01 | IE: 0 | PENDING: 0 | IN_INTR: 1 | DS: [0, 0] | RS: [40, 192, 1, 32] | MEM: - | LATCH: ALU.left | OUT: 'What is your name?\nHello, Alice' | nif.test
TICK: 003035 | PC: 00081 | STEP: 0 | IR: nif 93 | A: 32 | AR: 3 | NZ: 01 | IE: 0 | PENDING: 0 | IN_INTR: 1 | DS: [0, 0] | RS: [40, 192, 1, 32] | MEM: - | LATCH: PC,IR.clear | OUT: 'What is your name?\nHello, Alice' | nif.branch
TICK: 003036 | PC: 00081 | STEP: 0 | IR: literal 1 | A: 32 | AR: 3 | NZ: 01 | IE: 0 | PENDING: 0 | IN_INTR: 1 | DS: [0, 0] | RS: [40, 192, 1, 32] | MEM: - | LATCH: IR | OUT: 'What is your name?\nHello, Alice' | fetch literal 1
TICK: 003037 | PC: 00086 | STEP: 0 | IR: literal 1 | A: 32 | AR: 3 | NZ: 01 | IE: 0 | PENDING: 0 | IN_INTR: 1 | DS: [0, 0, 1] | RS: [40, 192, 1, 32] | MEM: - | LATCH: DS.push,PC,IR.clear | OUT: 'What is your name?\nHello, Alice' | literal 1
TICK: 003038 | PC: 00086 | STEP: 0 | IR: dup | A: 32 | AR: 3 | NZ: 01 | IE: 0 | PENDING: 0 | IN_INTR: 1 | DS: [0, 0, 1] | RS: [40, 192, 1, 32] | MEM: - | LATCH: IR | OUT: 'What is your name?\nHello, Alice' | fetch dup
TICK: 003039 | PC: 00087 | STEP: 0 | IR: dup | A: 32 | AR: 3 | NZ: 01 | IE: 0 | PENDING: 0 | IN_INTR: 1 | DS: [0, 0, 1, 1] | RS: [40, 192, 1, 32] | MEM: - | LATCH: DS.dup,PC,IR.clear | OUT: 'What is your name?\nHello, Alice' | dup
TICK: 003040 | PC: 00087 | STEP: 0 | IR: store 2 | A: 32 | AR: 3 | NZ: 01 | IE: 0 | PENDING: 0 | IN_INTR: 1 | DS: [0, 0, 1, 1] | RS: [40, 192, 1, 32] | MEM: - | LATCH: IR | OUT: 'What is your name?\nHello, Alice' | fetch store 2
TICK: 003041 | PC: 00087 | STEP: 1 | IR: store 2 | A: 32 | AR: 2 | NZ: 01 | IE: 0 | PENDING: 0 | IN_INTR: 1 | DS: [0, 0, 1, 1] | RS: [40, 192, 1, 32] | MEM: - | LATCH: AR | OUT: 'What is your name?\nHello, Alice' | store.addr 2
TICK: 003042 | PC: 00092 | STEP: 0 | IR: store 2 | A: 32 | AR: 2 | NZ: 01 | IE: 0 | PENDING: 0 | IN_INTR: 1 | DS: [0, 0, 1] | RS: [40, 192, 1, 32] | MEM: write mem[2] <- 1 | LATCH: MEM,PC,IR.clear | OUT: 'What is your name?\nHello, Alice' | store.write
TICK: 003043 | PC: 00092 | STEP: 0 | IR: drop | A: 32 | AR: 2 | NZ: 01 | IE: 0 | PENDING: 0 | IN_INTR: 1 | DS: [0, 0, 1] | RS: [40, 192, 1, 32] | MEM: - | LATCH: IR | OUT: 'What is your name?\nHello, Alice' | fetch drop
TICK: 003044 | PC: 00093 | STEP: 0 | IR: drop | A: 32 | AR: 2 | NZ: 01 | IE: 0 | PENDING: 0 | IN_INTR: 1 | DS: [0, 0] | RS: [40, 192, 1, 32] | MEM: - | LATCH: PC,IR.clear | OUT: 'What is your name?\nHello, Alice' | drop
TICK: 003045 | PC: 00093 | STEP: 0 | IR: iret | A: 32 | AR: 2 | NZ: 01 | IE: 0 | PENDING: 0 | IN_INTR: 1 | DS: [0, 0] | RS: [40, 192, 1, 32] | MEM: - | LATCH: IR | OUT: 'What is your name?\nHello, Alice' | fetch iret
TICK: 003046 | PC: 00093 | STEP: 1 | IR: iret | A: 32 | AR: 2 | NZ: 01 | IE: 0 | PENDING: 0 | IN_INTR: 1 | DS: [0, 0] | RS: [40, 192, 1] | MEM: - | LATCH: A | OUT: 'What is your name?\nHello, Alice' | iret.restore_a
TICK: 003047 | PC: 00093 | STEP: 2 | IR: iret | A: 32 | AR: 2 | NZ: 01 | IE: 0 | PENDING: 0 | IN_INTR: 1 | DS: [0, 0] | RS: [40, 192] | MEM: - | LATCH: NZ | OUT: 'What is your name?\nHello, Alice' | iret.restore_status
TICK: 003048 | PC: 00192 | STEP: 0 | IR: iret | A: 32 | AR: 2 | NZ: 01 | IE: 1 | PENDING: 0 | IN_INTR: 0 | DS: [0, 0] | RS: [40] | MEM: - | LATCH: PC,IR.clear,IE,IN_INTR | OUT: 'What is your name?\nHello, Alice' | iret.restore_pc
TICK: 003049 | PC: 00192 | STEP: 0 | IR: sub | A: 32 | AR: 2 | NZ: 01 | IE: 1 | PENDING: 0 | IN_INTR: 0 | DS: [0, 0] | RS: [40] | MEM: - | LATCH: IR | OUT: 'What is your name?\nHello, Alice' | fetch sub
TICK: 003050 | PC: 00192 | STEP: 1 | IR: sub | A: 32 | AR: 2 | NZ: 01 | IE: 1 | PENDING: 0 | IN_INTR: 0 | DS: [] | RS: [40] | MEM: - | LATCH: ALU.left,ALU.right | OUT: 'What is your name?\nHello, Alice' | sub.load_operands
TICK: 003051 | PC: 00193 | STEP: 0 | IR: sub | A: 32 | AR: 2 | NZ: 01 | IE: 1 | PENDING: 0 | IN_INTR: 0 | DS: [0] | RS: [40] | MEM: - | LATCH: DS.push(ALU),PC,IR.clear | OUT: 'What is your name?\nHello, Alice' | sub.write_result
TICK: 003052 | PC: 00193 | STEP: 0 | IR: nif 203 | A: 32 | AR: 2 | NZ: 01 | IE: 1 | PENDING: 0 | IN_INTR: 0 | DS: [0] | RS: [40] | MEM: - | LATCH: IR | OUT: 'What is your name?\nHello, Alice' | fetch nif 203
TICK: 003053 | PC: 00193 | STEP: 1 | IR: nif 203 | A: 32 | AR: 2 | NZ: 01 | IE: 1 | PENDING: 0 | IN_INTR: 0 | DS: [] | RS: [40] | MEM: - | LATCH: ALU.left | OUT: 'What is your name?\nHello, Alice' | nif.test
TICK: 003054 | PC: 00198 | STEP: 0 | IR: nif 203 | A: 32 | AR: 2 | NZ: 01 | IE: 1 | PENDING: 0 | IN_INTR: 0 | DS: [] | RS: [40] | MEM: - | LATCH: PC,IR.clear | OUT: 'What is your name?\nHello, Alice' | nif.branch
TICK: 003055 | PC: 00198 | STEP: 0 | IR: jmp 182 | A: 32 | AR: 2 | NZ: 01 | IE: 1 | PENDING: 0 | IN_INTR: 0 | DS: [] | RS: [40] | MEM: - | LATCH: IR | OUT: 'What is your name?\nHello, Alice' | fetch jmp 182
TICK: 003056 | PC: 00182 | STEP: 0 | IR: jmp 182 | A: 32 | AR: 2 | NZ: 01 | IE: 1 | PENDING: 0 | IN_INTR: 0 | DS: [] | RS: [40] | MEM: - | LATCH: PC,IR.clear | OUT: 'What is your name?\nHello, Alice' | jmp 182
TICK: 003057 | PC: 00182 | STEP: 0 | IR: load 1 | A: 32 | AR: 2 | NZ: 01 | IE: 1 | PENDING: 0 | IN_INTR: 0 | DS: [] | RS: [40] | MEM: - | LATCH: IR | OUT: 'What is your name?\nHello, Alice' | fetch load 1
TICK: 003058 | PC: 00182 | STEP: 1 | IR: load 1 | A: 32 | AR: 1 | NZ: 01 | IE: 1 | PENDING: 0 | IN_INTR: 0 | DS: [] | RS: [40] | MEM: - | LATCH: AR | OUT: 'What is your name?\nHello, Alice' | load.addr 1
TICK: 003059 | PC: 00187 | STEP: 0 | IR: load 1 | A: 32 | AR: 1 | NZ: 01 | IE: 1 | PENDING: 0 | IN_INTR: 0 | DS: [1] | RS: [40] | MEM: read mem[1] | LATCH: DS.push,PC,IR.clear | OUT: 'What is your name?\nHello, Alice' | load.read
TICK: 003060 | PC: 00187 | STEP: 0 | IR: literal 0 | A: 32 | AR: 1 | NZ: 01 | IE: 1 | PENDING: 0 | IN_INTR: 0 | DS: [1] | RS: [40] | MEM: - | LATCH: IR | OUT: 'What is your name?\nHello, Alice' | fetch literal 0
TICK: 003061 | PC: 00192 | STEP: 0 | IR: literal 0 | A: 32 | AR: 1 | NZ: 01 | IE: 1 | PENDING: 0 | IN_INTR: 0 | DS: [1, 0] | RS: [40] | MEM: - | LATCH: DS.push,PC,IR.clear | OUT: 'What is your name?\nHello, Alice' | literal 0
TICK: 003062 | PC: 00192 | STEP: 0 | IR: sub | A: 32 | AR: 1 | NZ: 01 | IE: 1 | PENDING: 0 | IN_INTR: 0 | DS: [1, 0] | RS: [40] | MEM: - | LATCH: IR | OUT: 'What is your name?\nHello, Alice' | fetch sub
TICK: 003063 | PC: 00192 | STEP: 1 | IR: sub | A: 32 | AR: 1 | NZ: 01 | IE: 1 | PENDING: 0 | IN_INTR: 0 | DS: [] | RS: [40] | MEM: - | LATCH: ALU.left,ALU.right | OUT: 'What is your name?\nHello, Alice' | sub.load_operands
TICK: 003064 | PC: 00193 | STEP: 0 | IR: sub | A: 32 | AR: 1 | NZ: 00 | IE: 1 | PENDING: 0 | IN_INTR: 0 | DS: [1] | RS: [40] | MEM: - | LATCH: DS.push(ALU),PC,IR.clear | OUT: 'What is your name?\nHello, Alice' | sub.write_result
TICK: 003065 | PC: 00193 | STEP: 0 | IR: nif 203 | A: 32 | AR: 1 | NZ: 00 | IE: 1 | PENDING: 0 | IN_INTR: 0 | DS: [1] | RS: [40] | MEM: - | LATCH: IR | OUT: 'What is your name?\nHello, Alice' | fetch nif 203
TICK: 003066 | PC: 00193 | STEP: 1 | IR: nif 203 | A: 32 | AR: 1 | NZ: 00 | IE: 1 | PENDING: 0 | IN_INTR: 0 | DS: [] | RS: [40] | MEM: - | LATCH: ALU.left | OUT: 'What is your name?\nHello, Alice' | nif.test
TICK: 003067 | PC: 00203 | STEP: 0 | IR: nif 203 | A: 32 | AR: 1 | NZ: 00 | IE: 1 | PENDING: 0 | IN_INTR: 0 | DS: [] | RS: [40] | MEM: - | LATCH: PC,IR.clear | OUT: 'What is your name?\nHello, Alice' | nif.branch
TICK: 003068 | PC: 00203 | STEP: 0 | IR: load 2 | A: 32 | AR: 1 | NZ: 00 | IE: 1 | PENDING: 0 | IN_INTR: 0 | DS: [] | RS: [40] | MEM: - | LATCH: IR | OUT: 'What is your name?\nHello, Alice' | fetch load 2
TICK: 003069 | PC: 00203 | STEP: 1 | IR: load 2 | A: 32 | AR: 2 | NZ: 00 | IE: 1 | PENDING: 0 | IN_INTR: 0 | DS: [] | RS: [40] | MEM: - | LATCH: AR | OUT: 'What is your name?\nHello, Alice' | load.addr 2
TICK: 003070 | PC: 00208 | STEP: 0 | IR: load 2 | A: 32 | AR: 2 | NZ: 00 | IE: 1 | PENDING: 0 | IN_INTR: 0 | DS: [1] | RS: [40] | MEM: read mem[2] | LATCH: DS.push,PC,IR.clear | OUT: 'What is your name?\nHello, Alice' | load.read
TICK: 003071 | PC: 00208 | STEP: 0 | IR: literal 0 | A: 32 | AR: 2 | NZ: 00 | IE: 1 | PENDING: 0 | IN_INTR: 0 | DS: [1] | RS: [40] | MEM: - | LATCH: IR | OUT: 'What is your name?\nHello, Alice' | fetch literal 0
TICK: 003072 | PC: 00213 | STEP: 0 | IR: literal 0 | A: 32 | AR: 2 | NZ: 00 | IE: 1 | PENDING: 0 | IN_INTR: 0 | DS: [1, 0] | RS: [40] | MEM: - | LATCH: DS.push,PC,IR.clear | OUT: 'What is your name?\nHello, Alice' | literal 0
TICK: 003073 | PC: 00213 | STEP: 0 | IR: sub | A: 32 | AR: 2 | NZ: 00 | IE: 1 | PENDING: 0 | IN_INTR: 0 | DS: [1, 0] | RS: [40] | MEM: - | LATCH: IR | OUT: 'What is your name?\nHello, Alice' | fetch sub
TICK: 003074 | PC: 00213 | STEP: 1 | IR: sub | A: 32 | AR: 2 | NZ: 00 | IE: 1 | PENDING: 0 | IN_INTR: 0 | DS: [] | RS: [40] | MEM: - | LATCH: ALU.left,ALU.right | OUT: 'What is your name?\nHello, Alice' | sub.load_operands
TICK: 003075 | PC: 00214 | STEP: 0 | IR: sub | A: 32 | AR: 2 | NZ: 00 | IE: 1 | PENDING: 0 | IN_INTR: 0 | DS: [1] | RS: [40] | MEM: - | LATCH: DS.push(ALU),PC,IR.clear | OUT: 'What is your name?\nHello, Alice' | sub.write_result
TICK: 003076 | PC: 00214 | STEP: 0 | IR: nif 247 | A: 32 | AR: 2 | NZ: 00 | IE: 1 | PENDING: 0 | IN_INTR: 0 | DS: [1] | RS: [40] | MEM: - | LATCH: IR | OUT: 'What is your name?\nHello, Alice' | fetch nif 247
TICK: 003077 | PC: 00214 | STEP: 1 | IR: nif 247 | A: 32 | AR: 2 | NZ: 00 | IE: 1 | PENDING: 0 | IN_INTR: 0 | DS: [] | RS: [40] | MEM: - | LATCH: ALU.left | OUT: 'What is your name?\nHello, Alice' | nif.test
TICK: 003078 | PC: 00247 | STEP: 0 | IR: nif 247 | A: 32 | AR: 2 | NZ: 00 | IE: 1 | PENDING: 0 | IN_INTR: 0 | DS: [] | RS: [40] | MEM: - | LATCH: PC,IR.clear | OUT: 'What is your name?\nHello, Alice' | nif.branch
TICK: 003079 | PC: 00247 | STEP: 0 | IR: jmp 166 | A: 32 | AR: 2 | NZ: 00 | IE: 1 | PENDING: 0 | IN_INTR: 0 | DS: [] | RS: [40] | MEM: - | LATCH: IR | OUT: 'What is your name?\nHello, Alice' | fetch jmp 166
TICK: 003080 | PC: 00166 | STEP: 0 | IR: jmp 166 | A: 32 | AR: 2 | NZ: 00 | IE: 1 | PENDING: 0 | IN_INTR: 0 | DS: [] | RS: [40] | MEM: - | LATCH: PC,IR.clear | OUT: 'What is your name?\nHello, Alice' | jmp 166
TICK: 003081 | PC: 00166 | STEP: 0 | IR: load 2 | A: 32 | AR: 2 | NZ: 00 | IE: 1 | PENDING: 0 | IN_INTR: 0 | DS: [] | RS: [40] | MEM: - | LATCH: IR | OUT: 'What is your name?\nHello, Alice' | fetch load 2
TICK: 003082 | PC: 00166 | STEP: 1 | IR: load 2 | A: 32 | AR: 2 | NZ: 00 | IE: 1 | PENDING: 0 | IN_INTR: 0 | DS: [] | RS: [40] | MEM: - | LATCH: AR | OUT: 'What is your name?\nHello, Alice' | load.addr 2
TICK: 003083 | PC: 00171 | STEP: 0 | IR: load 2 | A: 32 | AR: 2 | NZ: 00 | IE: 1 | PENDING: 0 | IN_INTR: 0 | DS: [1] | RS: [40] | MEM: read mem[2] | LATCH: DS.push,PC,IR.clear | OUT: 'What is your name?\nHello, Alice' | load.read
TICK: 003084 | PC: 00171 | STEP: 0 | IR: literal 0 | A: 32 | AR: 2 | NZ: 00 | IE: 1 | PENDING: 0 | IN_INTR: 0 | DS: [1] | RS: [40] | MEM: - | LATCH: IR | OUT: 'What is your name?\nHello, Alice' | fetch literal 0
TICK: 003085 | PC: 00176 | STEP: 0 | IR: literal 0 | A: 32 | AR: 2 | NZ: 00 | IE: 1 | PENDING: 0 | IN_INTR: 0 | DS: [1, 0] | RS: [40] | MEM: - | LATCH: DS.push,PC,IR.clear | OUT: 'What is your name?\nHello, Alice' | literal 0
TICK: 003086 | PC: 00176 | STEP: 0 | IR: sub | A: 32 | AR: 2 | NZ: 00 | IE: 1 | PENDING: 0 | IN_INTR: 0 | DS: [1, 0] | RS: [40] | MEM: - | LATCH: IR | OUT: 'What is your name?\nHello, Alice' | fetch sub
TICK: 003087 | PC: 00176 | STEP: 1 | IR: sub | A: 32 | AR: 2 | NZ: 00 | IE: 1 | PENDING: 0 | IN_INTR: 0 | DS: [] | RS: [40] | MEM: - | LATCH: ALU.left,ALU.right | OUT: 'What is your name?\nHello, Alice' | sub.load_operands
TICK: 003088 | PC: 00177 | STEP: 0 | IR: sub | A: 32 | AR: 2 | NZ: 00 | IE: 1 | PENDING: 0 | IN_INTR: 0 | DS: [1] | RS: [40] | MEM: - | LATCH: DS.push(ALU),PC,IR.clear | OUT: 'What is your name?\nHello, Alice' | sub.write_result
TICK: 003089 | PC: 00177 | STEP: 0 | IR: nif 252 | A: 32 | AR: 2 | NZ: 00 | IE: 1 | PENDING: 0 | IN_INTR: 0 | DS: [1] | RS: [40] | MEM: - | LATCH: IR | OUT: 'What is your name?\nHello, Alice' | fetch nif 252
TICK: 003090 | PC: 00177 | STEP: 1 | IR: nif 252 | A: 32 | AR: 2 | NZ: 00 | IE: 1 | PENDING: 0 | IN_INTR: 0 | DS: [] | RS: [40] | MEM: - | LATCH: ALU.left | OUT: 'What is your name?\nHello, Alice' | nif.test
TICK: 003091 | PC: 00252 | STEP: 0 | IR: nif 252 | A: 32 | AR: 2 | NZ: 00 | IE: 1 | PENDING: 0 | IN_INTR: 0 | DS: [] | RS: [40] | MEM: - | LATCH: PC,IR.clear | OUT: 'What is your name?\nHello, Alice' | nif.branch
TICK: 003092 | PC: 00252 | STEP: 0 | IR: literal 32 | A: 32 | AR: 2 | NZ: 00 | IE: 1 | PENDING: 0 | IN_INTR: 0 | DS: [] | RS: [40] | MEM: - | LATCH: IR | OUT: 'What is your name?\nHello, Alice' | fetch literal 32
TICK: 003093 | PC: 00257 | STEP: 0 | IR: literal 32 | A: 32 | AR: 2 | NZ: 00 | IE: 1 | PENDING: 0 | IN_INTR: 0 | DS: [32] | RS: [40] | MEM: - | LATCH: DS.push,PC,IR.clear | OUT: 'What is your name?\nHello, Alice' | literal 32
TICK: 003094 | PC: 00257 | STEP: 0 | IR: stack_to_a | A: 32 | AR: 2 | NZ: 00 | IE: 1 | PENDING: 0 | IN_INTR: 0 | DS: [32] | RS: [40] | MEM: - | LATCH: IR | OUT: 'What is your name?\nHello, Alice' | fetch stack_to_a
TICK: 003095 | PC: 00258 | STEP: 0 | IR: stack_to_a | A: 32 | AR: 2 | NZ: 00 | IE: 1 | PENDING: 0 | IN_INTR: 0 | DS: [] | RS: [40] | MEM: - | LATCH: A,PC,IR.clear | OUT: 'What is your name?\nHello, Alice' | stack_to_a
TICK: 003096 | PC: 00258 | STEP: 0 | IR: a_load_+ | A: 32 | AR: 2 | NZ: 00 | IE: 1 | PENDING: 0 | IN_INTR: 0 | DS: [] | RS: [40] | MEM: - | LATCH: IR | OUT: 'What is your name?\nHello, Alice' | fetch a_load_+
TICK: 003097 | PC: 00258 | STEP: 1 | IR: a_load_+ | A: 32 | AR: 32 | NZ: 00 | IE: 1 | PENDING: 0 | IN_INTR: 0 | DS: [] | RS: [40] | MEM: - | LATCH: AR | OUT: 'What is your name?\nHello, Alice' | aload.addr
TICK: 003098 | PC: 00258 | STEP: 2 | IR: a_load_+ | A: 32 | AR: 32 | NZ: 00 | IE: 1 | PENDING: 0 | IN_INTR: 0 | DS: [33] | RS: [40] | MEM: read mem[32] | LATCH: DS.push | OUT: 'What is your name?\nHello, Alice' | aload.read
TICK: 003099 | PC: 00259 | STEP: 0 | IR: a_load_+ | A: 33 | AR: 32 | NZ: 00 | IE: 1 | PENDING: 0 | IN_INTR: 0 | DS: [33] | RS: [40] | MEM: - | LATCH: A,PC,IR.clear | OUT: 'What is your name?\nHello, Alice' | aload.increment
TICK: 003100 | PC: 00259 | STEP: 0 | IR: dup | A: 33 | AR: 32 | NZ: 00 | IE: 1 | PENDING: 0 | IN_INTR: 0 | DS: [33] | RS: [40] | MEM: - | LATCH: IR | OUT: 'What is your name?\nHello, Alice' | fetch dup
TICK: 003101 | PC: 00260 | STEP: 0 | IR: dup | A: 33 | AR: 32 | NZ: 00 | IE: 1 | PENDING: 0 | IN_INTR: 0 | DS: [33, 33] | RS: [40] | MEM: - | LATCH: DS.dup,PC,IR.clear | OUT: 'What is your name?\nHello, Alice' | dup
TICK: 003102 | PC: 00260 | STEP: 0 | IR: if 275 | A: 33 | AR: 32 | NZ: 00 | IE: 1 | PENDING: 0 | IN_INTR: 0 | DS: [33, 33] | RS: [40] | MEM: - | LATCH: IR | OUT: 'What is your name?\nHello, Alice' | fetch if 275
TICK: 003103 | PC: 00260 | STEP: 1 | IR: if 275 | A: 33 | AR: 32 | NZ: 00 | IE: 1 | PENDING: 0 | IN_INTR: 0 | DS: [33] | RS: [40] | MEM: - | LATCH: ALU.left | OUT: 'What is your name?\nHello, Alice' | if.test
TICK: 003104 | PC: 00265 | STEP: 0 | IR: if 275 | A: 33 | AR: 32 | NZ: 00 | IE: 1 | PENDING: 0 | IN_INTR: 0 | DS: [33] | RS: [40] | MEM: - | LATCH: PC,IR.clear | OUT: 'What is your name?\nHello, Alice' | if.branch
TICK: 003105 | PC: 00265 | STEP: 0 | IR: store 31999 | A: 33 | AR: 32 | NZ: 00 | IE: 1 | PENDING: 0 | IN_INTR: 0 | DS: [33] | RS: [40] | MEM: - | LATCH: IR | OUT: 'What is your name?\nHello, Alice' | fetch store 31999
TICK: 003106 | PC: 00265 | STEP: 1 | IR: store 31999 | A: 33 | AR: 31999 | NZ: 00 | IE: 1 | PENDING: 0 | IN_INTR: 0 | DS: [33] | RS: [40] | MEM: - | LATCH: AR | OUT: 'What is your name?\nHello, Alice' | store.addr 31999
TICK: 003107 | PC: 00270 | STEP: 0 | IR: store 31999 | A: 33 | AR: 31999 | NZ: 00 | IE: 1 | PENDING: 0 | IN_INTR: 0 | DS: [] | RS: [40] | MEM: write mem[31999] <- 33 | LATCH: OUT,PC,IR.clear | OUT: 'What is your name?\nHello, Alice!' | store.write
TICK: 003108 | PC: 00270 | STEP: 0 | IR: jmp 258 | A: 33 | AR: 31999 | NZ: 00 | IE: 1 | PENDING: 0 | IN_INTR: 0 | DS: [] | RS: [40] | MEM: - | LATCH: IR | OUT: 'What is your name?\nHello, Alice!' | fetch jmp 258
TICK: 003109 | PC: 00258 | STEP: 0 | IR: jmp 258 | A: 33 | AR: 31999 | NZ: 00 | IE: 1 | PENDING: 0 | IN_INTR: 0 | DS: [] | RS: [40] | MEM: - | LATCH: PC,IR.clear | OUT: 'What is your name?\nHello, Alice!' | jmp 258
TICK: 003110 | PC: 00258 | STEP: 0 | IR: a_load_+ | A: 33 | AR: 31999 | NZ: 00 | IE: 1 | PENDING: 0 | IN_INTR: 0 | DS: [] | RS: [40] | MEM: - | LATCH: IR | OUT: 'What is your name?\nHello, Alice!' | fetch a_load_+
TICK: 003111 | PC: 00258 | STEP: 1 | IR: a_load_+ | A: 33 | AR: 33 | NZ: 00 | IE: 1 | PENDING: 0 | IN_INTR: 0 | DS: [] | RS: [40] | MEM: - | LATCH: AR | OUT: 'What is your name?\nHello, Alice!' | aload.addr
TICK: 003112 | PC: 00258 | STEP: 2 | IR: a_load_+ | A: 33 | AR: 33 | NZ: 00 | IE: 1 | PENDING: 0 | IN_INTR: 0 | DS: [0] | RS: [40] | MEM: read mem[33] | LATCH: DS.push | OUT: 'What is your name?\nHello, Alice!' | aload.read
TICK: 003113 | PC: 00259 | STEP: 0 | IR: a_load_+ | A: 34 | AR: 33 | NZ: 00 | IE: 1 | PENDING: 0 | IN_INTR: 0 | DS: [0] | RS: [40] | MEM: - | LATCH: A,PC,IR.clear | OUT: 'What is your name?\nHello, Alice!' | aload.increment
TICK: 003114 | PC: 00259 | STEP: 0 | IR: dup | A: 34 | AR: 33 | NZ: 00 | IE: 1 | PENDING: 0 | IN_INTR: 0 | DS: [0] | RS: [40] | MEM: - | LATCH: IR | OUT: 'What is your name?\nHello, Alice!' | fetch dup
TICK: 003115 | PC: 00260 | STEP: 0 | IR: dup | A: 34 | AR: 33 | NZ: 00 | IE: 1 | PENDING: 0 | IN_INTR: 0 | DS: [0, 0] | RS: [40] | MEM: - | LATCH: DS.dup,PC,IR.clear | OUT: 'What is your name?\nHello, Alice!' | dup
TICK: 003116 | PC: 00260 | STEP: 0 | IR: if 275 | A: 34 | AR: 33 | NZ: 00 | IE: 1 | PENDING: 0 | IN_INTR: 0 | DS: [0, 0] | RS: [40] | MEM: - | LATCH: IR | OUT: 'What is your name?\nHello, Alice!' | fetch if 275
TICK: 003117 | PC: 00260 | STEP: 1 | IR: if 275 | A: 34 | AR: 33 | NZ: 00 | IE: 1 | PENDING: 0 | IN_INTR: 0 | DS: [0] | RS: [40] | MEM: - | LATCH: ALU.left | OUT: 'What is your name?\nHello, Alice!' | if.test
TICK: 003118 | PC: 00275 | STEP: 0 | IR: if 275 | A: 34 | AR: 33 | NZ: 01 | IE: 1 | PENDING: 0 | IN_INTR: 0 | DS: [0] | RS: [40] | MEM: - | LATCH: PC,IR.clear | OUT: 'What is your name?\nHello, Alice!' | if.branch
TICK: 003119 | PC: 00275 | STEP: 0 | IR: drop | A: 34 | AR: 33 | NZ: 01 | IE: 1 | PENDING: 0 | IN_INTR: 0 | DS: [0] | RS: [40] | MEM: - | LATCH: IR | OUT: 'What is your name?\nHello, Alice!' | fetch drop
TICK: 003120 | PC: 00276 | STEP: 0 | IR: drop | A: 34 | AR: 33 | NZ: 01 | IE: 1 | PENDING: 0 | IN_INTR: 0 | DS: [] | RS: [40] | MEM: - | LATCH: PC,IR.clear | OUT: 'What is your name?\nHello, Alice!' | drop
TICK: 003121 | PC: 00276 | STEP: 0 | IR: literal 0 | A: 34 | AR: 33 | NZ: 01 | IE: 1 | PENDING: 0 | IN_INTR: 0 | DS: [] | RS: [40] | MEM: - | LATCH: IR | OUT: 'What is your name?\nHello, Alice!' | fetch literal 0
TICK: 003122 | PC: 00281 | STEP: 0 | IR: literal 0 | A: 34 | AR: 33 | NZ: 01 | IE: 1 | PENDING: 0 | IN_INTR: 0 | DS: [0] | RS: [40] | MEM: - | LATCH: DS.push,PC,IR.clear | OUT: 'What is your name?\nHello, Alice!' | literal 0
TICK: 003123 | PC: 00281 | STEP: 0 | IR: drop | A: 34 | AR: 33 | NZ: 01 | IE: 1 | PENDING: 0 | IN_INTR: 0 | DS: [0] | RS: [40] | MEM: - | LATCH: IR | OUT: 'What is your name?\nHello, Alice!' | fetch drop
TICK: 003124 | PC: 00282 | STEP: 0 | IR: drop | A: 34 | AR: 33 | NZ: 01 | IE: 1 | PENDING: 0 | IN_INTR: 0 | DS: [] | RS: [40] | MEM: - | LATCH: PC,IR.clear | OUT: 'What is your name?\nHello, Alice!' | drop
TICK: 003125 | PC: 00282 | STEP: 0 | IR: literal 0 | A: 34 | AR: 33 | NZ: 01 | IE: 1 | PENDING: 0 | IN_INTR: 0 | DS: [] | RS: [40] | MEM: - | LATCH: IR | OUT: 'What is your name?\nHello, Alice!' | fetch literal 0
TICK: 003126 | PC: 00287 | STEP: 0 | IR: literal 0 | A: 34 | AR: 33 | NZ: 01 | IE: 1 | PENDING: 0 | IN_INTR: 0 | DS: [0] | RS: [40] | MEM: - | LATCH: DS.push,PC,IR.clear | OUT: 'What is your name?\nHello, Alice!' | literal 0
TICK: 003127 | PC: 00287 | STEP: 0 | IR: return | A: 34 | AR: 33 | NZ: 01 | IE: 1 | PENDING: 0 | IN_INTR: 0 | DS: [0] | RS: [40] | MEM: - | LATCH: IR | OUT: 'What is your name?\nHello, Alice!' | fetch return
TICK: 003128 | PC: 00040 | STEP: 0 | IR: return | A: 34 | AR: 33 | NZ: 01 | IE: 1 | PENDING: 0 | IN_INTR: 0 | DS: [0] | RS: [] | MEM: - | LATCH: PC,IR.clear | OUT: 'What is your name?\nHello, Alice!' | return
TICK: 003129 | PC: 00040 | STEP: 0 | IR: halt | A: 34 | AR: 33 | NZ: 01 | IE: 1 | PENDING: 0 | IN_INTR: 0 | DS: [0] | RS: [] | MEM: - | LATCH: IR | OUT: 'What is your name?\nHello, Alice!' | fetch halt
